Kategorie;Produktlinie;Teile;Anordnung;Materialgruppe;Material;Oberflaeche;Marke;Druckverfahren;Verfahrensgruppe;Ausrichtung;Seitenverhaeltnis;Breite_cm;Hoehe_cm;Format;DIN;Gesamtformat;Aufhaengung;Rahmenfarben;Staerke;Form;Hinweis
Wandbild;Acrylglas;1;;Acrylglas;Acrylglas;hinterklebt;;Direktdruck HD;Direktdruck;Hochformat;diverse;10;10;10x10;;;ohne;;;;weitere Aufhängungen wie bei Alu-Verbund möglich
Wandbild;Acrylglas;1;;Acrylglas;Acrylglas;hinterklebt;;Direktdruck HD;Direktdruck;Hochformat;diverse;10;15;10x15;;;ohne;;;;weitere Aufhängungen wie bei Alu-Verbund möglich
Wandbild;Acrylglas;1;;Acrylglas;Acrylglas;hinterklebt;;Direktdruck HD;Direktdruck;Hochformat;diverse;10;20;10x20;;;ohne;;;;weitere Aufhängungen wie bei Alu-Verbund möglich
Wandbild;Acrylglas;1;;Acrylglas;Acrylglas;hinterklebt;;Direktdruck HD;Direktdruck;Hochformat;diverse;13;18;13x18;;;ohne;;;;weitere Aufhängungen wie bei Alu-Verbund möglich
Wandbild;Acrylglas;1;;Acrylglas;Acrylglas;hinterklebt;;Direktdruck HD;Direktdruck;Hochformat;diverse;15;15;15x15;;;ohne;;;;weitere Aufhängungen wie bei Alu-Verbund möglich
Wandbild;Acrylglas;1;;Acrylglas;Acrylglas;hinterklebt;;Direktdruck HD;Direktdruck;Hochformat;diverse;20;20;20x20;;;ohne;;;;weitere Aufhängungen wie bei Alu-Verbund möglich
Wandbild;Acrylglas;1;;Acrylglas;Acrylglas;hinterklebt;;Direktdruck HD;Direktdruck;Hochformat;diverse;20;30;20x30;;;ohne;;;;weitere Aufhängungen wie bei Alu-Verbund möglich
Wandbild;Acrylglas;1;;Acrylglas;Acrylglas;hinterklebt;;Direktdruck HD;Direktdruck;Hochformat;diverse;20;40;20x40;;;ohne;;;;weitere Aufhängungen wie bei Alu-Verbund möglich
Wandbild;Acrylglas;1;;Acrylglas;Acrylglas;hinterklebt;;Direktdruck HD;Direktdruck;Hochformat;diverse;20;60;20x60;;;ohne;;;;weitere Aufhängungen wie bei Alu-Verbund möglich
Wandbild;Acrylglas;1;;Acrylglas;Acrylglas;hinterklebt;;Direktdruck HD;Direktdruck;Hochformat;diverse;20;80;20x80;;;ohne;;;;weitere Aufhängungen wie bei Alu-Verbund möglich
Wandbild;Acrylglas;1;;Acrylglas;Acrylglas;hinterklebt;;Direktdruck HD;Direktdruck;Hochformat;diverse;30;30;30x30;;;ohne;;;;weitere Aufhängungen wie bei Alu-Verbund möglich
Wandbild;Acrylglas;1;;Acrylglas;Acrylglas;hinterklebt;;Direktdruck HD;Direktdruck;Hochformat;diverse;30;40;30x40;;;ohne;;;;weitere Aufhängungen wie bei Alu-Verbund möglich
Wandbild;Acrylglas;1;;Acrylglas;Acrylglas;hinterklebt;;Direktdruck HD;Direktdruck;Hochformat;diverse;30;45;30x45;;;ohne;;;;weitere Aufhängungen wie bei Alu-Verbund möglich
Wandbild;Acrylglas;1;;Acrylglas;Acrylglas;hinterklebt;;Direktdruck HD;Direktdruck;Hochformat;diverse;30;60;30x60;;;ohne;;;;weitere Aufhängungen wie bei Alu-Verbund möglich
Wandbild;Acrylglas;1;;Acrylglas;Acrylglas;hinterklebt;;Direktdruck HD;Direktdruck;Hochformat;diverse;30;90;30x90;;;ohne;;;;weitere Aufhängungen wie bei Alu-Verbund möglich
Wandbild;Acrylglas;1;;Acrylglas;Acrylglas;hinterklebt;;Direktdruck HD;Direktdruck;Hochformat;diverse;40;40;40x40;;;ohne;;;;weitere Aufhängungen wie bei Alu-Verbund möglich
Wandbild;Acrylglas;1;;Acrylglas;Acrylglas;hinterklebt;;Direktdruck HD;Direktdruck;Hochformat;diverse;40;50;40x50;;;ohne;;;;weitere Aufhängungen wie bei Alu-Verbund möglich
Wandbild;Acrylglas;1;;Acrylglas;Acrylglas;hinterklebt;;Direktdruck HD;Direktdruck;Hochformat;diverse;40;60;40x60;;;ohne;;;;weitere Aufhängungen wie bei Alu-Verbund möglich
Wandbild;Acrylglas;1;;Acrylglas;Acrylglas;hinterklebt;;Direktdruck HD;Direktdruck;Hochformat;diverse;40;70;40x70;;;ohne;;;;weitere Aufhängungen wie bei Alu-Verbund möglich
Wandbild;Acrylglas;1;;Acrylglas;Acrylglas;hinterklebt;;Direktdruck HD;Direktdruck;Hochformat;diverse;40;80;40x80;;;ohne;;;;weitere Aufhängungen wie bei Alu-Verbund möglich
Wandbild;Acrylglas;1;;Acrylglas;Acrylglas;hinterklebt;;Direktdruck HD;Direktdruck;Hochformat;diverse;50;50;50x50;;;ohne;;;;weitere Aufhängungen wie bei Alu-Verbund möglich
Wandbild;Acrylglas;1;;Acrylglas;Acrylglas;hinterklebt;;Direktdruck HD;Direktdruck;Hochformat;diverse;50;70;50x70;;;ohne;;;;weitere Aufhängungen wie bei Alu-Verbund möglich
Wandbild;Acrylglas;1;;Acrylglas;Acrylglas;hinterklebt;;Direktdruck HD;Direktdruck;Hochformat;diverse;50;75;50x75;;;ohne;;;;weitere Aufhängungen wie bei Alu-Verbund möglich
Wandbild;Acrylglas;1;;Acrylglas;Acrylglas;hinterklebt;;Direktdruck HD;Direktdruck;Hochformat;diverse;50;100;50x100;;;ohne;;;;weitere Aufhängungen wie bei Alu-Verbund möglich
Wandbild;Acrylglas;1;;Acrylglas;Acrylglas;hinterklebt;;Direktdruck HD;Direktdruck;Querformat;diverse;10;10;10x10;;;ohne;;;;weitere Aufhängungen wie bei Alu-Verbund möglich
Wandbild;Acrylglas;1;;Acrylglas;Acrylglas;hinterklebt;;Direktdruck HD;Direktdruck;Querformat;diverse;10;15;10x15;;;ohne;;;;weitere Aufhängungen wie bei Alu-Verbund möglich
Wandbild;Acrylglas;1;;Acrylglas;Acrylglas;hinterklebt;;Direktdruck HD;Direktdruck;Querformat;diverse;10;20;10x20;;;ohne;;;;weitere Aufhängungen wie bei Alu-Verbund möglich
Wandbild;Acrylglas;1;;Acrylglas;Acrylglas;hinterklebt;;Direktdruck HD;Direktdruck;Querformat;diverse;13;18;13x18;;;ohne;;;;weitere Aufhängungen wie bei Alu-Verbund möglich
Wandbild;Acrylglas;1;;Acrylglas;Acrylglas;hinterklebt;;Direktdruck HD;Direktdruck;Querformat;diverse;15;15;15x15;;;ohne;;;;weitere Aufhängungen wie bei Alu-Verbund möglich
Wandbild;Acrylglas;1;;Acrylglas;Acrylglas;hinterklebt;;Direktdruck HD;Direktdruck;Querformat;diverse;20;20;20x20;;;ohne;;;;weitere Aufhängungen wie bei Alu-Verbund möglich
Wandbild;Acrylglas;1;;Acrylglas;Acrylglas;hinterklebt;;Direktdruck HD;Direktdruck;Querformat;diverse;20;30;20x30;;;ohne;;;;weitere Aufhängungen wie bei Alu-Verbund möglich
Wandbild;Acrylglas;1;;Acrylglas;Acrylglas;hinterklebt;;Direktdruck HD;Direktdruck;Querformat;diverse;20;40;20x40;;;ohne;;;;weitere Aufhängungen wie bei Alu-Verbund möglich
Wandbild;Acrylglas;1;;Acrylglas;Acrylglas;hinterklebt;;Direktdruck HD;Direktdruck;Querformat;diverse;20;60;20x60;;;ohne;;;;weitere Aufhängungen wie bei Alu-Verbund möglich
Wandbild;Acrylglas;1;;Acrylglas;Acrylglas;hinterklebt;;Direktdruck HD;Direktdruck;Querformat;diverse;20;80;20x80;;;ohne;;;;weitere Aufhängungen wie bei Alu-Verbund möglich
Wandbild;Acrylglas;1;;Acrylglas;Acrylglas;hinterklebt;;Direktdruck HD;Direktdruck;Querformat;diverse;30;30;30x30;;;ohne;;;;weitere Aufhängungen wie bei Alu-Verbund möglich
Wandbild;Acrylglas;1;;Acrylglas;Acrylglas;hinterklebt;;Direktdruck HD;Direktdruck;Querformat;diverse;30;40;30x40;;;ohne;;;;weitere Aufhängungen wie bei Alu-Verbund möglich
Wandbild;Acrylglas;1;;Acrylglas;Acrylglas;hinterklebt;;Direktdruck HD;Direktdruck;Querformat;diverse;30;45;30x45;;;ohne;;;;weitere Aufhängungen wie bei Alu-Verbund möglich
Wandbild;Acrylglas;1;;Acrylglas;Acrylglas;hinterklebt;;Direktdruck HD;Direktdruck;Querformat;diverse;30;60;30x60;;;ohne;;;;weitere Aufhängungen wie bei Alu-Verbund möglich
Wandbild;Acrylglas;1;;Acrylglas;Acrylglas;hinterklebt;;Direktdruck HD;Direktdruck;Querformat;diverse;30;90;30x90;;;ohne;;;;weitere Aufhängungen wie bei Alu-Verbund möglich
Wandbild;Acrylglas;1;;Acrylglas;Acrylglas;hinterklebt;;Direktdruck HD;Direktdruck;Querformat;diverse;40;40;40x40;;;ohne;;;;weitere Aufhängungen wie bei Alu-Verbund möglich
Wandbild;Acrylglas;1;;Acrylglas;Acrylglas;hinterklebt;;Direktdruck HD;Direktdruck;Querformat;diverse;40;50;40x50;;;ohne;;;;weitere Aufhängungen wie bei Alu-Verbund möglich
Wandbild;Acrylglas;1;;Acrylglas;Acrylglas;hinterklebt;;Direktdruck HD;Direktdruck;Querformat;diverse;40;60;40x60;;;ohne;;;;weitere Aufhängungen wie bei Alu-Verbund möglich
Wandbild;Acrylglas;1;;Acrylglas;Acrylglas;hinterklebt;;Direktdruck HD;Direktdruck;Querformat;diverse;40;70;40x70;;;ohne;;;;weitere Aufhängungen wie bei Alu-Verbund möglich
Wandbild;Acrylglas;1;;Acrylglas;Acrylglas;hinterklebt;;Direktdruck HD;Direktdruck;Querformat;diverse;40;80;40x80;;;ohne;;;;weitere Aufhängungen wie bei Alu-Verbund möglich
Wandbild;Acrylglas;1;;Acrylglas;Acrylglas;hinterklebt;;Direktdruck HD;Direktdruck;Querformat;diverse;50;50;50x50;;;ohne;;;;weitere Aufhängungen wie bei Alu-Verbund möglich
Wandbild;Acrylglas;1;;Acrylglas;Acrylglas;hinterklebt;;Direktdruck HD;Direktdruck;Querformat;diverse;50;70;50x70;;;ohne;;;;weitere Aufhängungen wie bei Alu-Verbund möglich
Wandbild;Acrylglas;1;;Acrylglas;Acrylglas;hinterklebt;;Direktdruck HD;Direktdruck;Querformat;diverse;50;75;50x75;;;ohne;;;;weitere Aufhängungen wie bei Alu-Verbund möglich
Wandbild;Acrylglas;1;;Acrylglas;Acrylglas;hinterklebt;;Direktdruck HD;Direktdruck;Querformat;diverse;50;100;50x100;;;ohne;;;;weitere Aufhängungen wie bei Alu-Verbund möglich
Wandbild;Acrylglas;1;;Acrylglas;Acrylglas;hinterklebt;;Direktdruck Standard;Direktdruck;Hochformat;diverse;10;10;10x10;;;ohne;;;;weitere Aufhängungen wie bei Alu-Verbund möglich
Wandbild;Acrylglas;1;;Acrylglas;Acrylglas;hinterklebt;;Direktdruck Standard;Direktdruck;Hochformat;diverse;10;15;10x15;;;ohne;;;;weitere Aufhängungen wie bei Alu-Verbund möglich
Wandbild;Acrylglas;1;;Acrylglas;Acrylglas;hinterklebt;;Direktdruck Standard;Direktdruck;Hochformat;diverse;10;20;10x20;;;ohne;;;;weitere Aufhängungen wie bei Alu-Verbund möglich
Wandbild;Acrylglas;1;;Acrylglas;Acrylglas;hinterklebt;;Direktdruck Standard;Direktdruck;Hochformat;diverse;13;18;13x18;;;ohne;;;;weitere Aufhängungen wie bei Alu-Verbund möglich
Wandbild;Acrylglas;1;;Acrylglas;Acrylglas;hinterklebt;;Direktdruck Standard;Direktdruck;Hochformat;diverse;15;15;15x15;;;ohne;;;;weitere Aufhängungen wie bei Alu-Verbund möglich
Wandbild;Acrylglas;1;;Acrylglas;Acrylglas;hinterklebt;;Direktdruck Standard;Direktdruck;Hochformat;diverse;20;20;20x20;;;ohne;;;;weitere Aufhängungen wie bei Alu-Verbund möglich
Wandbild;Acrylglas;1;;Acrylglas;Acrylglas;hinterklebt;;Direktdruck Standard;Direktdruck;Hochformat;diverse;20;30;20x30;;;ohne;;;;weitere Aufhängungen wie bei Alu-Verbund möglich
Wandbild;Acrylglas;1;;Acrylglas;Acrylglas;hinterklebt;;Direktdruck Standard;Direktdruck;Hochformat;diverse;20;40;20x40;;;ohne;;;;weitere Aufhängungen wie bei Alu-Verbund möglich
Wandbild;Acrylglas;1;;Acrylglas;Acrylglas;hinterklebt;;Direktdruck Standard;Direktdruck;Hochformat;diverse;20;60;20x60;;;ohne;;;;weitere Aufhängungen wie bei Alu-Verbund möglich
Wandbild;Acrylglas;1;;Acrylglas;Acrylglas;hinterklebt;;Direktdruck Standard;Direktdruck;Hochformat;diverse;20;80;20x80;;;ohne;;;;weitere Aufhängungen wie bei Alu-Verbund möglich
Wandbild;Acrylglas;1;;Acrylglas;Acrylglas;hinterklebt;;Direktdruck Standard;Direktdruck;Hochformat;diverse;30;30;30x30;;;ohne;;;;weitere Aufhängungen wie bei Alu-Verbund möglich
Wandbild;Acrylglas;1;;Acrylglas;Acrylglas;hinterklebt;;Direktdruck Standard;Direktdruck;Hochformat;diverse;30;40;30x40;;;ohne;;;;weitere Aufhängungen wie bei Alu-Verbund möglich
Wandbild;Acrylglas;1;;Acrylglas;Acrylglas;hinterklebt;;Direktdruck Standard;Direktdruck;Hochformat;diverse;30;45;30x45;;;ohne;;;;weitere Aufhängungen wie bei Alu-Verbund möglich
Wandbild;Acrylglas;1;;Acrylglas;Acrylglas;hinterklebt;;Direktdruck Standard;Direktdruck;Hochformat;diverse;30;60;30x60;;;ohne;;;;weitere Aufhängungen wie bei Alu-Verbund möglich
Wandbild;Acrylglas;1;;Acrylglas;Acrylglas;hinterklebt;;Direktdruck Standard;Direktdruck;Hochformat;diverse;30;90;30x90;;;ohne;;;;weitere Aufhängungen wie bei Alu-Verbund möglich
Wandbild;Acrylglas;1;;Acrylglas;Acrylglas;hinterklebt;;Direktdruck Standard;Direktdruck;Hochformat;diverse;40;40;40x40;;;ohne;;;;weitere Aufhängungen wie bei Alu-Verbund möglich
Wandbild;Acrylglas;1;;Acrylglas;Acrylglas;hinterklebt;;Direktdruck Standard;Direktdruck;Hochformat;diverse;40;50;40x50;;;ohne;;;;weitere Aufhängungen wie bei Alu-Verbund möglich
Wandbild;Acrylglas;1;;Acrylglas;Acrylglas;hinterklebt;;Direktdruck Standard;Direktdruck;Hochformat;diverse;40;60;40x60;;;ohne;;;;weitere Aufhängungen wie bei Alu-Verbund möglich
Wandbild;Acrylglas;1;;Acrylglas;Acrylglas;hinterklebt;;Direktdruck Standard;Direktdruck;Hochformat;diverse;40;70;40x70;;;ohne;;;;weitere Aufhängungen wie bei Alu-Verbund möglich
Wandbild;Acrylglas;1;;Acrylglas;Acrylglas;hinterklebt;;Direktdruck Standard;Direktdruck;Hochformat;diverse;40;80;40x80;;;ohne;;;;weitere Aufhängungen wie bei Alu-Verbund möglich
Wandbild;Acrylglas;1;;Acrylglas;Acrylglas;hinterklebt;;Direktdruck Standard;Direktdruck;Hochformat;diverse;50;50;50x50;;;ohne;;;;weitere Aufhängungen wie bei Alu-Verbund möglich
Wandbild;Acrylglas;1;;Acrylglas;Acrylglas;hinterklebt;;Direktdruck Standard;Direktdruck;Hochformat;diverse;50;70;50x70;;;ohne;;;;weitere Aufhängungen wie bei Alu-Verbund möglich
Wandbild;Acrylglas;1;;Acrylglas;Acrylglas;hinterklebt;;Direktdruck Standard;Direktdruck;Hochformat;diverse;50;75;50x75;;;ohne;;;;weitere Aufhängungen wie bei Alu-Verbund möglich
Wandbild;Acrylglas;1;;Acrylglas;Acrylglas;hinterklebt;;Direktdruck Standard;Direktdruck;Hochformat;diverse;50;100;50x100;;;ohne;;;;weitere Aufhängungen wie bei Alu-Verbund möglich
Wandbild;Acrylglas;1;;Acrylglas;Acrylglas;hinterklebt;;Direktdruck Standard;Direktdruck;Querformat;diverse;10;10;10x10;;;ohne;;;;weitere Aufhängungen wie bei Alu-Verbund möglich
Wandbild;Acrylglas;1;;Acrylglas;Acrylglas;hinterklebt;;Direktdruck Standard;Direktdruck;Querformat;diverse;10;15;10x15;;;ohne;;;;weitere Aufhängungen wie bei Alu-Verbund möglich
Wandbild;Acrylglas;1;;Acrylglas;Acrylglas;hinterklebt;;Direktdruck Standard;Direktdruck;Querformat;diverse;10;20;10x20;;;ohne;;;;weitere Aufhängungen wie bei Alu-Verbund möglich
Wandbild;Acrylglas;1;;Acrylglas;Acrylglas;hinterklebt;;Direktdruck Standard;Direktdruck;Querformat;diverse;13;18;13x18;;;ohne;;;;weitere Aufhängungen wie bei Alu-Verbund möglich
Wandbild;Acrylglas;1;;Acrylglas;Acrylglas;hinterklebt;;Direktdruck Standard;Direktdruck;Querformat;diverse;15;15;15x15;;;ohne;;;;weitere Aufhängungen wie bei Alu-Verbund möglich
Wandbild;Acrylglas;1;;Acrylglas;Acrylglas;hinterklebt;;Direktdruck Standard;Direktdruck;Querformat;diverse;20;20;20x20;;;ohne;;;;weitere Aufhängungen wie bei Alu-Verbund möglich
Wandbild;Acrylglas;1;;Acrylglas;Acrylglas;hinterklebt;;Direktdruck Standard;Direktdruck;Querformat;diverse;20;30;20x30;;;ohne;;;;weitere Aufhängungen wie bei Alu-Verbund möglich
Wandbild;Acrylglas;1;;Acrylglas;Acrylglas;hinterklebt;;Direktdruck Standard;Direktdruck;Querformat;diverse;20;40;20x40;;;ohne;;;;weitere Aufhängungen wie bei Alu-Verbund möglich
Wandbild;Acrylglas;1;;Acrylglas;Acrylglas;hinterklebt;;Direktdruck Standard;Direktdruck;Querformat;diverse;20;60;20x60;;;ohne;;;;weitere Aufhängungen wie bei Alu-Verbund möglich
Wandbild;Acrylglas;1;;Acrylglas;Acrylglas;hinterklebt;;Direktdruck Standard;Direktdruck;Querformat;diverse;20;80;20x80;;;ohne;;;;weitere Aufhängungen wie bei Alu-Verbund möglich
Wandbild;Acrylglas;1;;Acrylglas;Acrylglas;hinterklebt;;Direktdruck Standard;Direktdruck;Querformat;diverse;30;30;30x30;;;ohne;;;;weitere Aufhängungen wie bei Alu-Verbund möglich
Wandbild;Acrylglas;1;;Acrylglas;Acrylglas;hinterklebt;;Direktdruck Standard;Direktdruck;Querformat;diverse;30;40;30x40;;;ohne;;;;weitere Aufhängungen wie bei Alu-Verbund möglich
Wandbild;Acrylglas;1;;Acrylglas;Acrylglas;hinterklebt;;Direktdruck Standard;Direktdruck;Querformat;diverse;30;45;30x45;;;ohne;;;;weitere Aufhängungen wie bei Alu-Verbund möglich
Wandbild;Acrylglas;1;;Acrylglas;Acrylglas;hinterklebt;;Direktdruck Standard;Direktdruck;Querformat;diverse;30;60;30x60;;;ohne;;;;weitere Aufhängungen wie bei Alu-Verbund möglich
Wandbild;Acrylglas;1;;Acrylglas;Acrylglas;hinterklebt;;Direktdruck Standard;Direktdruck;Querformat;diverse;30;90;30x90;;;ohne;;;;weitere Aufhängungen wie bei Alu-Verbund möglich
Wandbild;Acrylglas;1;;Acrylglas;Acrylglas;hinterklebt;;Direktdruck Standard;Direktdruck;Querformat;diverse;40;40;40x40;;;ohne;;;;weitere Aufhängungen wie bei Alu-Verbund möglich
Wandbild;Acrylglas;1;;Acrylglas;Acrylglas;hinterklebt;;Direktdruck Standard;Direktdruck;Querformat;diverse;40;50;40x50;;;ohne;;;;weitere Aufhängungen wie bei Alu-Verbund möglich
Wandbild;Acrylglas;1;;Acrylglas;Acrylglas;hinterklebt;;Direktdruck Standard;Direktdruck;Querformat;diverse;40;60;40x60;;;ohne;;;;weitere Aufhängungen wie bei Alu-Verbund möglich
Wandbild;Acrylglas;1;;Acrylglas;Acrylglas;hinterklebt;;Direktdruck Standard;Direktdruck;Querformat;diverse;40;70;40x70;;;ohne;;;;weitere Aufhängungen wie bei Alu-Verbund möglich
Wandbild;Acrylglas;1;;Acrylglas;Acrylglas;hinterklebt;;Direktdruck Standard;Direktdruck;Querformat;diverse;40;80;40x80;;;ohne;;;;weitere Aufhängungen wie bei Alu-Verbund möglich
Wandbild;Acrylglas;1;;Acrylglas;Acrylglas;hinterklebt;;Direktdruck Standard;Direktdruck;Querformat;diverse;50;50;50x50;;;ohne;;;;weitere Aufhängungen wie bei Alu-Verbund möglich
Wandbild;Acrylglas;1;;Acrylglas;Acrylglas;hinterklebt;;Direktdruck Standard;Direktdruck;Querformat;diverse;50;70;50x70;;;ohne;;;;weitere Aufhängungen wie bei Alu-Verbund möglich
Wandbild;Acrylglas;1;;Acrylglas;Acrylglas;hinterklebt;;Direktdruck Standard;Direktdruck;Querformat;diverse;50;75;50x75;;;ohne;;;;weitere Aufhängungen wie bei Alu-Verbund möglich
Wandbild;Acrylglas;1;;Acrylglas;Acrylglas;hinterklebt;;Direktdruck Standard;Direktdruck;Querformat;diverse;50;100;50x100;;;ohne;;;;weitere Aufhängungen wie bei Alu-Verbund möglich
Wandbild;Alu-Verbund;1;;Aluminium-Verbund;Alu-Verbund;;;Direktdruck HD;Direktdruck;Hochformat;diverse;10;10;10x10;;;ohne Aufhängung, Standard-Aufhängung, Profil-Aufhängung, Schraubhalterung, Schattenfuge weiß, Schattenfuge schwarz, Schattenfuge Esche, Schattenfuge Eiche, Galerie-Profil-Aufhängung;;;;
Wandbild;Alu-Verbund;1;;Aluminium-Verbund;Alu-Verbund;;;Direktdruck HD;Direktdruck;Hochformat;diverse;10;15;10x15;;;ohne Aufhängung, Standard-Aufhängung, Profil-Aufhängung, Schraubhalterung, Schattenfuge weiß, Schattenfuge schwarz, Schattenfuge Esche, Schattenfuge Eiche, Galerie-Profil-Aufhängung;;;;
Wandbild;Alu-Verbund;1;;Aluminium-Verbund;Alu-Verbund;;;Direktdruck HD;Direktdruck;Hochformat;diverse;10;20;10x20;;;ohne Aufhängung, Standard-Aufhängung, Profil-Aufhängung, Schraubhalterung, Schattenfuge weiß, Schattenfuge schwarz, Schattenfuge Esche, Schattenfuge Eiche, Galerie-Profil-Aufhängung;;;;
Wandbild;Alu-Verbund;1;;Aluminium-Verbund;Alu-Verbund;;;Direktdruck HD;Direktdruck;Hochformat;diverse;13;18;13x18;;;ohne Aufhängung, Standard-Aufhängung, Profil-Aufhängung, Schraubhalterung, Schattenfuge weiß, Schattenfuge schwarz, Schattenfuge Esche, Schattenfuge Eiche, Galerie-Profil-Aufhängung;;;;
Wandbild;Alu-Verbund;1;;Aluminium-Verbund;Alu-Verbund;;;Direktdruck HD;Direktdruck;Hochformat;diverse;15;15;15x15;;;ohne Aufhängung, Standard-Aufhängung, Profil-Aufhängung, Schraubhalterung, Schattenfuge weiß, Schattenfuge schwarz, Schattenfuge Esche, Schattenfuge Eiche, Galerie-Profil-Aufhängung;;;;
Wandbild;Alu-Verbund;1;;Aluminium-Verbund;Alu-Verbund;;;Direktdruck HD;Direktdruck;Hochformat;diverse;20;20;20x20;;;ohne Aufhängung, Standard-Aufhängung, Profil-Aufhängung, Schraubhalterung, Schattenfuge weiß, Schattenfuge schwarz, Schattenfuge Esche, Schattenfuge Eiche, Galerie-Profil-Aufhängung;;;;
Wandbild;Alu-Verbund;1;;Aluminium-Verbund;Alu-Verbund;;;Direktdruck HD;Direktdruck;Hochformat;diverse;20;30;20x30;;;ohne Aufhängung, Standard-Aufhängung, Profil-Aufhängung, Schraubhalterung, Schattenfuge weiß, Schattenfuge schwarz, Schattenfuge Esche, Schattenfuge Eiche, Galerie-Profil-Aufhängung;;;;
Wandbild;Alu-Verbund;1;;Aluminium-Verbund;Alu-Verbund;;;Direktdruck HD;Direktdruck;Hochformat;diverse;20;40;20x40;;;ohne Aufhängung, Standard-Aufhängung, Profil-Aufhängung, Schraubhalterung, Schattenfuge weiß, Schattenfuge schwarz, Schattenfuge Esche, Schattenfuge Eiche, Galerie-Profil-Aufhängung;;;;
Wandbild;Alu-Verbund;1;;Aluminium-Verbund;Alu-Verbund;;;Direktdruck HD;Direktdruck;Hochformat;diverse;20;60;20x60;;;ohne Aufhängung, Standard-Aufhängung, Profil-Aufhängung, Schraubhalterung, Schattenfuge weiß, Schattenfuge schwarz, Schattenfuge Esche, Schattenfuge Eiche, Galerie-Profil-Aufhängung;;;;
Wandbild;Alu-Verbund;1;;Aluminium-Verbund;Alu-Verbund;;;Direktdruck HD;Direktdruck;Hochformat;diverse;20;80;20x80;;;ohne Aufhängung, Standard-Aufhängung, Profil-Aufhängung, Schraubhalterung, Schattenfuge weiß, Schattenfuge schwarz, Schattenfuge Esche, Schattenfuge Eiche, Galerie-Profil-Aufhängung;;;;
Wandbild;Alu-Verbund;1;;Aluminium-Verbund;Alu-Verbund;;;Direktdruck HD;Direktdruck;Hochformat;diverse;30;30;30x30;;;ohne Aufhängung, Standard-Aufhängung, Profil-Aufhängung, Schraubhalterung, Schattenfuge weiß, Schattenfuge schwarz, Schattenfuge Esche, Schattenfuge Eiche, Galerie-Profil-Aufhängung;;;;
Wandbild;Alu-Verbund;1;;Aluminium-Verbund;Alu-Verbund;;;Direktdruck HD;Direktdruck;Hochformat;diverse;30;40;30x40;;;ohne Aufhängung, Standard-Aufhängung, Profil-Aufhängung, Schraubhalterung, Schattenfuge weiß, Schattenfuge schwarz, Schattenfuge Esche, Schattenfuge Eiche, Galerie-Profil-Aufhängung;;;;
Wandbild;Alu-Verbund;1;;Aluminium-Verbund;Alu-Verbund;;;Direktdruck HD;Direktdruck;Hochformat;diverse;30;45;30x45;;;ohne Aufhängung, Standard-Aufhängung, Profil-Aufhängung, Schraubhalterung, Schattenfuge weiß, Schattenfuge schwarz, Schattenfuge Esche, Schattenfuge Eiche, Galerie-Profil-Aufhängung;;;;
Wandbild;Alu-Verbund;1;;Aluminium-Verbund;Alu-Verbund;;;Direktdruck HD;Direktdruck;Hochformat;diverse;30;50;30x50;;;ohne Aufhängung, Standard-Aufhängung, Profil-Aufhängung, Schraubhalterung, Schattenfuge weiß, Schattenfuge schwarz, Schattenfuge Esche, Schattenfuge Eiche, Galerie-Profil-Aufhängung;;;;
Wandbild;Alu-Verbund;1;;Aluminium-Verbund;Alu-Verbund;;;Direktdruck HD;Direktdruck;Hochformat;diverse;30;60;30x60;;;ohne Aufhängung, Standard-Aufhängung, Profil-Aufhängung, Schraubhalterung, Schattenfuge weiß, Schattenfuge schwarz, Schattenfuge Esche, Schattenfuge Eiche, Galerie-Profil-Aufhängung;;;;
Wandbild;Alu-Verbund;1;;Aluminium-Verbund;Alu-Verbund;;;Direktdruck HD;Direktdruck;Hochformat;diverse;30;90;30x90;;;ohne Aufhängung, Standard-Aufhängung, Profil-Aufhängung, Schraubhalterung, Schattenfuge weiß, Schattenfuge schwarz, Schattenfuge Esche, Schattenfuge Eiche, Galerie-Profil-Aufhängung;;;;
Wandbild;Alu-Verbund;1;;Aluminium-Verbund;Alu-Verbund;;;Direktdruck HD;Direktdruck;Hochformat;diverse;30;120;30x120;;;ohne Aufhängung, Standard-Aufhängung, Profil-Aufhängung, Schraubhalterung, Schattenfuge weiß, Schattenfuge schwarz, Schattenfuge Esche, Schattenfuge Eiche, Galerie-Profil-Aufhängung;;;;
Wandbild;Alu-Verbund;1;;Aluminium-Verbund;Alu-Verbund;;;Direktdruck HD;Direktdruck;Hochformat;diverse;40;40;40x40;;;ohne Aufhängung, Standard-Aufhängung, Profil-Aufhängung, Schraubhalterung, Schattenfuge weiß, Schattenfuge schwarz, Schattenfuge Esche, Schattenfuge Eiche, Galerie-Profil-Aufhängung;;;;
Wandbild;Alu-Verbund;1;;Aluminium-Verbund;Alu-Verbund;;;Direktdruck HD;Direktdruck;Hochformat;diverse;40;50;40x50;;;ohne Aufhängung, Standard-Aufhängung, Profil-Aufhängung, Schraubhalterung, Schattenfuge weiß, Schattenfuge schwarz, Schattenfuge Esche, Schattenfuge Eiche, Galerie-Profil-Aufhängung;;;;
Wandbild;Alu-Verbund;1;;Aluminium-Verbund;Alu-Verbund;;;Direktdruck HD;Direktdruck;Hochformat;diverse;40;60;40x60;;;ohne Aufhängung, Standard-Aufhängung, Profil-Aufhängung, Schraubhalterung, Schattenfuge weiß, Schattenfuge schwarz, Schattenfuge Esche, Schattenfuge Eiche, Galerie-Profil-Aufhängung;;;;
Wandbild;Alu-Verbund;1;;Aluminium-Verbund;Alu-Verbund;;;Direktdruck HD;Direktdruck;Hochformat;diverse;40;70;40x70;;;ohne Aufhängung, Standard-Aufhängung, Profil-Aufhängung, Schraubhalterung, Schattenfuge weiß, Schattenfuge schwarz, Schattenfuge Esche, Schattenfuge Eiche, Galerie-Profil-Aufhängung;;;;
Wandbild;Alu-Verbund;1;;Aluminium-Verbund;Alu-Verbund;;;Direktdruck HD;Direktdruck;Hochformat;diverse;40;80;40x80;;;ohne Aufhängung, Standard-Aufhängung, Profil-Aufhängung, Schraubhalterung, Schattenfuge weiß, Schattenfuge schwarz, Schattenfuge Esche, Schattenfuge Eiche, Galerie-Profil-Aufhängung;;;;
Wandbild;Alu-Verbund;1;;Aluminium-Verbund;Alu-Verbund;;;Direktdruck HD;Direktdruck;Hochformat;diverse;40;120;40x120;;;ohne Aufhängung, Standard-Aufhängung, Profil-Aufhängung, Schraubhalterung, Schattenfuge weiß, Schattenfuge schwarz, Schattenfuge Esche, Schattenfuge Eiche, Galerie-Profil-Aufhängung;;;;
Wandbild;Alu-Verbund;1;;Aluminium-Verbund;Alu-Verbund;;;Direktdruck HD;Direktdruck;Hochformat;diverse;40;160;40x160;;;ohne Aufhängung, Standard-Aufhängung, Profil-Aufhängung, Schraubhalterung, Schattenfuge weiß, Schattenfuge schwarz, Schattenfuge Esche, Schattenfuge Eiche, Galerie-Profil-Aufhängung;;;;
Wandbild;Alu-Verbund;1;;Aluminium-Verbund;Alu-Verbund;;;Direktdruck HD;Direktdruck;Hochformat;diverse;45;60;45x60;;;ohne Aufhängung, Standard-Aufhängung, Profil-Aufhängung, Schraubhalterung, Schattenfuge weiß, Schattenfuge schwarz, Schattenfuge Esche, Schattenfuge Eiche, Galerie-Profil-Aufhängung;;;;
Wandbild;Alu-Verbund;1;;Aluminium-Verbund;Alu-Verbund;;;Direktdruck HD;Direktdruck;Hochformat;diverse;50;50;50x50;;;ohne Aufhängung, Standard-Aufhängung, Profil-Aufhängung, Schraubhalterung, Schattenfuge weiß, Schattenfuge schwarz, Schattenfuge Esche, Schattenfuge Eiche, Galerie-Profil-Aufhängung;;;;
Wandbild;Alu-Verbund;1;;Aluminium-Verbund;Alu-Verbund;;;Direktdruck HD;Direktdruck;Hochformat;diverse;50;70;50x70;;;ohne Aufhängung, Standard-Aufhängung, Profil-Aufhängung, Schraubhalterung, Schattenfuge weiß, Schattenfuge schwarz, Schattenfuge Esche, Schattenfuge Eiche, Galerie-Profil-Aufhängung;;;;
Wandbild;Alu-Verbund;1;;Aluminium-Verbund;Alu-Verbund;;;Direktdruck HD;Direktdruck;Hochformat;diverse;50;75;50x75;;;ohne Aufhängung, Standard-Aufhängung, Profil-Aufhängung, Schraubhalterung, Schattenfuge weiß, Schattenfuge schwarz, Schattenfuge Esche, Schattenfuge Eiche, Galerie-Profil-Aufhängung;;;;
Wandbild;Alu-Verbund;1;;Aluminium-Verbund;Alu-Verbund;;;Direktdruck HD;Direktdruck;Hochformat;diverse;50;100;50x100;;;ohne Aufhängung, Standard-Aufhängung, Profil-Aufhängung, Schraubhalterung, Schattenfuge weiß, Schattenfuge schwarz, Schattenfuge Esche, Schattenfuge Eiche, Galerie-Profil-Aufhängung;;;;
Wandbild;Alu-Verbund;1;;Aluminium-Verbund;Alu-Verbund;;;Direktdruck HD;Direktdruck;Hochformat;diverse;50;120;50x120;;;ohne Aufhängung, Standard-Aufhängung, Profil-Aufhängung, Schraubhalterung, Schattenfuge weiß, Schattenfuge schwarz, Schattenfuge Esche, Schattenfuge Eiche, Galerie-Profil-Aufhängung;;;;
Wandbild;Alu-Verbund;1;;Aluminium-Verbund;Alu-Verbund;;;Direktdruck HD;Direktdruck;Hochformat;diverse;50;140;50x140;;;ohne Aufhängung, Standard-Aufhängung, Profil-Aufhängung, Schraubhalterung, Schattenfuge weiß, Schattenfuge schwarz, Schattenfuge Esche, Schattenfuge Eiche, Galerie-Profil-Aufhängung;;;;
Wandbild;Alu-Verbund;1;;Aluminium-Verbund;Alu-Verbund;;;Direktdruck HD;Direktdruck;Hochformat;diverse;50;160;50x160;;;ohne Aufhängung, Standard-Aufhängung, Profil-Aufhängung, Schraubhalterung, Schattenfuge weiß, Schattenfuge schwarz, Schattenfuge Esche, Schattenfuge Eiche, Galerie-Profil-Aufhängung;;;;
Wandbild;Alu-Verbund;1;;Aluminium-Verbund;Alu-Verbund;;;Direktdruck HD;Direktdruck;Hochformat;diverse;60;60;60x60;;;ohne Aufhängung, Standard-Aufhängung, Profil-Aufhängung, Schraubhalterung, Schattenfuge weiß, Schattenfuge schwarz, Schattenfuge Esche, Schattenfuge Eiche, Galerie-Profil-Aufhängung;;;;
Wandbild;Alu-Verbund;1;;Aluminium-Verbund;Alu-Verbund;;;Direktdruck HD;Direktdruck;Hochformat;diverse;60;80;60x80;;;ohne Aufhängung, Standard-Aufhängung, Profil-Aufhängung, Schraubhalterung, Schattenfuge weiß, Schattenfuge schwarz, Schattenfuge Esche, Schattenfuge Eiche, Galerie-Profil-Aufhängung;;;;
Wandbild;Alu-Verbund;1;;Aluminium-Verbund;Alu-Verbund;;;Direktdruck HD;Direktdruck;Hochformat;diverse;60;90;60x90;;;ohne Aufhängung, Standard-Aufhängung, Profil-Aufhängung, Schraubhalterung, Schattenfuge weiß, Schattenfuge schwarz, Schattenfuge Esche, Schattenfuge Eiche, Galerie-Profil-Aufhängung;;;;
Wandbild;Alu-Verbund;1;;Aluminium-Verbund;Alu-Verbund;;;Direktdruck HD;Direktdruck;Hochformat;diverse;60;120;60x120;;;ohne Aufhängung, Standard-Aufhängung, Profil-Aufhängung, Schraubhalterung, Schattenfuge weiß, Schattenfuge schwarz, Schattenfuge Esche, Schattenfuge Eiche, Galerie-Profil-Aufhängung;;;;
Wandbild;Alu-Verbund;1;;Aluminium-Verbund;Alu-Verbund;;;Direktdruck HD;Direktdruck;Hochformat;diverse;60;140;60x140;;;ohne Aufhängung, Standard-Aufhängung, Profil-Aufhängung, Schraubhalterung, Schattenfuge weiß, Schattenfuge schwarz, Schattenfuge Esche, Schattenfuge Eiche, Galerie-Profil-Aufhängung;;;;
Wandbild;Alu-Verbund;1;;Aluminium-Verbund;Alu-Verbund;;;Direktdruck HD;Direktdruck;Hochformat;diverse;70;70;70x70;;;ohne Aufhängung, Standard-Aufhängung, Profil-Aufhängung, Schraubhalterung, Schattenfuge weiß, Schattenfuge schwarz, Schattenfuge Esche, Schattenfuge Eiche, Galerie-Profil-Aufhängung;;;;
Wandbild;Alu-Verbund;1;;Aluminium-Verbund;Alu-Verbund;;;Direktdruck HD;Direktdruck;Hochformat;diverse;70;120;70x120;;;ohne Aufhängung, Standard-Aufhängung, Profil-Aufhängung, Schraubhalterung, Schattenfuge weiß, Schattenfuge schwarz, Schattenfuge Esche, Schattenfuge Eiche, Galerie-Profil-Aufhängung;;;;
Wandbild;Alu-Verbund;1;;Aluminium-Verbund;Alu-Verbund;;;Direktdruck HD;Direktdruck;Hochformat;diverse;75;75;75x75;;;ohne Aufhängung, Standard-Aufhängung, Profil-Aufhängung, Schraubhalterung, Schattenfuge weiß, Schattenfuge schwarz, Schattenfuge Esche, Schattenfuge Eiche, Galerie-Profil-Aufhängung;;;;
Wandbild;Alu-Verbund;1;;Aluminium-Verbund;Alu-Verbund;;;Direktdruck HD;Direktdruck;Hochformat;diverse;75;100;75x100;;;ohne Aufhängung, Standard-Aufhängung, Profil-Aufhängung, Schraubhalterung, Schattenfuge weiß, Schattenfuge schwarz, Schattenfuge Esche, Schattenfuge Eiche, Galerie-Profil-Aufhängung;;;;
Wandbild;Alu-Verbund;1;;Aluminium-Verbund;Alu-Verbund;;;Direktdruck HD;Direktdruck;Hochformat;diverse;80;80;80x80;;;ohne Aufhängung, Standard-Aufhängung, Profil-Aufhängung, Schraubhalterung, Schattenfuge weiß, Schattenfuge schwarz, Schattenfuge Esche, Schattenfuge Eiche, Galerie-Profil-Aufhängung;;;;
Wandbild;Alu-Verbund;1;;Aluminium-Verbund;Alu-Verbund;;;Direktdruck HD;Direktdruck;Hochformat;diverse;80;100;80x100;;;ohne Aufhängung, Standard-Aufhängung, Profil-Aufhängung, Schraubhalterung, Schattenfuge weiß, Schattenfuge schwarz, Schattenfuge Esche, Schattenfuge Eiche, Galerie-Profil-Aufhängung;;;;
Wandbild;Alu-Verbund;1;;Aluminium-Verbund;Alu-Verbund;;;Direktdruck HD;Direktdruck;Hochformat;diverse;80;120;80x120;;;ohne Aufhängung, Standard-Aufhängung, Profil-Aufhängung, Schraubhalterung, Schattenfuge weiß, Schattenfuge schwarz, Schattenfuge Esche, Schattenfuge Eiche, Galerie-Profil-Aufhängung;;;;
Wandbild;Alu-Verbund;1;;Aluminium-Verbund;Alu-Verbund;;;Direktdruck HD;Direktdruck;Hochformat;diverse;90;90;90x90;;;ohne Aufhängung, Standard-Aufhängung, Profil-Aufhängung, Schraubhalterung, Schattenfuge weiß, Schattenfuge schwarz, Schattenfuge Esche, Schattenfuge Eiche, Galerie-Profil-Aufhängung;;;;
Wandbild;Alu-Verbund;1;;Aluminium-Verbund;Alu-Verbund;;;Direktdruck HD;Direktdruck;Hochformat;diverse;90;120;90x120;;;ohne Aufhängung, Standard-Aufhängung, Profil-Aufhängung, Schraubhalterung, Schattenfuge weiß, Schattenfuge schwarz, Schattenfuge Esche, Schattenfuge Eiche, Galerie-Profil-Aufhängung;;;;
Wandbild;Alu-Verbund;1;;Aluminium-Verbund;Alu-Verbund;;;Direktdruck HD;Direktdruck;Hochformat;diverse;90;160;90x160;;;ohne Aufhängung, Standard-Aufhängung, Profil-Aufhängung, Schraubhalterung, Schattenfuge weiß, Schattenfuge schwarz, Schattenfuge Esche, Schattenfuge Eiche, Galerie-Profil-Aufhängung;;;;
Wandbild;Alu-Verbund;1;;Aluminium-Verbund;Alu-Verbund;;;Direktdruck HD;Direktdruck;Hochformat;diverse;100;100;100x100;;;ohne Aufhängung, Standard-Aufhängung, Profil-Aufhängung, Schraubhalterung, Schattenfuge weiß, Schattenfuge schwarz, Schattenfuge Esche, Schattenfuge Eiche, Galerie-Profil-Aufhängung;;;;
Wandbild;Alu-Verbund;1;;Aluminium-Verbund;Alu-Verbund;;;Direktdruck HD;Direktdruck;Hochformat;diverse;100;120;100x120;;;ohne Aufhängung, Standard-Aufhängung, Profil-Aufhängung, Schraubhalterung, Schattenfuge weiß, Schattenfuge schwarz, Schattenfuge Esche, Schattenfuge Eiche, Galerie-Profil-Aufhängung;;;;
Wandbild;Alu-Verbund;1;;Aluminium-Verbund;Alu-Verbund;;;Direktdruck HD;Direktdruck;Hochformat;diverse;100;140;100x140;;;ohne Aufhängung, Standard-Aufhängung, Profil-Aufhängung, Schraubhalterung, Schattenfuge weiß, Schattenfuge schwarz, Schattenfuge Esche, Schattenfuge Eiche, Galerie-Profil-Aufhängung;;;;
Wandbild;Alu-Verbund;1;;Aluminium-Verbund;Alu-Verbund;;;Direktdruck HD;Direktdruck;Hochformat;diverse;100;160;100x160;;;ohne Aufhängung, Standard-Aufhängung, Profil-Aufhängung, Schraubhalterung, Schattenfuge weiß, Schattenfuge schwarz, Schattenfuge Esche, Schattenfuge Eiche, Galerie-Profil-Aufhängung;;;;
Wandbild;Alu-Verbund;1;;Aluminium-Verbund;Alu-Verbund;;;Direktdruck HD;Direktdruck;Hochformat;diverse;100;180;100x180;;;ohne Aufhängung, Standard-Aufhängung, Profil-Aufhängung, Schraubhalterung, Schattenfuge weiß, Schattenfuge schwarz, Schattenfuge Esche, Schattenfuge Eiche, Galerie-Profil-Aufhängung;;;;
Wandbild;Alu-Verbund;1;;Aluminium-Verbund;Alu-Verbund;;;Direktdruck HD;Direktdruck;Hochformat;diverse;100;200;100x200;;;ohne Aufhängung, Standard-Aufhängung, Profil-Aufhängung, Schraubhalterung, Schattenfuge weiß, Schattenfuge schwarz, Schattenfuge Esche, Schattenfuge Eiche, Galerie-Profil-Aufhängung;;;;
Wandbild;Alu-Verbund;1;;Aluminium-Verbund;Alu-Verbund;;;Direktdruck HD;Direktdruck;Hochformat;diverse;100;220;100x220;;;ohne Aufhängung, Standard-Aufhängung, Profil-Aufhängung, Schraubhalterung, Schattenfuge weiß, Schattenfuge schwarz, Schattenfuge Esche, Schattenfuge Eiche, Galerie-Profil-Aufhängung;;;;
Wandbild;Alu-Verbund;1;;Aluminium-Verbund;Alu-Verbund;;;Direktdruck HD;Direktdruck;Hochformat;diverse;100;240;100x240;;;ohne Aufhängung, Standard-Aufhängung, Profil-Aufhängung, Schraubhalterung, Schattenfuge weiß, Schattenfuge schwarz, Schattenfuge Esche, Schattenfuge Eiche, Galerie-Profil-Aufhängung;;;;
Wandbild;Alu-Verbund;1;;Aluminium-Verbund;Alu-Verbund;;;Direktdruck HD;Direktdruck;Hochformat;diverse;110;120;110x120;;;ohne Aufhängung, Standard-Aufhängung, Profil-Aufhängung, Schraubhalterung, Schattenfuge weiß, Schattenfuge schwarz, Schattenfuge Esche, Schattenfuge Eiche, Galerie-Profil-Aufhängung;;;;
Wandbild;Alu-Verbund;1;;Aluminium-Verbund;Alu-Verbund;;;Direktdruck HD;Direktdruck;Hochformat;diverse;110;160;110x160;;;ohne Aufhängung, Standard-Aufhängung, Profil-Aufhängung, Schraubhalterung, Schattenfuge weiß, Schattenfuge schwarz, Schattenfuge Esche, Schattenfuge Eiche, Galerie-Profil-Aufhängung;;;;
Wandbild;Alu-Verbund;1;;Aluminium-Verbund;Alu-Verbund;;;Direktdruck HD;Direktdruck;Hochformat;diverse;110;180;110x180;;;ohne Aufhängung, Standard-Aufhängung, Profil-Aufhängung, Schraubhalterung, Schattenfuge weiß, Schattenfuge schwarz, Schattenfuge Esche, Schattenfuge Eiche, Galerie-Profil-Aufhängung;;;;
Wandbild;Alu-Verbund;1;;Aluminium-Verbund;Alu-Verbund;;;Direktdruck HD;Direktdruck;Hochformat;diverse;110;200;110x200;;;ohne Aufhängung, Standard-Aufhängung, Profil-Aufhängung, Schraubhalterung, Schattenfuge weiß, Schattenfuge schwarz, Schattenfuge Esche, Schattenfuge Eiche, Galerie-Profil-Aufhängung;;;;
Wandbild;Alu-Verbund;1;;Aluminium-Verbund;Alu-Verbund;;;Direktdruck HD;Direktdruck;Hochformat;diverse;110;220;110x220;;;ohne Aufhängung, Standard-Aufhängung, Profil-Aufhängung, Schraubhalterung, Schattenfuge weiß, Schattenfuge schwarz, Schattenfuge Esche, Schattenfuge Eiche, Galerie-Profil-Aufhängung;;;;
Wandbild;Alu-Verbund;1;;Aluminium-Verbund;Alu-Verbund;;;Direktdruck HD;Direktdruck;Hochformat;diverse;110;240;110x240;;;ohne Aufhängung, Standard-Aufhängung, Profil-Aufhängung, Schraubhalterung, Schattenfuge weiß, Schattenfuge schwarz, Schattenfuge Esche, Schattenfuge Eiche, Galerie-Profil-Aufhängung;;;;
Wandbild;Alu-Verbund;1;;Aluminium-Verbund;Alu-Verbund;;;Direktdruck HD;Direktdruck;Querformat;diverse;10;10;10x10;;;ohne Aufhängung, Standard-Aufhängung, Profil-Aufhängung, Schraubhalterung, Schattenfuge weiß, Schattenfuge schwarz, Schattenfuge Esche, Schattenfuge Eiche, Galerie-Profil-Aufhängung;;;;
Wandbild;Alu-Verbund;1;;Aluminium-Verbund;Alu-Verbund;;;Direktdruck HD;Direktdruck;Querformat;diverse;10;15;10x15;;;ohne Aufhängung, Standard-Aufhängung, Profil-Aufhängung, Schraubhalterung, Schattenfuge weiß, Schattenfuge schwarz, Schattenfuge Esche, Schattenfuge Eiche, Galerie-Profil-Aufhängung;;;;
Wandbild;Alu-Verbund;1;;Aluminium-Verbund;Alu-Verbund;;;Direktdruck HD;Direktdruck;Querformat;diverse;10;20;10x20;;;ohne Aufhängung, Standard-Aufhängung, Profil-Aufhängung, Schraubhalterung, Schattenfuge weiß, Schattenfuge schwarz, Schattenfuge Esche, Schattenfuge Eiche, Galerie-Profil-Aufhängung;;;;
Wandbild;Alu-Verbund;1;;Aluminium-Verbund;Alu-Verbund;;;Direktdruck HD;Direktdruck;Querformat;diverse;13;18;13x18;;;ohne Aufhängung, Standard-Aufhängung, Profil-Aufhängung, Schraubhalterung, Schattenfuge weiß, Schattenfuge schwarz, Schattenfuge Esche, Schattenfuge Eiche, Galerie-Profil-Aufhängung;;;;
Wandbild;Alu-Verbund;1;;Aluminium-Verbund;Alu-Verbund;;;Direktdruck HD;Direktdruck;Querformat;diverse;15;15;15x15;;;ohne Aufhängung, Standard-Aufhängung, Profil-Aufhängung, Schraubhalterung, Schattenfuge weiß, Schattenfuge schwarz, Schattenfuge Esche, Schattenfuge Eiche, Galerie-Profil-Aufhängung;;;;
Wandbild;Alu-Verbund;1;;Aluminium-Verbund;Alu-Verbund;;;Direktdruck HD;Direktdruck;Querformat;diverse;20;20;20x20;;;ohne Aufhängung, Standard-Aufhängung, Profil-Aufhängung, Schraubhalterung, Schattenfuge weiß, Schattenfuge schwarz, Schattenfuge Esche, Schattenfuge Eiche, Galerie-Profil-Aufhängung;;;;
Wandbild;Alu-Verbund;1;;Aluminium-Verbund;Alu-Verbund;;;Direktdruck HD;Direktdruck;Querformat;diverse;20;30;20x30;;;ohne Aufhängung, Standard-Aufhängung, Profil-Aufhängung, Schraubhalterung, Schattenfuge weiß, Schattenfuge schwarz, Schattenfuge Esche, Schattenfuge Eiche, Galerie-Profil-Aufhängung;;;;
Wandbild;Alu-Verbund;1;;Aluminium-Verbund;Alu-Verbund;;;Direktdruck HD;Direktdruck;Querformat;diverse;20;40;20x40;;;ohne Aufhängung, Standard-Aufhängung, Profil-Aufhängung, Schraubhalterung, Schattenfuge weiß, Schattenfuge schwarz, Schattenfuge Esche, Schattenfuge Eiche, Galerie-Profil-Aufhängung;;;;
Wandbild;Alu-Verbund;1;;Aluminium-Verbund;Alu-Verbund;;;Direktdruck HD;Direktdruck;Querformat;diverse;20;60;20x60;;;ohne Aufhängung, Standard-Aufhängung, Profil-Aufhängung, Schraubhalterung, Schattenfuge weiß, Schattenfuge schwarz, Schattenfuge Esche, Schattenfuge Eiche, Galerie-Profil-Aufhängung;;;;
Wandbild;Alu-Verbund;1;;Aluminium-Verbund;Alu-Verbund;;;Direktdruck HD;Direktdruck;Querformat;diverse;20;80;20x80;;;ohne Aufhängung, Standard-Aufhängung, Profil-Aufhängung, Schraubhalterung, Schattenfuge weiß, Schattenfuge schwarz, Schattenfuge Esche, Schattenfuge Eiche, Galerie-Profil-Aufhängung;;;;
Wandbild;Alu-Verbund;1;;Aluminium-Verbund;Alu-Verbund;;;Direktdruck HD;Direktdruck;Querformat;diverse;30;30;30x30;;;ohne Aufhängung, Standard-Aufhängung, Profil-Aufhängung, Schraubhalterung, Schattenfuge weiß, Schattenfuge schwarz, Schattenfuge Esche, Schattenfuge Eiche, Galerie-Profil-Aufhängung;;;;
Wandbild;Alu-Verbund;1;;Aluminium-Verbund;Alu-Verbund;;;Direktdruck HD;Direktdruck;Querformat;diverse;30;40;30x40;;;ohne Aufhängung, Standard-Aufhängung, Profil-Aufhängung, Schraubhalterung, Schattenfuge weiß, Schattenfuge schwarz, Schattenfuge Esche, Schattenfuge Eiche, Galerie-Profil-Aufhängung;;;;
Wandbild;Alu-Verbund;1;;Aluminium-Verbund;Alu-Verbund;;;Direktdruck HD;Direktdruck;Querformat;diverse;30;45;30x45;;;ohne Aufhängung, Standard-Aufhängung, Profil-Aufhängung, Schraubhalterung, Schattenfuge weiß, Schattenfuge schwarz, Schattenfuge Esche, Schattenfuge Eiche, Galerie-Profil-Aufhängung;;;;
Wandbild;Alu-Verbund;1;;Aluminium-Verbund;Alu-Verbund;;;Direktdruck HD;Direktdruck;Querformat;diverse;30;50;30x50;;;ohne Aufhängung, Standard-Aufhängung, Profil-Aufhängung, Schraubhalterung, Schattenfuge weiß, Schattenfuge schwarz, Schattenfuge Esche, Schattenfuge Eiche, Galerie-Profil-Aufhängung;;;;
Wandbild;Alu-Verbund;1;;Aluminium-Verbund;Alu-Verbund;;;Direktdruck HD;Direktdruck;Querformat;diverse;30;60;30x60;;;ohne Aufhängung, Standard-Aufhängung, Profil-Aufhängung, Schraubhalterung, Schattenfuge weiß, Schattenfuge schwarz, Schattenfuge Esche, Schattenfuge Eiche, Galerie-Profil-Aufhängung;;;;
Wandbild;Alu-Verbund;1;;Aluminium-Verbund;Alu-Verbund;;;Direktdruck HD;Direktdruck;Querformat;diverse;30;90;30x90;;;ohne Aufhängung, Standard-Aufhängung, Profil-Aufhängung, Schraubhalterung, Schattenfuge weiß, Schattenfuge schwarz, Schattenfuge Esche, Schattenfuge Eiche, Galerie-Profil-Aufhängung;;;;
Wandbild;Alu-Verbund;1;;Aluminium-Verbund;Alu-Verbund;;;Direktdruck HD;Direktdruck;Querformat;diverse;30;120;30x120;;;ohne Aufhängung, Standard-Aufhängung, Profil-Aufhängung, Schraubhalterung, Schattenfuge weiß, Schattenfuge schwarz, Schattenfuge Esche, Schattenfuge Eiche, Galerie-Profil-Aufhängung;;;;
Wandbild;Alu-Verbund;1;;Aluminium-Verbund;Alu-Verbund;;;Direktdruck HD;Direktdruck;Querformat;diverse;40;40;40x40;;;ohne Aufhängung, Standard-Aufhängung, Profil-Aufhängung, Schraubhalterung, Schattenfuge weiß, Schattenfuge schwarz, Schattenfuge Esche, Schattenfuge Eiche, Galerie-Profil-Aufhängung;;;;
Wandbild;Alu-Verbund;1;;Aluminium-Verbund;Alu-Verbund;;;Direktdruck HD;Direktdruck;Querformat;diverse;40;50;40x50;;;ohne Aufhängung, Standard-Aufhängung, Profil-Aufhängung, Schraubhalterung, Schattenfuge weiß, Schattenfuge schwarz, Schattenfuge Esche, Schattenfuge Eiche, Galerie-Profil-Aufhängung;;;;
Wandbild;Alu-Verbund;1;;Aluminium-Verbund;Alu-Verbund;;;Direktdruck HD;Direktdruck;Querformat;diverse;40;60;40x60;;;ohne Aufhängung, Standard-Aufhängung, Profil-Aufhängung, Schraubhalterung, Schattenfuge weiß, Schattenfuge schwarz, Schattenfuge Esche, Schattenfuge Eiche, Galerie-Profil-Aufhängung;;;;
Wandbild;Alu-Verbund;1;;Aluminium-Verbund;Alu-Verbund;;;Direktdruck HD;Direktdruck;Querformat;diverse;40;70;40x70;;;ohne Aufhängung, Standard-Aufhängung, Profil-Aufhängung, Schraubhalterung, Schattenfuge weiß, Schattenfuge schwarz, Schattenfuge Esche, Schattenfuge Eiche, Galerie-Profil-Aufhängung;;;;
Wandbild;Alu-Verbund;1;;Aluminium-Verbund;Alu-Verbund;;;Direktdruck HD;Direktdruck;Querformat;diverse;40;80;40x80;;;ohne Aufhängung, Standard-Aufhängung, Profil-Aufhängung, Schraubhalterung, Schattenfuge weiß, Schattenfuge schwarz, Schattenfuge Esche, Schattenfuge Eiche, Galerie-Profil-Aufhängung;;;;
Wandbild;Alu-Verbund;1;;Aluminium-Verbund;Alu-Verbund;;;Direktdruck HD;Direktdruck;Querformat;diverse;40;120;40x120;;;ohne Aufhängung, Standard-Aufhängung, Profil-Aufhängung, Schraubhalterung, Schattenfuge weiß, Schattenfuge schwarz, Schattenfuge Esche, Schattenfuge Eiche, Galerie-Profil-Aufhängung;;;;
Wandbild;Alu-Verbund;1;;Aluminium-Verbund;Alu-Verbund;;;Direktdruck HD;Direktdruck;Querformat;diverse;40;160;40x160;;;ohne Aufhängung, Standard-Aufhängung, Profil-Aufhängung, Schraubhalterung, Schattenfuge weiß, Schattenfuge schwarz, Schattenfuge Esche, Schattenfuge Eiche, Galerie-Profil-Aufhängung;;;;
Wandbild;Alu-Verbund;1;;Aluminium-Verbund;Alu-Verbund;;;Direktdruck HD;Direktdruck;Querformat;diverse;45;60;45x60;;;ohne Aufhängung, Standard-Aufhängung, Profil-Aufhängung, Schraubhalterung, Schattenfuge weiß, Schattenfuge schwarz, Schattenfuge Esche, Schattenfuge Eiche, Galerie-Profil-Aufhängung;;;;
Wandbild;Alu-Verbund;1;;Aluminium-Verbund;Alu-Verbund;;;Direktdruck HD;Direktdruck;Querformat;diverse;50;50;50x50;;;ohne Aufhängung, Standard-Aufhängung, Profil-Aufhängung, Schraubhalterung, Schattenfuge weiß, Schattenfuge schwarz, Schattenfuge Esche, Schattenfuge Eiche, Galerie-Profil-Aufhängung;;;;
Wandbild;Alu-Verbund;1;;Aluminium-Verbund;Alu-Verbund;;;Direktdruck HD;Direktdruck;Querformat;diverse;50;70;50x70;;;ohne Aufhängung, Standard-Aufhängung, Profil-Aufhängung, Schraubhalterung, Schattenfuge weiß, Schattenfuge schwarz, Schattenfuge Esche, Schattenfuge Eiche, Galerie-Profil-Aufhängung;;;;
Wandbild;Alu-Verbund;1;;Aluminium-Verbund;Alu-Verbund;;;Direktdruck HD;Direktdruck;Querformat;diverse;50;75;50x75;;;ohne Aufhängung, Standard-Aufhängung, Profil-Aufhängung, Schraubhalterung, Schattenfuge weiß, Schattenfuge schwarz, Schattenfuge Esche, Schattenfuge Eiche, Galerie-Profil-Aufhängung;;;;
Wandbild;Alu-Verbund;1;;Aluminium-Verbund;Alu-Verbund;;;Direktdruck HD;Direktdruck;Querformat;diverse;50;100;50x100;;;ohne Aufhängung, Standard-Aufhängung, Profil-Aufhängung, Schraubhalterung, Schattenfuge weiß, Schattenfuge schwarz, Schattenfuge Esche, Schattenfuge Eiche, Galerie-Profil-Aufhängung;;;;
Wandbild;Alu-Verbund;1;;Aluminium-Verbund;Alu-Verbund;;;Direktdruck HD;Direktdruck;Querformat;diverse;50;120;50x120;;;ohne Aufhängung, Standard-Aufhängung, Profil-Aufhängung, Schraubhalterung, Schattenfuge weiß, Schattenfuge schwarz, Schattenfuge Esche, Schattenfuge Eiche, Galerie-Profil-Aufhängung;;;;
Wandbild;Alu-Verbund;1;;Aluminium-Verbund;Alu-Verbund;;;Direktdruck HD;Direktdruck;Querformat;diverse;50;140;50x140;;;ohne Aufhängung, Standard-Aufhängung, Profil-Aufhängung, Schraubhalterung, Schattenfuge weiß, Schattenfuge schwarz, Schattenfuge Esche, Schattenfuge Eiche, Galerie-Profil-Aufhängung;;;;
Wandbild;Alu-Verbund;1;;Aluminium-Verbund;Alu-Verbund;;;Direktdruck HD;Direktdruck;Querformat;diverse;50;160;50x160;;;ohne Aufhängung, Standard-Aufhängung, Profil-Aufhängung, Schraubhalterung, Schattenfuge weiß, Schattenfuge schwarz, Schattenfuge Esche, Schattenfuge Eiche, Galerie-Profil-Aufhängung;;;;
Wandbild;Alu-Verbund;1;;Aluminium-Verbund;Alu-Verbund;;;Direktdruck HD;Direktdruck;Querformat;diverse;60;60;60x60;;;ohne Aufhängung, Standard-Aufhängung, Profil-Aufhängung, Schraubhalterung, Schattenfuge weiß, Schattenfuge schwarz, Schattenfuge Esche, Schattenfuge Eiche, Galerie-Profil-Aufhängung;;;;
Wandbild;Alu-Verbund;1;;Aluminium-Verbund;Alu-Verbund;;;Direktdruck HD;Direktdruck;Querformat;diverse;60;80;60x80;;;ohne Aufhängung, Standard-Aufhängung, Profil-Aufhängung, Schraubhalterung, Schattenfuge weiß, Schattenfuge schwarz, Schattenfuge Esche, Schattenfuge Eiche, Galerie-Profil-Aufhängung;;;;
Wandbild;Alu-Verbund;1;;Aluminium-Verbund;Alu-Verbund;;;Direktdruck HD;Direktdruck;Querformat;diverse;60;90;60x90;;;ohne Aufhängung, Standard-Aufhängung, Profil-Aufhängung, Schraubhalterung, Schattenfuge weiß, Schattenfuge schwarz, Schattenfuge Esche, Schattenfuge Eiche, Galerie-Profil-Aufhängung;;;;
Wandbild;Alu-Verbund;1;;Aluminium-Verbund;Alu-Verbund;;;Direktdruck HD;Direktdruck;Querformat;diverse;60;120;60x120;;;ohne Aufhängung, Standard-Aufhängung, Profil-Aufhängung, Schraubhalterung, Schattenfuge weiß, Schattenfuge schwarz, Schattenfuge Esche, Schattenfuge Eiche, Galerie-Profil-Aufhängung;;;;
Wandbild;Alu-Verbund;1;;Aluminium-Verbund;Alu-Verbund;;;Direktdruck HD;Direktdruck;Querformat;diverse;60;140;60x140;;;ohne Aufhängung, Standard-Aufhängung, Profil-Aufhängung, Schraubhalterung, Schattenfuge weiß, Schattenfuge schwarz, Schattenfuge Esche, Schattenfuge Eiche, Galerie-Profil-Aufhängung;;;;
Wandbild;Alu-Verbund;1;;Aluminium-Verbund;Alu-Verbund;;;Direktdruck HD;Direktdruck;Querformat;diverse;70;70;70x70;;;ohne Aufhängung, Standard-Aufhängung, Profil-Aufhängung, Schraubhalterung, Schattenfuge weiß, Schattenfuge schwarz, Schattenfuge Esche, Schattenfuge Eiche, Galerie-Profil-Aufhängung;;;;
Wandbild;Alu-Verbund;1;;Aluminium-Verbund;Alu-Verbund;;;Direktdruck HD;Direktdruck;Querformat;diverse;70;120;70x120;;;ohne Aufhängung, Standard-Aufhängung, Profil-Aufhängung, Schraubhalterung, Schattenfuge weiß, Schattenfuge schwarz, Schattenfuge Esche, Schattenfuge Eiche, Galerie-Profil-Aufhängung;;;;
Wandbild;Alu-Verbund;1;;Aluminium-Verbund;Alu-Verbund;;;Direktdruck HD;Direktdruck;Querformat;diverse;75;75;75x75;;;ohne Aufhängung, Standard-Aufhängung, Profil-Aufhängung, Schraubhalterung, Schattenfuge weiß, Schattenfuge schwarz, Schattenfuge Esche, Schattenfuge Eiche, Galerie-Profil-Aufhängung;;;;
Wandbild;Alu-Verbund;1;;Aluminium-Verbund;Alu-Verbund;;;Direktdruck HD;Direktdruck;Querformat;diverse;75;100;75x100;;;ohne Aufhängung, Standard-Aufhängung, Profil-Aufhängung, Schraubhalterung, Schattenfuge weiß, Schattenfuge schwarz, Schattenfuge Esche, Schattenfuge Eiche, Galerie-Profil-Aufhängung;;;;
Wandbild;Alu-Verbund;1;;Aluminium-Verbund;Alu-Verbund;;;Direktdruck HD;Direktdruck;Querformat;diverse;80;80;80x80;;;ohne Aufhängung, Standard-Aufhängung, Profil-Aufhängung, Schraubhalterung, Schattenfuge weiß, Schattenfuge schwarz, Schattenfuge Esche, Schattenfuge Eiche, Galerie-Profil-Aufhängung;;;;
Wandbild;Alu-Verbund;1;;Aluminium-Verbund;Alu-Verbund;;;Direktdruck HD;Direktdruck;Querformat;diverse;80;100;80x100;;;ohne Aufhängung, Standard-Aufhängung, Profil-Aufhängung, Schraubhalterung, Schattenfuge weiß, Schattenfuge schwarz, Schattenfuge Esche, Schattenfuge Eiche, Galerie-Profil-Aufhängung;;;;
Wandbild;Alu-Verbund;1;;Aluminium-Verbund;Alu-Verbund;;;Direktdruck HD;Direktdruck;Querformat;diverse;80;120;80x120;;;ohne Aufhängung, Standard-Aufhängung, Profil-Aufhängung, Schraubhalterung, Schattenfuge weiß, Schattenfuge schwarz, Schattenfuge Esche, Schattenfuge Eiche, Galerie-Profil-Aufhängung;;;;
Wandbild;Alu-Verbund;1;;Aluminium-Verbund;Alu-Verbund;;;Direktdruck HD;Direktdruck;Querformat;diverse;90;90;90x90;;;ohne Aufhängung, Standard-Aufhängung, Profil-Aufhängung, Schraubhalterung, Schattenfuge weiß, Schattenfuge schwarz, Schattenfuge Esche, Schattenfuge Eiche, Galerie-Profil-Aufhängung;;;;
Wandbild;Alu-Verbund;1;;Aluminium-Verbund;Alu-Verbund;;;Direktdruck HD;Direktdruck;Querformat;diverse;90;120;90x120;;;ohne Aufhängung, Standard-Aufhängung, Profil-Aufhängung, Schraubhalterung, Schattenfuge weiß, Schattenfuge schwarz, Schattenfuge Esche, Schattenfuge Eiche, Galerie-Profil-Aufhängung;;;;
Wandbild;Alu-Verbund;1;;Aluminium-Verbund;Alu-Verbund;;;Direktdruck HD;Direktdruck;Querformat;diverse;90;160;90x160;;;ohne Aufhängung, Standard-Aufhängung, Profil-Aufhängung, Schraubhalterung, Schattenfuge weiß, Schattenfuge schwarz, Schattenfuge Esche, Schattenfuge Eiche, Galerie-Profil-Aufhängung;;;;
Wandbild;Alu-Verbund;1;;Aluminium-Verbund;Alu-Verbund;;;Direktdruck HD;Direktdruck;Querformat;diverse;100;100;100x100;;;ohne Aufhängung, Standard-Aufhängung, Profil-Aufhängung, Schraubhalterung, Schattenfuge weiß, Schattenfuge schwarz, Schattenfuge Esche, Schattenfuge Eiche, Galerie-Profil-Aufhängung;;;;
Wandbild;Alu-Verbund;1;;Aluminium-Verbund;Alu-Verbund;;;Direktdruck HD;Direktdruck;Querformat;diverse;100;120;100x120;;;ohne Aufhängung, Standard-Aufhängung, Profil-Aufhängung, Schraubhalterung, Schattenfuge weiß, Schattenfuge schwarz, Schattenfuge Esche, Schattenfuge Eiche, Galerie-Profil-Aufhängung;;;;
Wandbild;Alu-Verbund;1;;Aluminium-Verbund;Alu-Verbund;;;Direktdruck HD;Direktdruck;Querformat;diverse;100;140;100x140;;;ohne Aufhängung, Standard-Aufhängung, Profil-Aufhängung, Schraubhalterung, Schattenfuge weiß, Schattenfuge schwarz, Schattenfuge Esche, Schattenfuge Eiche, Galerie-Profil-Aufhängung;;;;
Wandbild;Alu-Verbund;1;;Aluminium-Verbund;Alu-Verbund;;;Direktdruck HD;Direktdruck;Querformat;diverse;100;160;100x160;;;ohne Aufhängung, Standard-Aufhängung, Profil-Aufhängung, Schraubhalterung, Schattenfuge weiß, Schattenfuge schwarz, Schattenfuge Esche, Schattenfuge Eiche, Galerie-Profil-Aufhängung;;;;
Wandbild;Alu-Verbund;1;;Aluminium-Verbund;Alu-Verbund;;;Direktdruck HD;Direktdruck;Querformat;diverse;100;180;100x180;;;ohne Aufhängung, Standard-Aufhängung, Profil-Aufhängung, Schraubhalterung, Schattenfuge weiß, Schattenfuge schwarz, Schattenfuge Esche, Schattenfuge Eiche, Galerie-Profil-Aufhängung;;;;
Wandbild;Alu-Verbund;1;;Aluminium-Verbund;Alu-Verbund;;;Direktdruck HD;Direktdruck;Querformat;diverse;100;200;100x200;;;ohne Aufhängung, Standard-Aufhängung, Profil-Aufhängung, Schraubhalterung, Schattenfuge weiß, Schattenfuge schwarz, Schattenfuge Esche, Schattenfuge Eiche, Galerie-Profil-Aufhängung;;;;
Wandbild;Alu-Verbund;1;;Aluminium-Verbund;Alu-Verbund;;;Direktdruck HD;Direktdruck;Querformat;diverse;100;220;100x220;;;ohne Aufhängung, Standard-Aufhängung, Profil-Aufhängung, Schraubhalterung, Schattenfuge weiß, Schattenfuge schwarz, Schattenfuge Esche, Schattenfuge Eiche, Galerie-Profil-Aufhängung;;;;
Wandbild;Alu-Verbund;1;;Aluminium-Verbund;Alu-Verbund;;;Direktdruck HD;Direktdruck;Querformat;diverse;100;240;100x240;;;ohne Aufhängung, Standard-Aufhängung, Profil-Aufhängung, Schraubhalterung, Schattenfuge weiß, Schattenfuge schwarz, Schattenfuge Esche, Schattenfuge Eiche, Galerie-Profil-Aufhängung;;;;
Wandbild;Alu-Verbund;1;;Aluminium-Verbund;Alu-Verbund;;;Direktdruck HD;Direktdruck;Querformat;diverse;110;120;110x120;;;ohne Aufhängung, Standard-Aufhängung, Profil-Aufhängung, Schraubhalterung, Schattenfuge weiß, Schattenfuge schwarz, Schattenfuge Esche, Schattenfuge Eiche, Galerie-Profil-Aufhängung;;;;
Wandbild;Alu-Verbund;1;;Aluminium-Verbund;Alu-Verbund;;;Direktdruck HD;Direktdruck;Querformat;diverse;110;160;110x160;;;ohne Aufhängung, Standard-Aufhängung, Profil-Aufhängung, Schraubhalterung, Schattenfuge weiß, Schattenfuge schwarz, Schattenfuge Esche, Schattenfuge Eiche, Galerie-Profil-Aufhängung;;;;
Wandbild;Alu-Verbund;1;;Aluminium-Verbund;Alu-Verbund;;;Direktdruck HD;Direktdruck;Querformat;diverse;110;180;110x180;;;ohne Aufhängung, Standard-Aufhängung, Profil-Aufhängung, Schraubhalterung, Schattenfuge weiß, Schattenfuge schwarz, Schattenfuge Esche, Schattenfuge Eiche, Galerie-Profil-Aufhängung;;;;
Wandbild;Alu-Verbund;1;;Aluminium-Verbund;Alu-Verbund;;;Direktdruck HD;Direktdruck;Querformat;diverse;110;200;110x200;;;ohne Aufhängung, Standard-Aufhängung, Profil-Aufhängung, Schraubhalterung, Schattenfuge weiß, Schattenfuge schwarz, Schattenfuge Esche, Schattenfuge Eiche, Galerie-Profil-Aufhängung;;;;
Wandbild;Alu-Verbund;1;;Aluminium-Verbund;Alu-Verbund;;;Direktdruck HD;Direktdruck;Querformat;diverse;110;220;110x220;;;ohne Aufhängung, Standard-Aufhängung, Profil-Aufhängung, Schraubhalterung, Schattenfuge weiß, Schattenfuge schwarz, Schattenfuge Esche, Schattenfuge Eiche, Galerie-Profil-Aufhängung;;;;
Wandbild;Alu-Verbund;1;;Aluminium-Verbund;Alu-Verbund;;;Direktdruck HD;Direktdruck;Querformat;diverse;110;240;110x240;;;ohne Aufhängung, Standard-Aufhängung, Profil-Aufhängung, Schraubhalterung, Schattenfuge weiß, Schattenfuge schwarz, Schattenfuge Esche, Schattenfuge Eiche, Galerie-Profil-Aufhängung;;;;
Wandbild;Alu-Verbund;1;;Aluminium-Verbund;Alu-Verbund;;;Direktdruck Standard;Direktdruck;Hochformat;diverse;10;10;10x10;;;ohne Aufhängung, Standard-Aufhängung, Profil-Aufhängung, Schraubhalterung, Schattenfuge weiß, Schattenfuge schwarz, Schattenfuge Esche, Schattenfuge Eiche, Galerie-Profil-Aufhängung;;;;
Wandbild;Alu-Verbund;1;;Aluminium-Verbund;Alu-Verbund;;;Direktdruck Standard;Direktdruck;Hochformat;diverse;10;15;10x15;;;ohne Aufhängung, Standard-Aufhängung, Profil-Aufhängung, Schraubhalterung, Schattenfuge weiß, Schattenfuge schwarz, Schattenfuge Esche, Schattenfuge Eiche, Galerie-Profil-Aufhängung;;;;
Wandbild;Alu-Verbund;1;;Aluminium-Verbund;Alu-Verbund;;;Direktdruck Standard;Direktdruck;Hochformat;diverse;10;20;10x20;;;ohne Aufhängung, Standard-Aufhängung, Profil-Aufhängung, Schraubhalterung, Schattenfuge weiß, Schattenfuge schwarz, Schattenfuge Esche, Schattenfuge Eiche, Galerie-Profil-Aufhängung;;;;
Wandbild;Alu-Verbund;1;;Aluminium-Verbund;Alu-Verbund;;;Direktdruck Standard;Direktdruck;Hochformat;diverse;13;18;13x18;;;ohne Aufhängung, Standard-Aufhängung, Profil-Aufhängung, Schraubhalterung, Schattenfuge weiß, Schattenfuge schwarz, Schattenfuge Esche, Schattenfuge Eiche, Galerie-Profil-Aufhängung;;;;
Wandbild;Alu-Verbund;1;;Aluminium-Verbund;Alu-Verbund;;;Direktdruck Standard;Direktdruck;Hochformat;diverse;15;15;15x15;;;ohne Aufhängung, Standard-Aufhängung, Profil-Aufhängung, Schraubhalterung, Schattenfuge weiß, Schattenfuge schwarz, Schattenfuge Esche, Schattenfuge Eiche, Galerie-Profil-Aufhängung;;;;
Wandbild;Alu-Verbund;1;;Aluminium-Verbund;Alu-Verbund;;;Direktdruck Standard;Direktdruck;Hochformat;diverse;20;20;20x20;;;ohne Aufhängung, Standard-Aufhängung, Profil-Aufhängung, Schraubhalterung, Schattenfuge weiß, Schattenfuge schwarz, Schattenfuge Esche, Schattenfuge Eiche, Galerie-Profil-Aufhängung;;;;
Wandbild;Alu-Verbund;1;;Aluminium-Verbund;Alu-Verbund;;;Direktdruck Standard;Direktdruck;Hochformat;diverse;20;30;20x30;;;ohne Aufhängung, Standard-Aufhängung, Profil-Aufhängung, Schraubhalterung, Schattenfuge weiß, Schattenfuge schwarz, Schattenfuge Esche, Schattenfuge Eiche, Galerie-Profil-Aufhängung;;;;
Wandbild;Alu-Verbund;1;;Aluminium-Verbund;Alu-Verbund;;;Direktdruck Standard;Direktdruck;Hochformat;diverse;20;40;20x40;;;ohne Aufhängung, Standard-Aufhängung, Profil-Aufhängung, Schraubhalterung, Schattenfuge weiß, Schattenfuge schwarz, Schattenfuge Esche, Schattenfuge Eiche, Galerie-Profil-Aufhängung;;;;
Wandbild;Alu-Verbund;1;;Aluminium-Verbund;Alu-Verbund;;;Direktdruck Standard;Direktdruck;Hochformat;diverse;20;60;20x60;;;ohne Aufhängung, Standard-Aufhängung, Profil-Aufhängung, Schraubhalterung, Schattenfuge weiß, Schattenfuge schwarz, Schattenfuge Esche, Schattenfuge Eiche, Galerie-Profil-Aufhängung;;;;
Wandbild;Alu-Verbund;1;;Aluminium-Verbund;Alu-Verbund;;;Direktdruck Standard;Direktdruck;Hochformat;diverse;20;80;20x80;;;ohne Aufhängung, Standard-Aufhängung, Profil-Aufhängung, Schraubhalterung, Schattenfuge weiß, Schattenfuge schwarz, Schattenfuge Esche, Schattenfuge Eiche, Galerie-Profil-Aufhängung;;;;
Wandbild;Alu-Verbund;1;;Aluminium-Verbund;Alu-Verbund;;;Direktdruck Standard;Direktdruck;Hochformat;diverse;30;30;30x30;;;ohne Aufhängung, Standard-Aufhängung, Profil-Aufhängung, Schraubhalterung, Schattenfuge weiß, Schattenfuge schwarz, Schattenfuge Esche, Schattenfuge Eiche, Galerie-Profil-Aufhängung;;;;
Wandbild;Alu-Verbund;1;;Aluminium-Verbund;Alu-Verbund;;;Direktdruck Standard;Direktdruck;Hochformat;diverse;30;40;30x40;;;ohne Aufhängung, Standard-Aufhängung, Profil-Aufhängung, Schraubhalterung, Schattenfuge weiß, Schattenfuge schwarz, Schattenfuge Esche, Schattenfuge Eiche, Galerie-Profil-Aufhängung;;;;
Wandbild;Alu-Verbund;1;;Aluminium-Verbund;Alu-Verbund;;;Direktdruck Standard;Direktdruck;Hochformat;diverse;30;45;30x45;;;ohne Aufhängung, Standard-Aufhängung, Profil-Aufhängung, Schraubhalterung, Schattenfuge weiß, Schattenfuge schwarz, Schattenfuge Esche, Schattenfuge Eiche, Galerie-Profil-Aufhängung;;;;
Wandbild;Alu-Verbund;1;;Aluminium-Verbund;Alu-Verbund;;;Direktdruck Standard;Direktdruck;Hochformat;diverse;30;50;30x50;;;ohne Aufhängung, Standard-Aufhängung, Profil-Aufhängung, Schraubhalterung, Schattenfuge weiß, Schattenfuge schwarz, Schattenfuge Esche, Schattenfuge Eiche, Galerie-Profil-Aufhängung;;;;
Wandbild;Alu-Verbund;1;;Aluminium-Verbund;Alu-Verbund;;;Direktdruck Standard;Direktdruck;Hochformat;diverse;30;60;30x60;;;ohne Aufhängung, Standard-Aufhängung, Profil-Aufhängung, Schraubhalterung, Schattenfuge weiß, Schattenfuge schwarz, Schattenfuge Esche, Schattenfuge Eiche, Galerie-Profil-Aufhängung;;;;
Wandbild;Alu-Verbund;1;;Aluminium-Verbund;Alu-Verbund;;;Direktdruck Standard;Direktdruck;Hochformat;diverse;30;90;30x90;;;ohne Aufhängung, Standard-Aufhängung, Profil-Aufhängung, Schraubhalterung, Schattenfuge weiß, Schattenfuge schwarz, Schattenfuge Esche, Schattenfuge Eiche, Galerie-Profil-Aufhängung;;;;
Wandbild;Alu-Verbund;1;;Aluminium-Verbund;Alu-Verbund;;;Direktdruck Standard;Direktdruck;Hochformat;diverse;30;120;30x120;;;ohne Aufhängung, Standard-Aufhängung, Profil-Aufhängung, Schraubhalterung, Schattenfuge weiß, Schattenfuge schwarz, Schattenfuge Esche, Schattenfuge Eiche, Galerie-Profil-Aufhängung;;;;
Wandbild;Alu-Verbund;1;;Aluminium-Verbund;Alu-Verbund;;;Direktdruck Standard;Direktdruck;Hochformat;diverse;40;40;40x40;;;ohne Aufhängung, Standard-Aufhängung, Profil-Aufhängung, Schraubhalterung, Schattenfuge weiß, Schattenfuge schwarz, Schattenfuge Esche, Schattenfuge Eiche, Galerie-Profil-Aufhängung;;;;
Wandbild;Alu-Verbund;1;;Aluminium-Verbund;Alu-Verbund;;;Direktdruck Standard;Direktdruck;Hochformat;diverse;40;50;40x50;;;ohne Aufhängung, Standard-Aufhängung, Profil-Aufhängung, Schraubhalterung, Schattenfuge weiß, Schattenfuge schwarz, Schattenfuge Esche, Schattenfuge Eiche, Galerie-Profil-Aufhängung;;;;
Wandbild;Alu-Verbund;1;;Aluminium-Verbund;Alu-Verbund;;;Direktdruck Standard;Direktdruck;Hochformat;diverse;40;60;40x60;;;ohne Aufhängung, Standard-Aufhängung, Profil-Aufhängung, Schraubhalterung, Schattenfuge weiß, Schattenfuge schwarz, Schattenfuge Esche, Schattenfuge Eiche, Galerie-Profil-Aufhängung;;;;
Wandbild;Alu-Verbund;1;;Aluminium-Verbund;Alu-Verbund;;;Direktdruck Standard;Direktdruck;Hochformat;diverse;40;70;40x70;;;ohne Aufhängung, Standard-Aufhängung, Profil-Aufhängung, Schraubhalterung, Schattenfuge weiß, Schattenfuge schwarz, Schattenfuge Esche, Schattenfuge Eiche, Galerie-Profil-Aufhängung;;;;
Wandbild;Alu-Verbund;1;;Aluminium-Verbund;Alu-Verbund;;;Direktdruck Standard;Direktdruck;Hochformat;diverse;40;80;40x80;;;ohne Aufhängung, Standard-Aufhängung, Profil-Aufhängung, Schraubhalterung, Schattenfuge weiß, Schattenfuge schwarz, Schattenfuge Esche, Schattenfuge Eiche, Galerie-Profil-Aufhängung;;;;
Wandbild;Alu-Verbund;1;;Aluminium-Verbund;Alu-Verbund;;;Direktdruck Standard;Direktdruck;Hochformat;diverse;40;120;40x120;;;ohne Aufhängung, Standard-Aufhängung, Profil-Aufhängung, Schraubhalterung, Schattenfuge weiß, Schattenfuge schwarz, Schattenfuge Esche, Schattenfuge Eiche, Galerie-Profil-Aufhängung;;;;
Wandbild;Alu-Verbund;1;;Aluminium-Verbund;Alu-Verbund;;;Direktdruck Standard;Direktdruck;Hochformat;diverse;40;160;40x160;;;ohne Aufhängung, Standard-Aufhängung, Profil-Aufhängung, Schraubhalterung, Schattenfuge weiß, Schattenfuge schwarz, Schattenfuge Esche, Schattenfuge Eiche, Galerie-Profil-Aufhängung;;;;
Wandbild;Alu-Verbund;1;;Aluminium-Verbund;Alu-Verbund;;;Direktdruck Standard;Direktdruck;Hochformat;diverse;45;60;45x60;;;ohne Aufhängung, Standard-Aufhängung, Profil-Aufhängung, Schraubhalterung, Schattenfuge weiß, Schattenfuge schwarz, Schattenfuge Esche, Schattenfuge Eiche, Galerie-Profil-Aufhängung;;;;
Wandbild;Alu-Verbund;1;;Aluminium-Verbund;Alu-Verbund;;;Direktdruck Standard;Direktdruck;Hochformat;diverse;50;50;50x50;;;ohne Aufhängung, Standard-Aufhängung, Profil-Aufhängung, Schraubhalterung, Schattenfuge weiß, Schattenfuge schwarz, Schattenfuge Esche, Schattenfuge Eiche, Galerie-Profil-Aufhängung;;;;
Wandbild;Alu-Verbund;1;;Aluminium-Verbund;Alu-Verbund;;;Direktdruck Standard;Direktdruck;Hochformat;diverse;50;70;50x70;;;ohne Aufhängung, Standard-Aufhängung, Profil-Aufhängung, Schraubhalterung, Schattenfuge weiß, Schattenfuge schwarz, Schattenfuge Esche, Schattenfuge Eiche, Galerie-Profil-Aufhängung;;;;
Wandbild;Alu-Verbund;1;;Aluminium-Verbund;Alu-Verbund;;;Direktdruck Standard;Direktdruck;Hochformat;diverse;50;75;50x75;;;ohne Aufhängung, Standard-Aufhängung, Profil-Aufhängung, Schraubhalterung, Schattenfuge weiß, Schattenfuge schwarz, Schattenfuge Esche, Schattenfuge Eiche, Galerie-Profil-Aufhängung;;;;
Wandbild;Alu-Verbund;1;;Aluminium-Verbund;Alu-Verbund;;;Direktdruck Standard;Direktdruck;Hochformat;diverse;50;100;50x100;;;ohne Aufhängung, Standard-Aufhängung, Profil-Aufhängung, Schraubhalterung, Schattenfuge weiß, Schattenfuge schwarz, Schattenfuge Esche, Schattenfuge Eiche, Galerie-Profil-Aufhängung;;;;
Wandbild;Alu-Verbund;1;;Aluminium-Verbund;Alu-Verbund;;;Direktdruck Standard;Direktdruck;Hochformat;diverse;50;120;50x120;;;ohne Aufhängung, Standard-Aufhängung, Profil-Aufhängung, Schraubhalterung, Schattenfuge weiß, Schattenfuge schwarz, Schattenfuge Esche, Schattenfuge Eiche, Galerie-Profil-Aufhängung;;;;
Wandbild;Alu-Verbund;1;;Aluminium-Verbund;Alu-Verbund;;;Direktdruck Standard;Direktdruck;Hochformat;diverse;50;140;50x140;;;ohne Aufhängung, Standard-Aufhängung, Profil-Aufhängung, Schraubhalterung, Schattenfuge weiß, Schattenfuge schwarz, Schattenfuge Esche, Schattenfuge Eiche, Galerie-Profil-Aufhängung;;;;
Wandbild;Alu-Verbund;1;;Aluminium-Verbund;Alu-Verbund;;;Direktdruck Standard;Direktdruck;Hochformat;diverse;50;160;50x160;;;ohne Aufhängung, Standard-Aufhängung, Profil-Aufhängung, Schraubhalterung, Schattenfuge weiß, Schattenfuge schwarz, Schattenfuge Esche, Schattenfuge Eiche, Galerie-Profil-Aufhängung;;;;
Wandbild;Alu-Verbund;1;;Aluminium-Verbund;Alu-Verbund;;;Direktdruck Standard;Direktdruck;Hochformat;diverse;60;60;60x60;;;ohne Aufhängung, Standard-Aufhängung, Profil-Aufhängung, Schraubhalterung, Schattenfuge weiß, Schattenfuge schwarz, Schattenfuge Esche, Schattenfuge Eiche, Galerie-Profil-Aufhängung;;;;
Wandbild;Alu-Verbund;1;;Aluminium-Verbund;Alu-Verbund;;;Direktdruck Standard;Direktdruck;Hochformat;diverse;60;80;60x80;;;ohne Aufhängung, Standard-Aufhängung, Profil-Aufhängung, Schraubhalterung, Schattenfuge weiß, Schattenfuge schwarz, Schattenfuge Esche, Schattenfuge Eiche, Galerie-Profil-Aufhängung;;;;
Wandbild;Alu-Verbund;1;;Aluminium-Verbund;Alu-Verbund;;;Direktdruck Standard;Direktdruck;Hochformat;diverse;60;90;60x90;;;ohne Aufhängung, Standard-Aufhängung, Profil-Aufhängung, Schraubhalterung, Schattenfuge weiß, Schattenfuge schwarz, Schattenfuge Esche, Schattenfuge Eiche, Galerie-Profil-Aufhängung;;;;
Wandbild;Alu-Verbund;1;;Aluminium-Verbund;Alu-Verbund;;;Direktdruck Standard;Direktdruck;Hochformat;diverse;60;120;60x120;;;ohne Aufhängung, Standard-Aufhängung, Profil-Aufhängung, Schraubhalterung, Schattenfuge weiß, Schattenfuge schwarz, Schattenfuge Esche, Schattenfuge Eiche, Galerie-Profil-Aufhängung;;;;
Wandbild;Alu-Verbund;1;;Aluminium-Verbund;Alu-Verbund;;;Direktdruck Standard;Direktdruck;Hochformat;diverse;60;140;60x140;;;ohne Aufhängung, Standard-Aufhängung, Profil-Aufhängung, Schraubhalterung, Schattenfuge weiß, Schattenfuge schwarz, Schattenfuge Esche, Schattenfuge Eiche, Galerie-Profil-Aufhängung;;;;
Wandbild;Alu-Verbund;1;;Aluminium-Verbund;Alu-Verbund;;;Direktdruck Standard;Direktdruck;Hochformat;diverse;70;70;70x70;;;ohne Aufhängung, Standard-Aufhängung, Profil-Aufhängung, Schraubhalterung, Schattenfuge weiß, Schattenfuge schwarz, Schattenfuge Esche, Schattenfuge Eiche, Galerie-Profil-Aufhängung;;;;
Wandbild;Alu-Verbund;1;;Aluminium-Verbund;Alu-Verbund;;;Direktdruck Standard;Direktdruck;Hochformat;diverse;70;120;70x120;;;ohne Aufhängung, Standard-Aufhängung, Profil-Aufhängung, Schraubhalterung, Schattenfuge weiß, Schattenfuge schwarz, Schattenfuge Esche, Schattenfuge Eiche, Galerie-Profil-Aufhängung;;;;
Wandbild;Alu-Verbund;1;;Aluminium-Verbund;Alu-Verbund;;;Direktdruck Standard;Direktdruck;Hochformat;diverse;75;75;75x75;;;ohne Aufhängung, Standard-Aufhängung, Profil-Aufhängung, Schraubhalterung, Schattenfuge weiß, Schattenfuge schwarz, Schattenfuge Esche, Schattenfuge Eiche, Galerie-Profil-Aufhängung;;;;
Wandbild;Alu-Verbund;1;;Aluminium-Verbund;Alu-Verbund;;;Direktdruck Standard;Direktdruck;Hochformat;diverse;75;100;75x100;;;ohne Aufhängung, Standard-Aufhängung, Profil-Aufhängung, Schraubhalterung, Schattenfuge weiß, Schattenfuge schwarz, Schattenfuge Esche, Schattenfuge Eiche, Galerie-Profil-Aufhängung;;;;
Wandbild;Alu-Verbund;1;;Aluminium-Verbund;Alu-Verbund;;;Direktdruck Standard;Direktdruck;Hochformat;diverse;80;80;80x80;;;ohne Aufhängung, Standard-Aufhängung, Profil-Aufhängung, Schraubhalterung, Schattenfuge weiß, Schattenfuge schwarz, Schattenfuge Esche, Schattenfuge Eiche, Galerie-Profil-Aufhängung;;;;
Wandbild;Alu-Verbund;1;;Aluminium-Verbund;Alu-Verbund;;;Direktdruck Standard;Direktdruck;Hochformat;diverse;80;100;80x100;;;ohne Aufhängung, Standard-Aufhängung, Profil-Aufhängung, Schraubhalterung, Schattenfuge weiß, Schattenfuge schwarz, Schattenfuge Esche, Schattenfuge Eiche, Galerie-Profil-Aufhängung;;;;
Wandbild;Alu-Verbund;1;;Aluminium-Verbund;Alu-Verbund;;;Direktdruck Standard;Direktdruck;Hochformat;diverse;80;120;80x120;;;ohne Aufhängung, Standard-Aufhängung, Profil-Aufhängung, Schraubhalterung, Schattenfuge weiß, Schattenfuge schwarz, Schattenfuge Esche, Schattenfuge Eiche, Galerie-Profil-Aufhängung;;;;
Wandbild;Alu-Verbund;1;;Aluminium-Verbund;Alu-Verbund;;;Direktdruck Standard;Direktdruck;Hochformat;diverse;90;90;90x90;;;ohne Aufhängung, Standard-Aufhängung, Profil-Aufhängung, Schraubhalterung, Schattenfuge weiß, Schattenfuge schwarz, Schattenfuge Esche, Schattenfuge Eiche, Galerie-Profil-Aufhängung;;;;
Wandbild;Alu-Verbund;1;;Aluminium-Verbund;Alu-Verbund;;;Direktdruck Standard;Direktdruck;Hochformat;diverse;90;120;90x120;;;ohne Aufhängung, Standard-Aufhängung, Profil-Aufhängung, Schraubhalterung, Schattenfuge weiß, Schattenfuge schwarz, Schattenfuge Esche, Schattenfuge Eiche, Galerie-Profil-Aufhängung;;;;
Wandbild;Alu-Verbund;1;;Aluminium-Verbund;Alu-Verbund;;;Direktdruck Standard;Direktdruck;Hochformat;diverse;90;160;90x160;;;ohne Aufhängung, Standard-Aufhängung, Profil-Aufhängung, Schraubhalterung, Schattenfuge weiß, Schattenfuge schwarz, Schattenfuge Esche, Schattenfuge Eiche, Galerie-Profil-Aufhängung;;;;
Wandbild;Alu-Verbund;1;;Aluminium-Verbund;Alu-Verbund;;;Direktdruck Standard;Direktdruck;Hochformat;diverse;100;100;100x100;;;ohne Aufhängung, Standard-Aufhängung, Profil-Aufhängung, Schraubhalterung, Schattenfuge weiß, Schattenfuge schwarz, Schattenfuge Esche, Schattenfuge Eiche, Galerie-Profil-Aufhängung;;;;
Wandbild;Alu-Verbund;1;;Aluminium-Verbund;Alu-Verbund;;;Direktdruck Standard;Direktdruck;Hochformat;diverse;100;120;100x120;;;ohne Aufhängung, Standard-Aufhängung, Profil-Aufhängung, Schraubhalterung, Schattenfuge weiß, Schattenfuge schwarz, Schattenfuge Esche, Schattenfuge Eiche, Galerie-Profil-Aufhängung;;;;
Wandbild;Alu-Verbund;1;;Aluminium-Verbund;Alu-Verbund;;;Direktdruck Standard;Direktdruck;Hochformat;diverse;100;140;100x140;;;ohne Aufhängung, Standard-Aufhängung, Profil-Aufhängung, Schraubhalterung, Schattenfuge weiß, Schattenfuge schwarz, Schattenfuge Esche, Schattenfuge Eiche, Galerie-Profil-Aufhängung;;;;
Wandbild;Alu-Verbund;1;;Aluminium-Verbund;Alu-Verbund;;;Direktdruck Standard;Direktdruck;Hochformat;diverse;100;160;100x160;;;ohne Aufhängung, Standard-Aufhängung, Profil-Aufhängung, Schraubhalterung, Schattenfuge weiß, Schattenfuge schwarz, Schattenfuge Esche, Schattenfuge Eiche, Galerie-Profil-Aufhängung;;;;
Wandbild;Alu-Verbund;1;;Aluminium-Verbund;Alu-Verbund;;;Direktdruck Standard;Direktdruck;Hochformat;diverse;100;180;100x180;;;ohne Aufhängung, Standard-Aufhängung, Profil-Aufhängung, Schraubhalterung, Schattenfuge weiß, Schattenfuge schwarz, Schattenfuge Esche, Schattenfuge Eiche, Galerie-Profil-Aufhängung;;;;
Wandbild;Alu-Verbund;1;;Aluminium-Verbund;Alu-Verbund;;;Direktdruck Standard;Direktdruck;Hochformat;diverse;100;200;100x200;;;ohne Aufhängung, Standard-Aufhängung, Profil-Aufhängung, Schraubhalterung, Schattenfuge weiß, Schattenfuge schwarz, Schattenfuge Esche, Schattenfuge Eiche, Galerie-Profil-Aufhängung;;;;
Wandbild;Alu-Verbund;1;;Aluminium-Verbund;Alu-Verbund;;;Direktdruck Standard;Direktdruck;Hochformat;diverse;100;220;100x220;;;ohne Aufhängung, Standard-Aufhängung, Profil-Aufhängung, Schraubhalterung, Schattenfuge weiß, Schattenfuge schwarz, Schattenfuge Esche, Schattenfuge Eiche, Galerie-Profil-Aufhängung;;;;
Wandbild;Alu-Verbund;1;;Aluminium-Verbund;Alu-Verbund;;;Direktdruck Standard;Direktdruck;Hochformat;diverse;100;240;100x240;;;ohne Aufhängung, Standard-Aufhängung, Profil-Aufhängung, Schraubhalterung, Schattenfuge weiß, Schattenfuge schwarz, Schattenfuge Esche, Schattenfuge Eiche, Galerie-Profil-Aufhängung;;;;
Wandbild;Alu-Verbund;1;;Aluminium-Verbund;Alu-Verbund;;;Direktdruck Standard;Direktdruck;Hochformat;diverse;110;120;110x120;;;ohne Aufhängung, Standard-Aufhängung, Profil-Aufhängung, Schraubhalterung, Schattenfuge weiß, Schattenfuge schwarz, Schattenfuge Esche, Schattenfuge Eiche, Galerie-Profil-Aufhängung;;;;
Wandbild;Alu-Verbund;1;;Aluminium-Verbund;Alu-Verbund;;;Direktdruck Standard;Direktdruck;Hochformat;diverse;110;160;110x160;;;ohne Aufhängung, Standard-Aufhängung, Profil-Aufhängung, Schraubhalterung, Schattenfuge weiß, Schattenfuge schwarz, Schattenfuge Esche, Schattenfuge Eiche, Galerie-Profil-Aufhängung;;;;
Wandbild;Alu-Verbund;1;;Aluminium-Verbund;Alu-Verbund;;;Direktdruck Standard;Direktdruck;Hochformat;diverse;110;180;110x180;;;ohne Aufhängung, Standard-Aufhängung, Profil-Aufhängung, Schraubhalterung, Schattenfuge weiß, Schattenfuge schwarz, Schattenfuge Esche, Schattenfuge Eiche, Galerie-Profil-Aufhängung;;;;
Wandbild;Alu-Verbund;1;;Aluminium-Verbund;Alu-Verbund;;;Direktdruck Standard;Direktdruck;Hochformat;diverse;110;200;110x200;;;ohne Aufhängung, Standard-Aufhängung, Profil-Aufhängung, Schraubhalterung, Schattenfuge weiß, Schattenfuge schwarz, Schattenfuge Esche, Schattenfuge Eiche, Galerie-Profil-Aufhängung;;;;
Wandbild;Alu-Verbund;1;;Aluminium-Verbund;Alu-Verbund;;;Direktdruck Standard;Direktdruck;Hochformat;diverse;110;220;110x220;;;ohne Aufhängung, Standard-Aufhängung, Profil-Aufhängung, Schraubhalterung, Schattenfuge weiß, Schattenfuge schwarz, Schattenfuge Esche, Schattenfuge Eiche, Galerie-Profil-Aufhängung;;;;
Wandbild;Alu-Verbund;1;;Aluminium-Verbund;Alu-Verbund;;;Direktdruck Standard;Direktdruck;Hochformat;diverse;110;240;110x240;;;ohne Aufhängung, Standard-Aufhängung, Profil-Aufhängung, Schraubhalterung, Schattenfuge weiß, Schattenfuge schwarz, Schattenfuge Esche, Schattenfuge Eiche, Galerie-Profil-Aufhängung;;;;
Wandbild;Alu-Verbund;1;;Aluminium-Verbund;Alu-Verbund;;;Direktdruck Standard;Direktdruck;Querformat;diverse;10;10;10x10;;;ohne Aufhängung, Standard-Aufhängung, Profil-Aufhängung, Schraubhalterung, Schattenfuge weiß, Schattenfuge schwarz, Schattenfuge Esche, Schattenfuge Eiche, Galerie-Profil-Aufhängung;;;;
Wandbild;Alu-Verbund;1;;Aluminium-Verbund;Alu-Verbund;;;Direktdruck Standard;Direktdruck;Querformat;diverse;10;15;10x15;;;ohne Aufhängung, Standard-Aufhängung, Profil-Aufhängung, Schraubhalterung, Schattenfuge weiß, Schattenfuge schwarz, Schattenfuge Esche, Schattenfuge Eiche, Galerie-Profil-Aufhängung;;;;
Wandbild;Alu-Verbund;1;;Aluminium-Verbund;Alu-Verbund;;;Direktdruck Standard;Direktdruck;Querformat;diverse;10;20;10x20;;;ohne Aufhängung, Standard-Aufhängung, Profil-Aufhängung, Schraubhalterung, Schattenfuge weiß, Schattenfuge schwarz, Schattenfuge Esche, Schattenfuge Eiche, Galerie-Profil-Aufhängung;;;;
Wandbild;Alu-Verbund;1;;Aluminium-Verbund;Alu-Verbund;;;Direktdruck Standard;Direktdruck;Querformat;diverse;13;18;13x18;;;ohne Aufhängung, Standard-Aufhängung, Profil-Aufhängung, Schraubhalterung, Schattenfuge weiß, Schattenfuge schwarz, Schattenfuge Esche, Schattenfuge Eiche, Galerie-Profil-Aufhängung;;;;
Wandbild;Alu-Verbund;1;;Aluminium-Verbund;Alu-Verbund;;;Direktdruck Standard;Direktdruck;Querformat;diverse;15;15;15x15;;;ohne Aufhängung, Standard-Aufhängung, Profil-Aufhängung, Schraubhalterung, Schattenfuge weiß, Schattenfuge schwarz, Schattenfuge Esche, Schattenfuge Eiche, Galerie-Profil-Aufhängung;;;;
Wandbild;Alu-Verbund;1;;Aluminium-Verbund;Alu-Verbund;;;Direktdruck Standard;Direktdruck;Querformat;diverse;20;20;20x20;;;ohne Aufhängung, Standard-Aufhängung, Profil-Aufhängung, Schraubhalterung, Schattenfuge weiß, Schattenfuge schwarz, Schattenfuge Esche, Schattenfuge Eiche, Galerie-Profil-Aufhängung;;;;
Wandbild;Alu-Verbund;1;;Aluminium-Verbund;Alu-Verbund;;;Direktdruck Standard;Direktdruck;Querformat;diverse;20;30;20x30;;;ohne Aufhängung, Standard-Aufhängung, Profil-Aufhängung, Schraubhalterung, Schattenfuge weiß, Schattenfuge schwarz, Schattenfuge Esche, Schattenfuge Eiche, Galerie-Profil-Aufhängung;;;;
Wandbild;Alu-Verbund;1;;Aluminium-Verbund;Alu-Verbund;;;Direktdruck Standard;Direktdruck;Querformat;diverse;20;40;20x40;;;ohne Aufhängung, Standard-Aufhängung, Profil-Aufhängung, Schraubhalterung, Schattenfuge weiß, Schattenfuge schwarz, Schattenfuge Esche, Schattenfuge Eiche, Galerie-Profil-Aufhängung;;;;
Wandbild;Alu-Verbund;1;;Aluminium-Verbund;Alu-Verbund;;;Direktdruck Standard;Direktdruck;Querformat;diverse;20;60;20x60;;;ohne Aufhängung, Standard-Aufhängung, Profil-Aufhängung, Schraubhalterung, Schattenfuge weiß, Schattenfuge schwarz, Schattenfuge Esche, Schattenfuge Eiche, Galerie-Profil-Aufhängung;;;;
Wandbild;Alu-Verbund;1;;Aluminium-Verbund;Alu-Verbund;;;Direktdruck Standard;Direktdruck;Querformat;diverse;20;80;20x80;;;ohne Aufhängung, Standard-Aufhängung, Profil-Aufhängung, Schraubhalterung, Schattenfuge weiß, Schattenfuge schwarz, Schattenfuge Esche, Schattenfuge Eiche, Galerie-Profil-Aufhängung;;;;
Wandbild;Alu-Verbund;1;;Aluminium-Verbund;Alu-Verbund;;;Direktdruck Standard;Direktdruck;Querformat;diverse;30;30;30x30;;;ohne Aufhängung, Standard-Aufhängung, Profil-Aufhängung, Schraubhalterung, Schattenfuge weiß, Schattenfuge schwarz, Schattenfuge Esche, Schattenfuge Eiche, Galerie-Profil-Aufhängung;;;;
Wandbild;Alu-Verbund;1;;Aluminium-Verbund;Alu-Verbund;;;Direktdruck Standard;Direktdruck;Querformat;diverse;30;40;30x40;;;ohne Aufhängung, Standard-Aufhängung, Profil-Aufhängung, Schraubhalterung, Schattenfuge weiß, Schattenfuge schwarz, Schattenfuge Esche, Schattenfuge Eiche, Galerie-Profil-Aufhängung;;;;
Wandbild;Alu-Verbund;1;;Aluminium-Verbund;Alu-Verbund;;;Direktdruck Standard;Direktdruck;Querformat;diverse;30;45;30x45;;;ohne Aufhängung, Standard-Aufhängung, Profil-Aufhängung, Schraubhalterung, Schattenfuge weiß, Schattenfuge schwarz, Schattenfuge Esche, Schattenfuge Eiche, Galerie-Profil-Aufhängung;;;;
Wandbild;Alu-Verbund;1;;Aluminium-Verbund;Alu-Verbund;;;Direktdruck Standard;Direktdruck;Querformat;diverse;30;50;30x50;;;ohne Aufhängung, Standard-Aufhängung, Profil-Aufhängung, Schraubhalterung, Schattenfuge weiß, Schattenfuge schwarz, Schattenfuge Esche, Schattenfuge Eiche, Galerie-Profil-Aufhängung;;;;
Wandbild;Alu-Verbund;1;;Aluminium-Verbund;Alu-Verbund;;;Direktdruck Standard;Direktdruck;Querformat;diverse;30;60;30x60;;;ohne Aufhängung, Standard-Aufhängung, Profil-Aufhängung, Schraubhalterung, Schattenfuge weiß, Schattenfuge schwarz, Schattenfuge Esche, Schattenfuge Eiche, Galerie-Profil-Aufhängung;;;;
Wandbild;Alu-Verbund;1;;Aluminium-Verbund;Alu-Verbund;;;Direktdruck Standard;Direktdruck;Querformat;diverse;30;90;30x90;;;ohne Aufhängung, Standard-Aufhängung, Profil-Aufhängung, Schraubhalterung, Schattenfuge weiß, Schattenfuge schwarz, Schattenfuge Esche, Schattenfuge Eiche, Galerie-Profil-Aufhängung;;;;
Wandbild;Alu-Verbund;1;;Aluminium-Verbund;Alu-Verbund;;;Direktdruck Standard;Direktdruck;Querformat;diverse;30;120;30x120;;;ohne Aufhängung, Standard-Aufhängung, Profil-Aufhängung, Schraubhalterung, Schattenfuge weiß, Schattenfuge schwarz, Schattenfuge Esche, Schattenfuge Eiche, Galerie-Profil-Aufhängung;;;;
Wandbild;Alu-Verbund;1;;Aluminium-Verbund;Alu-Verbund;;;Direktdruck Standard;Direktdruck;Querformat;diverse;40;40;40x40;;;ohne Aufhängung, Standard-Aufhängung, Profil-Aufhängung, Schraubhalterung, Schattenfuge weiß, Schattenfuge schwarz, Schattenfuge Esche, Schattenfuge Eiche, Galerie-Profil-Aufhängung;;;;
Wandbild;Alu-Verbund;1;;Aluminium-Verbund;Alu-Verbund;;;Direktdruck Standard;Direktdruck;Querformat;diverse;40;50;40x50;;;ohne Aufhängung, Standard-Aufhängung, Profil-Aufhängung, Schraubhalterung, Schattenfuge weiß, Schattenfuge schwarz, Schattenfuge Esche, Schattenfuge Eiche, Galerie-Profil-Aufhängung;;;;
Wandbild;Alu-Verbund;1;;Aluminium-Verbund;Alu-Verbund;;;Direktdruck Standard;Direktdruck;Querformat;diverse;40;60;40x60;;;ohne Aufhängung, Standard-Aufhängung, Profil-Aufhängung, Schraubhalterung, Schattenfuge weiß, Schattenfuge schwarz, Schattenfuge Esche, Schattenfuge Eiche, Galerie-Profil-Aufhängung;;;;
Wandbild;Alu-Verbund;1;;Aluminium-Verbund;Alu-Verbund;;;Direktdruck Standard;Direktdruck;Querformat;diverse;40;70;40x70;;;ohne Aufhängung, Standard-Aufhängung, Profil-Aufhängung, Schraubhalterung, Schattenfuge weiß, Schattenfuge schwarz, Schattenfuge Esche, Schattenfuge Eiche, Galerie-Profil-Aufhängung;;;;
Wandbild;Alu-Verbund;1;;Aluminium-Verbund;Alu-Verbund;;;Direktdruck Standard;Direktdruck;Querformat;diverse;40;80;40x80;;;ohne Aufhängung, Standard-Aufhängung, Profil-Aufhängung, Schraubhalterung, Schattenfuge weiß, Schattenfuge schwarz, Schattenfuge Esche, Schattenfuge Eiche, Galerie-Profil-Aufhängung;;;;
Wandbild;Alu-Verbund;1;;Aluminium-Verbund;Alu-Verbund;;;Direktdruck Standard;Direktdruck;Querformat;diverse;40;120;40x120;;;ohne Aufhängung, Standard-Aufhängung, Profil-Aufhängung, Schraubhalterung, Schattenfuge weiß, Schattenfuge schwarz, Schattenfuge Esche, Schattenfuge Eiche, Galerie-Profil-Aufhängung;;;;
Wandbild;Alu-Verbund;1;;Aluminium-Verbund;Alu-Verbund;;;Direktdruck Standard;Direktdruck;Querformat;diverse;40;160;40x160;;;ohne Aufhängung, Standard-Aufhängung, Profil-Aufhängung, Schraubhalterung, Schattenfuge weiß, Schattenfuge schwarz, Schattenfuge Esche, Schattenfuge Eiche, Galerie-Profil-Aufhängung;;;;
Wandbild;Alu-Verbund;1;;Aluminium-Verbund;Alu-Verbund;;;Direktdruck Standard;Direktdruck;Querformat;diverse;45;60;45x60;;;ohne Aufhängung, Standard-Aufhängung, Profil-Aufhängung, Schraubhalterung, Schattenfuge weiß, Schattenfuge schwarz, Schattenfuge Esche, Schattenfuge Eiche, Galerie-Profil-Aufhängung;;;;
Wandbild;Alu-Verbund;1;;Aluminium-Verbund;Alu-Verbund;;;Direktdruck Standard;Direktdruck;Querformat;diverse;50;50;50x50;;;ohne Aufhängung, Standard-Aufhängung, Profil-Aufhängung, Schraubhalterung, Schattenfuge weiß, Schattenfuge schwarz, Schattenfuge Esche, Schattenfuge Eiche, Galerie-Profil-Aufhängung;;;;
Wandbild;Alu-Verbund;1;;Aluminium-Verbund;Alu-Verbund;;;Direktdruck Standard;Direktdruck;Querformat;diverse;50;70;50x70;;;ohne Aufhängung, Standard-Aufhängung, Profil-Aufhängung, Schraubhalterung, Schattenfuge weiß, Schattenfuge schwarz, Schattenfuge Esche, Schattenfuge Eiche, Galerie-Profil-Aufhängung;;;;
Wandbild;Alu-Verbund;1;;Aluminium-Verbund;Alu-Verbund;;;Direktdruck Standard;Direktdruck;Querformat;diverse;50;75;50x75;;;ohne Aufhängung, Standard-Aufhängung, Profil-Aufhängung, Schraubhalterung, Schattenfuge weiß, Schattenfuge schwarz, Schattenfuge Esche, Schattenfuge Eiche, Galerie-Profil-Aufhängung;;;;
Wandbild;Alu-Verbund;1;;Aluminium-Verbund;Alu-Verbund;;;Direktdruck Standard;Direktdruck;Querformat;diverse;50;100;50x100;;;ohne Aufhängung, Standard-Aufhängung, Profil-Aufhängung, Schraubhalterung, Schattenfuge weiß, Schattenfuge schwarz, Schattenfuge Esche, Schattenfuge Eiche, Galerie-Profil-Aufhängung;;;;
Wandbild;Alu-Verbund;1;;Aluminium-Verbund;Alu-Verbund;;;Direktdruck Standard;Direktdruck;Querformat;diverse;50;120;50x120;;;ohne Aufhängung, Standard-Aufhängung, Profil-Aufhängung, Schraubhalterung, Schattenfuge weiß, Schattenfuge schwarz, Schattenfuge Esche, Schattenfuge Eiche, Galerie-Profil-Aufhängung;;;;
Wandbild;Alu-Verbund;1;;Aluminium-Verbund;Alu-Verbund;;;Direktdruck Standard;Direktdruck;Querformat;diverse;50;140;50x140;;;ohne Aufhängung, Standard-Aufhängung, Profil-Aufhängung, Schraubhalterung, Schattenfuge weiß, Schattenfuge schwarz, Schattenfuge Esche, Schattenfuge Eiche, Galerie-Profil-Aufhängung;;;;
Wandbild;Alu-Verbund;1;;Aluminium-Verbund;Alu-Verbund;;;Direktdruck Standard;Direktdruck;Querformat;diverse;50;160;50x160;;;ohne Aufhängung, Standard-Aufhängung, Profil-Aufhängung, Schraubhalterung, Schattenfuge weiß, Schattenfuge schwarz, Schattenfuge Esche, Schattenfuge Eiche, Galerie-Profil-Aufhängung;;;;
Wandbild;Alu-Verbund;1;;Aluminium-Verbund;Alu-Verbund;;;Direktdruck Standard;Direktdruck;Querformat;diverse;60;60;60x60;;;ohne Aufhängung, Standard-Aufhängung, Profil-Aufhängung, Schraubhalterung, Schattenfuge weiß, Schattenfuge schwarz, Schattenfuge Esche, Schattenfuge Eiche, Galerie-Profil-Aufhängung;;;;
Wandbild;Alu-Verbund;1;;Aluminium-Verbund;Alu-Verbund;;;Direktdruck Standard;Direktdruck;Querformat;diverse;60;80;60x80;;;ohne Aufhängung, Standard-Aufhängung, Profil-Aufhängung, Schraubhalterung, Schattenfuge weiß, Schattenfuge schwarz, Schattenfuge Esche, Schattenfuge Eiche, Galerie-Profil-Aufhängung;;;;
Wandbild;Alu-Verbund;1;;Aluminium-Verbund;Alu-Verbund;;;Direktdruck Standard;Direktdruck;Querformat;diverse;60;90;60x90;;;ohne Aufhängung, Standard-Aufhängung, Profil-Aufhängung, Schraubhalterung, Schattenfuge weiß, Schattenfuge schwarz, Schattenfuge Esche, Schattenfuge Eiche, Galerie-Profil-Aufhängung;;;;
Wandbild;Alu-Verbund;1;;Aluminium-Verbund;Alu-Verbund;;;Direktdruck Standard;Direktdruck;Querformat;diverse;60;120;60x120;;;ohne Aufhängung, Standard-Aufhängung, Profil-Aufhängung, Schraubhalterung, Schattenfuge weiß, Schattenfuge schwarz, Schattenfuge Esche, Schattenfuge Eiche, Galerie-Profil-Aufhängung;;;;
Wandbild;Alu-Verbund;1;;Aluminium-Verbund;Alu-Verbund;;;Direktdruck Standard;Direktdruck;Querformat;diverse;60;140;60x140;;;ohne Aufhängung, Standard-Aufhängung, Profil-Aufhängung, Schraubhalterung, Schattenfuge weiß, Schattenfuge schwarz, Schattenfuge Esche, Schattenfuge Eiche, Galerie-Profil-Aufhängung;;;;
Wandbild;Alu-Verbund;1;;Aluminium-Verbund;Alu-Verbund;;;Direktdruck Standard;Direktdruck;Querformat;diverse;70;70;70x70;;;ohne Aufhängung, Standard-Aufhängung, Profil-Aufhängung, Schraubhalterung, Schattenfuge weiß, Schattenfuge schwarz, Schattenfuge Esche, Schattenfuge Eiche, Galerie-Profil-Aufhängung;;;;
Wandbild;Alu-Verbund;1;;Aluminium-Verbund;Alu-Verbund;;;Direktdruck Standard;Direktdruck;Querformat;diverse;70;120;70x120;;;ohne Aufhängung, Standard-Aufhängung, Profil-Aufhängung, Schraubhalterung, Schattenfuge weiß, Schattenfuge schwarz, Schattenfuge Esche, Schattenfuge Eiche, Galerie-Profil-Aufhängung;;;;
Wandbild;Alu-Verbund;1;;Aluminium-Verbund;Alu-Verbund;;;Direktdruck Standard;Direktdruck;Querformat;diverse;75;75;75x75;;;ohne Aufhängung, Standard-Aufhängung, Profil-Aufhängung, Schraubhalterung, Schattenfuge weiß, Schattenfuge schwarz, Schattenfuge Esche, Schattenfuge Eiche, Galerie-Profil-Aufhängung;;;;
Wandbild;Alu-Verbund;1;;Aluminium-Verbund;Alu-Verbund;;;Direktdruck Standard;Direktdruck;Querformat;diverse;75;100;75x100;;;ohne Aufhängung, Standard-Aufhängung, Profil-Aufhängung, Schraubhalterung, Schattenfuge weiß, Schattenfuge schwarz, Schattenfuge Esche, Schattenfuge Eiche, Galerie-Profil-Aufhängung;;;;
Wandbild;Alu-Verbund;1;;Aluminium-Verbund;Alu-Verbund;;;Direktdruck Standard;Direktdruck;Querformat;diverse;80;80;80x80;;;ohne Aufhängung, Standard-Aufhängung, Profil-Aufhängung, Schraubhalterung, Schattenfuge weiß, Schattenfuge schwarz, Schattenfuge Esche, Schattenfuge Eiche, Galerie-Profil-Aufhängung;;;;
Wandbild;Alu-Verbund;1;;Aluminium-Verbund;Alu-Verbund;;;Direktdruck Standard;Direktdruck;Querformat;diverse;80;100;80x100;;;ohne Aufhängung, Standard-Aufhängung, Profil-Aufhängung, Schraubhalterung, Schattenfuge weiß, Schattenfuge schwarz, Schattenfuge Esche, Schattenfuge Eiche, Galerie-Profil-Aufhängung;;;;
Wandbild;Alu-Verbund;1;;Aluminium-Verbund;Alu-Verbund;;;Direktdruck Standard;Direktdruck;Querformat;diverse;80;120;80x120;;;ohne Aufhängung, Standard-Aufhängung, Profil-Aufhängung, Schraubhalterung, Schattenfuge weiß, Schattenfuge schwarz, Schattenfuge Esche, Schattenfuge Eiche, Galerie-Profil-Aufhängung;;;;
Wandbild;Alu-Verbund;1;;Aluminium-Verbund;Alu-Verbund;;;Direktdruck Standard;Direktdruck;Querformat;diverse;90;90;90x90;;;ohne Aufhängung, Standard-Aufhängung, Profil-Aufhängung, Schraubhalterung, Schattenfuge weiß, Schattenfuge schwarz, Schattenfuge Esche, Schattenfuge Eiche, Galerie-Profil-Aufhängung;;;;
Wandbild;Alu-Verbund;1;;Aluminium-Verbund;Alu-Verbund;;;Direktdruck Standard;Direktdruck;Querformat;diverse;90;120;90x120;;;ohne Aufhängung, Standard-Aufhängung, Profil-Aufhängung, Schraubhalterung, Schattenfuge weiß, Schattenfuge schwarz, Schattenfuge Esche, Schattenfuge Eiche, Galerie-Profil-Aufhängung;;;;
Wandbild;Alu-Verbund;1;;Aluminium-Verbund;Alu-Verbund;;;Direktdruck Standard;Direktdruck;Querformat;diverse;90;160;90x160;;;ohne Aufhängung, Standard-Aufhängung, Profil-Aufhängung, Schraubhalterung, Schattenfuge weiß, Schattenfuge schwarz, Schattenfuge Esche, Schattenfuge Eiche, Galerie-Profil-Aufhängung;;;;
Wandbild;Alu-Verbund;1;;Aluminium-Verbund;Alu-Verbund;;;Direktdruck Standard;Direktdruck;Querformat;diverse;100;100;100x100;;;ohne Aufhängung, Standard-Aufhängung, Profil-Aufhängung, Schraubhalterung, Schattenfuge weiß, Schattenfuge schwarz, Schattenfuge Esche, Schattenfuge Eiche, Galerie-Profil-Aufhängung;;;;
Wandbild;Alu-Verbund;1;;Aluminium-Verbund;Alu-Verbund;;;Direktdruck Standard;Direktdruck;Querformat;diverse;100;120;100x120;;;ohne Aufhängung, Standard-Aufhängung, Profil-Aufhängung, Schraubhalterung, Schattenfuge weiß, Schattenfuge schwarz, Schattenfuge Esche, Schattenfuge Eiche, Galerie-Profil-Aufhängung;;;;
Wandbild;Alu-Verbund;1;;Aluminium-Verbund;Alu-Verbund;;;Direktdruck Standard;Direktdruck;Querformat;diverse;100;140;100x140;;;ohne Aufhängung, Standard-Aufhängung, Profil-Aufhängung, Schraubhalterung, Schattenfuge weiß, Schattenfuge schwarz, Schattenfuge Esche, Schattenfuge Eiche, Galerie-Profil-Aufhängung;;;;
Wandbild;Alu-Verbund;1;;Aluminium-Verbund;Alu-Verbund;;;Direktdruck Standard;Direktdruck;Querformat;diverse;100;160;100x160;;;ohne Aufhängung, Standard-Aufhängung, Profil-Aufhängung, Schraubhalterung, Schattenfuge weiß, Schattenfuge schwarz, Schattenfuge Esche, Schattenfuge Eiche, Galerie-Profil-Aufhängung;;;;
Wandbild;Alu-Verbund;1;;Aluminium-Verbund;Alu-Verbund;;;Direktdruck Standard;Direktdruck;Querformat;diverse;100;180;100x180;;;ohne Aufhängung, Standard-Aufhängung, Profil-Aufhängung, Schraubhalterung, Schattenfuge weiß, Schattenfuge schwarz, Schattenfuge Esche, Schattenfuge Eiche, Galerie-Profil-Aufhängung;;;;
Wandbild;Alu-Verbund;1;;Aluminium-Verbund;Alu-Verbund;;;Direktdruck Standard;Direktdruck;Querformat;diverse;100;200;100x200;;;ohne Aufhängung, Standard-Aufhängung, Profil-Aufhängung, Schraubhalterung, Schattenfuge weiß, Schattenfuge schwarz, Schattenfuge Esche, Schattenfuge Eiche, Galerie-Profil-Aufhängung;;;;
Wandbild;Alu-Verbund;1;;Aluminium-Verbund;Alu-Verbund;;;Direktdruck Standard;Direktdruck;Querformat;diverse;100;220;100x220;;;ohne Aufhängung, Standard-Aufhängung, Profil-Aufhängung, Schraubhalterung, Schattenfuge weiß, Schattenfuge schwarz, Schattenfuge Esche, Schattenfuge Eiche, Galerie-Profil-Aufhängung;;;;
Wandbild;Alu-Verbund;1;;Aluminium-Verbund;Alu-Verbund;;;Direktdruck Standard;Direktdruck;Querformat;diverse;100;240;100x240;;;ohne Aufhängung, Standard-Aufhängung, Profil-Aufhängung, Schraubhalterung, Schattenfuge weiß, Schattenfuge schwarz, Schattenfuge Esche, Schattenfuge Eiche, Galerie-Profil-Aufhängung;;;;
Wandbild;Alu-Verbund;1;;Aluminium-Verbund;Alu-Verbund;;;Direktdruck Standard;Direktdruck;Querformat;diverse;110;120;110x120;;;ohne Aufhängung, Standard-Aufhängung, Profil-Aufhängung, Schraubhalterung, Schattenfuge weiß, Schattenfuge schwarz, Schattenfuge Esche, Schattenfuge Eiche, Galerie-Profil-Aufhängung;;;;
Wandbild;Alu-Verbund;1;;Aluminium-Verbund;Alu-Verbund;;;Direktdruck Standard;Direktdruck;Querformat;diverse;110;160;110x160;;;ohne Aufhängung, Standard-Aufhängung, Profil-Aufhängung, Schraubhalterung, Schattenfuge weiß, Schattenfuge schwarz, Schattenfuge Esche, Schattenfuge Eiche, Galerie-Profil-Aufhängung;;;;
Wandbild;Alu-Verbund;1;;Aluminium-Verbund;Alu-Verbund;;;Direktdruck Standard;Direktdruck;Querformat;diverse;110;180;110x180;;;ohne Aufhängung, Standard-Aufhängung, Profil-Aufhängung, Schraubhalterung, Schattenfuge weiß, Schattenfuge schwarz, Schattenfuge Esche, Schattenfuge Eiche, Galerie-Profil-Aufhängung;;;;
Wandbild;Alu-Verbund;1;;Aluminium-Verbund;Alu-Verbund;;;Direktdruck Standard;Direktdruck;Querformat;diverse;110;200;110x200;;;ohne Aufhängung, Standard-Aufhängung, Profil-Aufhängung, Schraubhalterung, Schattenfuge weiß, Schattenfuge schwarz, Schattenfuge Esche, Schattenfuge Eiche, Galerie-Profil-Aufhängung;;;;
Wandbild;Alu-Verbund;1;;Aluminium-Verbund;Alu-Verbund;;;Direktdruck Standard;Direktdruck;Querformat;diverse;110;220;110x220;;;ohne Aufhängung, Standard-Aufhängung, Profil-Aufhängung, Schraubhalterung, Schattenfuge weiß, Schattenfuge schwarz, Schattenfuge Esche, Schattenfuge Eiche, Galerie-Profil-Aufhängung;;;;
Wandbild;Alu-Verbund;1;;Aluminium-Verbund;Alu-Verbund;;;Direktdruck Standard;Direktdruck;Querformat;diverse;110;240;110x240;;;ohne Aufhängung, Standard-Aufhängung, Profil-Aufhängung, Schraubhalterung, Schattenfuge weiß, Schattenfuge schwarz, Schattenfuge Esche, Schattenfuge Eiche, Galerie-Profil-Aufhängung;;;;
Wandbild;Alu-Verbund gebürstet;1;;Aluminium-Verbund;Alu-Verbund gebürstet;gebürstet Gold;;Direktdruck HD;Direktdruck;Hochformat;2:3;10;15;10x15;;;ohne;;;;
Wandbild;Alu-Verbund gebürstet;1;;Aluminium-Verbund;Alu-Verbund gebürstet;gebürstet Gold;;Direktdruck HD;Direktdruck;Hochformat;2:3;13;18;13x18;;;ohne;;;;
Wandbild;Alu-Verbund gebürstet;1;;Aluminium-Verbund;Alu-Verbund gebürstet;gebürstet Gold;;Direktdruck HD;Direktdruck;Hochformat;2:3;20;30;20x30;;;ohne;;;;
Wandbild;Alu-Verbund gebürstet;1;;Aluminium-Verbund;Alu-Verbund gebürstet;gebürstet Gold;;Direktdruck HD;Direktdruck;Hochformat;2:3;30;45;30x45;;;ohne;;;;
Wandbild;Alu-Verbund gebürstet;1;;Aluminium-Verbund;Alu-Verbund gebürstet;gebürstet Gold;;Direktdruck HD;Direktdruck;Hochformat;2:3;40;60;40x60;;;ohne;;;;
Wandbild;Alu-Verbund gebürstet;1;;Aluminium-Verbund;Alu-Verbund gebürstet;gebürstet Gold;;Direktdruck HD;Direktdruck;Hochformat;2:3;50;70;50x70;;;ohne;;;;
Wandbild;Alu-Verbund gebürstet;1;;Aluminium-Verbund;Alu-Verbund gebürstet;gebürstet Gold;;Direktdruck HD;Direktdruck;Hochformat;2:3;50;75;50x75;;;ohne;;;;
Wandbild;Alu-Verbund gebürstet;1;;Aluminium-Verbund;Alu-Verbund gebürstet;gebürstet Gold;;Direktdruck HD;Direktdruck;Hochformat;2:3;60;90;60x90;;;ohne;;;;
Wandbild;Alu-Verbund gebürstet;1;;Aluminium-Verbund;Alu-Verbund gebürstet;gebürstet Gold;;Direktdruck HD;Direktdruck;Hochformat;2:3;80;120;80x120;;;ohne;;;;
Wandbild;Alu-Verbund gebürstet;1;;Aluminium-Verbund;Alu-Verbund gebürstet;gebürstet Gold;;Direktdruck HD;Direktdruck;Hochformat;3:4;30;40;30x40;;;ohne;;;;
Wandbild;Alu-Verbund gebürstet;1;;Aluminium-Verbund;Alu-Verbund gebürstet;gebürstet Gold;;Direktdruck HD;Direktdruck;Hochformat;3:4;45;60;45x60;;;ohne;;;;
Wandbild;Alu-Verbund gebürstet;1;;Aluminium-Verbund;Alu-Verbund gebürstet;gebürstet Gold;;Direktdruck HD;Direktdruck;Hochformat;3:4;60;80;60x80;;;ohne;;;;
Wandbild;Alu-Verbund gebürstet;1;;Aluminium-Verbund;Alu-Verbund gebürstet;gebürstet Gold;;Direktdruck HD;Direktdruck;Hochformat;3:4;75;100;75x100;;;ohne;;;;
Wandbild;Alu-Verbund gebürstet;1;;Aluminium-Verbund;Alu-Verbund gebürstet;gebürstet Gold;;Direktdruck HD;Direktdruck;Hochformat;3:4;90;120;90x120;;;ohne;;;;
Wandbild;Alu-Verbund gebürstet;1;;Aluminium-Verbund;Alu-Verbund gebürstet;gebürstet Gold;;Direktdruck HD;Direktdruck;Hochformat;3:5;30;50;30x50;;;ohne;;;;
Wandbild;Alu-Verbund gebürstet;1;;Aluminium-Verbund;Alu-Verbund gebürstet;gebürstet Gold;;Direktdruck HD;Direktdruck;Hochformat;3:5;40;70;40x70;;;ohne;;;;
Wandbild;Alu-Verbund gebürstet;1;;Aluminium-Verbund;Alu-Verbund gebürstet;gebürstet Gold;;Direktdruck HD;Direktdruck;Hochformat;3:5;70;120;70x120;;;ohne;;;;
Wandbild;Alu-Verbund gebürstet;1;;Aluminium-Verbund;Alu-Verbund gebürstet;gebürstet Gold;;Direktdruck HD;Direktdruck;Hochformat;4:5;40;50;40x50;;;ohne;;;;
Wandbild;Alu-Verbund gebürstet;1;;Aluminium-Verbund;Alu-Verbund gebürstet;gebürstet Gold;;Direktdruck HD;Direktdruck;Hochformat;4:5;80;100;80x100;;;ohne;;;;
Wandbild;Alu-Verbund gebürstet;1;;Aluminium-Verbund;Alu-Verbund gebürstet;gebürstet Gold;;Direktdruck HD;Direktdruck;Hochformat;1:1;10;10;10x10;;;ohne;;;;
Wandbild;Alu-Verbund gebürstet;1;;Aluminium-Verbund;Alu-Verbund gebürstet;gebürstet Gold;;Direktdruck HD;Direktdruck;Hochformat;1:1;15;15;15x15;;;ohne;;;;
Wandbild;Alu-Verbund gebürstet;1;;Aluminium-Verbund;Alu-Verbund gebürstet;gebürstet Gold;;Direktdruck HD;Direktdruck;Hochformat;1:1;20;20;20x20;;;ohne;;;;
Wandbild;Alu-Verbund gebürstet;1;;Aluminium-Verbund;Alu-Verbund gebürstet;gebürstet Gold;;Direktdruck HD;Direktdruck;Hochformat;1:1;30;30;30x30;;;ohne;;;;
Wandbild;Alu-Verbund gebürstet;1;;Aluminium-Verbund;Alu-Verbund gebürstet;gebürstet Gold;;Direktdruck HD;Direktdruck;Hochformat;1:1;40;40;40x40;;;ohne;;;;
Wandbild;Alu-Verbund gebürstet;1;;Aluminium-Verbund;Alu-Verbund gebürstet;gebürstet Gold;;Direktdruck HD;Direktdruck;Hochformat;1:1;50;50;50x50;;;ohne;;;;
Wandbild;Alu-Verbund gebürstet;1;;Aluminium-Verbund;Alu-Verbund gebürstet;gebürstet Gold;;Direktdruck HD;Direktdruck;Hochformat;1:1;60;60;60x60;;;ohne;;;;
Wandbild;Alu-Verbund gebürstet;1;;Aluminium-Verbund;Alu-Verbund gebürstet;gebürstet Gold;;Direktdruck HD;Direktdruck;Hochformat;1:1;70;70;70x70;;;ohne;;;;
Wandbild;Alu-Verbund gebürstet;1;;Aluminium-Verbund;Alu-Verbund gebürstet;gebürstet Gold;;Direktdruck HD;Direktdruck;Hochformat;1:1;75;75;75x75;;;ohne;;;;
Wandbild;Alu-Verbund gebürstet;1;;Aluminium-Verbund;Alu-Verbund gebürstet;gebürstet Gold;;Direktdruck HD;Direktdruck;Hochformat;1:1;80;80;80x80;;;ohne;;;;
Wandbild;Alu-Verbund gebürstet;1;;Aluminium-Verbund;Alu-Verbund gebürstet;gebürstet Gold;;Direktdruck HD;Direktdruck;Hochformat;1:1;90;90;90x90;;;ohne;;;;
Wandbild;Alu-Verbund gebürstet;1;;Aluminium-Verbund;Alu-Verbund gebürstet;gebürstet Gold;;Direktdruck HD;Direktdruck;Hochformat;Panorama;10;20;10x20;;;ohne;;;;
Wandbild;Alu-Verbund gebürstet;1;;Aluminium-Verbund;Alu-Verbund gebürstet;gebürstet Gold;;Direktdruck HD;Direktdruck;Hochformat;Panorama;20;40;20x40;;;ohne;;;;
Wandbild;Alu-Verbund gebürstet;1;;Aluminium-Verbund;Alu-Verbund gebürstet;gebürstet Gold;;Direktdruck HD;Direktdruck;Hochformat;Panorama;20;60;20x60;;;ohne;;;;
Wandbild;Alu-Verbund gebürstet;1;;Aluminium-Verbund;Alu-Verbund gebürstet;gebürstet Gold;;Direktdruck HD;Direktdruck;Hochformat;Panorama;20;80;20x80;;;ohne;;;;
Wandbild;Alu-Verbund gebürstet;1;;Aluminium-Verbund;Alu-Verbund gebürstet;gebürstet Gold;;Direktdruck HD;Direktdruck;Hochformat;Panorama;30;60;30x60;;;ohne;;;;
Wandbild;Alu-Verbund gebürstet;1;;Aluminium-Verbund;Alu-Verbund gebürstet;gebürstet Gold;;Direktdruck HD;Direktdruck;Hochformat;Panorama;30;90;30x90;;;ohne;;;;
Wandbild;Alu-Verbund gebürstet;1;;Aluminium-Verbund;Alu-Verbund gebürstet;gebürstet Gold;;Direktdruck HD;Direktdruck;Hochformat;Panorama;30;120;30x120;;;ohne;;;;
Wandbild;Alu-Verbund gebürstet;1;;Aluminium-Verbund;Alu-Verbund gebürstet;gebürstet Gold;;Direktdruck HD;Direktdruck;Hochformat;Panorama;40;80;40x80;;;ohne;;;;
Wandbild;Alu-Verbund gebürstet;1;;Aluminium-Verbund;Alu-Verbund gebürstet;gebürstet Gold;;Direktdruck HD;Direktdruck;Hochformat;Panorama;40;120;40x120;;;ohne;;;;
Wandbild;Alu-Verbund gebürstet;1;;Aluminium-Verbund;Alu-Verbund gebürstet;gebürstet Gold;;Direktdruck HD;Direktdruck;Hochformat;Panorama;50;100;50x100;;;ohne;;;;
Wandbild;Alu-Verbund gebürstet;1;;Aluminium-Verbund;Alu-Verbund gebürstet;gebürstet Gold;;Direktdruck HD;Direktdruck;Hochformat;Panorama;50;120;50x120;;;ohne;;;;
Wandbild;Alu-Verbund gebürstet;1;;Aluminium-Verbund;Alu-Verbund gebürstet;gebürstet Gold;;Direktdruck HD;Direktdruck;Hochformat;Panorama;50;140;50x140;;;ohne;;;;
Wandbild;Alu-Verbund gebürstet;1;;Aluminium-Verbund;Alu-Verbund gebürstet;gebürstet Gold;;Direktdruck HD;Direktdruck;Hochformat;Panorama;60;120;60x120;;;ohne;;;;
Wandbild;Alu-Verbund gebürstet;1;;Aluminium-Verbund;Alu-Verbund gebürstet;gebürstet Gold;;Direktdruck HD;Direktdruck;Hochformat;Panorama;60;140;60x140;;;ohne;;;;
Wandbild;Alu-Verbund gebürstet;1;;Aluminium-Verbund;Alu-Verbund gebürstet;gebürstet Gold;;Direktdruck HD;Direktdruck;Querformat;2:3;10;15;10x15;;;ohne;;;;
Wandbild;Alu-Verbund gebürstet;1;;Aluminium-Verbund;Alu-Verbund gebürstet;gebürstet Gold;;Direktdruck HD;Direktdruck;Querformat;2:3;13;18;13x18;;;ohne;;;;
Wandbild;Alu-Verbund gebürstet;1;;Aluminium-Verbund;Alu-Verbund gebürstet;gebürstet Gold;;Direktdruck HD;Direktdruck;Querformat;2:3;20;30;20x30;;;ohne;;;;
Wandbild;Alu-Verbund gebürstet;1;;Aluminium-Verbund;Alu-Verbund gebürstet;gebürstet Gold;;Direktdruck HD;Direktdruck;Querformat;2:3;30;45;30x45;;;ohne;;;;
Wandbild;Alu-Verbund gebürstet;1;;Aluminium-Verbund;Alu-Verbund gebürstet;gebürstet Gold;;Direktdruck HD;Direktdruck;Querformat;2:3;40;60;40x60;;;ohne;;;;
Wandbild;Alu-Verbund gebürstet;1;;Aluminium-Verbund;Alu-Verbund gebürstet;gebürstet Gold;;Direktdruck HD;Direktdruck;Querformat;2:3;50;70;50x70;;;ohne;;;;
Wandbild;Alu-Verbund gebürstet;1;;Aluminium-Verbund;Alu-Verbund gebürstet;gebürstet Gold;;Direktdruck HD;Direktdruck;Querformat;2:3;50;75;50x75;;;ohne;;;;
Wandbild;Alu-Verbund gebürstet;1;;Aluminium-Verbund;Alu-Verbund gebürstet;gebürstet Gold;;Direktdruck HD;Direktdruck;Querformat;2:3;60;90;60x90;;;ohne;;;;
Wandbild;Alu-Verbund gebürstet;1;;Aluminium-Verbund;Alu-Verbund gebürstet;gebürstet Gold;;Direktdruck HD;Direktdruck;Querformat;2:3;80;120;80x120;;;ohne;;;;
Wandbild;Alu-Verbund gebürstet;1;;Aluminium-Verbund;Alu-Verbund gebürstet;gebürstet Gold;;Direktdruck HD;Direktdruck;Querformat;3:4;30;40;30x40;;;ohne;;;;
Wandbild;Alu-Verbund gebürstet;1;;Aluminium-Verbund;Alu-Verbund gebürstet;gebürstet Gold;;Direktdruck HD;Direktdruck;Querformat;3:4;45;60;45x60;;;ohne;;;;
Wandbild;Alu-Verbund gebürstet;1;;Aluminium-Verbund;Alu-Verbund gebürstet;gebürstet Gold;;Direktdruck HD;Direktdruck;Querformat;3:4;60;80;60x80;;;ohne;;;;
Wandbild;Alu-Verbund gebürstet;1;;Aluminium-Verbund;Alu-Verbund gebürstet;gebürstet Gold;;Direktdruck HD;Direktdruck;Querformat;3:4;75;100;75x100;;;ohne;;;;
Wandbild;Alu-Verbund gebürstet;1;;Aluminium-Verbund;Alu-Verbund gebürstet;gebürstet Gold;;Direktdruck HD;Direktdruck;Querformat;3:4;90;120;90x120;;;ohne;;;;
Wandbild;Alu-Verbund gebürstet;1;;Aluminium-Verbund;Alu-Verbund gebürstet;gebürstet Gold;;Direktdruck HD;Direktdruck;Querformat;3:5;30;50;30x50;;;ohne;;;;
Wandbild;Alu-Verbund gebürstet;1;;Aluminium-Verbund;Alu-Verbund gebürstet;gebürstet Gold;;Direktdruck HD;Direktdruck;Querformat;3:5;40;70;40x70;;;ohne;;;;
Wandbild;Alu-Verbund gebürstet;1;;Aluminium-Verbund;Alu-Verbund gebürstet;gebürstet Gold;;Direktdruck HD;Direktdruck;Querformat;3:5;70;120;70x120;;;ohne;;;;
Wandbild;Alu-Verbund gebürstet;1;;Aluminium-Verbund;Alu-Verbund gebürstet;gebürstet Gold;;Direktdruck HD;Direktdruck;Querformat;4:5;40;50;40x50;;;ohne;;;;
Wandbild;Alu-Verbund gebürstet;1;;Aluminium-Verbund;Alu-Verbund gebürstet;gebürstet Gold;;Direktdruck HD;Direktdruck;Querformat;4:5;80;100;80x100;;;ohne;;;;
Wandbild;Alu-Verbund gebürstet;1;;Aluminium-Verbund;Alu-Verbund gebürstet;gebürstet Gold;;Direktdruck HD;Direktdruck;Querformat;1:1;10;10;10x10;;;ohne;;;;
Wandbild;Alu-Verbund gebürstet;1;;Aluminium-Verbund;Alu-Verbund gebürstet;gebürstet Gold;;Direktdruck HD;Direktdruck;Querformat;1:1;15;15;15x15;;;ohne;;;;
Wandbild;Alu-Verbund gebürstet;1;;Aluminium-Verbund;Alu-Verbund gebürstet;gebürstet Gold;;Direktdruck HD;Direktdruck;Querformat;1:1;20;20;20x20;;;ohne;;;;
Wandbild;Alu-Verbund gebürstet;1;;Aluminium-Verbund;Alu-Verbund gebürstet;gebürstet Gold;;Direktdruck HD;Direktdruck;Querformat;1:1;30;30;30x30;;;ohne;;;;
Wandbild;Alu-Verbund gebürstet;1;;Aluminium-Verbund;Alu-Verbund gebürstet;gebürstet Gold;;Direktdruck HD;Direktdruck;Querformat;1:1;40;40;40x40;;;ohne;;;;
Wandbild;Alu-Verbund gebürstet;1;;Aluminium-Verbund;Alu-Verbund gebürstet;gebürstet Gold;;Direktdruck HD;Direktdruck;Querformat;1:1;50;50;50x50;;;ohne;;;;
Wandbild;Alu-Verbund gebürstet;1;;Aluminium-Verbund;Alu-Verbund gebürstet;gebürstet Gold;;Direktdruck HD;Direktdruck;Querformat;1:1;60;60;60x60;;;ohne;;;;
Wandbild;Alu-Verbund gebürstet;1;;Aluminium-Verbund;Alu-Verbund gebürstet;gebürstet Gold;;Direktdruck HD;Direktdruck;Querformat;1:1;70;70;70x70;;;ohne;;;;
Wandbild;Alu-Verbund gebürstet;1;;Aluminium-Verbund;Alu-Verbund gebürstet;gebürstet Gold;;Direktdruck HD;Direktdruck;Querformat;1:1;75;75;75x75;;;ohne;;;;
Wandbild;Alu-Verbund gebürstet;1;;Aluminium-Verbund;Alu-Verbund gebürstet;gebürstet Gold;;Direktdruck HD;Direktdruck;Querformat;1:1;80;80;80x80;;;ohne;;;;
Wandbild;Alu-Verbund gebürstet;1;;Aluminium-Verbund;Alu-Verbund gebürstet;gebürstet Gold;;Direktdruck HD;Direktdruck;Querformat;1:1;90;90;90x90;;;ohne;;;;
Wandbild;Alu-Verbund gebürstet;1;;Aluminium-Verbund;Alu-Verbund gebürstet;gebürstet Gold;;Direktdruck HD;Direktdruck;Querformat;Panorama;10;20;10x20;;;ohne;;;;
Wandbild;Alu-Verbund gebürstet;1;;Aluminium-Verbund;Alu-Verbund gebürstet;gebürstet Gold;;Direktdruck HD;Direktdruck;Querformat;Panorama;20;40;20x40;;;ohne;;;;
Wandbild;Alu-Verbund gebürstet;1;;Aluminium-Verbund;Alu-Verbund gebürstet;gebürstet Gold;;Direktdruck HD;Direktdruck;Querformat;Panorama;20;60;20x60;;;ohne;;;;
Wandbild;Alu-Verbund gebürstet;1;;Aluminium-Verbund;Alu-Verbund gebürstet;gebürstet Gold;;Direktdruck HD;Direktdruck;Querformat;Panorama;20;80;20x80;;;ohne;;;;
Wandbild;Alu-Verbund gebürstet;1;;Aluminium-Verbund;Alu-Verbund gebürstet;gebürstet Gold;;Direktdruck HD;Direktdruck;Querformat;Panorama;30;60;30x60;;;ohne;;;;
Wandbild;Alu-Verbund gebürstet;1;;Aluminium-Verbund;Alu-Verbund gebürstet;gebürstet Gold;;Direktdruck HD;Direktdruck;Querformat;Panorama;30;90;30x90;;;ohne;;;;
Wandbild;Alu-Verbund gebürstet;1;;Aluminium-Verbund;Alu-Verbund gebürstet;gebürstet Gold;;Direktdruck HD;Direktdruck;Querformat;Panorama;30;120;30x120;;;ohne;;;;
Wandbild;Alu-Verbund gebürstet;1;;Aluminium-Verbund;Alu-Verbund gebürstet;gebürstet Gold;;Direktdruck HD;Direktdruck;Querformat;Panorama;40;80;40x80;;;ohne;;;;
Wandbild;Alu-Verbund gebürstet;1;;Aluminium-Verbund;Alu-Verbund gebürstet;gebürstet Gold;;Direktdruck HD;Direktdruck;Querformat;Panorama;40;120;40x120;;;ohne;;;;
Wandbild;Alu-Verbund gebürstet;1;;Aluminium-Verbund;Alu-Verbund gebürstet;gebürstet Gold;;Direktdruck HD;Direktdruck;Querformat;Panorama;50;100;50x100;;;ohne;;;;
Wandbild;Alu-Verbund gebürstet;1;;Aluminium-Verbund;Alu-Verbund gebürstet;gebürstet Gold;;Direktdruck HD;Direktdruck;Querformat;Panorama;50;120;50x120;;;ohne;;;;
Wandbild;Alu-Verbund gebürstet;1;;Aluminium-Verbund;Alu-Verbund gebürstet;gebürstet Gold;;Direktdruck HD;Direktdruck;Querformat;Panorama;50;140;50x140;;;ohne;;;;
Wandbild;Alu-Verbund gebürstet;1;;Aluminium-Verbund;Alu-Verbund gebürstet;gebürstet Gold;;Direktdruck HD;Direktdruck;Querformat;Panorama;60;120;60x120;;;ohne;;;;
Wandbild;Alu-Verbund gebürstet;1;;Aluminium-Verbund;Alu-Verbund gebürstet;gebürstet Gold;;Direktdruck HD;Direktdruck;Querformat;Panorama;60;140;60x140;;;ohne;;;;
Wandbild;Alu-Verbund gebürstet;1;;Aluminium-Verbund;Alu-Verbund gebürstet;gebürstet Silber;;Direktdruck HD;Direktdruck;Hochformat;2:3;10;15;10x15;;;ohne;;;;
Wandbild;Alu-Verbund gebürstet;1;;Aluminium-Verbund;Alu-Verbund gebürstet;gebürstet Silber;;Direktdruck HD;Direktdruck;Hochformat;2:3;13;18;13x18;;;ohne;;;;
Wandbild;Alu-Verbund gebürstet;1;;Aluminium-Verbund;Alu-Verbund gebürstet;gebürstet Silber;;Direktdruck HD;Direktdruck;Hochformat;2:3;20;30;20x30;;;ohne;;;;
Wandbild;Alu-Verbund gebürstet;1;;Aluminium-Verbund;Alu-Verbund gebürstet;gebürstet Silber;;Direktdruck HD;Direktdruck;Hochformat;2:3;30;45;30x45;;;ohne;;;;
Wandbild;Alu-Verbund gebürstet;1;;Aluminium-Verbund;Alu-Verbund gebürstet;gebürstet Silber;;Direktdruck HD;Direktdruck;Hochformat;2:3;40;60;40x60;;;ohne;;;;
Wandbild;Alu-Verbund gebürstet;1;;Aluminium-Verbund;Alu-Verbund gebürstet;gebürstet Silber;;Direktdruck HD;Direktdruck;Hochformat;2:3;50;70;50x70;;;ohne;;;;
Wandbild;Alu-Verbund gebürstet;1;;Aluminium-Verbund;Alu-Verbund gebürstet;gebürstet Silber;;Direktdruck HD;Direktdruck;Hochformat;2:3;50;75;50x75;;;ohne;;;;
Wandbild;Alu-Verbund gebürstet;1;;Aluminium-Verbund;Alu-Verbund gebürstet;gebürstet Silber;;Direktdruck HD;Direktdruck;Hochformat;2:3;60;90;60x90;;;ohne;;;;
Wandbild;Alu-Verbund gebürstet;1;;Aluminium-Verbund;Alu-Verbund gebürstet;gebürstet Silber;;Direktdruck HD;Direktdruck;Hochformat;2:3;80;120;80x120;;;ohne;;;;
Wandbild;Alu-Verbund gebürstet;1;;Aluminium-Verbund;Alu-Verbund gebürstet;gebürstet Silber;;Direktdruck HD;Direktdruck;Hochformat;3:4;30;40;30x40;;;ohne;;;;
Wandbild;Alu-Verbund gebürstet;1;;Aluminium-Verbund;Alu-Verbund gebürstet;gebürstet Silber;;Direktdruck HD;Direktdruck;Hochformat;3:4;45;60;45x60;;;ohne;;;;
Wandbild;Alu-Verbund gebürstet;1;;Aluminium-Verbund;Alu-Verbund gebürstet;gebürstet Silber;;Direktdruck HD;Direktdruck;Hochformat;3:4;60;80;60x80;;;ohne;;;;
Wandbild;Alu-Verbund gebürstet;1;;Aluminium-Verbund;Alu-Verbund gebürstet;gebürstet Silber;;Direktdruck HD;Direktdruck;Hochformat;3:4;75;100;75x100;;;ohne;;;;
Wandbild;Alu-Verbund gebürstet;1;;Aluminium-Verbund;Alu-Verbund gebürstet;gebürstet Silber;;Direktdruck HD;Direktdruck;Hochformat;3:4;90;120;90x120;;;ohne;;;;
Wandbild;Alu-Verbund gebürstet;1;;Aluminium-Verbund;Alu-Verbund gebürstet;gebürstet Silber;;Direktdruck HD;Direktdruck;Hochformat;3:5;30;50;30x50;;;ohne;;;;
Wandbild;Alu-Verbund gebürstet;1;;Aluminium-Verbund;Alu-Verbund gebürstet;gebürstet Silber;;Direktdruck HD;Direktdruck;Hochformat;3:5;40;70;40x70;;;ohne;;;;
Wandbild;Alu-Verbund gebürstet;1;;Aluminium-Verbund;Alu-Verbund gebürstet;gebürstet Silber;;Direktdruck HD;Direktdruck;Hochformat;3:5;70;120;70x120;;;ohne;;;;
Wandbild;Alu-Verbund gebürstet;1;;Aluminium-Verbund;Alu-Verbund gebürstet;gebürstet Silber;;Direktdruck HD;Direktdruck;Hochformat;4:5;40;50;40x50;;;ohne;;;;
Wandbild;Alu-Verbund gebürstet;1;;Aluminium-Verbund;Alu-Verbund gebürstet;gebürstet Silber;;Direktdruck HD;Direktdruck;Hochformat;4:5;80;100;80x100;;;ohne;;;;
Wandbild;Alu-Verbund gebürstet;1;;Aluminium-Verbund;Alu-Verbund gebürstet;gebürstet Silber;;Direktdruck HD;Direktdruck;Hochformat;1:1;10;10;10x10;;;ohne;;;;
Wandbild;Alu-Verbund gebürstet;1;;Aluminium-Verbund;Alu-Verbund gebürstet;gebürstet Silber;;Direktdruck HD;Direktdruck;Hochformat;1:1;15;15;15x15;;;ohne;;;;
Wandbild;Alu-Verbund gebürstet;1;;Aluminium-Verbund;Alu-Verbund gebürstet;gebürstet Silber;;Direktdruck HD;Direktdruck;Hochformat;1:1;20;20;20x20;;;ohne;;;;
Wandbild;Alu-Verbund gebürstet;1;;Aluminium-Verbund;Alu-Verbund gebürstet;gebürstet Silber;;Direktdruck HD;Direktdruck;Hochformat;1:1;30;30;30x30;;;ohne;;;;
Wandbild;Alu-Verbund gebürstet;1;;Aluminium-Verbund;Alu-Verbund gebürstet;gebürstet Silber;;Direktdruck HD;Direktdruck;Hochformat;1:1;40;40;40x40;;;ohne;;;;
Wandbild;Alu-Verbund gebürstet;1;;Aluminium-Verbund;Alu-Verbund gebürstet;gebürstet Silber;;Direktdruck HD;Direktdruck;Hochformat;1:1;50;50;50x50;;;ohne;;;;
Wandbild;Alu-Verbund gebürstet;1;;Aluminium-Verbund;Alu-Verbund gebürstet;gebürstet Silber;;Direktdruck HD;Direktdruck;Hochformat;1:1;60;60;60x60;;;ohne;;;;
Wandbild;Alu-Verbund gebürstet;1;;Aluminium-Verbund;Alu-Verbund gebürstet;gebürstet Silber;;Direktdruck HD;Direktdruck;Hochformat;1:1;70;70;70x70;;;ohne;;;;
Wandbild;Alu-Verbund gebürstet;1;;Aluminium-Verbund;Alu-Verbund gebürstet;gebürstet Silber;;Direktdruck HD;Direktdruck;Hochformat;1:1;75;75;75x75;;;ohne;;;;
Wandbild;Alu-Verbund gebürstet;1;;Aluminium-Verbund;Alu-Verbund gebürstet;gebürstet Silber;;Direktdruck HD;Direktdruck;Hochformat;1:1;80;80;80x80;;;ohne;;;;
Wandbild;Alu-Verbund gebürstet;1;;Aluminium-Verbund;Alu-Verbund gebürstet;gebürstet Silber;;Direktdruck HD;Direktdruck;Hochformat;1:1;90;90;90x90;;;ohne;;;;
Wandbild;Alu-Verbund gebürstet;1;;Aluminium-Verbund;Alu-Verbund gebürstet;gebürstet Silber;;Direktdruck HD;Direktdruck;Hochformat;Panorama;10;20;10x20;;;ohne;;;;
Wandbild;Alu-Verbund gebürstet;1;;Aluminium-Verbund;Alu-Verbund gebürstet;gebürstet Silber;;Direktdruck HD;Direktdruck;Hochformat;Panorama;20;40;20x40;;;ohne;;;;
Wandbild;Alu-Verbund gebürstet;1;;Aluminium-Verbund;Alu-Verbund gebürstet;gebürstet Silber;;Direktdruck HD;Direktdruck;Hochformat;Panorama;20;60;20x60;;;ohne;;;;
Wandbild;Alu-Verbund gebürstet;1;;Aluminium-Verbund;Alu-Verbund gebürstet;gebürstet Silber;;Direktdruck HD;Direktdruck;Hochformat;Panorama;20;80;20x80;;;ohne;;;;
Wandbild;Alu-Verbund gebürstet;1;;Aluminium-Verbund;Alu-Verbund gebürstet;gebürstet Silber;;Direktdruck HD;Direktdruck;Hochformat;Panorama;30;60;30x60;;;ohne;;;;
Wandbild;Alu-Verbund gebürstet;1;;Aluminium-Verbund;Alu-Verbund gebürstet;gebürstet Silber;;Direktdruck HD;Direktdruck;Hochformat;Panorama;30;90;30x90;;;ohne;;;;
Wandbild;Alu-Verbund gebürstet;1;;Aluminium-Verbund;Alu-Verbund gebürstet;gebürstet Silber;;Direktdruck HD;Direktdruck;Hochformat;Panorama;30;120;30x120;;;ohne;;;;
Wandbild;Alu-Verbund gebürstet;1;;Aluminium-Verbund;Alu-Verbund gebürstet;gebürstet Silber;;Direktdruck HD;Direktdruck;Hochformat;Panorama;40;80;40x80;;;ohne;;;;
Wandbild;Alu-Verbund gebürstet;1;;Aluminium-Verbund;Alu-Verbund gebürstet;gebürstet Silber;;Direktdruck HD;Direktdruck;Hochformat;Panorama;40;120;40x120;;;ohne;;;;
Wandbild;Alu-Verbund gebürstet;1;;Aluminium-Verbund;Alu-Verbund gebürstet;gebürstet Silber;;Direktdruck HD;Direktdruck;Hochformat;Panorama;50;100;50x100;;;ohne;;;;
Wandbild;Alu-Verbund gebürstet;1;;Aluminium-Verbund;Alu-Verbund gebürstet;gebürstet Silber;;Direktdruck HD;Direktdruck;Hochformat;Panorama;50;120;50x120;;;ohne;;;;
Wandbild;Alu-Verbund gebürstet;1;;Aluminium-Verbund;Alu-Verbund gebürstet;gebürstet Silber;;Direktdruck HD;Direktdruck;Hochformat;Panorama;50;140;50x140;;;ohne;;;;
Wandbild;Alu-Verbund gebürstet;1;;Aluminium-Verbund;Alu-Verbund gebürstet;gebürstet Silber;;Direktdruck HD;Direktdruck;Hochformat;Panorama;60;120;60x120;;;ohne;;;;
Wandbild;Alu-Verbund gebürstet;1;;Aluminium-Verbund;Alu-Verbund gebürstet;gebürstet Silber;;Direktdruck HD;Direktdruck;Hochformat;Panorama;60;140;60x140;;;ohne;;;;
Wandbild;Alu-Verbund gebürstet;1;;Aluminium-Verbund;Alu-Verbund gebürstet;gebürstet Silber;;Direktdruck HD;Direktdruck;Querformat;2:3;10;15;10x15;;;ohne;;;;
Wandbild;Alu-Verbund gebürstet;1;;Aluminium-Verbund;Alu-Verbund gebürstet;gebürstet Silber;;Direktdruck HD;Direktdruck;Querformat;2:3;13;18;13x18;;;ohne;;;;
Wandbild;Alu-Verbund gebürstet;1;;Aluminium-Verbund;Alu-Verbund gebürstet;gebürstet Silber;;Direktdruck HD;Direktdruck;Querformat;2:3;20;30;20x30;;;ohne;;;;
Wandbild;Alu-Verbund gebürstet;1;;Aluminium-Verbund;Alu-Verbund gebürstet;gebürstet Silber;;Direktdruck HD;Direktdruck;Querformat;2:3;30;45;30x45;;;ohne;;;;
Wandbild;Alu-Verbund gebürstet;1;;Aluminium-Verbund;Alu-Verbund gebürstet;gebürstet Silber;;Direktdruck HD;Direktdruck;Querformat;2:3;40;60;40x60;;;ohne;;;;
Wandbild;Alu-Verbund gebürstet;1;;Aluminium-Verbund;Alu-Verbund gebürstet;gebürstet Silber;;Direktdruck HD;Direktdruck;Querformat;2:3;50;70;50x70;;;ohne;;;;
Wandbild;Alu-Verbund gebürstet;1;;Aluminium-Verbund;Alu-Verbund gebürstet;gebürstet Silber;;Direktdruck HD;Direktdruck;Querformat;2:3;50;75;50x75;;;ohne;;;;
Wandbild;Alu-Verbund gebürstet;1;;Aluminium-Verbund;Alu-Verbund gebürstet;gebürstet Silber;;Direktdruck HD;Direktdruck;Querformat;2:3;60;90;60x90;;;ohne;;;;
Wandbild;Alu-Verbund gebürstet;1;;Aluminium-Verbund;Alu-Verbund gebürstet;gebürstet Silber;;Direktdruck HD;Direktdruck;Querformat;2:3;80;120;80x120;;;ohne;;;;
Wandbild;Alu-Verbund gebürstet;1;;Aluminium-Verbund;Alu-Verbund gebürstet;gebürstet Silber;;Direktdruck HD;Direktdruck;Querformat;3:4;30;40;30x40;;;ohne;;;;
Wandbild;Alu-Verbund gebürstet;1;;Aluminium-Verbund;Alu-Verbund gebürstet;gebürstet Silber;;Direktdruck HD;Direktdruck;Querformat;3:4;45;60;45x60;;;ohne;;;;
Wandbild;Alu-Verbund gebürstet;1;;Aluminium-Verbund;Alu-Verbund gebürstet;gebürstet Silber;;Direktdruck HD;Direktdruck;Querformat;3:4;60;80;60x80;;;ohne;;;;
Wandbild;Alu-Verbund gebürstet;1;;Aluminium-Verbund;Alu-Verbund gebürstet;gebürstet Silber;;Direktdruck HD;Direktdruck;Querformat;3:4;75;100;75x100;;;ohne;;;;
Wandbild;Alu-Verbund gebürstet;1;;Aluminium-Verbund;Alu-Verbund gebürstet;gebürstet Silber;;Direktdruck HD;Direktdruck;Querformat;3:4;90;120;90x120;;;ohne;;;;
Wandbild;Alu-Verbund gebürstet;1;;Aluminium-Verbund;Alu-Verbund gebürstet;gebürstet Silber;;Direktdruck HD;Direktdruck;Querformat;3:5;30;50;30x50;;;ohne;;;;
Wandbild;Alu-Verbund gebürstet;1;;Aluminium-Verbund;Alu-Verbund gebürstet;gebürstet Silber;;Direktdruck HD;Direktdruck;Querformat;3:5;40;70;40x70;;;ohne;;;;
Wandbild;Alu-Verbund gebürstet;1;;Aluminium-Verbund;Alu-Verbund gebürstet;gebürstet Silber;;Direktdruck HD;Direktdruck;Querformat;3:5;70;120;70x120;;;ohne;;;;
Wandbild;Alu-Verbund gebürstet;1;;Aluminium-Verbund;Alu-Verbund gebürstet;gebürstet Silber;;Direktdruck HD;Direktdruck;Querformat;4:5;40;50;40x50;;;ohne;;;;
Wandbild;Alu-Verbund gebürstet;1;;Aluminium-Verbund;Alu-Verbund gebürstet;gebürstet Silber;;Direktdruck HD;Direktdruck;Querformat;4:5;80;100;80x100;;;ohne;;;;
Wandbild;Alu-Verbund gebürstet;1;;Aluminium-Verbund;Alu-Verbund gebürstet;gebürstet Silber;;Direktdruck HD;Direktdruck;Querformat;1:1;10;10;10x10;;;ohne;;;;
Wandbild;Alu-Verbund gebürstet;1;;Aluminium-Verbund;Alu-Verbund gebürstet;gebürstet Silber;;Direktdruck HD;Direktdruck;Querformat;1:1;15;15;15x15;;;ohne;;;;
Wandbild;Alu-Verbund gebürstet;1;;Aluminium-Verbund;Alu-Verbund gebürstet;gebürstet Silber;;Direktdruck HD;Direktdruck;Querformat;1:1;20;20;20x20;;;ohne;;;;
Wandbild;Alu-Verbund gebürstet;1;;Aluminium-Verbund;Alu-Verbund gebürstet;gebürstet Silber;;Direktdruck HD;Direktdruck;Querformat;1:1;30;30;30x30;;;ohne;;;;
Wandbild;Alu-Verbund gebürstet;1;;Aluminium-Verbund;Alu-Verbund gebürstet;gebürstet Silber;;Direktdruck HD;Direktdruck;Querformat;1:1;40;40;40x40;;;ohne;;;;
Wandbild;Alu-Verbund gebürstet;1;;Aluminium-Verbund;Alu-Verbund gebürstet;gebürstet Silber;;Direktdruck HD;Direktdruck;Querformat;1:1;50;50;50x50;;;ohne;;;;
Wandbild;Alu-Verbund gebürstet;1;;Aluminium-Verbund;Alu-Verbund gebürstet;gebürstet Silber;;Direktdruck HD;Direktdruck;Querformat;1:1;60;60;60x60;;;ohne;;;;
Wandbild;Alu-Verbund gebürstet;1;;Aluminium-Verbund;Alu-Verbund gebürstet;gebürstet Silber;;Direktdruck HD;Direktdruck;Querformat;1:1;70;70;70x70;;;ohne;;;;
Wandbild;Alu-Verbund gebürstet;1;;Aluminium-Verbund;Alu-Verbund gebürstet;gebürstet Silber;;Direktdruck HD;Direktdruck;Querformat;1:1;75;75;75x75;;;ohne;;;;
Wandbild;Alu-Verbund gebürstet;1;;Aluminium-Verbund;Alu-Verbund gebürstet;gebürstet Silber;;Direktdruck HD;Direktdruck;Querformat;1:1;80;80;80x80;;;ohne;;;;
Wandbild;Alu-Verbund gebürstet;1;;Aluminium-Verbund;Alu-Verbund gebürstet;gebürstet Silber;;Direktdruck HD;Direktdruck;Querformat;1:1;90;90;90x90;;;ohne;;;;
Wandbild;Alu-Verbund gebürstet;1;;Aluminium-Verbund;Alu-Verbund gebürstet;gebürstet Silber;;Direktdruck HD;Direktdruck;Querformat;Panorama;10;20;10x20;;;ohne;;;;
Wandbild;Alu-Verbund gebürstet;1;;Aluminium-Verbund;Alu-Verbund gebürstet;gebürstet Silber;;Direktdruck HD;Direktdruck;Querformat;Panorama;20;40;20x40;;;ohne;;;;
Wandbild;Alu-Verbund gebürstet;1;;Aluminium-Verbund;Alu-Verbund gebürstet;gebürstet Silber;;Direktdruck HD;Direktdruck;Querformat;Panorama;20;60;20x60;;;ohne;;;;
Wandbild;Alu-Verbund gebürstet;1;;Aluminium-Verbund;Alu-Verbund gebürstet;gebürstet Silber;;Direktdruck HD;Direktdruck;Querformat;Panorama;20;80;20x80;;;ohne;;;;
Wandbild;Alu-Verbund gebürstet;1;;Aluminium-Verbund;Alu-Verbund gebürstet;gebürstet Silber;;Direktdruck HD;Direktdruck;Querformat;Panorama;30;60;30x60;;;ohne;;;;
Wandbild;Alu-Verbund gebürstet;1;;Aluminium-Verbund;Alu-Verbund gebürstet;gebürstet Silber;;Direktdruck HD;Direktdruck;Querformat;Panorama;30;90;30x90;;;ohne;;;;
Wandbild;Alu-Verbund gebürstet;1;;Aluminium-Verbund;Alu-Verbund gebürstet;gebürstet Silber;;Direktdruck HD;Direktdruck;Querformat;Panorama;30;120;30x120;;;ohne;;;;
Wandbild;Alu-Verbund gebürstet;1;;Aluminium-Verbund;Alu-Verbund gebürstet;gebürstet Silber;;Direktdruck HD;Direktdruck;Querformat;Panorama;40;80;40x80;;;ohne;;;;
Wandbild;Alu-Verbund gebürstet;1;;Aluminium-Verbund;Alu-Verbund gebürstet;gebürstet Silber;;Direktdruck HD;Direktdruck;Querformat;Panorama;40;120;40x120;;;ohne;;;;
Wandbild;Alu-Verbund gebürstet;1;;Aluminium-Verbund;Alu-Verbund gebürstet;gebürstet Silber;;Direktdruck HD;Direktdruck;Querformat;Panorama;50;100;50x100;;;ohne;;;;
Wandbild;Alu-Verbund gebürstet;1;;Aluminium-Verbund;Alu-Verbund gebürstet;gebürstet Silber;;Direktdruck HD;Direktdruck;Querformat;Panorama;50;120;50x120;;;ohne;;;;
Wandbild;Alu-Verbund gebürstet;1;;Aluminium-Verbund;Alu-Verbund gebürstet;gebürstet Silber;;Direktdruck HD;Direktdruck;Querformat;Panorama;50;140;50x140;;;ohne;;;;
Wandbild;Alu-Verbund gebürstet;1;;Aluminium-Verbund;Alu-Verbund gebürstet;gebürstet Silber;;Direktdruck HD;Direktdruck;Querformat;Panorama;60;120;60x120;;;ohne;;;;
Wandbild;Alu-Verbund gebürstet;1;;Aluminium-Verbund;Alu-Verbund gebürstet;gebürstet Silber;;Direktdruck HD;Direktdruck;Querformat;Panorama;60;140;60x140;;;ohne;;;;
Wandbild;Fotoleinwand;1;;Leinwand;Baumwoll-Leinwand;;;Latex-/Digitaldruck HD;Latexdruck;Hochformat;diverse;20;20;20x20;;;ohne (Keilrahmen);;;;weitere Rahmenoptionen möglich
Wandbild;Fotoleinwand;1;;Leinwand;Baumwoll-Leinwand;;;Latex-/Digitaldruck HD;Latexdruck;Hochformat;diverse;20;30;20x30;;;ohne (Keilrahmen);;;;weitere Rahmenoptionen möglich
Wandbild;Fotoleinwand;1;;Leinwand;Baumwoll-Leinwand;;;Latex-/Digitaldruck HD;Latexdruck;Hochformat;diverse;30;30;30x30;;;ohne (Keilrahmen);;;;weitere Rahmenoptionen möglich
Wandbild;Fotoleinwand;1;;Leinwand;Baumwoll-Leinwand;;;Latex-/Digitaldruck HD;Latexdruck;Hochformat;diverse;30;40;30x40;;;ohne (Keilrahmen);;;;weitere Rahmenoptionen möglich
Wandbild;Fotoleinwand;1;;Leinwand;Baumwoll-Leinwand;;;Latex-/Digitaldruck HD;Latexdruck;Hochformat;diverse;30;45;30x45;;;ohne (Keilrahmen);;;;weitere Rahmenoptionen möglich
Wandbild;Fotoleinwand;1;;Leinwand;Baumwoll-Leinwand;;;Latex-/Digitaldruck HD;Latexdruck;Hochformat;diverse;40;40;40x40;;;ohne (Keilrahmen);;;;weitere Rahmenoptionen möglich
Wandbild;Fotoleinwand;1;;Leinwand;Baumwoll-Leinwand;;;Latex-/Digitaldruck HD;Latexdruck;Hochformat;diverse;40;50;40x50;;;ohne (Keilrahmen);;;;weitere Rahmenoptionen möglich
Wandbild;Fotoleinwand;1;;Leinwand;Baumwoll-Leinwand;;;Latex-/Digitaldruck HD;Latexdruck;Hochformat;diverse;40;60;40x60;;;ohne (Keilrahmen);;;;weitere Rahmenoptionen möglich
Wandbild;Fotoleinwand;1;;Leinwand;Baumwoll-Leinwand;;;Latex-/Digitaldruck HD;Latexdruck;Hochformat;diverse;50;50;50x50;;;ohne (Keilrahmen);;;;weitere Rahmenoptionen möglich
Wandbild;Fotoleinwand;1;;Leinwand;Baumwoll-Leinwand;;;Latex-/Digitaldruck HD;Latexdruck;Hochformat;diverse;50;75;50x75;;;ohne (Keilrahmen);;;;weitere Rahmenoptionen möglich
Wandbild;Fotoleinwand;1;;Leinwand;Baumwoll-Leinwand;;;Latex-/Digitaldruck HD;Latexdruck;Hochformat;diverse;60;80;60x80;;;ohne (Keilrahmen);;;;weitere Rahmenoptionen möglich
Wandbild;Fotoleinwand;1;;Leinwand;Baumwoll-Leinwand;;;Latex-/Digitaldruck HD;Latexdruck;Hochformat;diverse;60;90;60x90;;;ohne (Keilrahmen);;;;weitere Rahmenoptionen möglich
Wandbild;Fotoleinwand;1;;Leinwand;Baumwoll-Leinwand;;;Latex-/Digitaldruck HD;Latexdruck;Hochformat;diverse;80;120;80x120;;;ohne (Keilrahmen);;;;weitere Rahmenoptionen möglich
Wandbild;Fotoleinwand;1;;Leinwand;Baumwoll-Leinwand;;;Latex-/Digitaldruck HD;Latexdruck;Querformat;diverse;20;20;20x20;;;ohne (Keilrahmen);;;;weitere Rahmenoptionen möglich
Wandbild;Fotoleinwand;1;;Leinwand;Baumwoll-Leinwand;;;Latex-/Digitaldruck HD;Latexdruck;Querformat;diverse;20;30;20x30;;;ohne (Keilrahmen);;;;weitere Rahmenoptionen möglich
Wandbild;Fotoleinwand;1;;Leinwand;Baumwoll-Leinwand;;;Latex-/Digitaldruck HD;Latexdruck;Querformat;diverse;30;30;30x30;;;ohne (Keilrahmen);;;;weitere Rahmenoptionen möglich
Wandbild;Fotoleinwand;1;;Leinwand;Baumwoll-Leinwand;;;Latex-/Digitaldruck HD;Latexdruck;Querformat;diverse;30;40;30x40;;;ohne (Keilrahmen);;;;weitere Rahmenoptionen möglich
Wandbild;Fotoleinwand;1;;Leinwand;Baumwoll-Leinwand;;;Latex-/Digitaldruck HD;Latexdruck;Querformat;diverse;30;45;30x45;;;ohne (Keilrahmen);;;;weitere Rahmenoptionen möglich
Wandbild;Fotoleinwand;1;;Leinwand;Baumwoll-Leinwand;;;Latex-/Digitaldruck HD;Latexdruck;Querformat;diverse;40;40;40x40;;;ohne (Keilrahmen);;;;weitere Rahmenoptionen möglich
Wandbild;Fotoleinwand;1;;Leinwand;Baumwoll-Leinwand;;;Latex-/Digitaldruck HD;Latexdruck;Querformat;diverse;40;50;40x50;;;ohne (Keilrahmen);;;;weitere Rahmenoptionen möglich
Wandbild;Fotoleinwand;1;;Leinwand;Baumwoll-Leinwand;;;Latex-/Digitaldruck HD;Latexdruck;Querformat;diverse;40;60;40x60;;;ohne (Keilrahmen);;;;weitere Rahmenoptionen möglich
Wandbild;Fotoleinwand;1;;Leinwand;Baumwoll-Leinwand;;;Latex-/Digitaldruck HD;Latexdruck;Querformat;diverse;50;50;50x50;;;ohne (Keilrahmen);;;;weitere Rahmenoptionen möglich
Wandbild;Fotoleinwand;1;;Leinwand;Baumwoll-Leinwand;;;Latex-/Digitaldruck HD;Latexdruck;Querformat;diverse;50;75;50x75;;;ohne (Keilrahmen);;;;weitere Rahmenoptionen möglich
Wandbild;Fotoleinwand;1;;Leinwand;Baumwoll-Leinwand;;;Latex-/Digitaldruck HD;Latexdruck;Querformat;diverse;60;80;60x80;;;ohne (Keilrahmen);;;;weitere Rahmenoptionen möglich
Wandbild;Fotoleinwand;1;;Leinwand;Baumwoll-Leinwand;;;Latex-/Digitaldruck HD;Latexdruck;Querformat;diverse;60;90;60x90;;;ohne (Keilrahmen);;;;weitere Rahmenoptionen möglich
Wandbild;Fotoleinwand;1;;Leinwand;Baumwoll-Leinwand;;;Latex-/Digitaldruck HD;Latexdruck;Querformat;diverse;80;120;80x120;;;ohne (Keilrahmen);;;;weitere Rahmenoptionen möglich
Wandbild;GalleryPrint;1;;Glas / Galerie;GalleryPrint;;;GalleryPrint;Fotografisch;Hochformat;diverse;10;10;10x10;;;ohne;;;;
Wandbild;GalleryPrint;1;;Glas / Galerie;GalleryPrint;;;GalleryPrint;Fotografisch;Hochformat;diverse;10;15;10x15;;;ohne;;;;
Wandbild;GalleryPrint;1;;Glas / Galerie;GalleryPrint;;;GalleryPrint;Fotografisch;Hochformat;diverse;10;20;10x20;;;ohne;;;;
Wandbild;GalleryPrint;1;;Glas / Galerie;GalleryPrint;;;GalleryPrint;Fotografisch;Hochformat;diverse;13;18;13x18;;;ohne;;;;
Wandbild;GalleryPrint;1;;Glas / Galerie;GalleryPrint;;;GalleryPrint;Fotografisch;Hochformat;diverse;15;15;15x15;;;ohne;;;;
Wandbild;GalleryPrint;1;;Glas / Galerie;GalleryPrint;;;GalleryPrint;Fotografisch;Hochformat;diverse;20;20;20x20;;;ohne;;;;
Wandbild;GalleryPrint;1;;Glas / Galerie;GalleryPrint;;;GalleryPrint;Fotografisch;Hochformat;diverse;20;30;20x30;;;ohne;;;;
Wandbild;GalleryPrint;1;;Glas / Galerie;GalleryPrint;;;GalleryPrint;Fotografisch;Hochformat;diverse;20;40;20x40;;;ohne;;;;
Wandbild;GalleryPrint;1;;Glas / Galerie;GalleryPrint;;;GalleryPrint;Fotografisch;Hochformat;diverse;20;60;20x60;;;ohne;;;;
Wandbild;GalleryPrint;1;;Glas / Galerie;GalleryPrint;;;GalleryPrint;Fotografisch;Hochformat;diverse;20;80;20x80;;;ohne;;;;
Wandbild;GalleryPrint;1;;Glas / Galerie;GalleryPrint;;;GalleryPrint;Fotografisch;Hochformat;diverse;30;30;30x30;;;ohne;;;;
Wandbild;GalleryPrint;1;;Glas / Galerie;GalleryPrint;;;GalleryPrint;Fotografisch;Hochformat;diverse;30;40;30x40;;;ohne;;;;
Wandbild;GalleryPrint;1;;Glas / Galerie;GalleryPrint;;;GalleryPrint;Fotografisch;Hochformat;diverse;30;45;30x45;;;ohne;;;;
Wandbild;GalleryPrint;1;;Glas / Galerie;GalleryPrint;;;GalleryPrint;Fotografisch;Hochformat;diverse;30;50;30x50;;;ohne;;;;
Wandbild;GalleryPrint;1;;Glas / Galerie;GalleryPrint;;;GalleryPrint;Fotografisch;Hochformat;diverse;30;60;30x60;;;ohne;;;;
Wandbild;GalleryPrint;1;;Glas / Galerie;GalleryPrint;;;GalleryPrint;Fotografisch;Hochformat;diverse;30;90;30x90;;;ohne;;;;
Wandbild;GalleryPrint;1;;Glas / Galerie;GalleryPrint;;;GalleryPrint;Fotografisch;Hochformat;diverse;30;120;30x120;;;ohne;;;;
Wandbild;GalleryPrint;1;;Glas / Galerie;GalleryPrint;;;GalleryPrint;Fotografisch;Hochformat;diverse;40;40;40x40;;;ohne;;;;
Wandbild;GalleryPrint;1;;Glas / Galerie;GalleryPrint;;;GalleryPrint;Fotografisch;Hochformat;diverse;40;50;40x50;;;ohne;;;;
Wandbild;GalleryPrint;1;;Glas / Galerie;GalleryPrint;;;GalleryPrint;Fotografisch;Hochformat;diverse;40;60;40x60;;;ohne;;;;
Wandbild;GalleryPrint;1;;Glas / Galerie;GalleryPrint;;;GalleryPrint;Fotografisch;Hochformat;diverse;40;70;40x70;;;ohne;;;;
Wandbild;GalleryPrint;1;;Glas / Galerie;GalleryPrint;;;GalleryPrint;Fotografisch;Hochformat;diverse;40;80;40x80;;;ohne;;;;
Wandbild;GalleryPrint;1;;Glas / Galerie;GalleryPrint;;;GalleryPrint;Fotografisch;Hochformat;diverse;40;120;40x120;;;ohne;;;;
Wandbild;GalleryPrint;1;;Glas / Galerie;GalleryPrint;;;GalleryPrint;Fotografisch;Hochformat;diverse;40;160;40x160;;;ohne;;;;
Wandbild;GalleryPrint;1;;Glas / Galerie;GalleryPrint;;;GalleryPrint;Fotografisch;Hochformat;diverse;45;60;45x60;;;ohne;;;;
Wandbild;GalleryPrint;1;;Glas / Galerie;GalleryPrint;;;GalleryPrint;Fotografisch;Hochformat;diverse;50;50;50x50;;;ohne;;;;
Wandbild;GalleryPrint;1;;Glas / Galerie;GalleryPrint;;;GalleryPrint;Fotografisch;Hochformat;diverse;50;70;50x70;;;ohne;;;;
Wandbild;GalleryPrint;1;;Glas / Galerie;GalleryPrint;;;GalleryPrint;Fotografisch;Hochformat;diverse;50;75;50x75;;;ohne;;;;
Wandbild;GalleryPrint;1;;Glas / Galerie;GalleryPrint;;;GalleryPrint;Fotografisch;Hochformat;diverse;50;100;50x100;;;ohne;;;;
Wandbild;GalleryPrint;1;;Glas / Galerie;GalleryPrint;;;GalleryPrint;Fotografisch;Hochformat;diverse;50;120;50x120;;;ohne;;;;
Wandbild;GalleryPrint;1;;Glas / Galerie;GalleryPrint;;;GalleryPrint;Fotografisch;Hochformat;diverse;50;140;50x140;;;ohne;;;;
Wandbild;GalleryPrint;1;;Glas / Galerie;GalleryPrint;;;GalleryPrint;Fotografisch;Hochformat;diverse;50;160;50x160;;;ohne;;;;
Wandbild;GalleryPrint;1;;Glas / Galerie;GalleryPrint;;;GalleryPrint;Fotografisch;Hochformat;diverse;60;60;60x60;;;ohne;;;;
Wandbild;GalleryPrint;1;;Glas / Galerie;GalleryPrint;;;GalleryPrint;Fotografisch;Hochformat;diverse;60;80;60x80;;;ohne;;;;
Wandbild;GalleryPrint;1;;Glas / Galerie;GalleryPrint;;;GalleryPrint;Fotografisch;Hochformat;diverse;60;90;60x90;;;ohne;;;;
Wandbild;GalleryPrint;1;;Glas / Galerie;GalleryPrint;;;GalleryPrint;Fotografisch;Hochformat;diverse;60;120;60x120;;;ohne;;;;
Wandbild;GalleryPrint;1;;Glas / Galerie;GalleryPrint;;;GalleryPrint;Fotografisch;Hochformat;diverse;70;70;70x70;;;ohne;;;;
Wandbild;GalleryPrint;1;;Glas / Galerie;GalleryPrint;;;GalleryPrint;Fotografisch;Hochformat;diverse;70;120;70x120;;;ohne;;;;
Wandbild;GalleryPrint;1;;Glas / Galerie;GalleryPrint;;;GalleryPrint;Fotografisch;Hochformat;diverse;75;75;75x75;;;ohne;;;;
Wandbild;GalleryPrint;1;;Glas / Galerie;GalleryPrint;;;GalleryPrint;Fotografisch;Hochformat;diverse;75;100;75x100;;;ohne;;;;
Wandbild;GalleryPrint;1;;Glas / Galerie;GalleryPrint;;;GalleryPrint;Fotografisch;Hochformat;diverse;80;80;80x80;;;ohne;;;;
Wandbild;GalleryPrint;1;;Glas / Galerie;GalleryPrint;;;GalleryPrint;Fotografisch;Hochformat;diverse;80;100;80x100;;;ohne;;;;
Wandbild;GalleryPrint;1;;Glas / Galerie;GalleryPrint;;;GalleryPrint;Fotografisch;Hochformat;diverse;80;120;80x120;;;ohne;;;;
Wandbild;GalleryPrint;1;;Glas / Galerie;GalleryPrint;;;GalleryPrint;Fotografisch;Hochformat;diverse;90;90;90x90;;;ohne;;;;
Wandbild;GalleryPrint;1;;Glas / Galerie;GalleryPrint;;;GalleryPrint;Fotografisch;Hochformat;diverse;90;120;90x120;;;ohne;;;;
Wandbild;GalleryPrint;1;;Glas / Galerie;GalleryPrint;;;GalleryPrint;Fotografisch;Hochformat;diverse;90;160;90x160;;;ohne;;;;
Wandbild;GalleryPrint;1;;Glas / Galerie;GalleryPrint;;;GalleryPrint;Fotografisch;Hochformat;diverse;100;100;100x100;;;ohne;;;;
Wandbild;GalleryPrint;1;;Glas / Galerie;GalleryPrint;;;GalleryPrint;Fotografisch;Hochformat;diverse;100;120;100x120;;;ohne;;;;
Wandbild;GalleryPrint;1;;Glas / Galerie;GalleryPrint;;;GalleryPrint;Fotografisch;Hochformat;diverse;100;140;100x140;;;ohne;;;;
Wandbild;GalleryPrint;1;;Glas / Galerie;GalleryPrint;;;GalleryPrint;Fotografisch;Hochformat;diverse;100;160;100x160;;;ohne;;;;
Wandbild;GalleryPrint;1;;Glas / Galerie;GalleryPrint;;;GalleryPrint;Fotografisch;Hochformat;diverse;100;180;100x180;;;ohne;;;;
Wandbild;GalleryPrint;1;;Glas / Galerie;GalleryPrint;;;GalleryPrint;Fotografisch;Hochformat;diverse;100;200;100x200;;;ohne;;;;
Wandbild;GalleryPrint;1;;Glas / Galerie;GalleryPrint;;;GalleryPrint;Fotografisch;Querformat;diverse;10;10;10x10;;;ohne;;;;
Wandbild;GalleryPrint;1;;Glas / Galerie;GalleryPrint;;;GalleryPrint;Fotografisch;Querformat;diverse;10;15;10x15;;;ohne;;;;
Wandbild;GalleryPrint;1;;Glas / Galerie;GalleryPrint;;;GalleryPrint;Fotografisch;Querformat;diverse;10;20;10x20;;;ohne;;;;
Wandbild;GalleryPrint;1;;Glas / Galerie;GalleryPrint;;;GalleryPrint;Fotografisch;Querformat;diverse;13;18;13x18;;;ohne;;;;
Wandbild;GalleryPrint;1;;Glas / Galerie;GalleryPrint;;;GalleryPrint;Fotografisch;Querformat;diverse;15;15;15x15;;;ohne;;;;
Wandbild;GalleryPrint;1;;Glas / Galerie;GalleryPrint;;;GalleryPrint;Fotografisch;Querformat;diverse;20;20;20x20;;;ohne;;;;
Wandbild;GalleryPrint;1;;Glas / Galerie;GalleryPrint;;;GalleryPrint;Fotografisch;Querformat;diverse;20;30;20x30;;;ohne;;;;
Wandbild;GalleryPrint;1;;Glas / Galerie;GalleryPrint;;;GalleryPrint;Fotografisch;Querformat;diverse;20;40;20x40;;;ohne;;;;
Wandbild;GalleryPrint;1;;Glas / Galerie;GalleryPrint;;;GalleryPrint;Fotografisch;Querformat;diverse;20;60;20x60;;;ohne;;;;
Wandbild;GalleryPrint;1;;Glas / Galerie;GalleryPrint;;;GalleryPrint;Fotografisch;Querformat;diverse;20;80;20x80;;;ohne;;;;
Wandbild;GalleryPrint;1;;Glas / Galerie;GalleryPrint;;;GalleryPrint;Fotografisch;Querformat;diverse;30;30;30x30;;;ohne;;;;
Wandbild;GalleryPrint;1;;Glas / Galerie;GalleryPrint;;;GalleryPrint;Fotografisch;Querformat;diverse;30;40;30x40;;;ohne;;;;
Wandbild;GalleryPrint;1;;Glas / Galerie;GalleryPrint;;;GalleryPrint;Fotografisch;Querformat;diverse;30;45;30x45;;;ohne;;;;
Wandbild;GalleryPrint;1;;Glas / Galerie;GalleryPrint;;;GalleryPrint;Fotografisch;Querformat;diverse;30;50;30x50;;;ohne;;;;
Wandbild;GalleryPrint;1;;Glas / Galerie;GalleryPrint;;;GalleryPrint;Fotografisch;Querformat;diverse;30;60;30x60;;;ohne;;;;
Wandbild;GalleryPrint;1;;Glas / Galerie;GalleryPrint;;;GalleryPrint;Fotografisch;Querformat;diverse;30;90;30x90;;;ohne;;;;
Wandbild;GalleryPrint;1;;Glas / Galerie;GalleryPrint;;;GalleryPrint;Fotografisch;Querformat;diverse;30;120;30x120;;;ohne;;;;
Wandbild;GalleryPrint;1;;Glas / Galerie;GalleryPrint;;;GalleryPrint;Fotografisch;Querformat;diverse;40;40;40x40;;;ohne;;;;
Wandbild;GalleryPrint;1;;Glas / Galerie;GalleryPrint;;;GalleryPrint;Fotografisch;Querformat;diverse;40;50;40x50;;;ohne;;;;
Wandbild;GalleryPrint;1;;Glas / Galerie;GalleryPrint;;;GalleryPrint;Fotografisch;Querformat;diverse;40;60;40x60;;;ohne;;;;
Wandbild;GalleryPrint;1;;Glas / Galerie;GalleryPrint;;;GalleryPrint;Fotografisch;Querformat;diverse;40;70;40x70;;;ohne;;;;
Wandbild;GalleryPrint;1;;Glas / Galerie;GalleryPrint;;;GalleryPrint;Fotografisch;Querformat;diverse;40;80;40x80;;;ohne;;;;
Wandbild;GalleryPrint;1;;Glas / Galerie;GalleryPrint;;;GalleryPrint;Fotografisch;Querformat;diverse;40;120;40x120;;;ohne;;;;
Wandbild;GalleryPrint;1;;Glas / Galerie;GalleryPrint;;;GalleryPrint;Fotografisch;Querformat;diverse;40;160;40x160;;;ohne;;;;
Wandbild;GalleryPrint;1;;Glas / Galerie;GalleryPrint;;;GalleryPrint;Fotografisch;Querformat;diverse;45;60;45x60;;;ohne;;;;
Wandbild;GalleryPrint;1;;Glas / Galerie;GalleryPrint;;;GalleryPrint;Fotografisch;Querformat;diverse;50;50;50x50;;;ohne;;;;
Wandbild;GalleryPrint;1;;Glas / Galerie;GalleryPrint;;;GalleryPrint;Fotografisch;Querformat;diverse;50;70;50x70;;;ohne;;;;
Wandbild;GalleryPrint;1;;Glas / Galerie;GalleryPrint;;;GalleryPrint;Fotografisch;Querformat;diverse;50;75;50x75;;;ohne;;;;
Wandbild;GalleryPrint;1;;Glas / Galerie;GalleryPrint;;;GalleryPrint;Fotografisch;Querformat;diverse;50;100;50x100;;;ohne;;;;
Wandbild;GalleryPrint;1;;Glas / Galerie;GalleryPrint;;;GalleryPrint;Fotografisch;Querformat;diverse;50;120;50x120;;;ohne;;;;
Wandbild;GalleryPrint;1;;Glas / Galerie;GalleryPrint;;;GalleryPrint;Fotografisch;Querformat;diverse;50;140;50x140;;;ohne;;;;
Wandbild;GalleryPrint;1;;Glas / Galerie;GalleryPrint;;;GalleryPrint;Fotografisch;Querformat;diverse;50;160;50x160;;;ohne;;;;
Wandbild;GalleryPrint;1;;Glas / Galerie;GalleryPrint;;;GalleryPrint;Fotografisch;Querformat;diverse;60;60;60x60;;;ohne;;;;
Wandbild;GalleryPrint;1;;Glas / Galerie;GalleryPrint;;;GalleryPrint;Fotografisch;Querformat;diverse;60;80;60x80;;;ohne;;;;
Wandbild;GalleryPrint;1;;Glas / Galerie;GalleryPrint;;;GalleryPrint;Fotografisch;Querformat;diverse;60;90;60x90;;;ohne;;;;
Wandbild;GalleryPrint;1;;Glas / Galerie;GalleryPrint;;;GalleryPrint;Fotografisch;Querformat;diverse;60;120;60x120;;;ohne;;;;
Wandbild;GalleryPrint;1;;Glas / Galerie;GalleryPrint;;;GalleryPrint;Fotografisch;Querformat;diverse;70;70;70x70;;;ohne;;;;
Wandbild;GalleryPrint;1;;Glas / Galerie;GalleryPrint;;;GalleryPrint;Fotografisch;Querformat;diverse;70;120;70x120;;;ohne;;;;
Wandbild;GalleryPrint;1;;Glas / Galerie;GalleryPrint;;;GalleryPrint;Fotografisch;Querformat;diverse;75;75;75x75;;;ohne;;;;
Wandbild;GalleryPrint;1;;Glas / Galerie;GalleryPrint;;;GalleryPrint;Fotografisch;Querformat;diverse;75;100;75x100;;;ohne;;;;
Wandbild;GalleryPrint;1;;Glas / Galerie;GalleryPrint;;;GalleryPrint;Fotografisch;Querformat;diverse;80;80;80x80;;;ohne;;;;
Wandbild;GalleryPrint;1;;Glas / Galerie;GalleryPrint;;;GalleryPrint;Fotografisch;Querformat;diverse;80;100;80x100;;;ohne;;;;
Wandbild;GalleryPrint;1;;Glas / Galerie;GalleryPrint;;;GalleryPrint;Fotografisch;Querformat;diverse;80;120;80x120;;;ohne;;;;
Wandbild;GalleryPrint;1;;Glas / Galerie;GalleryPrint;;;GalleryPrint;Fotografisch;Querformat;diverse;90;90;90x90;;;ohne;;;;
Wandbild;GalleryPrint;1;;Glas / Galerie;GalleryPrint;;;GalleryPrint;Fotografisch;Querformat;diverse;90;120;90x120;;;ohne;;;;
Wandbild;GalleryPrint;1;;Glas / Galerie;GalleryPrint;;;GalleryPrint;Fotografisch;Querformat;diverse;90;160;90x160;;;ohne;;;;
Wandbild;GalleryPrint;1;;Glas / Galerie;GalleryPrint;;;GalleryPrint;Fotografisch;Querformat;diverse;100;100;100x100;;;ohne;;;;
Wandbild;GalleryPrint;1;;Glas / Galerie;GalleryPrint;;;GalleryPrint;Fotografisch;Querformat;diverse;100;120;100x120;;;ohne;;;;
Wandbild;GalleryPrint;1;;Glas / Galerie;GalleryPrint;;;GalleryPrint;Fotografisch;Querformat;diverse;100;140;100x140;;;ohne;;;;
Wandbild;GalleryPrint;1;;Glas / Galerie;GalleryPrint;;;GalleryPrint;Fotografisch;Querformat;diverse;100;160;100x160;;;ohne;;;;
Wandbild;GalleryPrint;1;;Glas / Galerie;GalleryPrint;;;GalleryPrint;Fotografisch;Querformat;diverse;100;180;100x180;;;ohne;;;;
Wandbild;GalleryPrint;1;;Glas / Galerie;GalleryPrint;;;GalleryPrint;Fotografisch;Querformat;diverse;100;200;100x200;;;ohne;;;;
Wandbild;Hartschaumplatte;1;;Hartschaumplatte;Hartschaumplatte;;;Direktdruck HD;Direktdruck;Hochformat;diverse;10;10;10x10;;;ohne (weitere möglich);;5 mm;;
Wandbild;Hartschaumplatte;1;;Hartschaumplatte;Hartschaumplatte;;;Direktdruck HD;Direktdruck;Hochformat;diverse;10;15;10x15;;;ohne (weitere möglich);;5 mm;;
Wandbild;Hartschaumplatte;1;;Hartschaumplatte;Hartschaumplatte;;;Direktdruck HD;Direktdruck;Hochformat;diverse;10;20;10x20;;;ohne (weitere möglich);;5 mm;;
Wandbild;Hartschaumplatte;1;;Hartschaumplatte;Hartschaumplatte;;;Direktdruck HD;Direktdruck;Hochformat;diverse;13;18;13x18;;;ohne (weitere möglich);;5 mm;;
Wandbild;Hartschaumplatte;1;;Hartschaumplatte;Hartschaumplatte;;;Direktdruck HD;Direktdruck;Hochformat;diverse;15;15;15x15;;;ohne (weitere möglich);;5 mm;;
Wandbild;Hartschaumplatte;1;;Hartschaumplatte;Hartschaumplatte;;;Direktdruck HD;Direktdruck;Hochformat;diverse;20;20;20x20;;;ohne (weitere möglich);;5 mm;;
Wandbild;Hartschaumplatte;1;;Hartschaumplatte;Hartschaumplatte;;;Direktdruck HD;Direktdruck;Hochformat;diverse;20;30;20x30;;;ohne (weitere möglich);;5 mm;;
Wandbild;Hartschaumplatte;1;;Hartschaumplatte;Hartschaumplatte;;;Direktdruck HD;Direktdruck;Hochformat;diverse;20;40;20x40;;;ohne (weitere möglich);;5 mm;;
Wandbild;Hartschaumplatte;1;;Hartschaumplatte;Hartschaumplatte;;;Direktdruck HD;Direktdruck;Hochformat;diverse;20;60;20x60;;;ohne (weitere möglich);;5 mm;;
Wandbild;Hartschaumplatte;1;;Hartschaumplatte;Hartschaumplatte;;;Direktdruck HD;Direktdruck;Hochformat;diverse;20;80;20x80;;;ohne (weitere möglich);;5 mm;;
Wandbild;Hartschaumplatte;1;;Hartschaumplatte;Hartschaumplatte;;;Direktdruck HD;Direktdruck;Hochformat;diverse;30;30;30x30;;;ohne (weitere möglich);;5 mm;;
Wandbild;Hartschaumplatte;1;;Hartschaumplatte;Hartschaumplatte;;;Direktdruck HD;Direktdruck;Hochformat;diverse;30;40;30x40;;;ohne (weitere möglich);;5 mm;;
Wandbild;Hartschaumplatte;1;;Hartschaumplatte;Hartschaumplatte;;;Direktdruck HD;Direktdruck;Hochformat;diverse;30;45;30x45;;;ohne (weitere möglich);;5 mm;;
Wandbild;Hartschaumplatte;1;;Hartschaumplatte;Hartschaumplatte;;;Direktdruck HD;Direktdruck;Hochformat;diverse;30;50;30x50;;;ohne (weitere möglich);;5 mm;;
Wandbild;Hartschaumplatte;1;;Hartschaumplatte;Hartschaumplatte;;;Direktdruck HD;Direktdruck;Hochformat;diverse;30;60;30x60;;;ohne (weitere möglich);;5 mm;;
Wandbild;Hartschaumplatte;1;;Hartschaumplatte;Hartschaumplatte;;;Direktdruck HD;Direktdruck;Hochformat;diverse;30;90;30x90;;;ohne (weitere möglich);;5 mm;;
Wandbild;Hartschaumplatte;1;;Hartschaumplatte;Hartschaumplatte;;;Direktdruck HD;Direktdruck;Hochformat;diverse;30;120;30x120;;;ohne (weitere möglich);;5 mm;;
Wandbild;Hartschaumplatte;1;;Hartschaumplatte;Hartschaumplatte;;;Direktdruck HD;Direktdruck;Hochformat;diverse;40;40;40x40;;;ohne (weitere möglich);;5 mm;;
Wandbild;Hartschaumplatte;1;;Hartschaumplatte;Hartschaumplatte;;;Direktdruck HD;Direktdruck;Hochformat;diverse;40;50;40x50;;;ohne (weitere möglich);;5 mm;;
Wandbild;Hartschaumplatte;1;;Hartschaumplatte;Hartschaumplatte;;;Direktdruck HD;Direktdruck;Hochformat;diverse;40;60;40x60;;;ohne (weitere möglich);;5 mm;;
Wandbild;Hartschaumplatte;1;;Hartschaumplatte;Hartschaumplatte;;;Direktdruck HD;Direktdruck;Hochformat;diverse;40;70;40x70;;;ohne (weitere möglich);;5 mm;;
Wandbild;Hartschaumplatte;1;;Hartschaumplatte;Hartschaumplatte;;;Direktdruck HD;Direktdruck;Hochformat;diverse;40;80;40x80;;;ohne (weitere möglich);;5 mm;;
Wandbild;Hartschaumplatte;1;;Hartschaumplatte;Hartschaumplatte;;;Direktdruck HD;Direktdruck;Hochformat;diverse;40;120;40x120;;;ohne (weitere möglich);;5 mm;;
Wandbild;Hartschaumplatte;1;;Hartschaumplatte;Hartschaumplatte;;;Direktdruck HD;Direktdruck;Hochformat;diverse;40;160;40x160;;;ohne (weitere möglich);;5 mm;;
Wandbild;Hartschaumplatte;1;;Hartschaumplatte;Hartschaumplatte;;;Direktdruck HD;Direktdruck;Hochformat;diverse;45;60;45x60;;;ohne (weitere möglich);;5 mm;;
Wandbild;Hartschaumplatte;1;;Hartschaumplatte;Hartschaumplatte;;;Direktdruck HD;Direktdruck;Hochformat;diverse;50;50;50x50;;;ohne (weitere möglich);;5 mm;;
Wandbild;Hartschaumplatte;1;;Hartschaumplatte;Hartschaumplatte;;;Direktdruck HD;Direktdruck;Hochformat;diverse;50;70;50x70;;;ohne (weitere möglich);;5 mm;;
Wandbild;Hartschaumplatte;1;;Hartschaumplatte;Hartschaumplatte;;;Direktdruck HD;Direktdruck;Hochformat;diverse;50;75;50x75;;;ohne (weitere möglich);;5 mm;;
Wandbild;Hartschaumplatte;1;;Hartschaumplatte;Hartschaumplatte;;;Direktdruck HD;Direktdruck;Hochformat;diverse;50;100;50x100;;;ohne (weitere möglich);;5 mm;;
Wandbild;Hartschaumplatte;1;;Hartschaumplatte;Hartschaumplatte;;;Direktdruck HD;Direktdruck;Hochformat;diverse;50;120;50x120;;;ohne (weitere möglich);;5 mm;;
Wandbild;Hartschaumplatte;1;;Hartschaumplatte;Hartschaumplatte;;;Direktdruck HD;Direktdruck;Hochformat;diverse;50;140;50x140;;;ohne (weitere möglich);;5 mm;;
Wandbild;Hartschaumplatte;1;;Hartschaumplatte;Hartschaumplatte;;;Direktdruck HD;Direktdruck;Hochformat;diverse;50;160;50x160;;;ohne (weitere möglich);;5 mm;;
Wandbild;Hartschaumplatte;1;;Hartschaumplatte;Hartschaumplatte;;;Direktdruck HD;Direktdruck;Hochformat;diverse;60;60;60x60;;;ohne (weitere möglich);;5 mm;;
Wandbild;Hartschaumplatte;1;;Hartschaumplatte;Hartschaumplatte;;;Direktdruck HD;Direktdruck;Hochformat;diverse;60;80;60x80;;;ohne (weitere möglich);;5 mm;;
Wandbild;Hartschaumplatte;1;;Hartschaumplatte;Hartschaumplatte;;;Direktdruck HD;Direktdruck;Hochformat;diverse;60;90;60x90;;;ohne (weitere möglich);;5 mm;;
Wandbild;Hartschaumplatte;1;;Hartschaumplatte;Hartschaumplatte;;;Direktdruck HD;Direktdruck;Hochformat;diverse;60;120;60x120;;;ohne (weitere möglich);;5 mm;;
Wandbild;Hartschaumplatte;1;;Hartschaumplatte;Hartschaumplatte;;;Direktdruck HD;Direktdruck;Hochformat;diverse;60;140;60x140;;;ohne (weitere möglich);;5 mm;;
Wandbild;Hartschaumplatte;1;;Hartschaumplatte;Hartschaumplatte;;;Direktdruck HD;Direktdruck;Hochformat;diverse;70;70;70x70;;;ohne (weitere möglich);;5 mm;;
Wandbild;Hartschaumplatte;1;;Hartschaumplatte;Hartschaumplatte;;;Direktdruck HD;Direktdruck;Hochformat;diverse;70;120;70x120;;;ohne (weitere möglich);;5 mm;;
Wandbild;Hartschaumplatte;1;;Hartschaumplatte;Hartschaumplatte;;;Direktdruck HD;Direktdruck;Hochformat;diverse;75;75;75x75;;;ohne (weitere möglich);;5 mm;;
Wandbild;Hartschaumplatte;1;;Hartschaumplatte;Hartschaumplatte;;;Direktdruck HD;Direktdruck;Hochformat;diverse;75;100;75x100;;;ohne (weitere möglich);;5 mm;;
Wandbild;Hartschaumplatte;1;;Hartschaumplatte;Hartschaumplatte;;;Direktdruck HD;Direktdruck;Hochformat;diverse;80;80;80x80;;;ohne (weitere möglich);;5 mm;;
Wandbild;Hartschaumplatte;1;;Hartschaumplatte;Hartschaumplatte;;;Direktdruck HD;Direktdruck;Hochformat;diverse;80;100;80x100;;;ohne (weitere möglich);;5 mm;;
Wandbild;Hartschaumplatte;1;;Hartschaumplatte;Hartschaumplatte;;;Direktdruck HD;Direktdruck;Hochformat;diverse;80;120;80x120;;;ohne (weitere möglich);;5 mm;;
Wandbild;Hartschaumplatte;1;;Hartschaumplatte;Hartschaumplatte;;;Direktdruck HD;Direktdruck;Hochformat;diverse;90;90;90x90;;;ohne (weitere möglich);;5 mm;;
Wandbild;Hartschaumplatte;1;;Hartschaumplatte;Hartschaumplatte;;;Direktdruck HD;Direktdruck;Hochformat;diverse;90;120;90x120;;;ohne (weitere möglich);;5 mm;;
Wandbild;Hartschaumplatte;1;;Hartschaumplatte;Hartschaumplatte;;;Direktdruck HD;Direktdruck;Hochformat;diverse;90;160;90x160;;;ohne (weitere möglich);;5 mm;;
Wandbild;Hartschaumplatte;1;;Hartschaumplatte;Hartschaumplatte;;;Direktdruck HD;Direktdruck;Hochformat;diverse;100;100;100x100;;;ohne (weitere möglich);;5 mm;;
Wandbild;Hartschaumplatte;1;;Hartschaumplatte;Hartschaumplatte;;;Direktdruck HD;Direktdruck;Hochformat;diverse;100;120;100x120;;;ohne (weitere möglich);;5 mm;;
Wandbild;Hartschaumplatte;1;;Hartschaumplatte;Hartschaumplatte;;;Direktdruck HD;Direktdruck;Hochformat;diverse;100;140;100x140;;;ohne (weitere möglich);;5 mm;;
Wandbild;Hartschaumplatte;1;;Hartschaumplatte;Hartschaumplatte;;;Direktdruck HD;Direktdruck;Hochformat;diverse;100;160;100x160;;;ohne (weitere möglich);;5 mm;;
Wandbild;Hartschaumplatte;1;;Hartschaumplatte;Hartschaumplatte;;;Direktdruck HD;Direktdruck;Hochformat;diverse;100;180;100x180;;;ohne (weitere möglich);;5 mm;;
Wandbild;Hartschaumplatte;1;;Hartschaumplatte;Hartschaumplatte;;;Direktdruck HD;Direktdruck;Hochformat;diverse;100;200;100x200;;;ohne (weitere möglich);;5 mm;;
Wandbild;Hartschaumplatte;1;;Hartschaumplatte;Hartschaumplatte;;;Direktdruck HD;Direktdruck;Hochformat;diverse;100;220;100x220;;;ohne (weitere möglich);;5 mm;;
Wandbild;Hartschaumplatte;1;;Hartschaumplatte;Hartschaumplatte;;;Direktdruck HD;Direktdruck;Hochformat;diverse;100;240;100x240;;;ohne (weitere möglich);;5 mm;;
Wandbild;Hartschaumplatte;1;;Hartschaumplatte;Hartschaumplatte;;;Direktdruck HD;Direktdruck;Hochformat;diverse;110;120;110x120;;;ohne (weitere möglich);;5 mm;;
Wandbild;Hartschaumplatte;1;;Hartschaumplatte;Hartschaumplatte;;;Direktdruck HD;Direktdruck;Hochformat;diverse;110;160;110x160;;;ohne (weitere möglich);;5 mm;;
Wandbild;Hartschaumplatte;1;;Hartschaumplatte;Hartschaumplatte;;;Direktdruck HD;Direktdruck;Hochformat;diverse;110;180;110x180;;;ohne (weitere möglich);;5 mm;;
Wandbild;Hartschaumplatte;1;;Hartschaumplatte;Hartschaumplatte;;;Direktdruck HD;Direktdruck;Hochformat;diverse;110;200;110x200;;;ohne (weitere möglich);;5 mm;;
Wandbild;Hartschaumplatte;1;;Hartschaumplatte;Hartschaumplatte;;;Direktdruck HD;Direktdruck;Hochformat;diverse;110;220;110x220;;;ohne (weitere möglich);;5 mm;;
Wandbild;Hartschaumplatte;1;;Hartschaumplatte;Hartschaumplatte;;;Direktdruck HD;Direktdruck;Hochformat;diverse;110;240;110x240;;;ohne (weitere möglich);;5 mm;;
Wandbild;Hartschaumplatte;1;;Hartschaumplatte;Hartschaumplatte;;;Direktdruck HD;Direktdruck;Querformat;diverse;10;10;10x10;;;ohne (weitere möglich);;5 mm;;
Wandbild;Hartschaumplatte;1;;Hartschaumplatte;Hartschaumplatte;;;Direktdruck HD;Direktdruck;Querformat;diverse;10;15;10x15;;;ohne (weitere möglich);;5 mm;;
Wandbild;Hartschaumplatte;1;;Hartschaumplatte;Hartschaumplatte;;;Direktdruck HD;Direktdruck;Querformat;diverse;10;20;10x20;;;ohne (weitere möglich);;5 mm;;
Wandbild;Hartschaumplatte;1;;Hartschaumplatte;Hartschaumplatte;;;Direktdruck HD;Direktdruck;Querformat;diverse;13;18;13x18;;;ohne (weitere möglich);;5 mm;;
Wandbild;Hartschaumplatte;1;;Hartschaumplatte;Hartschaumplatte;;;Direktdruck HD;Direktdruck;Querformat;diverse;15;15;15x15;;;ohne (weitere möglich);;5 mm;;
Wandbild;Hartschaumplatte;1;;Hartschaumplatte;Hartschaumplatte;;;Direktdruck HD;Direktdruck;Querformat;diverse;20;20;20x20;;;ohne (weitere möglich);;5 mm;;
Wandbild;Hartschaumplatte;1;;Hartschaumplatte;Hartschaumplatte;;;Direktdruck HD;Direktdruck;Querformat;diverse;20;30;20x30;;;ohne (weitere möglich);;5 mm;;
Wandbild;Hartschaumplatte;1;;Hartschaumplatte;Hartschaumplatte;;;Direktdruck HD;Direktdruck;Querformat;diverse;20;40;20x40;;;ohne (weitere möglich);;5 mm;;
Wandbild;Hartschaumplatte;1;;Hartschaumplatte;Hartschaumplatte;;;Direktdruck HD;Direktdruck;Querformat;diverse;20;60;20x60;;;ohne (weitere möglich);;5 mm;;
Wandbild;Hartschaumplatte;1;;Hartschaumplatte;Hartschaumplatte;;;Direktdruck HD;Direktdruck;Querformat;diverse;20;80;20x80;;;ohne (weitere möglich);;5 mm;;
Wandbild;Hartschaumplatte;1;;Hartschaumplatte;Hartschaumplatte;;;Direktdruck HD;Direktdruck;Querformat;diverse;30;30;30x30;;;ohne (weitere möglich);;5 mm;;
Wandbild;Hartschaumplatte;1;;Hartschaumplatte;Hartschaumplatte;;;Direktdruck HD;Direktdruck;Querformat;diverse;30;40;30x40;;;ohne (weitere möglich);;5 mm;;
Wandbild;Hartschaumplatte;1;;Hartschaumplatte;Hartschaumplatte;;;Direktdruck HD;Direktdruck;Querformat;diverse;30;45;30x45;;;ohne (weitere möglich);;5 mm;;
Wandbild;Hartschaumplatte;1;;Hartschaumplatte;Hartschaumplatte;;;Direktdruck HD;Direktdruck;Querformat;diverse;30;50;30x50;;;ohne (weitere möglich);;5 mm;;
Wandbild;Hartschaumplatte;1;;Hartschaumplatte;Hartschaumplatte;;;Direktdruck HD;Direktdruck;Querformat;diverse;30;60;30x60;;;ohne (weitere möglich);;5 mm;;
Wandbild;Hartschaumplatte;1;;Hartschaumplatte;Hartschaumplatte;;;Direktdruck HD;Direktdruck;Querformat;diverse;30;90;30x90;;;ohne (weitere möglich);;5 mm;;
Wandbild;Hartschaumplatte;1;;Hartschaumplatte;Hartschaumplatte;;;Direktdruck HD;Direktdruck;Querformat;diverse;30;120;30x120;;;ohne (weitere möglich);;5 mm;;
Wandbild;Hartschaumplatte;1;;Hartschaumplatte;Hartschaumplatte;;;Direktdruck HD;Direktdruck;Querformat;diverse;40;40;40x40;;;ohne (weitere möglich);;5 mm;;
Wandbild;Hartschaumplatte;1;;Hartschaumplatte;Hartschaumplatte;;;Direktdruck HD;Direktdruck;Querformat;diverse;40;50;40x50;;;ohne (weitere möglich);;5 mm;;
Wandbild;Hartschaumplatte;1;;Hartschaumplatte;Hartschaumplatte;;;Direktdruck HD;Direktdruck;Querformat;diverse;40;60;40x60;;;ohne (weitere möglich);;5 mm;;
Wandbild;Hartschaumplatte;1;;Hartschaumplatte;Hartschaumplatte;;;Direktdruck HD;Direktdruck;Querformat;diverse;40;70;40x70;;;ohne (weitere möglich);;5 mm;;
Wandbild;Hartschaumplatte;1;;Hartschaumplatte;Hartschaumplatte;;;Direktdruck HD;Direktdruck;Querformat;diverse;40;80;40x80;;;ohne (weitere möglich);;5 mm;;
Wandbild;Hartschaumplatte;1;;Hartschaumplatte;Hartschaumplatte;;;Direktdruck HD;Direktdruck;Querformat;diverse;40;120;40x120;;;ohne (weitere möglich);;5 mm;;
Wandbild;Hartschaumplatte;1;;Hartschaumplatte;Hartschaumplatte;;;Direktdruck HD;Direktdruck;Querformat;diverse;40;160;40x160;;;ohne (weitere möglich);;5 mm;;
Wandbild;Hartschaumplatte;1;;Hartschaumplatte;Hartschaumplatte;;;Direktdruck HD;Direktdruck;Querformat;diverse;45;60;45x60;;;ohne (weitere möglich);;5 mm;;
Wandbild;Hartschaumplatte;1;;Hartschaumplatte;Hartschaumplatte;;;Direktdruck HD;Direktdruck;Querformat;diverse;50;50;50x50;;;ohne (weitere möglich);;5 mm;;
Wandbild;Hartschaumplatte;1;;Hartschaumplatte;Hartschaumplatte;;;Direktdruck HD;Direktdruck;Querformat;diverse;50;70;50x70;;;ohne (weitere möglich);;5 mm;;
Wandbild;Hartschaumplatte;1;;Hartschaumplatte;Hartschaumplatte;;;Direktdruck HD;Direktdruck;Querformat;diverse;50;75;50x75;;;ohne (weitere möglich);;5 mm;;
Wandbild;Hartschaumplatte;1;;Hartschaumplatte;Hartschaumplatte;;;Direktdruck HD;Direktdruck;Querformat;diverse;50;100;50x100;;;ohne (weitere möglich);;5 mm;;
Wandbild;Hartschaumplatte;1;;Hartschaumplatte;Hartschaumplatte;;;Direktdruck HD;Direktdruck;Querformat;diverse;50;120;50x120;;;ohne (weitere möglich);;5 mm;;
Wandbild;Hartschaumplatte;1;;Hartschaumplatte;Hartschaumplatte;;;Direktdruck HD;Direktdruck;Querformat;diverse;50;140;50x140;;;ohne (weitere möglich);;5 mm;;
Wandbild;Hartschaumplatte;1;;Hartschaumplatte;Hartschaumplatte;;;Direktdruck HD;Direktdruck;Querformat;diverse;50;160;50x160;;;ohne (weitere möglich);;5 mm;;
Wandbild;Hartschaumplatte;1;;Hartschaumplatte;Hartschaumplatte;;;Direktdruck HD;Direktdruck;Querformat;diverse;60;60;60x60;;;ohne (weitere möglich);;5 mm;;
Wandbild;Hartschaumplatte;1;;Hartschaumplatte;Hartschaumplatte;;;Direktdruck HD;Direktdruck;Querformat;diverse;60;80;60x80;;;ohne (weitere möglich);;5 mm;;
Wandbild;Hartschaumplatte;1;;Hartschaumplatte;Hartschaumplatte;;;Direktdruck HD;Direktdruck;Querformat;diverse;60;90;60x90;;;ohne (weitere möglich);;5 mm;;
Wandbild;Hartschaumplatte;1;;Hartschaumplatte;Hartschaumplatte;;;Direktdruck HD;Direktdruck;Querformat;diverse;60;120;60x120;;;ohne (weitere möglich);;5 mm;;
Wandbild;Hartschaumplatte;1;;Hartschaumplatte;Hartschaumplatte;;;Direktdruck HD;Direktdruck;Querformat;diverse;60;140;60x140;;;ohne (weitere möglich);;5 mm;;
Wandbild;Hartschaumplatte;1;;Hartschaumplatte;Hartschaumplatte;;;Direktdruck HD;Direktdruck;Querformat;diverse;70;70;70x70;;;ohne (weitere möglich);;5 mm;;
Wandbild;Hartschaumplatte;1;;Hartschaumplatte;Hartschaumplatte;;;Direktdruck HD;Direktdruck;Querformat;diverse;70;120;70x120;;;ohne (weitere möglich);;5 mm;;
Wandbild;Hartschaumplatte;1;;Hartschaumplatte;Hartschaumplatte;;;Direktdruck HD;Direktdruck;Querformat;diverse;75;75;75x75;;;ohne (weitere möglich);;5 mm;;
Wandbild;Hartschaumplatte;1;;Hartschaumplatte;Hartschaumplatte;;;Direktdruck HD;Direktdruck;Querformat;diverse;75;100;75x100;;;ohne (weitere möglich);;5 mm;;
Wandbild;Hartschaumplatte;1;;Hartschaumplatte;Hartschaumplatte;;;Direktdruck HD;Direktdruck;Querformat;diverse;80;80;80x80;;;ohne (weitere möglich);;5 mm;;
Wandbild;Hartschaumplatte;1;;Hartschaumplatte;Hartschaumplatte;;;Direktdruck HD;Direktdruck;Querformat;diverse;80;100;80x100;;;ohne (weitere möglich);;5 mm;;
Wandbild;Hartschaumplatte;1;;Hartschaumplatte;Hartschaumplatte;;;Direktdruck HD;Direktdruck;Querformat;diverse;80;120;80x120;;;ohne (weitere möglich);;5 mm;;
Wandbild;Hartschaumplatte;1;;Hartschaumplatte;Hartschaumplatte;;;Direktdruck HD;Direktdruck;Querformat;diverse;90;90;90x90;;;ohne (weitere möglich);;5 mm;;
Wandbild;Hartschaumplatte;1;;Hartschaumplatte;Hartschaumplatte;;;Direktdruck HD;Direktdruck;Querformat;diverse;90;120;90x120;;;ohne (weitere möglich);;5 mm;;
Wandbild;Hartschaumplatte;1;;Hartschaumplatte;Hartschaumplatte;;;Direktdruck HD;Direktdruck;Querformat;diverse;90;160;90x160;;;ohne (weitere möglich);;5 mm;;
Wandbild;Hartschaumplatte;1;;Hartschaumplatte;Hartschaumplatte;;;Direktdruck HD;Direktdruck;Querformat;diverse;100;100;100x100;;;ohne (weitere möglich);;5 mm;;
Wandbild;Hartschaumplatte;1;;Hartschaumplatte;Hartschaumplatte;;;Direktdruck HD;Direktdruck;Querformat;diverse;100;120;100x120;;;ohne (weitere möglich);;5 mm;;
Wandbild;Hartschaumplatte;1;;Hartschaumplatte;Hartschaumplatte;;;Direktdruck HD;Direktdruck;Querformat;diverse;100;140;100x140;;;ohne (weitere möglich);;5 mm;;
Wandbild;Hartschaumplatte;1;;Hartschaumplatte;Hartschaumplatte;;;Direktdruck HD;Direktdruck;Querformat;diverse;100;160;100x160;;;ohne (weitere möglich);;5 mm;;
Wandbild;Hartschaumplatte;1;;Hartschaumplatte;Hartschaumplatte;;;Direktdruck HD;Direktdruck;Querformat;diverse;100;180;100x180;;;ohne (weitere möglich);;5 mm;;
Wandbild;Hartschaumplatte;1;;Hartschaumplatte;Hartschaumplatte;;;Direktdruck HD;Direktdruck;Querformat;diverse;100;200;100x200;;;ohne (weitere möglich);;5 mm;;
Wandbild;Hartschaumplatte;1;;Hartschaumplatte;Hartschaumplatte;;;Direktdruck HD;Direktdruck;Querformat;diverse;100;220;100x220;;;ohne (weitere möglich);;5 mm;;
Wandbild;Hartschaumplatte;1;;Hartschaumplatte;Hartschaumplatte;;;Direktdruck HD;Direktdruck;Querformat;diverse;100;240;100x240;;;ohne (weitere möglich);;5 mm;;
Wandbild;Hartschaumplatte;1;;Hartschaumplatte;Hartschaumplatte;;;Direktdruck HD;Direktdruck;Querformat;diverse;110;120;110x120;;;ohne (weitere möglich);;5 mm;;
Wandbild;Hartschaumplatte;1;;Hartschaumplatte;Hartschaumplatte;;;Direktdruck HD;Direktdruck;Querformat;diverse;110;160;110x160;;;ohne (weitere möglich);;5 mm;;
Wandbild;Hartschaumplatte;1;;Hartschaumplatte;Hartschaumplatte;;;Direktdruck HD;Direktdruck;Querformat;diverse;110;180;110x180;;;ohne (weitere möglich);;5 mm;;
Wandbild;Hartschaumplatte;1;;Hartschaumplatte;Hartschaumplatte;;;Direktdruck HD;Direktdruck;Querformat;diverse;110;200;110x200;;;ohne (weitere möglich);;5 mm;;
Wandbild;Hartschaumplatte;1;;Hartschaumplatte;Hartschaumplatte;;;Direktdruck HD;Direktdruck;Querformat;diverse;110;220;110x220;;;ohne (weitere möglich);;5 mm;;
Wandbild;Hartschaumplatte;1;;Hartschaumplatte;Hartschaumplatte;;;Direktdruck HD;Direktdruck;Querformat;diverse;110;240;110x240;;;ohne (weitere möglich);;5 mm;;
Wandbild;Hartschaumplatte;1;;Hartschaumplatte;Hartschaumplatte;;;Direktdruck Standard;Direktdruck;Hochformat;diverse;10;10;10x10;;;ohne (weitere möglich);;5 mm;;
Wandbild;Hartschaumplatte;1;;Hartschaumplatte;Hartschaumplatte;;;Direktdruck Standard;Direktdruck;Hochformat;diverse;10;15;10x15;;;ohne (weitere möglich);;5 mm;;
Wandbild;Hartschaumplatte;1;;Hartschaumplatte;Hartschaumplatte;;;Direktdruck Standard;Direktdruck;Hochformat;diverse;10;20;10x20;;;ohne (weitere möglich);;5 mm;;
Wandbild;Hartschaumplatte;1;;Hartschaumplatte;Hartschaumplatte;;;Direktdruck Standard;Direktdruck;Hochformat;diverse;13;18;13x18;;;ohne (weitere möglich);;5 mm;;
Wandbild;Hartschaumplatte;1;;Hartschaumplatte;Hartschaumplatte;;;Direktdruck Standard;Direktdruck;Hochformat;diverse;15;15;15x15;;;ohne (weitere möglich);;5 mm;;
Wandbild;Hartschaumplatte;1;;Hartschaumplatte;Hartschaumplatte;;;Direktdruck Standard;Direktdruck;Hochformat;diverse;20;20;20x20;;;ohne (weitere möglich);;5 mm;;
Wandbild;Hartschaumplatte;1;;Hartschaumplatte;Hartschaumplatte;;;Direktdruck Standard;Direktdruck;Hochformat;diverse;20;30;20x30;;;ohne (weitere möglich);;5 mm;;
Wandbild;Hartschaumplatte;1;;Hartschaumplatte;Hartschaumplatte;;;Direktdruck Standard;Direktdruck;Hochformat;diverse;20;40;20x40;;;ohne (weitere möglich);;5 mm;;
Wandbild;Hartschaumplatte;1;;Hartschaumplatte;Hartschaumplatte;;;Direktdruck Standard;Direktdruck;Hochformat;diverse;20;60;20x60;;;ohne (weitere möglich);;5 mm;;
Wandbild;Hartschaumplatte;1;;Hartschaumplatte;Hartschaumplatte;;;Direktdruck Standard;Direktdruck;Hochformat;diverse;20;80;20x80;;;ohne (weitere möglich);;5 mm;;
Wandbild;Hartschaumplatte;1;;Hartschaumplatte;Hartschaumplatte;;;Direktdruck Standard;Direktdruck;Hochformat;diverse;30;30;30x30;;;ohne (weitere möglich);;5 mm;;
Wandbild;Hartschaumplatte;1;;Hartschaumplatte;Hartschaumplatte;;;Direktdruck Standard;Direktdruck;Hochformat;diverse;30;40;30x40;;;ohne (weitere möglich);;5 mm;;
Wandbild;Hartschaumplatte;1;;Hartschaumplatte;Hartschaumplatte;;;Direktdruck Standard;Direktdruck;Hochformat;diverse;30;45;30x45;;;ohne (weitere möglich);;5 mm;;
Wandbild;Hartschaumplatte;1;;Hartschaumplatte;Hartschaumplatte;;;Direktdruck Standard;Direktdruck;Hochformat;diverse;30;50;30x50;;;ohne (weitere möglich);;5 mm;;
Wandbild;Hartschaumplatte;1;;Hartschaumplatte;Hartschaumplatte;;;Direktdruck Standard;Direktdruck;Hochformat;diverse;30;60;30x60;;;ohne (weitere möglich);;5 mm;;
Wandbild;Hartschaumplatte;1;;Hartschaumplatte;Hartschaumplatte;;;Direktdruck Standard;Direktdruck;Hochformat;diverse;30;90;30x90;;;ohne (weitere möglich);;5 mm;;
Wandbild;Hartschaumplatte;1;;Hartschaumplatte;Hartschaumplatte;;;Direktdruck Standard;Direktdruck;Hochformat;diverse;30;120;30x120;;;ohne (weitere möglich);;5 mm;;
Wandbild;Hartschaumplatte;1;;Hartschaumplatte;Hartschaumplatte;;;Direktdruck Standard;Direktdruck;Hochformat;diverse;40;40;40x40;;;ohne (weitere möglich);;5 mm;;
Wandbild;Hartschaumplatte;1;;Hartschaumplatte;Hartschaumplatte;;;Direktdruck Standard;Direktdruck;Hochformat;diverse;40;50;40x50;;;ohne (weitere möglich);;5 mm;;
Wandbild;Hartschaumplatte;1;;Hartschaumplatte;Hartschaumplatte;;;Direktdruck Standard;Direktdruck;Hochformat;diverse;40;60;40x60;;;ohne (weitere möglich);;5 mm;;
Wandbild;Hartschaumplatte;1;;Hartschaumplatte;Hartschaumplatte;;;Direktdruck Standard;Direktdruck;Hochformat;diverse;40;70;40x70;;;ohne (weitere möglich);;5 mm;;
Wandbild;Hartschaumplatte;1;;Hartschaumplatte;Hartschaumplatte;;;Direktdruck Standard;Direktdruck;Hochformat;diverse;40;80;40x80;;;ohne (weitere möglich);;5 mm;;
Wandbild;Hartschaumplatte;1;;Hartschaumplatte;Hartschaumplatte;;;Direktdruck Standard;Direktdruck;Hochformat;diverse;40;120;40x120;;;ohne (weitere möglich);;5 mm;;
Wandbild;Hartschaumplatte;1;;Hartschaumplatte;Hartschaumplatte;;;Direktdruck Standard;Direktdruck;Hochformat;diverse;40;160;40x160;;;ohne (weitere möglich);;5 mm;;
Wandbild;Hartschaumplatte;1;;Hartschaumplatte;Hartschaumplatte;;;Direktdruck Standard;Direktdruck;Hochformat;diverse;45;60;45x60;;;ohne (weitere möglich);;5 mm;;
Wandbild;Hartschaumplatte;1;;Hartschaumplatte;Hartschaumplatte;;;Direktdruck Standard;Direktdruck;Hochformat;diverse;50;50;50x50;;;ohne (weitere möglich);;5 mm;;
Wandbild;Hartschaumplatte;1;;Hartschaumplatte;Hartschaumplatte;;;Direktdruck Standard;Direktdruck;Hochformat;diverse;50;70;50x70;;;ohne (weitere möglich);;5 mm;;
Wandbild;Hartschaumplatte;1;;Hartschaumplatte;Hartschaumplatte;;;Direktdruck Standard;Direktdruck;Hochformat;diverse;50;75;50x75;;;ohne (weitere möglich);;5 mm;;
Wandbild;Hartschaumplatte;1;;Hartschaumplatte;Hartschaumplatte;;;Direktdruck Standard;Direktdruck;Hochformat;diverse;50;100;50x100;;;ohne (weitere möglich);;5 mm;;
Wandbild;Hartschaumplatte;1;;Hartschaumplatte;Hartschaumplatte;;;Direktdruck Standard;Direktdruck;Hochformat;diverse;50;120;50x120;;;ohne (weitere möglich);;5 mm;;
Wandbild;Hartschaumplatte;1;;Hartschaumplatte;Hartschaumplatte;;;Direktdruck Standard;Direktdruck;Hochformat;diverse;50;140;50x140;;;ohne (weitere möglich);;5 mm;;
Wandbild;Hartschaumplatte;1;;Hartschaumplatte;Hartschaumplatte;;;Direktdruck Standard;Direktdruck;Hochformat;diverse;50;160;50x160;;;ohne (weitere möglich);;5 mm;;
Wandbild;Hartschaumplatte;1;;Hartschaumplatte;Hartschaumplatte;;;Direktdruck Standard;Direktdruck;Hochformat;diverse;60;60;60x60;;;ohne (weitere möglich);;5 mm;;
Wandbild;Hartschaumplatte;1;;Hartschaumplatte;Hartschaumplatte;;;Direktdruck Standard;Direktdruck;Hochformat;diverse;60;80;60x80;;;ohne (weitere möglich);;5 mm;;
Wandbild;Hartschaumplatte;1;;Hartschaumplatte;Hartschaumplatte;;;Direktdruck Standard;Direktdruck;Hochformat;diverse;60;90;60x90;;;ohne (weitere möglich);;5 mm;;
Wandbild;Hartschaumplatte;1;;Hartschaumplatte;Hartschaumplatte;;;Direktdruck Standard;Direktdruck;Hochformat;diverse;60;120;60x120;;;ohne (weitere möglich);;5 mm;;
Wandbild;Hartschaumplatte;1;;Hartschaumplatte;Hartschaumplatte;;;Direktdruck Standard;Direktdruck;Hochformat;diverse;60;140;60x140;;;ohne (weitere möglich);;5 mm;;
Wandbild;Hartschaumplatte;1;;Hartschaumplatte;Hartschaumplatte;;;Direktdruck Standard;Direktdruck;Hochformat;diverse;70;70;70x70;;;ohne (weitere möglich);;5 mm;;
Wandbild;Hartschaumplatte;1;;Hartschaumplatte;Hartschaumplatte;;;Direktdruck Standard;Direktdruck;Hochformat;diverse;70;120;70x120;;;ohne (weitere möglich);;5 mm;;
Wandbild;Hartschaumplatte;1;;Hartschaumplatte;Hartschaumplatte;;;Direktdruck Standard;Direktdruck;Hochformat;diverse;75;75;75x75;;;ohne (weitere möglich);;5 mm;;
Wandbild;Hartschaumplatte;1;;Hartschaumplatte;Hartschaumplatte;;;Direktdruck Standard;Direktdruck;Hochformat;diverse;75;100;75x100;;;ohne (weitere möglich);;5 mm;;
Wandbild;Hartschaumplatte;1;;Hartschaumplatte;Hartschaumplatte;;;Direktdruck Standard;Direktdruck;Hochformat;diverse;80;80;80x80;;;ohne (weitere möglich);;5 mm;;
Wandbild;Hartschaumplatte;1;;Hartschaumplatte;Hartschaumplatte;;;Direktdruck Standard;Direktdruck;Hochformat;diverse;80;100;80x100;;;ohne (weitere möglich);;5 mm;;
Wandbild;Hartschaumplatte;1;;Hartschaumplatte;Hartschaumplatte;;;Direktdruck Standard;Direktdruck;Hochformat;diverse;80;120;80x120;;;ohne (weitere möglich);;5 mm;;
Wandbild;Hartschaumplatte;1;;Hartschaumplatte;Hartschaumplatte;;;Direktdruck Standard;Direktdruck;Hochformat;diverse;90;90;90x90;;;ohne (weitere möglich);;5 mm;;
Wandbild;Hartschaumplatte;1;;Hartschaumplatte;Hartschaumplatte;;;Direktdruck Standard;Direktdruck;Hochformat;diverse;90;120;90x120;;;ohne (weitere möglich);;5 mm;;
Wandbild;Hartschaumplatte;1;;Hartschaumplatte;Hartschaumplatte;;;Direktdruck Standard;Direktdruck;Hochformat;diverse;90;160;90x160;;;ohne (weitere möglich);;5 mm;;
Wandbild;Hartschaumplatte;1;;Hartschaumplatte;Hartschaumplatte;;;Direktdruck Standard;Direktdruck;Hochformat;diverse;100;100;100x100;;;ohne (weitere möglich);;5 mm;;
Wandbild;Hartschaumplatte;1;;Hartschaumplatte;Hartschaumplatte;;;Direktdruck Standard;Direktdruck;Hochformat;diverse;100;120;100x120;;;ohne (weitere möglich);;5 mm;;
Wandbild;Hartschaumplatte;1;;Hartschaumplatte;Hartschaumplatte;;;Direktdruck Standard;Direktdruck;Hochformat;diverse;100;140;100x140;;;ohne (weitere möglich);;5 mm;;
Wandbild;Hartschaumplatte;1;;Hartschaumplatte;Hartschaumplatte;;;Direktdruck Standard;Direktdruck;Hochformat;diverse;100;160;100x160;;;ohne (weitere möglich);;5 mm;;
Wandbild;Hartschaumplatte;1;;Hartschaumplatte;Hartschaumplatte;;;Direktdruck Standard;Direktdruck;Hochformat;diverse;100;180;100x180;;;ohne (weitere möglich);;5 mm;;
Wandbild;Hartschaumplatte;1;;Hartschaumplatte;Hartschaumplatte;;;Direktdruck Standard;Direktdruck;Hochformat;diverse;100;200;100x200;;;ohne (weitere möglich);;5 mm;;
Wandbild;Hartschaumplatte;1;;Hartschaumplatte;Hartschaumplatte;;;Direktdruck Standard;Direktdruck;Hochformat;diverse;100;220;100x220;;;ohne (weitere möglich);;5 mm;;
Wandbild;Hartschaumplatte;1;;Hartschaumplatte;Hartschaumplatte;;;Direktdruck Standard;Direktdruck;Hochformat;diverse;100;240;100x240;;;ohne (weitere möglich);;5 mm;;
Wandbild;Hartschaumplatte;1;;Hartschaumplatte;Hartschaumplatte;;;Direktdruck Standard;Direktdruck;Hochformat;diverse;110;120;110x120;;;ohne (weitere möglich);;5 mm;;
Wandbild;Hartschaumplatte;1;;Hartschaumplatte;Hartschaumplatte;;;Direktdruck Standard;Direktdruck;Hochformat;diverse;110;160;110x160;;;ohne (weitere möglich);;5 mm;;
Wandbild;Hartschaumplatte;1;;Hartschaumplatte;Hartschaumplatte;;;Direktdruck Standard;Direktdruck;Hochformat;diverse;110;180;110x180;;;ohne (weitere möglich);;5 mm;;
Wandbild;Hartschaumplatte;1;;Hartschaumplatte;Hartschaumplatte;;;Direktdruck Standard;Direktdruck;Hochformat;diverse;110;200;110x200;;;ohne (weitere möglich);;5 mm;;
Wandbild;Hartschaumplatte;1;;Hartschaumplatte;Hartschaumplatte;;;Direktdruck Standard;Direktdruck;Hochformat;diverse;110;220;110x220;;;ohne (weitere möglich);;5 mm;;
Wandbild;Hartschaumplatte;1;;Hartschaumplatte;Hartschaumplatte;;;Direktdruck Standard;Direktdruck;Hochformat;diverse;110;240;110x240;;;ohne (weitere möglich);;5 mm;;
Wandbild;Hartschaumplatte;1;;Hartschaumplatte;Hartschaumplatte;;;Direktdruck Standard;Direktdruck;Querformat;diverse;10;10;10x10;;;ohne (weitere möglich);;5 mm;;
Wandbild;Hartschaumplatte;1;;Hartschaumplatte;Hartschaumplatte;;;Direktdruck Standard;Direktdruck;Querformat;diverse;10;15;10x15;;;ohne (weitere möglich);;5 mm;;
Wandbild;Hartschaumplatte;1;;Hartschaumplatte;Hartschaumplatte;;;Direktdruck Standard;Direktdruck;Querformat;diverse;10;20;10x20;;;ohne (weitere möglich);;5 mm;;
Wandbild;Hartschaumplatte;1;;Hartschaumplatte;Hartschaumplatte;;;Direktdruck Standard;Direktdruck;Querformat;diverse;13;18;13x18;;;ohne (weitere möglich);;5 mm;;
Wandbild;Hartschaumplatte;1;;Hartschaumplatte;Hartschaumplatte;;;Direktdruck Standard;Direktdruck;Querformat;diverse;15;15;15x15;;;ohne (weitere möglich);;5 mm;;
Wandbild;Hartschaumplatte;1;;Hartschaumplatte;Hartschaumplatte;;;Direktdruck Standard;Direktdruck;Querformat;diverse;20;20;20x20;;;ohne (weitere möglich);;5 mm;;
Wandbild;Hartschaumplatte;1;;Hartschaumplatte;Hartschaumplatte;;;Direktdruck Standard;Direktdruck;Querformat;diverse;20;30;20x30;;;ohne (weitere möglich);;5 mm;;
Wandbild;Hartschaumplatte;1;;Hartschaumplatte;Hartschaumplatte;;;Direktdruck Standard;Direktdruck;Querformat;diverse;20;40;20x40;;;ohne (weitere möglich);;5 mm;;
Wandbild;Hartschaumplatte;1;;Hartschaumplatte;Hartschaumplatte;;;Direktdruck Standard;Direktdruck;Querformat;diverse;20;60;20x60;;;ohne (weitere möglich);;5 mm;;
Wandbild;Hartschaumplatte;1;;Hartschaumplatte;Hartschaumplatte;;;Direktdruck Standard;Direktdruck;Querformat;diverse;20;80;20x80;;;ohne (weitere möglich);;5 mm;;
Wandbild;Hartschaumplatte;1;;Hartschaumplatte;Hartschaumplatte;;;Direktdruck Standard;Direktdruck;Querformat;diverse;30;30;30x30;;;ohne (weitere möglich);;5 mm;;
Wandbild;Hartschaumplatte;1;;Hartschaumplatte;Hartschaumplatte;;;Direktdruck Standard;Direktdruck;Querformat;diverse;30;40;30x40;;;ohne (weitere möglich);;5 mm;;
Wandbild;Hartschaumplatte;1;;Hartschaumplatte;Hartschaumplatte;;;Direktdruck Standard;Direktdruck;Querformat;diverse;30;45;30x45;;;ohne (weitere möglich);;5 mm;;
Wandbild;Hartschaumplatte;1;;Hartschaumplatte;Hartschaumplatte;;;Direktdruck Standard;Direktdruck;Querformat;diverse;30;50;30x50;;;ohne (weitere möglich);;5 mm;;
Wandbild;Hartschaumplatte;1;;Hartschaumplatte;Hartschaumplatte;;;Direktdruck Standard;Direktdruck;Querformat;diverse;30;60;30x60;;;ohne (weitere möglich);;5 mm;;
Wandbild;Hartschaumplatte;1;;Hartschaumplatte;Hartschaumplatte;;;Direktdruck Standard;Direktdruck;Querformat;diverse;30;90;30x90;;;ohne (weitere möglich);;5 mm;;
Wandbild;Hartschaumplatte;1;;Hartschaumplatte;Hartschaumplatte;;;Direktdruck Standard;Direktdruck;Querformat;diverse;30;120;30x120;;;ohne (weitere möglich);;5 mm;;
Wandbild;Hartschaumplatte;1;;Hartschaumplatte;Hartschaumplatte;;;Direktdruck Standard;Direktdruck;Querformat;diverse;40;40;40x40;;;ohne (weitere möglich);;5 mm;;
Wandbild;Hartschaumplatte;1;;Hartschaumplatte;Hartschaumplatte;;;Direktdruck Standard;Direktdruck;Querformat;diverse;40;50;40x50;;;ohne (weitere möglich);;5 mm;;
Wandbild;Hartschaumplatte;1;;Hartschaumplatte;Hartschaumplatte;;;Direktdruck Standard;Direktdruck;Querformat;diverse;40;60;40x60;;;ohne (weitere möglich);;5 mm;;
Wandbild;Hartschaumplatte;1;;Hartschaumplatte;Hartschaumplatte;;;Direktdruck Standard;Direktdruck;Querformat;diverse;40;70;40x70;;;ohne (weitere möglich);;5 mm;;
Wandbild;Hartschaumplatte;1;;Hartschaumplatte;Hartschaumplatte;;;Direktdruck Standard;Direktdruck;Querformat;diverse;40;80;40x80;;;ohne (weitere möglich);;5 mm;;
Wandbild;Hartschaumplatte;1;;Hartschaumplatte;Hartschaumplatte;;;Direktdruck Standard;Direktdruck;Querformat;diverse;40;120;40x120;;;ohne (weitere möglich);;5 mm;;
Wandbild;Hartschaumplatte;1;;Hartschaumplatte;Hartschaumplatte;;;Direktdruck Standard;Direktdruck;Querformat;diverse;40;160;40x160;;;ohne (weitere möglich);;5 mm;;
Wandbild;Hartschaumplatte;1;;Hartschaumplatte;Hartschaumplatte;;;Direktdruck Standard;Direktdruck;Querformat;diverse;45;60;45x60;;;ohne (weitere möglich);;5 mm;;
Wandbild;Hartschaumplatte;1;;Hartschaumplatte;Hartschaumplatte;;;Direktdruck Standard;Direktdruck;Querformat;diverse;50;50;50x50;;;ohne (weitere möglich);;5 mm;;
Wandbild;Hartschaumplatte;1;;Hartschaumplatte;Hartschaumplatte;;;Direktdruck Standard;Direktdruck;Querformat;diverse;50;70;50x70;;;ohne (weitere möglich);;5 mm;;
Wandbild;Hartschaumplatte;1;;Hartschaumplatte;Hartschaumplatte;;;Direktdruck Standard;Direktdruck;Querformat;diverse;50;75;50x75;;;ohne (weitere möglich);;5 mm;;
Wandbild;Hartschaumplatte;1;;Hartschaumplatte;Hartschaumplatte;;;Direktdruck Standard;Direktdruck;Querformat;diverse;50;100;50x100;;;ohne (weitere möglich);;5 mm;;
Wandbild;Hartschaumplatte;1;;Hartschaumplatte;Hartschaumplatte;;;Direktdruck Standard;Direktdruck;Querformat;diverse;50;120;50x120;;;ohne (weitere möglich);;5 mm;;
Wandbild;Hartschaumplatte;1;;Hartschaumplatte;Hartschaumplatte;;;Direktdruck Standard;Direktdruck;Querformat;diverse;50;140;50x140;;;ohne (weitere möglich);;5 mm;;
Wandbild;Hartschaumplatte;1;;Hartschaumplatte;Hartschaumplatte;;;Direktdruck Standard;Direktdruck;Querformat;diverse;50;160;50x160;;;ohne (weitere möglich);;5 mm;;
Wandbild;Hartschaumplatte;1;;Hartschaumplatte;Hartschaumplatte;;;Direktdruck Standard;Direktdruck;Querformat;diverse;60;60;60x60;;;ohne (weitere möglich);;5 mm;;
Wandbild;Hartschaumplatte;1;;Hartschaumplatte;Hartschaumplatte;;;Direktdruck Standard;Direktdruck;Querformat;diverse;60;80;60x80;;;ohne (weitere möglich);;5 mm;;
Wandbild;Hartschaumplatte;1;;Hartschaumplatte;Hartschaumplatte;;;Direktdruck Standard;Direktdruck;Querformat;diverse;60;90;60x90;;;ohne (weitere möglich);;5 mm;;
Wandbild;Hartschaumplatte;1;;Hartschaumplatte;Hartschaumplatte;;;Direktdruck Standard;Direktdruck;Querformat;diverse;60;120;60x120;;;ohne (weitere möglich);;5 mm;;
Wandbild;Hartschaumplatte;1;;Hartschaumplatte;Hartschaumplatte;;;Direktdruck Standard;Direktdruck;Querformat;diverse;60;140;60x140;;;ohne (weitere möglich);;5 mm;;
Wandbild;Hartschaumplatte;1;;Hartschaumplatte;Hartschaumplatte;;;Direktdruck Standard;Direktdruck;Querformat;diverse;70;70;70x70;;;ohne (weitere möglich);;5 mm;;
Wandbild;Hartschaumplatte;1;;Hartschaumplatte;Hartschaumplatte;;;Direktdruck Standard;Direktdruck;Querformat;diverse;70;120;70x120;;;ohne (weitere möglich);;5 mm;;
Wandbild;Hartschaumplatte;1;;Hartschaumplatte;Hartschaumplatte;;;Direktdruck Standard;Direktdruck;Querformat;diverse;75;75;75x75;;;ohne (weitere möglich);;5 mm;;
Wandbild;Hartschaumplatte;1;;Hartschaumplatte;Hartschaumplatte;;;Direktdruck Standard;Direktdruck;Querformat;diverse;75;100;75x100;;;ohne (weitere möglich);;5 mm;;
Wandbild;Hartschaumplatte;1;;Hartschaumplatte;Hartschaumplatte;;;Direktdruck Standard;Direktdruck;Querformat;diverse;80;80;80x80;;;ohne (weitere möglich);;5 mm;;
Wandbild;Hartschaumplatte;1;;Hartschaumplatte;Hartschaumplatte;;;Direktdruck Standard;Direktdruck;Querformat;diverse;80;100;80x100;;;ohne (weitere möglich);;5 mm;;
Wandbild;Hartschaumplatte;1;;Hartschaumplatte;Hartschaumplatte;;;Direktdruck Standard;Direktdruck;Querformat;diverse;80;120;80x120;;;ohne (weitere möglich);;5 mm;;
Wandbild;Hartschaumplatte;1;;Hartschaumplatte;Hartschaumplatte;;;Direktdruck Standard;Direktdruck;Querformat;diverse;90;90;90x90;;;ohne (weitere möglich);;5 mm;;
Wandbild;Hartschaumplatte;1;;Hartschaumplatte;Hartschaumplatte;;;Direktdruck Standard;Direktdruck;Querformat;diverse;90;120;90x120;;;ohne (weitere möglich);;5 mm;;
Wandbild;Hartschaumplatte;1;;Hartschaumplatte;Hartschaumplatte;;;Direktdruck Standard;Direktdruck;Querformat;diverse;90;160;90x160;;;ohne (weitere möglich);;5 mm;;
Wandbild;Hartschaumplatte;1;;Hartschaumplatte;Hartschaumplatte;;;Direktdruck Standard;Direktdruck;Querformat;diverse;100;100;100x100;;;ohne (weitere möglich);;5 mm;;
Wandbild;Hartschaumplatte;1;;Hartschaumplatte;Hartschaumplatte;;;Direktdruck Standard;Direktdruck;Querformat;diverse;100;120;100x120;;;ohne (weitere möglich);;5 mm;;
Wandbild;Hartschaumplatte;1;;Hartschaumplatte;Hartschaumplatte;;;Direktdruck Standard;Direktdruck;Querformat;diverse;100;140;100x140;;;ohne (weitere möglich);;5 mm;;
Wandbild;Hartschaumplatte;1;;Hartschaumplatte;Hartschaumplatte;;;Direktdruck Standard;Direktdruck;Querformat;diverse;100;160;100x160;;;ohne (weitere möglich);;5 mm;;
Wandbild;Hartschaumplatte;1;;Hartschaumplatte;Hartschaumplatte;;;Direktdruck Standard;Direktdruck;Querformat;diverse;100;180;100x180;;;ohne (weitere möglich);;5 mm;;
Wandbild;Hartschaumplatte;1;;Hartschaumplatte;Hartschaumplatte;;;Direktdruck Standard;Direktdruck;Querformat;diverse;100;200;100x200;;;ohne (weitere möglich);;5 mm;;
Wandbild;Hartschaumplatte;1;;Hartschaumplatte;Hartschaumplatte;;;Direktdruck Standard;Direktdruck;Querformat;diverse;100;220;100x220;;;ohne (weitere möglich);;5 mm;;
Wandbild;Hartschaumplatte;1;;Hartschaumplatte;Hartschaumplatte;;;Direktdruck Standard;Direktdruck;Querformat;diverse;100;240;100x240;;;ohne (weitere möglich);;5 mm;;
Wandbild;Hartschaumplatte;1;;Hartschaumplatte;Hartschaumplatte;;;Direktdruck Standard;Direktdruck;Querformat;diverse;110;120;110x120;;;ohne (weitere möglich);;5 mm;;
Wandbild;Hartschaumplatte;1;;Hartschaumplatte;Hartschaumplatte;;;Direktdruck Standard;Direktdruck;Querformat;diverse;110;160;110x160;;;ohne (weitere möglich);;5 mm;;
Wandbild;Hartschaumplatte;1;;Hartschaumplatte;Hartschaumplatte;;;Direktdruck Standard;Direktdruck;Querformat;diverse;110;180;110x180;;;ohne (weitere möglich);;5 mm;;
Wandbild;Hartschaumplatte;1;;Hartschaumplatte;Hartschaumplatte;;;Direktdruck Standard;Direktdruck;Querformat;diverse;110;200;110x200;;;ohne (weitere möglich);;5 mm;;
Wandbild;Hartschaumplatte;1;;Hartschaumplatte;Hartschaumplatte;;;Direktdruck Standard;Direktdruck;Querformat;diverse;110;220;110x220;;;ohne (weitere möglich);;5 mm;;
Wandbild;Hartschaumplatte;1;;Hartschaumplatte;Hartschaumplatte;;;Direktdruck Standard;Direktdruck;Querformat;diverse;110;240;110x240;;;ohne (weitere möglich);;5 mm;;
Wandbild;Poster/FineArt mit Holzaufhänger;1;;FineArt-Papier (Hahnemühle);Hahnemühle Bamboo Natural Line;;Hahnemühle;FineArt-Inkjetdruck;Pigment / FineArt;Hochformat;2:3;10;15;10x15;;;Holzleisten-Aufhängung (oben/unten);;;;
Wandbild;Poster/FineArt mit Holzaufhänger;1;;FineArt-Papier (Hahnemühle);Hahnemühle Bamboo Natural Line;;Hahnemühle;FineArt-Inkjetdruck;Pigment / FineArt;Hochformat;2:3;10.5;14.8;10.5x14.8;A6;;Holzleisten-Aufhängung (oben/unten);;;;
Wandbild;Poster/FineArt mit Holzaufhänger;1;;FineArt-Papier (Hahnemühle);Hahnemühle Bamboo Natural Line;;Hahnemühle;FineArt-Inkjetdruck;Pigment / FineArt;Hochformat;2:3;13;18;13x18;;;Holzleisten-Aufhängung (oben/unten);;;;
Wandbild;Poster/FineArt mit Holzaufhänger;1;;FineArt-Papier (Hahnemühle);Hahnemühle Bamboo Natural Line;;Hahnemühle;FineArt-Inkjetdruck;Pigment / FineArt;Hochformat;2:3;13;19;13x19;;;Holzleisten-Aufhängung (oben/unten);;;;
Wandbild;Poster/FineArt mit Holzaufhänger;1;;FineArt-Papier (Hahnemühle);Hahnemühle Bamboo Natural Line;;Hahnemühle;FineArt-Inkjetdruck;Pigment / FineArt;Hochformat;2:3;14.8;21;14.8x21;A5;;Holzleisten-Aufhängung (oben/unten);;;;
Wandbild;Poster/FineArt mit Holzaufhänger;1;;FineArt-Papier (Hahnemühle);Hahnemühle Bamboo Natural Line;;Hahnemühle;FineArt-Inkjetdruck;Pigment / FineArt;Hochformat;2:3;15;21;15x21;;;Holzleisten-Aufhängung (oben/unten);;;;
Wandbild;Poster/FineArt mit Holzaufhänger;1;;FineArt-Papier (Hahnemühle);Hahnemühle Bamboo Natural Line;;Hahnemühle;FineArt-Inkjetdruck;Pigment / FineArt;Hochformat;2:3;15;22;15x22;;;Holzleisten-Aufhängung (oben/unten);;;;
Wandbild;Poster/FineArt mit Holzaufhänger;1;;FineArt-Papier (Hahnemühle);Hahnemühle Bamboo Natural Line;;Hahnemühle;FineArt-Inkjetdruck;Pigment / FineArt;Hochformat;2:3;20;30;20x30;;;Holzleisten-Aufhängung (oben/unten);;;;
Wandbild;Poster/FineArt mit Holzaufhänger;1;;FineArt-Papier (Hahnemühle);Hahnemühle Bamboo Natural Line;;Hahnemühle;FineArt-Inkjetdruck;Pigment / FineArt;Hochformat;2:3;21;29.7;21x29.7;A4;;Holzleisten-Aufhängung (oben/unten);;;;
Wandbild;Poster/FineArt mit Holzaufhänger;1;;FineArt-Papier (Hahnemühle);Hahnemühle Bamboo Natural Line;;Hahnemühle;FineArt-Inkjetdruck;Pigment / FineArt;Hochformat;2:3;21;30;21x30;A4;;Holzleisten-Aufhängung (oben/unten);;;;
Wandbild;Poster/FineArt mit Holzaufhänger;1;;FineArt-Papier (Hahnemühle);Hahnemühle Bamboo Natural Line;;Hahnemühle;FineArt-Inkjetdruck;Pigment / FineArt;Hochformat;2:3;29.7;42;29.7x42;A3;;Holzleisten-Aufhängung (oben/unten);;;;
Wandbild;Poster/FineArt mit Holzaufhänger;1;;FineArt-Papier (Hahnemühle);Hahnemühle Bamboo Natural Line;;Hahnemühle;FineArt-Inkjetdruck;Pigment / FineArt;Hochformat;2:3;30;45;30x45;;;Holzleisten-Aufhängung (oben/unten);;;;
Wandbild;Poster/FineArt mit Holzaufhänger;1;;FineArt-Papier (Hahnemühle);Hahnemühle Bamboo Natural Line;;Hahnemühle;FineArt-Inkjetdruck;Pigment / FineArt;Hochformat;2:3;40;60;40x60;;;Holzleisten-Aufhängung (oben/unten);;;;
Wandbild;Poster/FineArt mit Holzaufhänger;1;;FineArt-Papier (Hahnemühle);Hahnemühle Bamboo Natural Line;;Hahnemühle;FineArt-Inkjetdruck;Pigment / FineArt;Hochformat;2:3;42;59.4;42x59.4;A2;;Holzleisten-Aufhängung (oben/unten);;;;
Wandbild;Poster/FineArt mit Holzaufhänger;1;;FineArt-Papier (Hahnemühle);Hahnemühle Bamboo Natural Line;;Hahnemühle;FineArt-Inkjetdruck;Pigment / FineArt;Hochformat;2:3;50;70;50x70;;;Holzleisten-Aufhängung (oben/unten);;;;
Wandbild;Poster/FineArt mit Holzaufhänger;1;;FineArt-Papier (Hahnemühle);Hahnemühle Bamboo Natural Line;;Hahnemühle;FineArt-Inkjetdruck;Pigment / FineArt;Hochformat;2:3;50;75;50x75;;;Holzleisten-Aufhängung (oben/unten);;;;
Wandbild;Poster/FineArt mit Holzaufhänger;1;;FineArt-Papier (Hahnemühle);Hahnemühle Bamboo Natural Line;;Hahnemühle;FineArt-Inkjetdruck;Pigment / FineArt;Hochformat;2:3;59.4;84.1;59.4x84.1;A1;;Holzleisten-Aufhängung (oben/unten);;;;
Wandbild;Poster/FineArt mit Holzaufhänger;1;;FineArt-Papier (Hahnemühle);Hahnemühle Bamboo Natural Line;;Hahnemühle;FineArt-Inkjetdruck;Pigment / FineArt;Hochformat;2:3;60;90;60x90;;;Holzleisten-Aufhängung (oben/unten);;;;
Wandbild;Poster/FineArt mit Holzaufhänger;1;;FineArt-Papier (Hahnemühle);Hahnemühle Bamboo Natural Line;;Hahnemühle;FineArt-Inkjetdruck;Pigment / FineArt;Hochformat;2:3;70;100;70x100;;;Holzleisten-Aufhängung (oben/unten);;;;
Wandbild;Poster/FineArt mit Holzaufhänger;1;;FineArt-Papier (Hahnemühle);Hahnemühle Bamboo Natural Line;;Hahnemühle;FineArt-Inkjetdruck;Pigment / FineArt;Hochformat;2:3;70;105;70x105;;;Holzleisten-Aufhängung (oben/unten);;;;
Wandbild;Poster/FineArt mit Holzaufhänger;1;;FineArt-Papier (Hahnemühle);Hahnemühle Bamboo Natural Line;;Hahnemühle;FineArt-Inkjetdruck;Pigment / FineArt;Hochformat;3:4;18;24;18x24;;;Holzleisten-Aufhängung (oben/unten);;;;
Wandbild;Poster/FineArt mit Holzaufhänger;1;;FineArt-Papier (Hahnemühle);Hahnemühle Bamboo Natural Line;;Hahnemühle;FineArt-Inkjetdruck;Pigment / FineArt;Hochformat;3:4;30;40;30x40;;;Holzleisten-Aufhängung (oben/unten);;;;
Wandbild;Poster/FineArt mit Holzaufhänger;1;;FineArt-Papier (Hahnemühle);Hahnemühle Bamboo Natural Line;;Hahnemühle;FineArt-Inkjetdruck;Pigment / FineArt;Hochformat;3:4;60;80;60x80;;;Holzleisten-Aufhängung (oben/unten);;;;
Wandbild;Poster/FineArt mit Holzaufhänger;1;;FineArt-Papier (Hahnemühle);Hahnemühle Bamboo Natural Line;;Hahnemühle;FineArt-Inkjetdruck;Pigment / FineArt;Hochformat;3:4;75;100;75x100;;;Holzleisten-Aufhängung (oben/unten);;;;
Wandbild;Poster/FineArt mit Holzaufhänger;1;;FineArt-Papier (Hahnemühle);Hahnemühle Bamboo Natural Line;;Hahnemühle;FineArt-Inkjetdruck;Pigment / FineArt;Hochformat;3:5;70;120;70x120;;;Holzleisten-Aufhängung (oben/unten);;;;
Wandbild;Poster/FineArt mit Holzaufhänger;1;;FineArt-Papier (Hahnemühle);Hahnemühle Bamboo Natural Line;;Hahnemühle;FineArt-Inkjetdruck;Pigment / FineArt;Hochformat;4:5;10;13;10x13;;;Holzleisten-Aufhängung (oben/unten);;;;
Wandbild;Poster/FineArt mit Holzaufhänger;1;;FineArt-Papier (Hahnemühle);Hahnemühle Bamboo Natural Line;;Hahnemühle;FineArt-Inkjetdruck;Pigment / FineArt;Hochformat;4:5;40;50;40x50;;;Holzleisten-Aufhängung (oben/unten);;;;
Wandbild;Poster/FineArt mit Holzaufhänger;1;;FineArt-Papier (Hahnemühle);Hahnemühle Bamboo Natural Line;;Hahnemühle;FineArt-Inkjetdruck;Pigment / FineArt;Hochformat;4:5;70;90;70x90;;;Holzleisten-Aufhängung (oben/unten);;;;
Wandbild;Poster/FineArt mit Holzaufhänger;1;;FineArt-Papier (Hahnemühle);Hahnemühle Bamboo Natural Line;;Hahnemühle;FineArt-Inkjetdruck;Pigment / FineArt;Hochformat;4:5;80;100;80x100;;;Holzleisten-Aufhängung (oben/unten);;;;
Wandbild;Poster/FineArt mit Holzaufhänger;1;;FineArt-Papier (Hahnemühle);Hahnemühle Bamboo Natural Line;;Hahnemühle;FineArt-Inkjetdruck;Pigment / FineArt;Hochformat;1:1;15;15;15x15;;;Holzleisten-Aufhängung (oben/unten);;;;
Wandbild;Poster/FineArt mit Holzaufhänger;1;;FineArt-Papier (Hahnemühle);Hahnemühle Bamboo Natural Line;;Hahnemühle;FineArt-Inkjetdruck;Pigment / FineArt;Hochformat;1:1;20;20;20x20;;;Holzleisten-Aufhängung (oben/unten);;;;
Wandbild;Poster/FineArt mit Holzaufhänger;1;;FineArt-Papier (Hahnemühle);Hahnemühle Bamboo Natural Line;;Hahnemühle;FineArt-Inkjetdruck;Pigment / FineArt;Hochformat;1:1;21;21;21x21;;;Holzleisten-Aufhängung (oben/unten);;;;
Wandbild;Poster/FineArt mit Holzaufhänger;1;;FineArt-Papier (Hahnemühle);Hahnemühle Bamboo Natural Line;;Hahnemühle;FineArt-Inkjetdruck;Pigment / FineArt;Hochformat;1:1;30;30;30x30;;;Holzleisten-Aufhängung (oben/unten);;;;
Wandbild;Poster/FineArt mit Holzaufhänger;1;;FineArt-Papier (Hahnemühle);Hahnemühle Bamboo Natural Line;;Hahnemühle;FineArt-Inkjetdruck;Pigment / FineArt;Hochformat;1:1;40;40;40x40;;;Holzleisten-Aufhängung (oben/unten);;;;
Wandbild;Poster/FineArt mit Holzaufhänger;1;;FineArt-Papier (Hahnemühle);Hahnemühle Bamboo Natural Line;;Hahnemühle;FineArt-Inkjetdruck;Pigment / FineArt;Hochformat;1:1;50;50;50x50;;;Holzleisten-Aufhängung (oben/unten);;;;
Wandbild;Poster/FineArt mit Holzaufhänger;1;;FineArt-Papier (Hahnemühle);Hahnemühle Bamboo Natural Line;;Hahnemühle;FineArt-Inkjetdruck;Pigment / FineArt;Hochformat;1:1;60;60;60x60;;;Holzleisten-Aufhängung (oben/unten);;;;
Wandbild;Poster/FineArt mit Holzaufhänger;1;;FineArt-Papier (Hahnemühle);Hahnemühle Bamboo Natural Line;;Hahnemühle;FineArt-Inkjetdruck;Pigment / FineArt;Hochformat;1:1;70;70;70x70;;;Holzleisten-Aufhängung (oben/unten);;;;
Wandbild;Poster/FineArt mit Holzaufhänger;1;;FineArt-Papier (Hahnemühle);Hahnemühle Bamboo Natural Line;;Hahnemühle;FineArt-Inkjetdruck;Pigment / FineArt;Hochformat;Panorama;10;18;10x18;;;Holzleisten-Aufhängung (oben/unten);;;;
Wandbild;Poster/FineArt mit Holzaufhänger;1;;FineArt-Papier (Hahnemühle);Hahnemühle Bamboo Natural Line;;Hahnemühle;FineArt-Inkjetdruck;Pigment / FineArt;Hochformat;Panorama;10;20;10x20;;;Holzleisten-Aufhängung (oben/unten);;;;
Wandbild;Poster/FineArt mit Holzaufhänger;1;;FineArt-Papier (Hahnemühle);Hahnemühle Bamboo Natural Line;;Hahnemühle;FineArt-Inkjetdruck;Pigment / FineArt;Hochformat;Panorama;20;40;20x40;;;Holzleisten-Aufhängung (oben/unten);;;;
Wandbild;Poster/FineArt mit Holzaufhänger;1;;FineArt-Papier (Hahnemühle);Hahnemühle Bamboo Natural Line;;Hahnemühle;FineArt-Inkjetdruck;Pigment / FineArt;Hochformat;Panorama;20;60;20x60;;;Holzleisten-Aufhängung (oben/unten);;;;
Wandbild;Poster/FineArt mit Holzaufhänger;1;;FineArt-Papier (Hahnemühle);Hahnemühle Bamboo Natural Line;;Hahnemühle;FineArt-Inkjetdruck;Pigment / FineArt;Hochformat;Panorama;30;60;30x60;;;Holzleisten-Aufhängung (oben/unten);;;;
Wandbild;Poster/FineArt mit Holzaufhänger;1;;FineArt-Papier (Hahnemühle);Hahnemühle Bamboo Natural Line;;Hahnemühle;FineArt-Inkjetdruck;Pigment / FineArt;Hochformat;Panorama;30;90;30x90;;;Holzleisten-Aufhängung (oben/unten);;;;
Wandbild;Poster/FineArt mit Holzaufhänger;1;;FineArt-Papier (Hahnemühle);Hahnemühle Bamboo Natural Line;;Hahnemühle;FineArt-Inkjetdruck;Pigment / FineArt;Hochformat;Panorama;40;80;40x80;;;Holzleisten-Aufhängung (oben/unten);;;;
Wandbild;Poster/FineArt mit Holzaufhänger;1;;FineArt-Papier (Hahnemühle);Hahnemühle Bamboo Natural Line;;Hahnemühle;FineArt-Inkjetdruck;Pigment / FineArt;Hochformat;Panorama;50;100;50x100;;;Holzleisten-Aufhängung (oben/unten);;;;
Wandbild;Poster/FineArt mit Holzaufhänger;1;;FineArt-Papier (Hahnemühle);Hahnemühle Bamboo Natural Line;;Hahnemühle;FineArt-Inkjetdruck;Pigment / FineArt;Hochformat;Panorama;60;120;60x120;;;Holzleisten-Aufhängung (oben/unten);;;;
Wandbild;Poster/FineArt mit Holzaufhänger;1;;FineArt-Papier (Hahnemühle);Hahnemühle Bamboo Natural Line;;Hahnemühle;FineArt-Inkjetdruck;Pigment / FineArt;Hochformat;Panorama;60;180;60x180;;;Holzleisten-Aufhängung (oben/unten);;;;
Wandbild;Poster/FineArt mit Holzaufhänger;1;;FineArt-Papier (Hahnemühle);Hahnemühle Bamboo Natural Line;;Hahnemühle;FineArt-Inkjetdruck;Pigment / FineArt;Hochformat;Panorama;70;180;70x180;;;Holzleisten-Aufhängung (oben/unten);;;;
Wandbild;Poster/FineArt mit Holzaufhänger;1;;FineArt-Papier (Hahnemühle);Hahnemühle Bamboo Natural Line;;Hahnemühle;FineArt-Inkjetdruck;Pigment / FineArt;Querformat;2:3;10;15;10x15;;;Holzleisten-Aufhängung (oben/unten);;;;
Wandbild;Poster/FineArt mit Holzaufhänger;1;;FineArt-Papier (Hahnemühle);Hahnemühle Bamboo Natural Line;;Hahnemühle;FineArt-Inkjetdruck;Pigment / FineArt;Querformat;2:3;10.5;14.8;10.5x14.8;A6;;Holzleisten-Aufhängung (oben/unten);;;;
Wandbild;Poster/FineArt mit Holzaufhänger;1;;FineArt-Papier (Hahnemühle);Hahnemühle Bamboo Natural Line;;Hahnemühle;FineArt-Inkjetdruck;Pigment / FineArt;Querformat;2:3;13;18;13x18;;;Holzleisten-Aufhängung (oben/unten);;;;
Wandbild;Poster/FineArt mit Holzaufhänger;1;;FineArt-Papier (Hahnemühle);Hahnemühle Bamboo Natural Line;;Hahnemühle;FineArt-Inkjetdruck;Pigment / FineArt;Querformat;2:3;13;19;13x19;;;Holzleisten-Aufhängung (oben/unten);;;;
Wandbild;Poster/FineArt mit Holzaufhänger;1;;FineArt-Papier (Hahnemühle);Hahnemühle Bamboo Natural Line;;Hahnemühle;FineArt-Inkjetdruck;Pigment / FineArt;Querformat;2:3;14.8;21;14.8x21;A5;;Holzleisten-Aufhängung (oben/unten);;;;
Wandbild;Poster/FineArt mit Holzaufhänger;1;;FineArt-Papier (Hahnemühle);Hahnemühle Bamboo Natural Line;;Hahnemühle;FineArt-Inkjetdruck;Pigment / FineArt;Querformat;2:3;15;21;15x21;;;Holzleisten-Aufhängung (oben/unten);;;;
Wandbild;Poster/FineArt mit Holzaufhänger;1;;FineArt-Papier (Hahnemühle);Hahnemühle Bamboo Natural Line;;Hahnemühle;FineArt-Inkjetdruck;Pigment / FineArt;Querformat;2:3;15;22;15x22;;;Holzleisten-Aufhängung (oben/unten);;;;
Wandbild;Poster/FineArt mit Holzaufhänger;1;;FineArt-Papier (Hahnemühle);Hahnemühle Bamboo Natural Line;;Hahnemühle;FineArt-Inkjetdruck;Pigment / FineArt;Querformat;2:3;20;30;20x30;;;Holzleisten-Aufhängung (oben/unten);;;;
Wandbild;Poster/FineArt mit Holzaufhänger;1;;FineArt-Papier (Hahnemühle);Hahnemühle Bamboo Natural Line;;Hahnemühle;FineArt-Inkjetdruck;Pigment / FineArt;Querformat;2:3;21;29.7;21x29.7;A4;;Holzleisten-Aufhängung (oben/unten);;;;
Wandbild;Poster/FineArt mit Holzaufhänger;1;;FineArt-Papier (Hahnemühle);Hahnemühle Bamboo Natural Line;;Hahnemühle;FineArt-Inkjetdruck;Pigment / FineArt;Querformat;2:3;21;30;21x30;A4;;Holzleisten-Aufhängung (oben/unten);;;;
Wandbild;Poster/FineArt mit Holzaufhänger;1;;FineArt-Papier (Hahnemühle);Hahnemühle Bamboo Natural Line;;Hahnemühle;FineArt-Inkjetdruck;Pigment / FineArt;Querformat;2:3;29.7;42;29.7x42;A3;;Holzleisten-Aufhängung (oben/unten);;;;
Wandbild;Poster/FineArt mit Holzaufhänger;1;;FineArt-Papier (Hahnemühle);Hahnemühle Bamboo Natural Line;;Hahnemühle;FineArt-Inkjetdruck;Pigment / FineArt;Querformat;2:3;30;45;30x45;;;Holzleisten-Aufhängung (oben/unten);;;;
Wandbild;Poster/FineArt mit Holzaufhänger;1;;FineArt-Papier (Hahnemühle);Hahnemühle Bamboo Natural Line;;Hahnemühle;FineArt-Inkjetdruck;Pigment / FineArt;Querformat;2:3;40;60;40x60;;;Holzleisten-Aufhängung (oben/unten);;;;
Wandbild;Poster/FineArt mit Holzaufhänger;1;;FineArt-Papier (Hahnemühle);Hahnemühle Bamboo Natural Line;;Hahnemühle;FineArt-Inkjetdruck;Pigment / FineArt;Querformat;2:3;42;59.4;42x59.4;A2;;Holzleisten-Aufhängung (oben/unten);;;;
Wandbild;Poster/FineArt mit Holzaufhänger;1;;FineArt-Papier (Hahnemühle);Hahnemühle Bamboo Natural Line;;Hahnemühle;FineArt-Inkjetdruck;Pigment / FineArt;Querformat;2:3;50;70;50x70;;;Holzleisten-Aufhängung (oben/unten);;;;
Wandbild;Poster/FineArt mit Holzaufhänger;1;;FineArt-Papier (Hahnemühle);Hahnemühle Bamboo Natural Line;;Hahnemühle;FineArt-Inkjetdruck;Pigment / FineArt;Querformat;2:3;50;75;50x75;;;Holzleisten-Aufhängung (oben/unten);;;;
Wandbild;Poster/FineArt mit Holzaufhänger;1;;FineArt-Papier (Hahnemühle);Hahnemühle Bamboo Natural Line;;Hahnemühle;FineArt-Inkjetdruck;Pigment / FineArt;Querformat;2:3;59.4;84.1;59.4x84.1;A1;;Holzleisten-Aufhängung (oben/unten);;;;
Wandbild;Poster/FineArt mit Holzaufhänger;1;;FineArt-Papier (Hahnemühle);Hahnemühle Bamboo Natural Line;;Hahnemühle;FineArt-Inkjetdruck;Pigment / FineArt;Querformat;2:3;60;90;60x90;;;Holzleisten-Aufhängung (oben/unten);;;;
Wandbild;Poster/FineArt mit Holzaufhänger;1;;FineArt-Papier (Hahnemühle);Hahnemühle Bamboo Natural Line;;Hahnemühle;FineArt-Inkjetdruck;Pigment / FineArt;Querformat;2:3;70;100;70x100;;;Holzleisten-Aufhängung (oben/unten);;;;
Wandbild;Poster/FineArt mit Holzaufhänger;1;;FineArt-Papier (Hahnemühle);Hahnemühle Bamboo Natural Line;;Hahnemühle;FineArt-Inkjetdruck;Pigment / FineArt;Querformat;2:3;70;105;70x105;;;Holzleisten-Aufhängung (oben/unten);;;;
Wandbild;Poster/FineArt mit Holzaufhänger;1;;FineArt-Papier (Hahnemühle);Hahnemühle Bamboo Natural Line;;Hahnemühle;FineArt-Inkjetdruck;Pigment / FineArt;Querformat;3:4;18;24;18x24;;;Holzleisten-Aufhängung (oben/unten);;;;
Wandbild;Poster/FineArt mit Holzaufhänger;1;;FineArt-Papier (Hahnemühle);Hahnemühle Bamboo Natural Line;;Hahnemühle;FineArt-Inkjetdruck;Pigment / FineArt;Querformat;3:4;30;40;30x40;;;Holzleisten-Aufhängung (oben/unten);;;;
Wandbild;Poster/FineArt mit Holzaufhänger;1;;FineArt-Papier (Hahnemühle);Hahnemühle Bamboo Natural Line;;Hahnemühle;FineArt-Inkjetdruck;Pigment / FineArt;Querformat;3:4;60;80;60x80;;;Holzleisten-Aufhängung (oben/unten);;;;
Wandbild;Poster/FineArt mit Holzaufhänger;1;;FineArt-Papier (Hahnemühle);Hahnemühle Bamboo Natural Line;;Hahnemühle;FineArt-Inkjetdruck;Pigment / FineArt;Querformat;3:4;75;100;75x100;;;Holzleisten-Aufhängung (oben/unten);;;;
Wandbild;Poster/FineArt mit Holzaufhänger;1;;FineArt-Papier (Hahnemühle);Hahnemühle Bamboo Natural Line;;Hahnemühle;FineArt-Inkjetdruck;Pigment / FineArt;Querformat;3:5;70;120;70x120;;;Holzleisten-Aufhängung (oben/unten);;;;
Wandbild;Poster/FineArt mit Holzaufhänger;1;;FineArt-Papier (Hahnemühle);Hahnemühle Bamboo Natural Line;;Hahnemühle;FineArt-Inkjetdruck;Pigment / FineArt;Querformat;4:5;10;13;10x13;;;Holzleisten-Aufhängung (oben/unten);;;;
Wandbild;Poster/FineArt mit Holzaufhänger;1;;FineArt-Papier (Hahnemühle);Hahnemühle Bamboo Natural Line;;Hahnemühle;FineArt-Inkjetdruck;Pigment / FineArt;Querformat;4:5;40;50;40x50;;;Holzleisten-Aufhängung (oben/unten);;;;
Wandbild;Poster/FineArt mit Holzaufhänger;1;;FineArt-Papier (Hahnemühle);Hahnemühle Bamboo Natural Line;;Hahnemühle;FineArt-Inkjetdruck;Pigment / FineArt;Querformat;4:5;70;90;70x90;;;Holzleisten-Aufhängung (oben/unten);;;;
Wandbild;Poster/FineArt mit Holzaufhänger;1;;FineArt-Papier (Hahnemühle);Hahnemühle Bamboo Natural Line;;Hahnemühle;FineArt-Inkjetdruck;Pigment / FineArt;Querformat;4:5;80;100;80x100;;;Holzleisten-Aufhängung (oben/unten);;;;
Wandbild;Poster/FineArt mit Holzaufhänger;1;;FineArt-Papier (Hahnemühle);Hahnemühle Bamboo Natural Line;;Hahnemühle;FineArt-Inkjetdruck;Pigment / FineArt;Querformat;1:1;15;15;15x15;;;Holzleisten-Aufhängung (oben/unten);;;;
Wandbild;Poster/FineArt mit Holzaufhänger;1;;FineArt-Papier (Hahnemühle);Hahnemühle Bamboo Natural Line;;Hahnemühle;FineArt-Inkjetdruck;Pigment / FineArt;Querformat;1:1;20;20;20x20;;;Holzleisten-Aufhängung (oben/unten);;;;
Wandbild;Poster/FineArt mit Holzaufhänger;1;;FineArt-Papier (Hahnemühle);Hahnemühle Bamboo Natural Line;;Hahnemühle;FineArt-Inkjetdruck;Pigment / FineArt;Querformat;1:1;21;21;21x21;;;Holzleisten-Aufhängung (oben/unten);;;;
Wandbild;Poster/FineArt mit Holzaufhänger;1;;FineArt-Papier (Hahnemühle);Hahnemühle Bamboo Natural Line;;Hahnemühle;FineArt-Inkjetdruck;Pigment / FineArt;Querformat;1:1;30;30;30x30;;;Holzleisten-Aufhängung (oben/unten);;;;
Wandbild;Poster/FineArt mit Holzaufhänger;1;;FineArt-Papier (Hahnemühle);Hahnemühle Bamboo Natural Line;;Hahnemühle;FineArt-Inkjetdruck;Pigment / FineArt;Querformat;1:1;40;40;40x40;;;Holzleisten-Aufhängung (oben/unten);;;;
Wandbild;Poster/FineArt mit Holzaufhänger;1;;FineArt-Papier (Hahnemühle);Hahnemühle Bamboo Natural Line;;Hahnemühle;FineArt-Inkjetdruck;Pigment / FineArt;Querformat;1:1;50;50;50x50;;;Holzleisten-Aufhängung (oben/unten);;;;
Wandbild;Poster/FineArt mit Holzaufhänger;1;;FineArt-Papier (Hahnemühle);Hahnemühle Bamboo Natural Line;;Hahnemühle;FineArt-Inkjetdruck;Pigment / FineArt;Querformat;1:1;60;60;60x60;;;Holzleisten-Aufhängung (oben/unten);;;;
Wandbild;Poster/FineArt mit Holzaufhänger;1;;FineArt-Papier (Hahnemühle);Hahnemühle Bamboo Natural Line;;Hahnemühle;FineArt-Inkjetdruck;Pigment / FineArt;Querformat;1:1;70;70;70x70;;;Holzleisten-Aufhängung (oben/unten);;;;
Wandbild;Poster/FineArt mit Holzaufhänger;1;;FineArt-Papier (Hahnemühle);Hahnemühle Bamboo Natural Line;;Hahnemühle;FineArt-Inkjetdruck;Pigment / FineArt;Querformat;Panorama;10;18;10x18;;;Holzleisten-Aufhängung (oben/unten);;;;
Wandbild;Poster/FineArt mit Holzaufhänger;1;;FineArt-Papier (Hahnemühle);Hahnemühle Bamboo Natural Line;;Hahnemühle;FineArt-Inkjetdruck;Pigment / FineArt;Querformat;Panorama;10;20;10x20;;;Holzleisten-Aufhängung (oben/unten);;;;
Wandbild;Poster/FineArt mit Holzaufhänger;1;;FineArt-Papier (Hahnemühle);Hahnemühle Bamboo Natural Line;;Hahnemühle;FineArt-Inkjetdruck;Pigment / FineArt;Querformat;Panorama;20;40;20x40;;;Holzleisten-Aufhängung (oben/unten);;;;
Wandbild;Poster/FineArt mit Holzaufhänger;1;;FineArt-Papier (Hahnemühle);Hahnemühle Bamboo Natural Line;;Hahnemühle;FineArt-Inkjetdruck;Pigment / FineArt;Querformat;Panorama;20;60;20x60;;;Holzleisten-Aufhängung (oben/unten);;;;
Wandbild;Poster/FineArt mit Holzaufhänger;1;;FineArt-Papier (Hahnemühle);Hahnemühle Bamboo Natural Line;;Hahnemühle;FineArt-Inkjetdruck;Pigment / FineArt;Querformat;Panorama;30;60;30x60;;;Holzleisten-Aufhängung (oben/unten);;;;
Wandbild;Poster/FineArt mit Holzaufhänger;1;;FineArt-Papier (Hahnemühle);Hahnemühle Bamboo Natural Line;;Hahnemühle;FineArt-Inkjetdruck;Pigment / FineArt;Querformat;Panorama;30;90;30x90;;;Holzleisten-Aufhängung (oben/unten);;;;
Wandbild;Poster/FineArt mit Holzaufhänger;1;;FineArt-Papier (Hahnemühle);Hahnemühle Bamboo Natural Line;;Hahnemühle;FineArt-Inkjetdruck;Pigment / FineArt;Querformat;Panorama;40;80;40x80;;;Holzleisten-Aufhängung (oben/unten);;;;
Wandbild;Poster/FineArt mit Holzaufhänger;1;;FineArt-Papier (Hahnemühle);Hahnemühle Bamboo Natural Line;;Hahnemühle;FineArt-Inkjetdruck;Pigment / FineArt;Querformat;Panorama;50;100;50x100;;;Holzleisten-Aufhängung (oben/unten);;;;
Wandbild;Poster/FineArt mit Holzaufhänger;1;;FineArt-Papier (Hahnemühle);Hahnemühle Bamboo Natural Line;;Hahnemühle;FineArt-Inkjetdruck;Pigment / FineArt;Querformat;Panorama;60;120;60x120;;;Holzleisten-Aufhängung (oben/unten);;;;
Wandbild;Poster/FineArt mit Holzaufhänger;1;;FineArt-Papier (Hahnemühle);Hahnemühle Bamboo Natural Line;;Hahnemühle;FineArt-Inkjetdruck;Pigment / FineArt;Querformat;Panorama;60;180;60x180;;;Holzleisten-Aufhängung (oben/unten);;;;
Wandbild;Poster/FineArt mit Holzaufhänger;1;;FineArt-Papier (Hahnemühle);Hahnemühle Bamboo Natural Line;;Hahnemühle;FineArt-Inkjetdruck;Pigment / FineArt;Querformat;Panorama;70;180;70x180;;;Holzleisten-Aufhängung (oben/unten);;;;
Wandbild;Poster/FineArt mit Holzaufhänger;1;;FineArt-Papier (Hahnemühle);Hahnemühle Baryta;;Hahnemühle;FineArt-Inkjetdruck;Pigment / FineArt;Hochformat;2:3;10;15;10x15;;;Holzleisten-Aufhängung (oben/unten);;;;
Wandbild;Poster/FineArt mit Holzaufhänger;1;;FineArt-Papier (Hahnemühle);Hahnemühle Baryta;;Hahnemühle;FineArt-Inkjetdruck;Pigment / FineArt;Hochformat;2:3;10.5;14.8;10.5x14.8;A6;;Holzleisten-Aufhängung (oben/unten);;;;
Wandbild;Poster/FineArt mit Holzaufhänger;1;;FineArt-Papier (Hahnemühle);Hahnemühle Baryta;;Hahnemühle;FineArt-Inkjetdruck;Pigment / FineArt;Hochformat;2:3;13;18;13x18;;;Holzleisten-Aufhängung (oben/unten);;;;
Wandbild;Poster/FineArt mit Holzaufhänger;1;;FineArt-Papier (Hahnemühle);Hahnemühle Baryta;;Hahnemühle;FineArt-Inkjetdruck;Pigment / FineArt;Hochformat;2:3;13;19;13x19;;;Holzleisten-Aufhängung (oben/unten);;;;
Wandbild;Poster/FineArt mit Holzaufhänger;1;;FineArt-Papier (Hahnemühle);Hahnemühle Baryta;;Hahnemühle;FineArt-Inkjetdruck;Pigment / FineArt;Hochformat;2:3;14.8;21;14.8x21;A5;;Holzleisten-Aufhängung (oben/unten);;;;
Wandbild;Poster/FineArt mit Holzaufhänger;1;;FineArt-Papier (Hahnemühle);Hahnemühle Baryta;;Hahnemühle;FineArt-Inkjetdruck;Pigment / FineArt;Hochformat;2:3;15;21;15x21;;;Holzleisten-Aufhängung (oben/unten);;;;
Wandbild;Poster/FineArt mit Holzaufhänger;1;;FineArt-Papier (Hahnemühle);Hahnemühle Baryta;;Hahnemühle;FineArt-Inkjetdruck;Pigment / FineArt;Hochformat;2:3;15;22;15x22;;;Holzleisten-Aufhängung (oben/unten);;;;
Wandbild;Poster/FineArt mit Holzaufhänger;1;;FineArt-Papier (Hahnemühle);Hahnemühle Baryta;;Hahnemühle;FineArt-Inkjetdruck;Pigment / FineArt;Hochformat;2:3;20;30;20x30;;;Holzleisten-Aufhängung (oben/unten);;;;
Wandbild;Poster/FineArt mit Holzaufhänger;1;;FineArt-Papier (Hahnemühle);Hahnemühle Baryta;;Hahnemühle;FineArt-Inkjetdruck;Pigment / FineArt;Hochformat;2:3;21;29.7;21x29.7;A4;;Holzleisten-Aufhängung (oben/unten);;;;
Wandbild;Poster/FineArt mit Holzaufhänger;1;;FineArt-Papier (Hahnemühle);Hahnemühle Baryta;;Hahnemühle;FineArt-Inkjetdruck;Pigment / FineArt;Hochformat;2:3;21;30;21x30;A4;;Holzleisten-Aufhängung (oben/unten);;;;
Wandbild;Poster/FineArt mit Holzaufhänger;1;;FineArt-Papier (Hahnemühle);Hahnemühle Baryta;;Hahnemühle;FineArt-Inkjetdruck;Pigment / FineArt;Hochformat;2:3;29.7;42;29.7x42;A3;;Holzleisten-Aufhängung (oben/unten);;;;
Wandbild;Poster/FineArt mit Holzaufhänger;1;;FineArt-Papier (Hahnemühle);Hahnemühle Baryta;;Hahnemühle;FineArt-Inkjetdruck;Pigment / FineArt;Hochformat;2:3;30;45;30x45;;;Holzleisten-Aufhängung (oben/unten);;;;
Wandbild;Poster/FineArt mit Holzaufhänger;1;;FineArt-Papier (Hahnemühle);Hahnemühle Baryta;;Hahnemühle;FineArt-Inkjetdruck;Pigment / FineArt;Hochformat;2:3;40;60;40x60;;;Holzleisten-Aufhängung (oben/unten);;;;
Wandbild;Poster/FineArt mit Holzaufhänger;1;;FineArt-Papier (Hahnemühle);Hahnemühle Baryta;;Hahnemühle;FineArt-Inkjetdruck;Pigment / FineArt;Hochformat;2:3;42;59.4;42x59.4;A2;;Holzleisten-Aufhängung (oben/unten);;;;
Wandbild;Poster/FineArt mit Holzaufhänger;1;;FineArt-Papier (Hahnemühle);Hahnemühle Baryta;;Hahnemühle;FineArt-Inkjetdruck;Pigment / FineArt;Hochformat;2:3;50;70;50x70;;;Holzleisten-Aufhängung (oben/unten);;;;
Wandbild;Poster/FineArt mit Holzaufhänger;1;;FineArt-Papier (Hahnemühle);Hahnemühle Baryta;;Hahnemühle;FineArt-Inkjetdruck;Pigment / FineArt;Hochformat;2:3;50;75;50x75;;;Holzleisten-Aufhängung (oben/unten);;;;
Wandbild;Poster/FineArt mit Holzaufhänger;1;;FineArt-Papier (Hahnemühle);Hahnemühle Baryta;;Hahnemühle;FineArt-Inkjetdruck;Pigment / FineArt;Hochformat;2:3;59.4;84.1;59.4x84.1;A1;;Holzleisten-Aufhängung (oben/unten);;;;
Wandbild;Poster/FineArt mit Holzaufhänger;1;;FineArt-Papier (Hahnemühle);Hahnemühle Baryta;;Hahnemühle;FineArt-Inkjetdruck;Pigment / FineArt;Hochformat;2:3;60;90;60x90;;;Holzleisten-Aufhängung (oben/unten);;;;
Wandbild;Poster/FineArt mit Holzaufhänger;1;;FineArt-Papier (Hahnemühle);Hahnemühle Baryta;;Hahnemühle;FineArt-Inkjetdruck;Pigment / FineArt;Hochformat;2:3;70;100;70x100;;;Holzleisten-Aufhängung (oben/unten);;;;
Wandbild;Poster/FineArt mit Holzaufhänger;1;;FineArt-Papier (Hahnemühle);Hahnemühle Baryta;;Hahnemühle;FineArt-Inkjetdruck;Pigment / FineArt;Hochformat;2:3;70;105;70x105;;;Holzleisten-Aufhängung (oben/unten);;;;
Wandbild;Poster/FineArt mit Holzaufhänger;1;;FineArt-Papier (Hahnemühle);Hahnemühle Baryta;;Hahnemühle;FineArt-Inkjetdruck;Pigment / FineArt;Hochformat;3:4;18;24;18x24;;;Holzleisten-Aufhängung (oben/unten);;;;
Wandbild;Poster/FineArt mit Holzaufhänger;1;;FineArt-Papier (Hahnemühle);Hahnemühle Baryta;;Hahnemühle;FineArt-Inkjetdruck;Pigment / FineArt;Hochformat;3:4;30;40;30x40;;;Holzleisten-Aufhängung (oben/unten);;;;
Wandbild;Poster/FineArt mit Holzaufhänger;1;;FineArt-Papier (Hahnemühle);Hahnemühle Baryta;;Hahnemühle;FineArt-Inkjetdruck;Pigment / FineArt;Hochformat;3:4;60;80;60x80;;;Holzleisten-Aufhängung (oben/unten);;;;
Wandbild;Poster/FineArt mit Holzaufhänger;1;;FineArt-Papier (Hahnemühle);Hahnemühle Baryta;;Hahnemühle;FineArt-Inkjetdruck;Pigment / FineArt;Hochformat;3:4;75;100;75x100;;;Holzleisten-Aufhängung (oben/unten);;;;
Wandbild;Poster/FineArt mit Holzaufhänger;1;;FineArt-Papier (Hahnemühle);Hahnemühle Baryta;;Hahnemühle;FineArt-Inkjetdruck;Pigment / FineArt;Hochformat;3:5;70;120;70x120;;;Holzleisten-Aufhängung (oben/unten);;;;
Wandbild;Poster/FineArt mit Holzaufhänger;1;;FineArt-Papier (Hahnemühle);Hahnemühle Baryta;;Hahnemühle;FineArt-Inkjetdruck;Pigment / FineArt;Hochformat;4:5;10;13;10x13;;;Holzleisten-Aufhängung (oben/unten);;;;
Wandbild;Poster/FineArt mit Holzaufhänger;1;;FineArt-Papier (Hahnemühle);Hahnemühle Baryta;;Hahnemühle;FineArt-Inkjetdruck;Pigment / FineArt;Hochformat;4:5;40;50;40x50;;;Holzleisten-Aufhängung (oben/unten);;;;
Wandbild;Poster/FineArt mit Holzaufhänger;1;;FineArt-Papier (Hahnemühle);Hahnemühle Baryta;;Hahnemühle;FineArt-Inkjetdruck;Pigment / FineArt;Hochformat;4:5;70;90;70x90;;;Holzleisten-Aufhängung (oben/unten);;;;
Wandbild;Poster/FineArt mit Holzaufhänger;1;;FineArt-Papier (Hahnemühle);Hahnemühle Baryta;;Hahnemühle;FineArt-Inkjetdruck;Pigment / FineArt;Hochformat;4:5;80;100;80x100;;;Holzleisten-Aufhängung (oben/unten);;;;
Wandbild;Poster/FineArt mit Holzaufhänger;1;;FineArt-Papier (Hahnemühle);Hahnemühle Baryta;;Hahnemühle;FineArt-Inkjetdruck;Pigment / FineArt;Hochformat;1:1;15;15;15x15;;;Holzleisten-Aufhängung (oben/unten);;;;
Wandbild;Poster/FineArt mit Holzaufhänger;1;;FineArt-Papier (Hahnemühle);Hahnemühle Baryta;;Hahnemühle;FineArt-Inkjetdruck;Pigment / FineArt;Hochformat;1:1;20;20;20x20;;;Holzleisten-Aufhängung (oben/unten);;;;
Wandbild;Poster/FineArt mit Holzaufhänger;1;;FineArt-Papier (Hahnemühle);Hahnemühle Baryta;;Hahnemühle;FineArt-Inkjetdruck;Pigment / FineArt;Hochformat;1:1;21;21;21x21;;;Holzleisten-Aufhängung (oben/unten);;;;
Wandbild;Poster/FineArt mit Holzaufhänger;1;;FineArt-Papier (Hahnemühle);Hahnemühle Baryta;;Hahnemühle;FineArt-Inkjetdruck;Pigment / FineArt;Hochformat;1:1;30;30;30x30;;;Holzleisten-Aufhängung (oben/unten);;;;
Wandbild;Poster/FineArt mit Holzaufhänger;1;;FineArt-Papier (Hahnemühle);Hahnemühle Baryta;;Hahnemühle;FineArt-Inkjetdruck;Pigment / FineArt;Hochformat;1:1;40;40;40x40;;;Holzleisten-Aufhängung (oben/unten);;;;
Wandbild;Poster/FineArt mit Holzaufhänger;1;;FineArt-Papier (Hahnemühle);Hahnemühle Baryta;;Hahnemühle;FineArt-Inkjetdruck;Pigment / FineArt;Hochformat;1:1;50;50;50x50;;;Holzleisten-Aufhängung (oben/unten);;;;
Wandbild;Poster/FineArt mit Holzaufhänger;1;;FineArt-Papier (Hahnemühle);Hahnemühle Baryta;;Hahnemühle;FineArt-Inkjetdruck;Pigment / FineArt;Hochformat;1:1;60;60;60x60;;;Holzleisten-Aufhängung (oben/unten);;;;
Wandbild;Poster/FineArt mit Holzaufhänger;1;;FineArt-Papier (Hahnemühle);Hahnemühle Baryta;;Hahnemühle;FineArt-Inkjetdruck;Pigment / FineArt;Hochformat;1:1;70;70;70x70;;;Holzleisten-Aufhängung (oben/unten);;;;
Wandbild;Poster/FineArt mit Holzaufhänger;1;;FineArt-Papier (Hahnemühle);Hahnemühle Baryta;;Hahnemühle;FineArt-Inkjetdruck;Pigment / FineArt;Hochformat;Panorama;10;18;10x18;;;Holzleisten-Aufhängung (oben/unten);;;;
Wandbild;Poster/FineArt mit Holzaufhänger;1;;FineArt-Papier (Hahnemühle);Hahnemühle Baryta;;Hahnemühle;FineArt-Inkjetdruck;Pigment / FineArt;Hochformat;Panorama;10;20;10x20;;;Holzleisten-Aufhängung (oben/unten);;;;
Wandbild;Poster/FineArt mit Holzaufhänger;1;;FineArt-Papier (Hahnemühle);Hahnemühle Baryta;;Hahnemühle;FineArt-Inkjetdruck;Pigment / FineArt;Hochformat;Panorama;20;40;20x40;;;Holzleisten-Aufhängung (oben/unten);;;;
Wandbild;Poster/FineArt mit Holzaufhänger;1;;FineArt-Papier (Hahnemühle);Hahnemühle Baryta;;Hahnemühle;FineArt-Inkjetdruck;Pigment / FineArt;Hochformat;Panorama;20;60;20x60;;;Holzleisten-Aufhängung (oben/unten);;;;
Wandbild;Poster/FineArt mit Holzaufhänger;1;;FineArt-Papier (Hahnemühle);Hahnemühle Baryta;;Hahnemühle;FineArt-Inkjetdruck;Pigment / FineArt;Hochformat;Panorama;30;60;30x60;;;Holzleisten-Aufhängung (oben/unten);;;;
Wandbild;Poster/FineArt mit Holzaufhänger;1;;FineArt-Papier (Hahnemühle);Hahnemühle Baryta;;Hahnemühle;FineArt-Inkjetdruck;Pigment / FineArt;Hochformat;Panorama;30;90;30x90;;;Holzleisten-Aufhängung (oben/unten);;;;
Wandbild;Poster/FineArt mit Holzaufhänger;1;;FineArt-Papier (Hahnemühle);Hahnemühle Baryta;;Hahnemühle;FineArt-Inkjetdruck;Pigment / FineArt;Hochformat;Panorama;40;80;40x80;;;Holzleisten-Aufhängung (oben/unten);;;;
Wandbild;Poster/FineArt mit Holzaufhänger;1;;FineArt-Papier (Hahnemühle);Hahnemühle Baryta;;Hahnemühle;FineArt-Inkjetdruck;Pigment / FineArt;Hochformat;Panorama;50;100;50x100;;;Holzleisten-Aufhängung (oben/unten);;;;
Wandbild;Poster/FineArt mit Holzaufhänger;1;;FineArt-Papier (Hahnemühle);Hahnemühle Baryta;;Hahnemühle;FineArt-Inkjetdruck;Pigment / FineArt;Hochformat;Panorama;60;120;60x120;;;Holzleisten-Aufhängung (oben/unten);;;;
Wandbild;Poster/FineArt mit Holzaufhänger;1;;FineArt-Papier (Hahnemühle);Hahnemühle Baryta;;Hahnemühle;FineArt-Inkjetdruck;Pigment / FineArt;Hochformat;Panorama;60;180;60x180;;;Holzleisten-Aufhängung (oben/unten);;;;
Wandbild;Poster/FineArt mit Holzaufhänger;1;;FineArt-Papier (Hahnemühle);Hahnemühle Baryta;;Hahnemühle;FineArt-Inkjetdruck;Pigment / FineArt;Hochformat;Panorama;70;180;70x180;;;Holzleisten-Aufhängung (oben/unten);;;;
Wandbild;Poster/FineArt mit Holzaufhänger;1;;FineArt-Papier (Hahnemühle);Hahnemühle Baryta;;Hahnemühle;FineArt-Inkjetdruck;Pigment / FineArt;Querformat;2:3;10;15;10x15;;;Holzleisten-Aufhängung (oben/unten);;;;
Wandbild;Poster/FineArt mit Holzaufhänger;1;;FineArt-Papier (Hahnemühle);Hahnemühle Baryta;;Hahnemühle;FineArt-Inkjetdruck;Pigment / FineArt;Querformat;2:3;10.5;14.8;10.5x14.8;A6;;Holzleisten-Aufhängung (oben/unten);;;;
Wandbild;Poster/FineArt mit Holzaufhänger;1;;FineArt-Papier (Hahnemühle);Hahnemühle Baryta;;Hahnemühle;FineArt-Inkjetdruck;Pigment / FineArt;Querformat;2:3;13;18;13x18;;;Holzleisten-Aufhängung (oben/unten);;;;
Wandbild;Poster/FineArt mit Holzaufhänger;1;;FineArt-Papier (Hahnemühle);Hahnemühle Baryta;;Hahnemühle;FineArt-Inkjetdruck;Pigment / FineArt;Querformat;2:3;13;19;13x19;;;Holzleisten-Aufhängung (oben/unten);;;;
Wandbild;Poster/FineArt mit Holzaufhänger;1;;FineArt-Papier (Hahnemühle);Hahnemühle Baryta;;Hahnemühle;FineArt-Inkjetdruck;Pigment / FineArt;Querformat;2:3;14.8;21;14.8x21;A5;;Holzleisten-Aufhängung (oben/unten);;;;
Wandbild;Poster/FineArt mit Holzaufhänger;1;;FineArt-Papier (Hahnemühle);Hahnemühle Baryta;;Hahnemühle;FineArt-Inkjetdruck;Pigment / FineArt;Querformat;2:3;15;21;15x21;;;Holzleisten-Aufhängung (oben/unten);;;;
Wandbild;Poster/FineArt mit Holzaufhänger;1;;FineArt-Papier (Hahnemühle);Hahnemühle Baryta;;Hahnemühle;FineArt-Inkjetdruck;Pigment / FineArt;Querformat;2:3;15;22;15x22;;;Holzleisten-Aufhängung (oben/unten);;;;
Wandbild;Poster/FineArt mit Holzaufhänger;1;;FineArt-Papier (Hahnemühle);Hahnemühle Baryta;;Hahnemühle;FineArt-Inkjetdruck;Pigment / FineArt;Querformat;2:3;20;30;20x30;;;Holzleisten-Aufhängung (oben/unten);;;;
Wandbild;Poster/FineArt mit Holzaufhänger;1;;FineArt-Papier (Hahnemühle);Hahnemühle Baryta;;Hahnemühle;FineArt-Inkjetdruck;Pigment / FineArt;Querformat;2:3;21;29.7;21x29.7;A4;;Holzleisten-Aufhängung (oben/unten);;;;
Wandbild;Poster/FineArt mit Holzaufhänger;1;;FineArt-Papier (Hahnemühle);Hahnemühle Baryta;;Hahnemühle;FineArt-Inkjetdruck;Pigment / FineArt;Querformat;2:3;21;30;21x30;A4;;Holzleisten-Aufhängung (oben/unten);;;;
Wandbild;Poster/FineArt mit Holzaufhänger;1;;FineArt-Papier (Hahnemühle);Hahnemühle Baryta;;Hahnemühle;FineArt-Inkjetdruck;Pigment / FineArt;Querformat;2:3;29.7;42;29.7x42;A3;;Holzleisten-Aufhängung (oben/unten);;;;
Wandbild;Poster/FineArt mit Holzaufhänger;1;;FineArt-Papier (Hahnemühle);Hahnemühle Baryta;;Hahnemühle;FineArt-Inkjetdruck;Pigment / FineArt;Querformat;2:3;30;45;30x45;;;Holzleisten-Aufhängung (oben/unten);;;;
Wandbild;Poster/FineArt mit Holzaufhänger;1;;FineArt-Papier (Hahnemühle);Hahnemühle Baryta;;Hahnemühle;FineArt-Inkjetdruck;Pigment / FineArt;Querformat;2:3;40;60;40x60;;;Holzleisten-Aufhängung (oben/unten);;;;
Wandbild;Poster/FineArt mit Holzaufhänger;1;;FineArt-Papier (Hahnemühle);Hahnemühle Baryta;;Hahnemühle;FineArt-Inkjetdruck;Pigment / FineArt;Querformat;2:3;42;59.4;42x59.4;A2;;Holzleisten-Aufhängung (oben/unten);;;;
Wandbild;Poster/FineArt mit Holzaufhänger;1;;FineArt-Papier (Hahnemühle);Hahnemühle Baryta;;Hahnemühle;FineArt-Inkjetdruck;Pigment / FineArt;Querformat;2:3;50;70;50x70;;;Holzleisten-Aufhängung (oben/unten);;;;
Wandbild;Poster/FineArt mit Holzaufhänger;1;;FineArt-Papier (Hahnemühle);Hahnemühle Baryta;;Hahnemühle;FineArt-Inkjetdruck;Pigment / FineArt;Querformat;2:3;50;75;50x75;;;Holzleisten-Aufhängung (oben/unten);;;;
Wandbild;Poster/FineArt mit Holzaufhänger;1;;FineArt-Papier (Hahnemühle);Hahnemühle Baryta;;Hahnemühle;FineArt-Inkjetdruck;Pigment / FineArt;Querformat;2:3;59.4;84.1;59.4x84.1;A1;;Holzleisten-Aufhängung (oben/unten);;;;
Wandbild;Poster/FineArt mit Holzaufhänger;1;;FineArt-Papier (Hahnemühle);Hahnemühle Baryta;;Hahnemühle;FineArt-Inkjetdruck;Pigment / FineArt;Querformat;2:3;60;90;60x90;;;Holzleisten-Aufhängung (oben/unten);;;;
Wandbild;Poster/FineArt mit Holzaufhänger;1;;FineArt-Papier (Hahnemühle);Hahnemühle Baryta;;Hahnemühle;FineArt-Inkjetdruck;Pigment / FineArt;Querformat;2:3;70;100;70x100;;;Holzleisten-Aufhängung (oben/unten);;;;
Wandbild;Poster/FineArt mit Holzaufhänger;1;;FineArt-Papier (Hahnemühle);Hahnemühle Baryta;;Hahnemühle;FineArt-Inkjetdruck;Pigment / FineArt;Querformat;2:3;70;105;70x105;;;Holzleisten-Aufhängung (oben/unten);;;;
Wandbild;Poster/FineArt mit Holzaufhänger;1;;FineArt-Papier (Hahnemühle);Hahnemühle Baryta;;Hahnemühle;FineArt-Inkjetdruck;Pigment / FineArt;Querformat;3:4;18;24;18x24;;;Holzleisten-Aufhängung (oben/unten);;;;
Wandbild;Poster/FineArt mit Holzaufhänger;1;;FineArt-Papier (Hahnemühle);Hahnemühle Baryta;;Hahnemühle;FineArt-Inkjetdruck;Pigment / FineArt;Querformat;3:4;30;40;30x40;;;Holzleisten-Aufhängung (oben/unten);;;;
Wandbild;Poster/FineArt mit Holzaufhänger;1;;FineArt-Papier (Hahnemühle);Hahnemühle Baryta;;Hahnemühle;FineArt-Inkjetdruck;Pigment / FineArt;Querformat;3:4;60;80;60x80;;;Holzleisten-Aufhängung (oben/unten);;;;
Wandbild;Poster/FineArt mit Holzaufhänger;1;;FineArt-Papier (Hahnemühle);Hahnemühle Baryta;;Hahnemühle;FineArt-Inkjetdruck;Pigment / FineArt;Querformat;3:4;75;100;75x100;;;Holzleisten-Aufhängung (oben/unten);;;;
Wandbild;Poster/FineArt mit Holzaufhänger;1;;FineArt-Papier (Hahnemühle);Hahnemühle Baryta;;Hahnemühle;FineArt-Inkjetdruck;Pigment / FineArt;Querformat;3:5;70;120;70x120;;;Holzleisten-Aufhängung (oben/unten);;;;
Wandbild;Poster/FineArt mit Holzaufhänger;1;;FineArt-Papier (Hahnemühle);Hahnemühle Baryta;;Hahnemühle;FineArt-Inkjetdruck;Pigment / FineArt;Querformat;4:5;10;13;10x13;;;Holzleisten-Aufhängung (oben/unten);;;;
Wandbild;Poster/FineArt mit Holzaufhänger;1;;FineArt-Papier (Hahnemühle);Hahnemühle Baryta;;Hahnemühle;FineArt-Inkjetdruck;Pigment / FineArt;Querformat;4:5;40;50;40x50;;;Holzleisten-Aufhängung (oben/unten);;;;
Wandbild;Poster/FineArt mit Holzaufhänger;1;;FineArt-Papier (Hahnemühle);Hahnemühle Baryta;;Hahnemühle;FineArt-Inkjetdruck;Pigment / FineArt;Querformat;4:5;70;90;70x90;;;Holzleisten-Aufhängung (oben/unten);;;;
Wandbild;Poster/FineArt mit Holzaufhänger;1;;FineArt-Papier (Hahnemühle);Hahnemühle Baryta;;Hahnemühle;FineArt-Inkjetdruck;Pigment / FineArt;Querformat;4:5;80;100;80x100;;;Holzleisten-Aufhängung (oben/unten);;;;
Wandbild;Poster/FineArt mit Holzaufhänger;1;;FineArt-Papier (Hahnemühle);Hahnemühle Baryta;;Hahnemühle;FineArt-Inkjetdruck;Pigment / FineArt;Querformat;1:1;15;15;15x15;;;Holzleisten-Aufhängung (oben/unten);;;;
Wandbild;Poster/FineArt mit Holzaufhänger;1;;FineArt-Papier (Hahnemühle);Hahnemühle Baryta;;Hahnemühle;FineArt-Inkjetdruck;Pigment / FineArt;Querformat;1:1;20;20;20x20;;;Holzleisten-Aufhängung (oben/unten);;;;
Wandbild;Poster/FineArt mit Holzaufhänger;1;;FineArt-Papier (Hahnemühle);Hahnemühle Baryta;;Hahnemühle;FineArt-Inkjetdruck;Pigment / FineArt;Querformat;1:1;21;21;21x21;;;Holzleisten-Aufhängung (oben/unten);;;;
Wandbild;Poster/FineArt mit Holzaufhänger;1;;FineArt-Papier (Hahnemühle);Hahnemühle Baryta;;Hahnemühle;FineArt-Inkjetdruck;Pigment / FineArt;Querformat;1:1;30;30;30x30;;;Holzleisten-Aufhängung (oben/unten);;;;
Wandbild;Poster/FineArt mit Holzaufhänger;1;;FineArt-Papier (Hahnemühle);Hahnemühle Baryta;;Hahnemühle;FineArt-Inkjetdruck;Pigment / FineArt;Querformat;1:1;40;40;40x40;;;Holzleisten-Aufhängung (oben/unten);;;;
Wandbild;Poster/FineArt mit Holzaufhänger;1;;FineArt-Papier (Hahnemühle);Hahnemühle Baryta;;Hahnemühle;FineArt-Inkjetdruck;Pigment / FineArt;Querformat;1:1;50;50;50x50;;;Holzleisten-Aufhängung (oben/unten);;;;
Wandbild;Poster/FineArt mit Holzaufhänger;1;;FineArt-Papier (Hahnemühle);Hahnemühle Baryta;;Hahnemühle;FineArt-Inkjetdruck;Pigment / FineArt;Querformat;1:1;60;60;60x60;;;Holzleisten-Aufhängung (oben/unten);;;;
Wandbild;Poster/FineArt mit Holzaufhänger;1;;FineArt-Papier (Hahnemühle);Hahnemühle Baryta;;Hahnemühle;FineArt-Inkjetdruck;Pigment / FineArt;Querformat;1:1;70;70;70x70;;;Holzleisten-Aufhängung (oben/unten);;;;
Wandbild;Poster/FineArt mit Holzaufhänger;1;;FineArt-Papier (Hahnemühle);Hahnemühle Baryta;;Hahnemühle;FineArt-Inkjetdruck;Pigment / FineArt;Querformat;Panorama;10;18;10x18;;;Holzleisten-Aufhängung (oben/unten);;;;
Wandbild;Poster/FineArt mit Holzaufhänger;1;;FineArt-Papier (Hahnemühle);Hahnemühle Baryta;;Hahnemühle;FineArt-Inkjetdruck;Pigment / FineArt;Querformat;Panorama;10;20;10x20;;;Holzleisten-Aufhängung (oben/unten);;;;
Wandbild;Poster/FineArt mit Holzaufhänger;1;;FineArt-Papier (Hahnemühle);Hahnemühle Baryta;;Hahnemühle;FineArt-Inkjetdruck;Pigment / FineArt;Querformat;Panorama;20;40;20x40;;;Holzleisten-Aufhängung (oben/unten);;;;
Wandbild;Poster/FineArt mit Holzaufhänger;1;;FineArt-Papier (Hahnemühle);Hahnemühle Baryta;;Hahnemühle;FineArt-Inkjetdruck;Pigment / FineArt;Querformat;Panorama;20;60;20x60;;;Holzleisten-Aufhängung (oben/unten);;;;
Wandbild;Poster/FineArt mit Holzaufhänger;1;;FineArt-Papier (Hahnemühle);Hahnemühle Baryta;;Hahnemühle;FineArt-Inkjetdruck;Pigment / FineArt;Querformat;Panorama;30;60;30x60;;;Holzleisten-Aufhängung (oben/unten);;;;
Wandbild;Poster/FineArt mit Holzaufhänger;1;;FineArt-Papier (Hahnemühle);Hahnemühle Baryta;;Hahnemühle;FineArt-Inkjetdruck;Pigment / FineArt;Querformat;Panorama;30;90;30x90;;;Holzleisten-Aufhängung (oben/unten);;;;
Wandbild;Poster/FineArt mit Holzaufhänger;1;;FineArt-Papier (Hahnemühle);Hahnemühle Baryta;;Hahnemühle;FineArt-Inkjetdruck;Pigment / FineArt;Querformat;Panorama;40;80;40x80;;;Holzleisten-Aufhängung (oben/unten);;;;
Wandbild;Poster/FineArt mit Holzaufhänger;1;;FineArt-Papier (Hahnemühle);Hahnemühle Baryta;;Hahnemühle;FineArt-Inkjetdruck;Pigment / FineArt;Querformat;Panorama;50;100;50x100;;;Holzleisten-Aufhängung (oben/unten);;;;
Wandbild;Poster/FineArt mit Holzaufhänger;1;;FineArt-Papier (Hahnemühle);Hahnemühle Baryta;;Hahnemühle;FineArt-Inkjetdruck;Pigment / FineArt;Querformat;Panorama;60;120;60x120;;;Holzleisten-Aufhängung (oben/unten);;;;
Wandbild;Poster/FineArt mit Holzaufhänger;1;;FineArt-Papier (Hahnemühle);Hahnemühle Baryta;;Hahnemühle;FineArt-Inkjetdruck;Pigment / FineArt;Querformat;Panorama;60;180;60x180;;;Holzleisten-Aufhängung (oben/unten);;;;
Wandbild;Poster/FineArt mit Holzaufhänger;1;;FineArt-Papier (Hahnemühle);Hahnemühle Baryta;;Hahnemühle;FineArt-Inkjetdruck;Pigment / FineArt;Querformat;Panorama;70;180;70x180;;;Holzleisten-Aufhängung (oben/unten);;;;
Wandbild;Poster/FineArt mit Holzaufhänger;1;;FineArt-Papier (Hahnemühle);Hahnemühle Hemp Natural Line;;Hahnemühle;FineArt-Inkjetdruck;Pigment / FineArt;Hochformat;2:3;10;15;10x15;;;Holzleisten-Aufhängung (oben/unten);;;;
Wandbild;Poster/FineArt mit Holzaufhänger;1;;FineArt-Papier (Hahnemühle);Hahnemühle Hemp Natural Line;;Hahnemühle;FineArt-Inkjetdruck;Pigment / FineArt;Hochformat;2:3;10.5;14.8;10.5x14.8;A6;;Holzleisten-Aufhängung (oben/unten);;;;
Wandbild;Poster/FineArt mit Holzaufhänger;1;;FineArt-Papier (Hahnemühle);Hahnemühle Hemp Natural Line;;Hahnemühle;FineArt-Inkjetdruck;Pigment / FineArt;Hochformat;2:3;13;18;13x18;;;Holzleisten-Aufhängung (oben/unten);;;;
Wandbild;Poster/FineArt mit Holzaufhänger;1;;FineArt-Papier (Hahnemühle);Hahnemühle Hemp Natural Line;;Hahnemühle;FineArt-Inkjetdruck;Pigment / FineArt;Hochformat;2:3;13;19;13x19;;;Holzleisten-Aufhängung (oben/unten);;;;
Wandbild;Poster/FineArt mit Holzaufhänger;1;;FineArt-Papier (Hahnemühle);Hahnemühle Hemp Natural Line;;Hahnemühle;FineArt-Inkjetdruck;Pigment / FineArt;Hochformat;2:3;14.8;21;14.8x21;A5;;Holzleisten-Aufhängung (oben/unten);;;;
Wandbild;Poster/FineArt mit Holzaufhänger;1;;FineArt-Papier (Hahnemühle);Hahnemühle Hemp Natural Line;;Hahnemühle;FineArt-Inkjetdruck;Pigment / FineArt;Hochformat;2:3;15;21;15x21;;;Holzleisten-Aufhängung (oben/unten);;;;
Wandbild;Poster/FineArt mit Holzaufhänger;1;;FineArt-Papier (Hahnemühle);Hahnemühle Hemp Natural Line;;Hahnemühle;FineArt-Inkjetdruck;Pigment / FineArt;Hochformat;2:3;15;22;15x22;;;Holzleisten-Aufhängung (oben/unten);;;;
Wandbild;Poster/FineArt mit Holzaufhänger;1;;FineArt-Papier (Hahnemühle);Hahnemühle Hemp Natural Line;;Hahnemühle;FineArt-Inkjetdruck;Pigment / FineArt;Hochformat;2:3;20;30;20x30;;;Holzleisten-Aufhängung (oben/unten);;;;
Wandbild;Poster/FineArt mit Holzaufhänger;1;;FineArt-Papier (Hahnemühle);Hahnemühle Hemp Natural Line;;Hahnemühle;FineArt-Inkjetdruck;Pigment / FineArt;Hochformat;2:3;21;29.7;21x29.7;A4;;Holzleisten-Aufhängung (oben/unten);;;;
Wandbild;Poster/FineArt mit Holzaufhänger;1;;FineArt-Papier (Hahnemühle);Hahnemühle Hemp Natural Line;;Hahnemühle;FineArt-Inkjetdruck;Pigment / FineArt;Hochformat;2:3;21;30;21x30;A4;;Holzleisten-Aufhängung (oben/unten);;;;
Wandbild;Poster/FineArt mit Holzaufhänger;1;;FineArt-Papier (Hahnemühle);Hahnemühle Hemp Natural Line;;Hahnemühle;FineArt-Inkjetdruck;Pigment / FineArt;Hochformat;2:3;29.7;42;29.7x42;A3;;Holzleisten-Aufhängung (oben/unten);;;;
Wandbild;Poster/FineArt mit Holzaufhänger;1;;FineArt-Papier (Hahnemühle);Hahnemühle Hemp Natural Line;;Hahnemühle;FineArt-Inkjetdruck;Pigment / FineArt;Hochformat;2:3;30;45;30x45;;;Holzleisten-Aufhängung (oben/unten);;;;
Wandbild;Poster/FineArt mit Holzaufhänger;1;;FineArt-Papier (Hahnemühle);Hahnemühle Hemp Natural Line;;Hahnemühle;FineArt-Inkjetdruck;Pigment / FineArt;Hochformat;2:3;40;60;40x60;;;Holzleisten-Aufhängung (oben/unten);;;;
Wandbild;Poster/FineArt mit Holzaufhänger;1;;FineArt-Papier (Hahnemühle);Hahnemühle Hemp Natural Line;;Hahnemühle;FineArt-Inkjetdruck;Pigment / FineArt;Hochformat;2:3;42;59.4;42x59.4;A2;;Holzleisten-Aufhängung (oben/unten);;;;
Wandbild;Poster/FineArt mit Holzaufhänger;1;;FineArt-Papier (Hahnemühle);Hahnemühle Hemp Natural Line;;Hahnemühle;FineArt-Inkjetdruck;Pigment / FineArt;Hochformat;2:3;50;70;50x70;;;Holzleisten-Aufhängung (oben/unten);;;;
Wandbild;Poster/FineArt mit Holzaufhänger;1;;FineArt-Papier (Hahnemühle);Hahnemühle Hemp Natural Line;;Hahnemühle;FineArt-Inkjetdruck;Pigment / FineArt;Hochformat;2:3;50;75;50x75;;;Holzleisten-Aufhängung (oben/unten);;;;
Wandbild;Poster/FineArt mit Holzaufhänger;1;;FineArt-Papier (Hahnemühle);Hahnemühle Hemp Natural Line;;Hahnemühle;FineArt-Inkjetdruck;Pigment / FineArt;Hochformat;2:3;59.4;84.1;59.4x84.1;A1;;Holzleisten-Aufhängung (oben/unten);;;;
Wandbild;Poster/FineArt mit Holzaufhänger;1;;FineArt-Papier (Hahnemühle);Hahnemühle Hemp Natural Line;;Hahnemühle;FineArt-Inkjetdruck;Pigment / FineArt;Hochformat;2:3;60;90;60x90;;;Holzleisten-Aufhängung (oben/unten);;;;
Wandbild;Poster/FineArt mit Holzaufhänger;1;;FineArt-Papier (Hahnemühle);Hahnemühle Hemp Natural Line;;Hahnemühle;FineArt-Inkjetdruck;Pigment / FineArt;Hochformat;2:3;70;100;70x100;;;Holzleisten-Aufhängung (oben/unten);;;;
Wandbild;Poster/FineArt mit Holzaufhänger;1;;FineArt-Papier (Hahnemühle);Hahnemühle Hemp Natural Line;;Hahnemühle;FineArt-Inkjetdruck;Pigment / FineArt;Hochformat;2:3;70;105;70x105;;;Holzleisten-Aufhängung (oben/unten);;;;
Wandbild;Poster/FineArt mit Holzaufhänger;1;;FineArt-Papier (Hahnemühle);Hahnemühle Hemp Natural Line;;Hahnemühle;FineArt-Inkjetdruck;Pigment / FineArt;Hochformat;3:4;18;24;18x24;;;Holzleisten-Aufhängung (oben/unten);;;;
Wandbild;Poster/FineArt mit Holzaufhänger;1;;FineArt-Papier (Hahnemühle);Hahnemühle Hemp Natural Line;;Hahnemühle;FineArt-Inkjetdruck;Pigment / FineArt;Hochformat;3:4;30;40;30x40;;;Holzleisten-Aufhängung (oben/unten);;;;
Wandbild;Poster/FineArt mit Holzaufhänger;1;;FineArt-Papier (Hahnemühle);Hahnemühle Hemp Natural Line;;Hahnemühle;FineArt-Inkjetdruck;Pigment / FineArt;Hochformat;3:4;60;80;60x80;;;Holzleisten-Aufhängung (oben/unten);;;;
Wandbild;Poster/FineArt mit Holzaufhänger;1;;FineArt-Papier (Hahnemühle);Hahnemühle Hemp Natural Line;;Hahnemühle;FineArt-Inkjetdruck;Pigment / FineArt;Hochformat;3:4;75;100;75x100;;;Holzleisten-Aufhängung (oben/unten);;;;
Wandbild;Poster/FineArt mit Holzaufhänger;1;;FineArt-Papier (Hahnemühle);Hahnemühle Hemp Natural Line;;Hahnemühle;FineArt-Inkjetdruck;Pigment / FineArt;Hochformat;3:5;70;120;70x120;;;Holzleisten-Aufhängung (oben/unten);;;;
Wandbild;Poster/FineArt mit Holzaufhänger;1;;FineArt-Papier (Hahnemühle);Hahnemühle Hemp Natural Line;;Hahnemühle;FineArt-Inkjetdruck;Pigment / FineArt;Hochformat;4:5;10;13;10x13;;;Holzleisten-Aufhängung (oben/unten);;;;
Wandbild;Poster/FineArt mit Holzaufhänger;1;;FineArt-Papier (Hahnemühle);Hahnemühle Hemp Natural Line;;Hahnemühle;FineArt-Inkjetdruck;Pigment / FineArt;Hochformat;4:5;40;50;40x50;;;Holzleisten-Aufhängung (oben/unten);;;;
Wandbild;Poster/FineArt mit Holzaufhänger;1;;FineArt-Papier (Hahnemühle);Hahnemühle Hemp Natural Line;;Hahnemühle;FineArt-Inkjetdruck;Pigment / FineArt;Hochformat;4:5;70;90;70x90;;;Holzleisten-Aufhängung (oben/unten);;;;
Wandbild;Poster/FineArt mit Holzaufhänger;1;;FineArt-Papier (Hahnemühle);Hahnemühle Hemp Natural Line;;Hahnemühle;FineArt-Inkjetdruck;Pigment / FineArt;Hochformat;4:5;80;100;80x100;;;Holzleisten-Aufhängung (oben/unten);;;;
Wandbild;Poster/FineArt mit Holzaufhänger;1;;FineArt-Papier (Hahnemühle);Hahnemühle Hemp Natural Line;;Hahnemühle;FineArt-Inkjetdruck;Pigment / FineArt;Hochformat;1:1;15;15;15x15;;;Holzleisten-Aufhängung (oben/unten);;;;
Wandbild;Poster/FineArt mit Holzaufhänger;1;;FineArt-Papier (Hahnemühle);Hahnemühle Hemp Natural Line;;Hahnemühle;FineArt-Inkjetdruck;Pigment / FineArt;Hochformat;1:1;20;20;20x20;;;Holzleisten-Aufhängung (oben/unten);;;;
Wandbild;Poster/FineArt mit Holzaufhänger;1;;FineArt-Papier (Hahnemühle);Hahnemühle Hemp Natural Line;;Hahnemühle;FineArt-Inkjetdruck;Pigment / FineArt;Hochformat;1:1;21;21;21x21;;;Holzleisten-Aufhängung (oben/unten);;;;
Wandbild;Poster/FineArt mit Holzaufhänger;1;;FineArt-Papier (Hahnemühle);Hahnemühle Hemp Natural Line;;Hahnemühle;FineArt-Inkjetdruck;Pigment / FineArt;Hochformat;1:1;30;30;30x30;;;Holzleisten-Aufhängung (oben/unten);;;;
Wandbild;Poster/FineArt mit Holzaufhänger;1;;FineArt-Papier (Hahnemühle);Hahnemühle Hemp Natural Line;;Hahnemühle;FineArt-Inkjetdruck;Pigment / FineArt;Hochformat;1:1;40;40;40x40;;;Holzleisten-Aufhängung (oben/unten);;;;
Wandbild;Poster/FineArt mit Holzaufhänger;1;;FineArt-Papier (Hahnemühle);Hahnemühle Hemp Natural Line;;Hahnemühle;FineArt-Inkjetdruck;Pigment / FineArt;Hochformat;1:1;50;50;50x50;;;Holzleisten-Aufhängung (oben/unten);;;;
Wandbild;Poster/FineArt mit Holzaufhänger;1;;FineArt-Papier (Hahnemühle);Hahnemühle Hemp Natural Line;;Hahnemühle;FineArt-Inkjetdruck;Pigment / FineArt;Hochformat;1:1;60;60;60x60;;;Holzleisten-Aufhängung (oben/unten);;;;
Wandbild;Poster/FineArt mit Holzaufhänger;1;;FineArt-Papier (Hahnemühle);Hahnemühle Hemp Natural Line;;Hahnemühle;FineArt-Inkjetdruck;Pigment / FineArt;Hochformat;1:1;70;70;70x70;;;Holzleisten-Aufhängung (oben/unten);;;;
Wandbild;Poster/FineArt mit Holzaufhänger;1;;FineArt-Papier (Hahnemühle);Hahnemühle Hemp Natural Line;;Hahnemühle;FineArt-Inkjetdruck;Pigment / FineArt;Hochformat;Panorama;10;18;10x18;;;Holzleisten-Aufhängung (oben/unten);;;;
Wandbild;Poster/FineArt mit Holzaufhänger;1;;FineArt-Papier (Hahnemühle);Hahnemühle Hemp Natural Line;;Hahnemühle;FineArt-Inkjetdruck;Pigment / FineArt;Hochformat;Panorama;10;20;10x20;;;Holzleisten-Aufhängung (oben/unten);;;;
Wandbild;Poster/FineArt mit Holzaufhänger;1;;FineArt-Papier (Hahnemühle);Hahnemühle Hemp Natural Line;;Hahnemühle;FineArt-Inkjetdruck;Pigment / FineArt;Hochformat;Panorama;20;40;20x40;;;Holzleisten-Aufhängung (oben/unten);;;;
Wandbild;Poster/FineArt mit Holzaufhänger;1;;FineArt-Papier (Hahnemühle);Hahnemühle Hemp Natural Line;;Hahnemühle;FineArt-Inkjetdruck;Pigment / FineArt;Hochformat;Panorama;20;60;20x60;;;Holzleisten-Aufhängung (oben/unten);;;;
Wandbild;Poster/FineArt mit Holzaufhänger;1;;FineArt-Papier (Hahnemühle);Hahnemühle Hemp Natural Line;;Hahnemühle;FineArt-Inkjetdruck;Pigment / FineArt;Hochformat;Panorama;30;60;30x60;;;Holzleisten-Aufhängung (oben/unten);;;;
Wandbild;Poster/FineArt mit Holzaufhänger;1;;FineArt-Papier (Hahnemühle);Hahnemühle Hemp Natural Line;;Hahnemühle;FineArt-Inkjetdruck;Pigment / FineArt;Hochformat;Panorama;30;90;30x90;;;Holzleisten-Aufhängung (oben/unten);;;;
Wandbild;Poster/FineArt mit Holzaufhänger;1;;FineArt-Papier (Hahnemühle);Hahnemühle Hemp Natural Line;;Hahnemühle;FineArt-Inkjetdruck;Pigment / FineArt;Hochformat;Panorama;40;80;40x80;;;Holzleisten-Aufhängung (oben/unten);;;;
Wandbild;Poster/FineArt mit Holzaufhänger;1;;FineArt-Papier (Hahnemühle);Hahnemühle Hemp Natural Line;;Hahnemühle;FineArt-Inkjetdruck;Pigment / FineArt;Hochformat;Panorama;50;100;50x100;;;Holzleisten-Aufhängung (oben/unten);;;;
Wandbild;Poster/FineArt mit Holzaufhänger;1;;FineArt-Papier (Hahnemühle);Hahnemühle Hemp Natural Line;;Hahnemühle;FineArt-Inkjetdruck;Pigment / FineArt;Hochformat;Panorama;60;120;60x120;;;Holzleisten-Aufhängung (oben/unten);;;;
Wandbild;Poster/FineArt mit Holzaufhänger;1;;FineArt-Papier (Hahnemühle);Hahnemühle Hemp Natural Line;;Hahnemühle;FineArt-Inkjetdruck;Pigment / FineArt;Hochformat;Panorama;60;180;60x180;;;Holzleisten-Aufhängung (oben/unten);;;;
Wandbild;Poster/FineArt mit Holzaufhänger;1;;FineArt-Papier (Hahnemühle);Hahnemühle Hemp Natural Line;;Hahnemühle;FineArt-Inkjetdruck;Pigment / FineArt;Hochformat;Panorama;70;180;70x180;;;Holzleisten-Aufhängung (oben/unten);;;;
Wandbild;Poster/FineArt mit Holzaufhänger;1;;FineArt-Papier (Hahnemühle);Hahnemühle Hemp Natural Line;;Hahnemühle;FineArt-Inkjetdruck;Pigment / FineArt;Querformat;2:3;10;15;10x15;;;Holzleisten-Aufhängung (oben/unten);;;;
Wandbild;Poster/FineArt mit Holzaufhänger;1;;FineArt-Papier (Hahnemühle);Hahnemühle Hemp Natural Line;;Hahnemühle;FineArt-Inkjetdruck;Pigment / FineArt;Querformat;2:3;10.5;14.8;10.5x14.8;A6;;Holzleisten-Aufhängung (oben/unten);;;;
Wandbild;Poster/FineArt mit Holzaufhänger;1;;FineArt-Papier (Hahnemühle);Hahnemühle Hemp Natural Line;;Hahnemühle;FineArt-Inkjetdruck;Pigment / FineArt;Querformat;2:3;13;18;13x18;;;Holzleisten-Aufhängung (oben/unten);;;;
Wandbild;Poster/FineArt mit Holzaufhänger;1;;FineArt-Papier (Hahnemühle);Hahnemühle Hemp Natural Line;;Hahnemühle;FineArt-Inkjetdruck;Pigment / FineArt;Querformat;2:3;13;19;13x19;;;Holzleisten-Aufhängung (oben/unten);;;;
Wandbild;Poster/FineArt mit Holzaufhänger;1;;FineArt-Papier (Hahnemühle);Hahnemühle Hemp Natural Line;;Hahnemühle;FineArt-Inkjetdruck;Pigment / FineArt;Querformat;2:3;14.8;21;14.8x21;A5;;Holzleisten-Aufhängung (oben/unten);;;;
Wandbild;Poster/FineArt mit Holzaufhänger;1;;FineArt-Papier (Hahnemühle);Hahnemühle Hemp Natural Line;;Hahnemühle;FineArt-Inkjetdruck;Pigment / FineArt;Querformat;2:3;15;21;15x21;;;Holzleisten-Aufhängung (oben/unten);;;;
Wandbild;Poster/FineArt mit Holzaufhänger;1;;FineArt-Papier (Hahnemühle);Hahnemühle Hemp Natural Line;;Hahnemühle;FineArt-Inkjetdruck;Pigment / FineArt;Querformat;2:3;15;22;15x22;;;Holzleisten-Aufhängung (oben/unten);;;;
Wandbild;Poster/FineArt mit Holzaufhänger;1;;FineArt-Papier (Hahnemühle);Hahnemühle Hemp Natural Line;;Hahnemühle;FineArt-Inkjetdruck;Pigment / FineArt;Querformat;2:3;20;30;20x30;;;Holzleisten-Aufhängung (oben/unten);;;;
Wandbild;Poster/FineArt mit Holzaufhänger;1;;FineArt-Papier (Hahnemühle);Hahnemühle Hemp Natural Line;;Hahnemühle;FineArt-Inkjetdruck;Pigment / FineArt;Querformat;2:3;21;29.7;21x29.7;A4;;Holzleisten-Aufhängung (oben/unten);;;;
Wandbild;Poster/FineArt mit Holzaufhänger;1;;FineArt-Papier (Hahnemühle);Hahnemühle Hemp Natural Line;;Hahnemühle;FineArt-Inkjetdruck;Pigment / FineArt;Querformat;2:3;21;30;21x30;A4;;Holzleisten-Aufhängung (oben/unten);;;;
Wandbild;Poster/FineArt mit Holzaufhänger;1;;FineArt-Papier (Hahnemühle);Hahnemühle Hemp Natural Line;;Hahnemühle;FineArt-Inkjetdruck;Pigment / FineArt;Querformat;2:3;29.7;42;29.7x42;A3;;Holzleisten-Aufhängung (oben/unten);;;;
Wandbild;Poster/FineArt mit Holzaufhänger;1;;FineArt-Papier (Hahnemühle);Hahnemühle Hemp Natural Line;;Hahnemühle;FineArt-Inkjetdruck;Pigment / FineArt;Querformat;2:3;30;45;30x45;;;Holzleisten-Aufhängung (oben/unten);;;;
Wandbild;Poster/FineArt mit Holzaufhänger;1;;FineArt-Papier (Hahnemühle);Hahnemühle Hemp Natural Line;;Hahnemühle;FineArt-Inkjetdruck;Pigment / FineArt;Querformat;2:3;40;60;40x60;;;Holzleisten-Aufhängung (oben/unten);;;;
Wandbild;Poster/FineArt mit Holzaufhänger;1;;FineArt-Papier (Hahnemühle);Hahnemühle Hemp Natural Line;;Hahnemühle;FineArt-Inkjetdruck;Pigment / FineArt;Querformat;2:3;42;59.4;42x59.4;A2;;Holzleisten-Aufhängung (oben/unten);;;;
Wandbild;Poster/FineArt mit Holzaufhänger;1;;FineArt-Papier (Hahnemühle);Hahnemühle Hemp Natural Line;;Hahnemühle;FineArt-Inkjetdruck;Pigment / FineArt;Querformat;2:3;50;70;50x70;;;Holzleisten-Aufhängung (oben/unten);;;;
Wandbild;Poster/FineArt mit Holzaufhänger;1;;FineArt-Papier (Hahnemühle);Hahnemühle Hemp Natural Line;;Hahnemühle;FineArt-Inkjetdruck;Pigment / FineArt;Querformat;2:3;50;75;50x75;;;Holzleisten-Aufhängung (oben/unten);;;;
Wandbild;Poster/FineArt mit Holzaufhänger;1;;FineArt-Papier (Hahnemühle);Hahnemühle Hemp Natural Line;;Hahnemühle;FineArt-Inkjetdruck;Pigment / FineArt;Querformat;2:3;59.4;84.1;59.4x84.1;A1;;Holzleisten-Aufhängung (oben/unten);;;;
Wandbild;Poster/FineArt mit Holzaufhänger;1;;FineArt-Papier (Hahnemühle);Hahnemühle Hemp Natural Line;;Hahnemühle;FineArt-Inkjetdruck;Pigment / FineArt;Querformat;2:3;60;90;60x90;;;Holzleisten-Aufhängung (oben/unten);;;;
Wandbild;Poster/FineArt mit Holzaufhänger;1;;FineArt-Papier (Hahnemühle);Hahnemühle Hemp Natural Line;;Hahnemühle;FineArt-Inkjetdruck;Pigment / FineArt;Querformat;2:3;70;100;70x100;;;Holzleisten-Aufhängung (oben/unten);;;;
Wandbild;Poster/FineArt mit Holzaufhänger;1;;FineArt-Papier (Hahnemühle);Hahnemühle Hemp Natural Line;;Hahnemühle;FineArt-Inkjetdruck;Pigment / FineArt;Querformat;2:3;70;105;70x105;;;Holzleisten-Aufhängung (oben/unten);;;;
Wandbild;Poster/FineArt mit Holzaufhänger;1;;FineArt-Papier (Hahnemühle);Hahnemühle Hemp Natural Line;;Hahnemühle;FineArt-Inkjetdruck;Pigment / FineArt;Querformat;3:4;18;24;18x24;;;Holzleisten-Aufhängung (oben/unten);;;;
Wandbild;Poster/FineArt mit Holzaufhänger;1;;FineArt-Papier (Hahnemühle);Hahnemühle Hemp Natural Line;;Hahnemühle;FineArt-Inkjetdruck;Pigment / FineArt;Querformat;3:4;30;40;30x40;;;Holzleisten-Aufhängung (oben/unten);;;;
Wandbild;Poster/FineArt mit Holzaufhänger;1;;FineArt-Papier (Hahnemühle);Hahnemühle Hemp Natural Line;;Hahnemühle;FineArt-Inkjetdruck;Pigment / FineArt;Querformat;3:4;60;80;60x80;;;Holzleisten-Aufhängung (oben/unten);;;;
Wandbild;Poster/FineArt mit Holzaufhänger;1;;FineArt-Papier (Hahnemühle);Hahnemühle Hemp Natural Line;;Hahnemühle;FineArt-Inkjetdruck;Pigment / FineArt;Querformat;3:4;75;100;75x100;;;Holzleisten-Aufhängung (oben/unten);;;;
Wandbild;Poster/FineArt mit Holzaufhänger;1;;FineArt-Papier (Hahnemühle);Hahnemühle Hemp Natural Line;;Hahnemühle;FineArt-Inkjetdruck;Pigment / FineArt;Querformat;3:5;70;120;70x120;;;Holzleisten-Aufhängung (oben/unten);;;;
Wandbild;Poster/FineArt mit Holzaufhänger;1;;FineArt-Papier (Hahnemühle);Hahnemühle Hemp Natural Line;;Hahnemühle;FineArt-Inkjetdruck;Pigment / FineArt;Querformat;4:5;10;13;10x13;;;Holzleisten-Aufhängung (oben/unten);;;;
Wandbild;Poster/FineArt mit Holzaufhänger;1;;FineArt-Papier (Hahnemühle);Hahnemühle Hemp Natural Line;;Hahnemühle;FineArt-Inkjetdruck;Pigment / FineArt;Querformat;4:5;40;50;40x50;;;Holzleisten-Aufhängung (oben/unten);;;;
Wandbild;Poster/FineArt mit Holzaufhänger;1;;FineArt-Papier (Hahnemühle);Hahnemühle Hemp Natural Line;;Hahnemühle;FineArt-Inkjetdruck;Pigment / FineArt;Querformat;4:5;70;90;70x90;;;Holzleisten-Aufhängung (oben/unten);;;;
Wandbild;Poster/FineArt mit Holzaufhänger;1;;FineArt-Papier (Hahnemühle);Hahnemühle Hemp Natural Line;;Hahnemühle;FineArt-Inkjetdruck;Pigment / FineArt;Querformat;4:5;80;100;80x100;;;Holzleisten-Aufhängung (oben/unten);;;;
Wandbild;Poster/FineArt mit Holzaufhänger;1;;FineArt-Papier (Hahnemühle);Hahnemühle Hemp Natural Line;;Hahnemühle;FineArt-Inkjetdruck;Pigment / FineArt;Querformat;1:1;15;15;15x15;;;Holzleisten-Aufhängung (oben/unten);;;;
Wandbild;Poster/FineArt mit Holzaufhänger;1;;FineArt-Papier (Hahnemühle);Hahnemühle Hemp Natural Line;;Hahnemühle;FineArt-Inkjetdruck;Pigment / FineArt;Querformat;1:1;20;20;20x20;;;Holzleisten-Aufhängung (oben/unten);;;;
Wandbild;Poster/FineArt mit Holzaufhänger;1;;FineArt-Papier (Hahnemühle);Hahnemühle Hemp Natural Line;;Hahnemühle;FineArt-Inkjetdruck;Pigment / FineArt;Querformat;1:1;21;21;21x21;;;Holzleisten-Aufhängung (oben/unten);;;;
Wandbild;Poster/FineArt mit Holzaufhänger;1;;FineArt-Papier (Hahnemühle);Hahnemühle Hemp Natural Line;;Hahnemühle;FineArt-Inkjetdruck;Pigment / FineArt;Querformat;1:1;30;30;30x30;;;Holzleisten-Aufhängung (oben/unten);;;;
Wandbild;Poster/FineArt mit Holzaufhänger;1;;FineArt-Papier (Hahnemühle);Hahnemühle Hemp Natural Line;;Hahnemühle;FineArt-Inkjetdruck;Pigment / FineArt;Querformat;1:1;40;40;40x40;;;Holzleisten-Aufhängung (oben/unten);;;;
Wandbild;Poster/FineArt mit Holzaufhänger;1;;FineArt-Papier (Hahnemühle);Hahnemühle Hemp Natural Line;;Hahnemühle;FineArt-Inkjetdruck;Pigment / FineArt;Querformat;1:1;50;50;50x50;;;Holzleisten-Aufhängung (oben/unten);;;;
Wandbild;Poster/FineArt mit Holzaufhänger;1;;FineArt-Papier (Hahnemühle);Hahnemühle Hemp Natural Line;;Hahnemühle;FineArt-Inkjetdruck;Pigment / FineArt;Querformat;1:1;60;60;60x60;;;Holzleisten-Aufhängung (oben/unten);;;;
Wandbild;Poster/FineArt mit Holzaufhänger;1;;FineArt-Papier (Hahnemühle);Hahnemühle Hemp Natural Line;;Hahnemühle;FineArt-Inkjetdruck;Pigment / FineArt;Querformat;1:1;70;70;70x70;;;Holzleisten-Aufhängung (oben/unten);;;;
Wandbild;Poster/FineArt mit Holzaufhänger;1;;FineArt-Papier (Hahnemühle);Hahnemühle Hemp Natural Line;;Hahnemühle;FineArt-Inkjetdruck;Pigment / FineArt;Querformat;Panorama;10;18;10x18;;;Holzleisten-Aufhängung (oben/unten);;;;
Wandbild;Poster/FineArt mit Holzaufhänger;1;;FineArt-Papier (Hahnemühle);Hahnemühle Hemp Natural Line;;Hahnemühle;FineArt-Inkjetdruck;Pigment / FineArt;Querformat;Panorama;10;20;10x20;;;Holzleisten-Aufhängung (oben/unten);;;;
Wandbild;Poster/FineArt mit Holzaufhänger;1;;FineArt-Papier (Hahnemühle);Hahnemühle Hemp Natural Line;;Hahnemühle;FineArt-Inkjetdruck;Pigment / FineArt;Querformat;Panorama;20;40;20x40;;;Holzleisten-Aufhängung (oben/unten);;;;
Wandbild;Poster/FineArt mit Holzaufhänger;1;;FineArt-Papier (Hahnemühle);Hahnemühle Hemp Natural Line;;Hahnemühle;FineArt-Inkjetdruck;Pigment / FineArt;Querformat;Panorama;20;60;20x60;;;Holzleisten-Aufhängung (oben/unten);;;;
Wandbild;Poster/FineArt mit Holzaufhänger;1;;FineArt-Papier (Hahnemühle);Hahnemühle Hemp Natural Line;;Hahnemühle;FineArt-Inkjetdruck;Pigment / FineArt;Querformat;Panorama;30;60;30x60;;;Holzleisten-Aufhängung (oben/unten);;;;
Wandbild;Poster/FineArt mit Holzaufhänger;1;;FineArt-Papier (Hahnemühle);Hahnemühle Hemp Natural Line;;Hahnemühle;FineArt-Inkjetdruck;Pigment / FineArt;Querformat;Panorama;30;90;30x90;;;Holzleisten-Aufhängung (oben/unten);;;;
Wandbild;Poster/FineArt mit Holzaufhänger;1;;FineArt-Papier (Hahnemühle);Hahnemühle Hemp Natural Line;;Hahnemühle;FineArt-Inkjetdruck;Pigment / FineArt;Querformat;Panorama;40;80;40x80;;;Holzleisten-Aufhängung (oben/unten);;;;
Wandbild;Poster/FineArt mit Holzaufhänger;1;;FineArt-Papier (Hahnemühle);Hahnemühle Hemp Natural Line;;Hahnemühle;FineArt-Inkjetdruck;Pigment / FineArt;Querformat;Panorama;50;100;50x100;;;Holzleisten-Aufhängung (oben/unten);;;;
Wandbild;Poster/FineArt mit Holzaufhänger;1;;FineArt-Papier (Hahnemühle);Hahnemühle Hemp Natural Line;;Hahnemühle;FineArt-Inkjetdruck;Pigment / FineArt;Querformat;Panorama;60;120;60x120;;;Holzleisten-Aufhängung (oben/unten);;;;
Wandbild;Poster/FineArt mit Holzaufhänger;1;;FineArt-Papier (Hahnemühle);Hahnemühle Hemp Natural Line;;Hahnemühle;FineArt-Inkjetdruck;Pigment / FineArt;Querformat;Panorama;60;180;60x180;;;Holzleisten-Aufhängung (oben/unten);;;;
Wandbild;Poster/FineArt mit Holzaufhänger;1;;FineArt-Papier (Hahnemühle);Hahnemühle Hemp Natural Line;;Hahnemühle;FineArt-Inkjetdruck;Pigment / FineArt;Querformat;Panorama;70;180;70x180;;;Holzleisten-Aufhängung (oben/unten);;;;
Wandbild;Poster/FineArt mit Holzaufhänger;1;;FineArt-Papier (Hahnemühle);Hahnemühle Museum Etching;;Hahnemühle;FineArt-Inkjetdruck;Pigment / FineArt;Hochformat;2:3;10;15;10x15;;;Holzleisten-Aufhängung (oben/unten);;;;
Wandbild;Poster/FineArt mit Holzaufhänger;1;;FineArt-Papier (Hahnemühle);Hahnemühle Museum Etching;;Hahnemühle;FineArt-Inkjetdruck;Pigment / FineArt;Hochformat;2:3;10.5;14.8;10.5x14.8;A6;;Holzleisten-Aufhängung (oben/unten);;;;
Wandbild;Poster/FineArt mit Holzaufhänger;1;;FineArt-Papier (Hahnemühle);Hahnemühle Museum Etching;;Hahnemühle;FineArt-Inkjetdruck;Pigment / FineArt;Hochformat;2:3;13;18;13x18;;;Holzleisten-Aufhängung (oben/unten);;;;
Wandbild;Poster/FineArt mit Holzaufhänger;1;;FineArt-Papier (Hahnemühle);Hahnemühle Museum Etching;;Hahnemühle;FineArt-Inkjetdruck;Pigment / FineArt;Hochformat;2:3;13;19;13x19;;;Holzleisten-Aufhängung (oben/unten);;;;
Wandbild;Poster/FineArt mit Holzaufhänger;1;;FineArt-Papier (Hahnemühle);Hahnemühle Museum Etching;;Hahnemühle;FineArt-Inkjetdruck;Pigment / FineArt;Hochformat;2:3;14.8;21;14.8x21;A5;;Holzleisten-Aufhängung (oben/unten);;;;
Wandbild;Poster/FineArt mit Holzaufhänger;1;;FineArt-Papier (Hahnemühle);Hahnemühle Museum Etching;;Hahnemühle;FineArt-Inkjetdruck;Pigment / FineArt;Hochformat;2:3;15;21;15x21;;;Holzleisten-Aufhängung (oben/unten);;;;
Wandbild;Poster/FineArt mit Holzaufhänger;1;;FineArt-Papier (Hahnemühle);Hahnemühle Museum Etching;;Hahnemühle;FineArt-Inkjetdruck;Pigment / FineArt;Hochformat;2:3;15;22;15x22;;;Holzleisten-Aufhängung (oben/unten);;;;
Wandbild;Poster/FineArt mit Holzaufhänger;1;;FineArt-Papier (Hahnemühle);Hahnemühle Museum Etching;;Hahnemühle;FineArt-Inkjetdruck;Pigment / FineArt;Hochformat;2:3;20;30;20x30;;;Holzleisten-Aufhängung (oben/unten);;;;
Wandbild;Poster/FineArt mit Holzaufhänger;1;;FineArt-Papier (Hahnemühle);Hahnemühle Museum Etching;;Hahnemühle;FineArt-Inkjetdruck;Pigment / FineArt;Hochformat;2:3;21;29.7;21x29.7;A4;;Holzleisten-Aufhängung (oben/unten);;;;
Wandbild;Poster/FineArt mit Holzaufhänger;1;;FineArt-Papier (Hahnemühle);Hahnemühle Museum Etching;;Hahnemühle;FineArt-Inkjetdruck;Pigment / FineArt;Hochformat;2:3;21;30;21x30;A4;;Holzleisten-Aufhängung (oben/unten);;;;
Wandbild;Poster/FineArt mit Holzaufhänger;1;;FineArt-Papier (Hahnemühle);Hahnemühle Museum Etching;;Hahnemühle;FineArt-Inkjetdruck;Pigment / FineArt;Hochformat;2:3;29.7;42;29.7x42;A3;;Holzleisten-Aufhängung (oben/unten);;;;
Wandbild;Poster/FineArt mit Holzaufhänger;1;;FineArt-Papier (Hahnemühle);Hahnemühle Museum Etching;;Hahnemühle;FineArt-Inkjetdruck;Pigment / FineArt;Hochformat;2:3;30;45;30x45;;;Holzleisten-Aufhängung (oben/unten);;;;
Wandbild;Poster/FineArt mit Holzaufhänger;1;;FineArt-Papier (Hahnemühle);Hahnemühle Museum Etching;;Hahnemühle;FineArt-Inkjetdruck;Pigment / FineArt;Hochformat;2:3;40;60;40x60;;;Holzleisten-Aufhängung (oben/unten);;;;
Wandbild;Poster/FineArt mit Holzaufhänger;1;;FineArt-Papier (Hahnemühle);Hahnemühle Museum Etching;;Hahnemühle;FineArt-Inkjetdruck;Pigment / FineArt;Hochformat;2:3;42;59.4;42x59.4;A2;;Holzleisten-Aufhängung (oben/unten);;;;
Wandbild;Poster/FineArt mit Holzaufhänger;1;;FineArt-Papier (Hahnemühle);Hahnemühle Museum Etching;;Hahnemühle;FineArt-Inkjetdruck;Pigment / FineArt;Hochformat;2:3;50;70;50x70;;;Holzleisten-Aufhängung (oben/unten);;;;
Wandbild;Poster/FineArt mit Holzaufhänger;1;;FineArt-Papier (Hahnemühle);Hahnemühle Museum Etching;;Hahnemühle;FineArt-Inkjetdruck;Pigment / FineArt;Hochformat;2:3;50;75;50x75;;;Holzleisten-Aufhängung (oben/unten);;;;
Wandbild;Poster/FineArt mit Holzaufhänger;1;;FineArt-Papier (Hahnemühle);Hahnemühle Museum Etching;;Hahnemühle;FineArt-Inkjetdruck;Pigment / FineArt;Hochformat;2:3;59.4;84.1;59.4x84.1;A1;;Holzleisten-Aufhängung (oben/unten);;;;
Wandbild;Poster/FineArt mit Holzaufhänger;1;;FineArt-Papier (Hahnemühle);Hahnemühle Museum Etching;;Hahnemühle;FineArt-Inkjetdruck;Pigment / FineArt;Hochformat;2:3;60;90;60x90;;;Holzleisten-Aufhängung (oben/unten);;;;
Wandbild;Poster/FineArt mit Holzaufhänger;1;;FineArt-Papier (Hahnemühle);Hahnemühle Museum Etching;;Hahnemühle;FineArt-Inkjetdruck;Pigment / FineArt;Hochformat;2:3;70;100;70x100;;;Holzleisten-Aufhängung (oben/unten);;;;
Wandbild;Poster/FineArt mit Holzaufhänger;1;;FineArt-Papier (Hahnemühle);Hahnemühle Museum Etching;;Hahnemühle;FineArt-Inkjetdruck;Pigment / FineArt;Hochformat;2:3;70;105;70x105;;;Holzleisten-Aufhängung (oben/unten);;;;
Wandbild;Poster/FineArt mit Holzaufhänger;1;;FineArt-Papier (Hahnemühle);Hahnemühle Museum Etching;;Hahnemühle;FineArt-Inkjetdruck;Pigment / FineArt;Hochformat;3:4;18;24;18x24;;;Holzleisten-Aufhängung (oben/unten);;;;
Wandbild;Poster/FineArt mit Holzaufhänger;1;;FineArt-Papier (Hahnemühle);Hahnemühle Museum Etching;;Hahnemühle;FineArt-Inkjetdruck;Pigment / FineArt;Hochformat;3:4;30;40;30x40;;;Holzleisten-Aufhängung (oben/unten);;;;
Wandbild;Poster/FineArt mit Holzaufhänger;1;;FineArt-Papier (Hahnemühle);Hahnemühle Museum Etching;;Hahnemühle;FineArt-Inkjetdruck;Pigment / FineArt;Hochformat;3:4;60;80;60x80;;;Holzleisten-Aufhängung (oben/unten);;;;
Wandbild;Poster/FineArt mit Holzaufhänger;1;;FineArt-Papier (Hahnemühle);Hahnemühle Museum Etching;;Hahnemühle;FineArt-Inkjetdruck;Pigment / FineArt;Hochformat;3:4;75;100;75x100;;;Holzleisten-Aufhängung (oben/unten);;;;
Wandbild;Poster/FineArt mit Holzaufhänger;1;;FineArt-Papier (Hahnemühle);Hahnemühle Museum Etching;;Hahnemühle;FineArt-Inkjetdruck;Pigment / FineArt;Hochformat;3:5;70;120;70x120;;;Holzleisten-Aufhängung (oben/unten);;;;
Wandbild;Poster/FineArt mit Holzaufhänger;1;;FineArt-Papier (Hahnemühle);Hahnemühle Museum Etching;;Hahnemühle;FineArt-Inkjetdruck;Pigment / FineArt;Hochformat;4:5;10;13;10x13;;;Holzleisten-Aufhängung (oben/unten);;;;
Wandbild;Poster/FineArt mit Holzaufhänger;1;;FineArt-Papier (Hahnemühle);Hahnemühle Museum Etching;;Hahnemühle;FineArt-Inkjetdruck;Pigment / FineArt;Hochformat;4:5;40;50;40x50;;;Holzleisten-Aufhängung (oben/unten);;;;
Wandbild;Poster/FineArt mit Holzaufhänger;1;;FineArt-Papier (Hahnemühle);Hahnemühle Museum Etching;;Hahnemühle;FineArt-Inkjetdruck;Pigment / FineArt;Hochformat;4:5;70;90;70x90;;;Holzleisten-Aufhängung (oben/unten);;;;
Wandbild;Poster/FineArt mit Holzaufhänger;1;;FineArt-Papier (Hahnemühle);Hahnemühle Museum Etching;;Hahnemühle;FineArt-Inkjetdruck;Pigment / FineArt;Hochformat;4:5;80;100;80x100;;;Holzleisten-Aufhängung (oben/unten);;;;
Wandbild;Poster/FineArt mit Holzaufhänger;1;;FineArt-Papier (Hahnemühle);Hahnemühle Museum Etching;;Hahnemühle;FineArt-Inkjetdruck;Pigment / FineArt;Hochformat;1:1;15;15;15x15;;;Holzleisten-Aufhängung (oben/unten);;;;
Wandbild;Poster/FineArt mit Holzaufhänger;1;;FineArt-Papier (Hahnemühle);Hahnemühle Museum Etching;;Hahnemühle;FineArt-Inkjetdruck;Pigment / FineArt;Hochformat;1:1;20;20;20x20;;;Holzleisten-Aufhängung (oben/unten);;;;
Wandbild;Poster/FineArt mit Holzaufhänger;1;;FineArt-Papier (Hahnemühle);Hahnemühle Museum Etching;;Hahnemühle;FineArt-Inkjetdruck;Pigment / FineArt;Hochformat;1:1;21;21;21x21;;;Holzleisten-Aufhängung (oben/unten);;;;
Wandbild;Poster/FineArt mit Holzaufhänger;1;;FineArt-Papier (Hahnemühle);Hahnemühle Museum Etching;;Hahnemühle;FineArt-Inkjetdruck;Pigment / FineArt;Hochformat;1:1;30;30;30x30;;;Holzleisten-Aufhängung (oben/unten);;;;
Wandbild;Poster/FineArt mit Holzaufhänger;1;;FineArt-Papier (Hahnemühle);Hahnemühle Museum Etching;;Hahnemühle;FineArt-Inkjetdruck;Pigment / FineArt;Hochformat;1:1;40;40;40x40;;;Holzleisten-Aufhängung (oben/unten);;;;
Wandbild;Poster/FineArt mit Holzaufhänger;1;;FineArt-Papier (Hahnemühle);Hahnemühle Museum Etching;;Hahnemühle;FineArt-Inkjetdruck;Pigment / FineArt;Hochformat;1:1;50;50;50x50;;;Holzleisten-Aufhängung (oben/unten);;;;
Wandbild;Poster/FineArt mit Holzaufhänger;1;;FineArt-Papier (Hahnemühle);Hahnemühle Museum Etching;;Hahnemühle;FineArt-Inkjetdruck;Pigment / FineArt;Hochformat;1:1;60;60;60x60;;;Holzleisten-Aufhängung (oben/unten);;;;
Wandbild;Poster/FineArt mit Holzaufhänger;1;;FineArt-Papier (Hahnemühle);Hahnemühle Museum Etching;;Hahnemühle;FineArt-Inkjetdruck;Pigment / FineArt;Hochformat;1:1;70;70;70x70;;;Holzleisten-Aufhängung (oben/unten);;;;
Wandbild;Poster/FineArt mit Holzaufhänger;1;;FineArt-Papier (Hahnemühle);Hahnemühle Museum Etching;;Hahnemühle;FineArt-Inkjetdruck;Pigment / FineArt;Hochformat;Panorama;10;18;10x18;;;Holzleisten-Aufhängung (oben/unten);;;;
Wandbild;Poster/FineArt mit Holzaufhänger;1;;FineArt-Papier (Hahnemühle);Hahnemühle Museum Etching;;Hahnemühle;FineArt-Inkjetdruck;Pigment / FineArt;Hochformat;Panorama;10;20;10x20;;;Holzleisten-Aufhängung (oben/unten);;;;
Wandbild;Poster/FineArt mit Holzaufhänger;1;;FineArt-Papier (Hahnemühle);Hahnemühle Museum Etching;;Hahnemühle;FineArt-Inkjetdruck;Pigment / FineArt;Hochformat;Panorama;20;40;20x40;;;Holzleisten-Aufhängung (oben/unten);;;;
Wandbild;Poster/FineArt mit Holzaufhänger;1;;FineArt-Papier (Hahnemühle);Hahnemühle Museum Etching;;Hahnemühle;FineArt-Inkjetdruck;Pigment / FineArt;Hochformat;Panorama;20;60;20x60;;;Holzleisten-Aufhängung (oben/unten);;;;
Wandbild;Poster/FineArt mit Holzaufhänger;1;;FineArt-Papier (Hahnemühle);Hahnemühle Museum Etching;;Hahnemühle;FineArt-Inkjetdruck;Pigment / FineArt;Hochformat;Panorama;30;60;30x60;;;Holzleisten-Aufhängung (oben/unten);;;;
Wandbild;Poster/FineArt mit Holzaufhänger;1;;FineArt-Papier (Hahnemühle);Hahnemühle Museum Etching;;Hahnemühle;FineArt-Inkjetdruck;Pigment / FineArt;Hochformat;Panorama;30;90;30x90;;;Holzleisten-Aufhängung (oben/unten);;;;
Wandbild;Poster/FineArt mit Holzaufhänger;1;;FineArt-Papier (Hahnemühle);Hahnemühle Museum Etching;;Hahnemühle;FineArt-Inkjetdruck;Pigment / FineArt;Hochformat;Panorama;40;80;40x80;;;Holzleisten-Aufhängung (oben/unten);;;;
Wandbild;Poster/FineArt mit Holzaufhänger;1;;FineArt-Papier (Hahnemühle);Hahnemühle Museum Etching;;Hahnemühle;FineArt-Inkjetdruck;Pigment / FineArt;Hochformat;Panorama;50;100;50x100;;;Holzleisten-Aufhängung (oben/unten);;;;
Wandbild;Poster/FineArt mit Holzaufhänger;1;;FineArt-Papier (Hahnemühle);Hahnemühle Museum Etching;;Hahnemühle;FineArt-Inkjetdruck;Pigment / FineArt;Hochformat;Panorama;60;120;60x120;;;Holzleisten-Aufhängung (oben/unten);;;;
Wandbild;Poster/FineArt mit Holzaufhänger;1;;FineArt-Papier (Hahnemühle);Hahnemühle Museum Etching;;Hahnemühle;FineArt-Inkjetdruck;Pigment / FineArt;Hochformat;Panorama;60;180;60x180;;;Holzleisten-Aufhängung (oben/unten);;;;
Wandbild;Poster/FineArt mit Holzaufhänger;1;;FineArt-Papier (Hahnemühle);Hahnemühle Museum Etching;;Hahnemühle;FineArt-Inkjetdruck;Pigment / FineArt;Hochformat;Panorama;70;180;70x180;;;Holzleisten-Aufhängung (oben/unten);;;;
Wandbild;Poster/FineArt mit Holzaufhänger;1;;FineArt-Papier (Hahnemühle);Hahnemühle Museum Etching;;Hahnemühle;FineArt-Inkjetdruck;Pigment / FineArt;Querformat;2:3;10;15;10x15;;;Holzleisten-Aufhängung (oben/unten);;;;
Wandbild;Poster/FineArt mit Holzaufhänger;1;;FineArt-Papier (Hahnemühle);Hahnemühle Museum Etching;;Hahnemühle;FineArt-Inkjetdruck;Pigment / FineArt;Querformat;2:3;10.5;14.8;10.5x14.8;A6;;Holzleisten-Aufhängung (oben/unten);;;;
Wandbild;Poster/FineArt mit Holzaufhänger;1;;FineArt-Papier (Hahnemühle);Hahnemühle Museum Etching;;Hahnemühle;FineArt-Inkjetdruck;Pigment / FineArt;Querformat;2:3;13;18;13x18;;;Holzleisten-Aufhängung (oben/unten);;;;
Wandbild;Poster/FineArt mit Holzaufhänger;1;;FineArt-Papier (Hahnemühle);Hahnemühle Museum Etching;;Hahnemühle;FineArt-Inkjetdruck;Pigment / FineArt;Querformat;2:3;13;19;13x19;;;Holzleisten-Aufhängung (oben/unten);;;;
Wandbild;Poster/FineArt mit Holzaufhänger;1;;FineArt-Papier (Hahnemühle);Hahnemühle Museum Etching;;Hahnemühle;FineArt-Inkjetdruck;Pigment / FineArt;Querformat;2:3;14.8;21;14.8x21;A5;;Holzleisten-Aufhängung (oben/unten);;;;
Wandbild;Poster/FineArt mit Holzaufhänger;1;;FineArt-Papier (Hahnemühle);Hahnemühle Museum Etching;;Hahnemühle;FineArt-Inkjetdruck;Pigment / FineArt;Querformat;2:3;15;21;15x21;;;Holzleisten-Aufhängung (oben/unten);;;;
Wandbild;Poster/FineArt mit Holzaufhänger;1;;FineArt-Papier (Hahnemühle);Hahnemühle Museum Etching;;Hahnemühle;FineArt-Inkjetdruck;Pigment / FineArt;Querformat;2:3;15;22;15x22;;;Holzleisten-Aufhängung (oben/unten);;;;
Wandbild;Poster/FineArt mit Holzaufhänger;1;;FineArt-Papier (Hahnemühle);Hahnemühle Museum Etching;;Hahnemühle;FineArt-Inkjetdruck;Pigment / FineArt;Querformat;2:3;20;30;20x30;;;Holzleisten-Aufhängung (oben/unten);;;;
Wandbild;Poster/FineArt mit Holzaufhänger;1;;FineArt-Papier (Hahnemühle);Hahnemühle Museum Etching;;Hahnemühle;FineArt-Inkjetdruck;Pigment / FineArt;Querformat;2:3;21;29.7;21x29.7;A4;;Holzleisten-Aufhängung (oben/unten);;;;
Wandbild;Poster/FineArt mit Holzaufhänger;1;;FineArt-Papier (Hahnemühle);Hahnemühle Museum Etching;;Hahnemühle;FineArt-Inkjetdruck;Pigment / FineArt;Querformat;2:3;21;30;21x30;A4;;Holzleisten-Aufhängung (oben/unten);;;;
Wandbild;Poster/FineArt mit Holzaufhänger;1;;FineArt-Papier (Hahnemühle);Hahnemühle Museum Etching;;Hahnemühle;FineArt-Inkjetdruck;Pigment / FineArt;Querformat;2:3;29.7;42;29.7x42;A3;;Holzleisten-Aufhängung (oben/unten);;;;
Wandbild;Poster/FineArt mit Holzaufhänger;1;;FineArt-Papier (Hahnemühle);Hahnemühle Museum Etching;;Hahnemühle;FineArt-Inkjetdruck;Pigment / FineArt;Querformat;2:3;30;45;30x45;;;Holzleisten-Aufhängung (oben/unten);;;;
Wandbild;Poster/FineArt mit Holzaufhänger;1;;FineArt-Papier (Hahnemühle);Hahnemühle Museum Etching;;Hahnemühle;FineArt-Inkjetdruck;Pigment / FineArt;Querformat;2:3;40;60;40x60;;;Holzleisten-Aufhängung (oben/unten);;;;
Wandbild;Poster/FineArt mit Holzaufhänger;1;;FineArt-Papier (Hahnemühle);Hahnemühle Museum Etching;;Hahnemühle;FineArt-Inkjetdruck;Pigment / FineArt;Querformat;2:3;42;59.4;42x59.4;A2;;Holzleisten-Aufhängung (oben/unten);;;;
Wandbild;Poster/FineArt mit Holzaufhänger;1;;FineArt-Papier (Hahnemühle);Hahnemühle Museum Etching;;Hahnemühle;FineArt-Inkjetdruck;Pigment / FineArt;Querformat;2:3;50;70;50x70;;;Holzleisten-Aufhängung (oben/unten);;;;
Wandbild;Poster/FineArt mit Holzaufhänger;1;;FineArt-Papier (Hahnemühle);Hahnemühle Museum Etching;;Hahnemühle;FineArt-Inkjetdruck;Pigment / FineArt;Querformat;2:3;50;75;50x75;;;Holzleisten-Aufhängung (oben/unten);;;;
Wandbild;Poster/FineArt mit Holzaufhänger;1;;FineArt-Papier (Hahnemühle);Hahnemühle Museum Etching;;Hahnemühle;FineArt-Inkjetdruck;Pigment / FineArt;Querformat;2:3;59.4;84.1;59.4x84.1;A1;;Holzleisten-Aufhängung (oben/unten);;;;
Wandbild;Poster/FineArt mit Holzaufhänger;1;;FineArt-Papier (Hahnemühle);Hahnemühle Museum Etching;;Hahnemühle;FineArt-Inkjetdruck;Pigment / FineArt;Querformat;2:3;60;90;60x90;;;Holzleisten-Aufhängung (oben/unten);;;;
Wandbild;Poster/FineArt mit Holzaufhänger;1;;FineArt-Papier (Hahnemühle);Hahnemühle Museum Etching;;Hahnemühle;FineArt-Inkjetdruck;Pigment / FineArt;Querformat;2:3;70;100;70x100;;;Holzleisten-Aufhängung (oben/unten);;;;
Wandbild;Poster/FineArt mit Holzaufhänger;1;;FineArt-Papier (Hahnemühle);Hahnemühle Museum Etching;;Hahnemühle;FineArt-Inkjetdruck;Pigment / FineArt;Querformat;2:3;70;105;70x105;;;Holzleisten-Aufhängung (oben/unten);;;;
Wandbild;Poster/FineArt mit Holzaufhänger;1;;FineArt-Papier (Hahnemühle);Hahnemühle Museum Etching;;Hahnemühle;FineArt-Inkjetdruck;Pigment / FineArt;Querformat;3:4;18;24;18x24;;;Holzleisten-Aufhängung (oben/unten);;;;
Wandbild;Poster/FineArt mit Holzaufhänger;1;;FineArt-Papier (Hahnemühle);Hahnemühle Museum Etching;;Hahnemühle;FineArt-Inkjetdruck;Pigment / FineArt;Querformat;3:4;30;40;30x40;;;Holzleisten-Aufhängung (oben/unten);;;;
Wandbild;Poster/FineArt mit Holzaufhänger;1;;FineArt-Papier (Hahnemühle);Hahnemühle Museum Etching;;Hahnemühle;FineArt-Inkjetdruck;Pigment / FineArt;Querformat;3:4;60;80;60x80;;;Holzleisten-Aufhängung (oben/unten);;;;
Wandbild;Poster/FineArt mit Holzaufhänger;1;;FineArt-Papier (Hahnemühle);Hahnemühle Museum Etching;;Hahnemühle;FineArt-Inkjetdruck;Pigment / FineArt;Querformat;3:4;75;100;75x100;;;Holzleisten-Aufhängung (oben/unten);;;;
Wandbild;Poster/FineArt mit Holzaufhänger;1;;FineArt-Papier (Hahnemühle);Hahnemühle Museum Etching;;Hahnemühle;FineArt-Inkjetdruck;Pigment / FineArt;Querformat;3:5;70;120;70x120;;;Holzleisten-Aufhängung (oben/unten);;;;
Wandbild;Poster/FineArt mit Holzaufhänger;1;;FineArt-Papier (Hahnemühle);Hahnemühle Museum Etching;;Hahnemühle;FineArt-Inkjetdruck;Pigment / FineArt;Querformat;4:5;10;13;10x13;;;Holzleisten-Aufhängung (oben/unten);;;;
Wandbild;Poster/FineArt mit Holzaufhänger;1;;FineArt-Papier (Hahnemühle);Hahnemühle Museum Etching;;Hahnemühle;FineArt-Inkjetdruck;Pigment / FineArt;Querformat;4:5;40;50;40x50;;;Holzleisten-Aufhängung (oben/unten);;;;
Wandbild;Poster/FineArt mit Holzaufhänger;1;;FineArt-Papier (Hahnemühle);Hahnemühle Museum Etching;;Hahnemühle;FineArt-Inkjetdruck;Pigment / FineArt;Querformat;4:5;70;90;70x90;;;Holzleisten-Aufhängung (oben/unten);;;;
Wandbild;Poster/FineArt mit Holzaufhänger;1;;FineArt-Papier (Hahnemühle);Hahnemühle Museum Etching;;Hahnemühle;FineArt-Inkjetdruck;Pigment / FineArt;Querformat;4:5;80;100;80x100;;;Holzleisten-Aufhängung (oben/unten);;;;
Wandbild;Poster/FineArt mit Holzaufhänger;1;;FineArt-Papier (Hahnemühle);Hahnemühle Museum Etching;;Hahnemühle;FineArt-Inkjetdruck;Pigment / FineArt;Querformat;1:1;15;15;15x15;;;Holzleisten-Aufhängung (oben/unten);;;;
Wandbild;Poster/FineArt mit Holzaufhänger;1;;FineArt-Papier (Hahnemühle);Hahnemühle Museum Etching;;Hahnemühle;FineArt-Inkjetdruck;Pigment / FineArt;Querformat;1:1;20;20;20x20;;;Holzleisten-Aufhängung (oben/unten);;;;
Wandbild;Poster/FineArt mit Holzaufhänger;1;;FineArt-Papier (Hahnemühle);Hahnemühle Museum Etching;;Hahnemühle;FineArt-Inkjetdruck;Pigment / FineArt;Querformat;1:1;21;21;21x21;;;Holzleisten-Aufhängung (oben/unten);;;;
Wandbild;Poster/FineArt mit Holzaufhänger;1;;FineArt-Papier (Hahnemühle);Hahnemühle Museum Etching;;Hahnemühle;FineArt-Inkjetdruck;Pigment / FineArt;Querformat;1:1;30;30;30x30;;;Holzleisten-Aufhängung (oben/unten);;;;
Wandbild;Poster/FineArt mit Holzaufhänger;1;;FineArt-Papier (Hahnemühle);Hahnemühle Museum Etching;;Hahnemühle;FineArt-Inkjetdruck;Pigment / FineArt;Querformat;1:1;40;40;40x40;;;Holzleisten-Aufhängung (oben/unten);;;;
Wandbild;Poster/FineArt mit Holzaufhänger;1;;FineArt-Papier (Hahnemühle);Hahnemühle Museum Etching;;Hahnemühle;FineArt-Inkjetdruck;Pigment / FineArt;Querformat;1:1;50;50;50x50;;;Holzleisten-Aufhängung (oben/unten);;;;
Wandbild;Poster/FineArt mit Holzaufhänger;1;;FineArt-Papier (Hahnemühle);Hahnemühle Museum Etching;;Hahnemühle;FineArt-Inkjetdruck;Pigment / FineArt;Querformat;1:1;60;60;60x60;;;Holzleisten-Aufhängung (oben/unten);;;;
Wandbild;Poster/FineArt mit Holzaufhänger;1;;FineArt-Papier (Hahnemühle);Hahnemühle Museum Etching;;Hahnemühle;FineArt-Inkjetdruck;Pigment / FineArt;Querformat;1:1;70;70;70x70;;;Holzleisten-Aufhängung (oben/unten);;;;
Wandbild;Poster/FineArt mit Holzaufhänger;1;;FineArt-Papier (Hahnemühle);Hahnemühle Museum Etching;;Hahnemühle;FineArt-Inkjetdruck;Pigment / FineArt;Querformat;Panorama;10;18;10x18;;;Holzleisten-Aufhängung (oben/unten);;;;
Wandbild;Poster/FineArt mit Holzaufhänger;1;;FineArt-Papier (Hahnemühle);Hahnemühle Museum Etching;;Hahnemühle;FineArt-Inkjetdruck;Pigment / FineArt;Querformat;Panorama;10;20;10x20;;;Holzleisten-Aufhängung (oben/unten);;;;
Wandbild;Poster/FineArt mit Holzaufhänger;1;;FineArt-Papier (Hahnemühle);Hahnemühle Museum Etching;;Hahnemühle;FineArt-Inkjetdruck;Pigment / FineArt;Querformat;Panorama;20;40;20x40;;;Holzleisten-Aufhängung (oben/unten);;;;
Wandbild;Poster/FineArt mit Holzaufhänger;1;;FineArt-Papier (Hahnemühle);Hahnemühle Museum Etching;;Hahnemühle;FineArt-Inkjetdruck;Pigment / FineArt;Querformat;Panorama;20;60;20x60;;;Holzleisten-Aufhängung (oben/unten);;;;
Wandbild;Poster/FineArt mit Holzaufhänger;1;;FineArt-Papier (Hahnemühle);Hahnemühle Museum Etching;;Hahnemühle;FineArt-Inkjetdruck;Pigment / FineArt;Querformat;Panorama;30;60;30x60;;;Holzleisten-Aufhängung (oben/unten);;;;
Wandbild;Poster/FineArt mit Holzaufhänger;1;;FineArt-Papier (Hahnemühle);Hahnemühle Museum Etching;;Hahnemühle;FineArt-Inkjetdruck;Pigment / FineArt;Querformat;Panorama;30;90;30x90;;;Holzleisten-Aufhängung (oben/unten);;;;
Wandbild;Poster/FineArt mit Holzaufhänger;1;;FineArt-Papier (Hahnemühle);Hahnemühle Museum Etching;;Hahnemühle;FineArt-Inkjetdruck;Pigment / FineArt;Querformat;Panorama;40;80;40x80;;;Holzleisten-Aufhängung (oben/unten);;;;
Wandbild;Poster/FineArt mit Holzaufhänger;1;;FineArt-Papier (Hahnemühle);Hahnemühle Museum Etching;;Hahnemühle;FineArt-Inkjetdruck;Pigment / FineArt;Querformat;Panorama;50;100;50x100;;;Holzleisten-Aufhängung (oben/unten);;;;
Wandbild;Poster/FineArt mit Holzaufhänger;1;;FineArt-Papier (Hahnemühle);Hahnemühle Museum Etching;;Hahnemühle;FineArt-Inkjetdruck;Pigment / FineArt;Querformat;Panorama;60;120;60x120;;;Holzleisten-Aufhängung (oben/unten);;;;
Wandbild;Poster/FineArt mit Holzaufhänger;1;;FineArt-Papier (Hahnemühle);Hahnemühle Museum Etching;;Hahnemühle;FineArt-Inkjetdruck;Pigment / FineArt;Querformat;Panorama;60;180;60x180;;;Holzleisten-Aufhängung (oben/unten);;;;
Wandbild;Poster/FineArt mit Holzaufhänger;1;;FineArt-Papier (Hahnemühle);Hahnemühle Museum Etching;;Hahnemühle;FineArt-Inkjetdruck;Pigment / FineArt;Querformat;Panorama;70;180;70x180;;;Holzleisten-Aufhängung (oben/unten);;;;
Wandbild;Poster/FineArt mit Holzaufhänger;1;;FineArt-Papier (Hahnemühle);Hahnemühle Photo Rag;;Hahnemühle;FineArt-Inkjetdruck;Pigment / FineArt;Hochformat;2:3;10;15;10x15;;;Holzleisten-Aufhängung (oben/unten);;;;
Wandbild;Poster/FineArt mit Holzaufhänger;1;;FineArt-Papier (Hahnemühle);Hahnemühle Photo Rag;;Hahnemühle;FineArt-Inkjetdruck;Pigment / FineArt;Hochformat;2:3;10.5;14.8;10.5x14.8;A6;;Holzleisten-Aufhängung (oben/unten);;;;
Wandbild;Poster/FineArt mit Holzaufhänger;1;;FineArt-Papier (Hahnemühle);Hahnemühle Photo Rag;;Hahnemühle;FineArt-Inkjetdruck;Pigment / FineArt;Hochformat;2:3;13;18;13x18;;;Holzleisten-Aufhängung (oben/unten);;;;
Wandbild;Poster/FineArt mit Holzaufhänger;1;;FineArt-Papier (Hahnemühle);Hahnemühle Photo Rag;;Hahnemühle;FineArt-Inkjetdruck;Pigment / FineArt;Hochformat;2:3;13;19;13x19;;;Holzleisten-Aufhängung (oben/unten);;;;
Wandbild;Poster/FineArt mit Holzaufhänger;1;;FineArt-Papier (Hahnemühle);Hahnemühle Photo Rag;;Hahnemühle;FineArt-Inkjetdruck;Pigment / FineArt;Hochformat;2:3;14.8;21;14.8x21;A5;;Holzleisten-Aufhängung (oben/unten);;;;
Wandbild;Poster/FineArt mit Holzaufhänger;1;;FineArt-Papier (Hahnemühle);Hahnemühle Photo Rag;;Hahnemühle;FineArt-Inkjetdruck;Pigment / FineArt;Hochformat;2:3;15;21;15x21;;;Holzleisten-Aufhängung (oben/unten);;;;
Wandbild;Poster/FineArt mit Holzaufhänger;1;;FineArt-Papier (Hahnemühle);Hahnemühle Photo Rag;;Hahnemühle;FineArt-Inkjetdruck;Pigment / FineArt;Hochformat;2:3;15;22;15x22;;;Holzleisten-Aufhängung (oben/unten);;;;
Wandbild;Poster/FineArt mit Holzaufhänger;1;;FineArt-Papier (Hahnemühle);Hahnemühle Photo Rag;;Hahnemühle;FineArt-Inkjetdruck;Pigment / FineArt;Hochformat;2:3;20;30;20x30;;;Holzleisten-Aufhängung (oben/unten);;;;
Wandbild;Poster/FineArt mit Holzaufhänger;1;;FineArt-Papier (Hahnemühle);Hahnemühle Photo Rag;;Hahnemühle;FineArt-Inkjetdruck;Pigment / FineArt;Hochformat;2:3;21;29.7;21x29.7;A4;;Holzleisten-Aufhängung (oben/unten);;;;
Wandbild;Poster/FineArt mit Holzaufhänger;1;;FineArt-Papier (Hahnemühle);Hahnemühle Photo Rag;;Hahnemühle;FineArt-Inkjetdruck;Pigment / FineArt;Hochformat;2:3;21;30;21x30;A4;;Holzleisten-Aufhängung (oben/unten);;;;
Wandbild;Poster/FineArt mit Holzaufhänger;1;;FineArt-Papier (Hahnemühle);Hahnemühle Photo Rag;;Hahnemühle;FineArt-Inkjetdruck;Pigment / FineArt;Hochformat;2:3;29.7;42;29.7x42;A3;;Holzleisten-Aufhängung (oben/unten);;;;
Wandbild;Poster/FineArt mit Holzaufhänger;1;;FineArt-Papier (Hahnemühle);Hahnemühle Photo Rag;;Hahnemühle;FineArt-Inkjetdruck;Pigment / FineArt;Hochformat;2:3;30;45;30x45;;;Holzleisten-Aufhängung (oben/unten);;;;
Wandbild;Poster/FineArt mit Holzaufhänger;1;;FineArt-Papier (Hahnemühle);Hahnemühle Photo Rag;;Hahnemühle;FineArt-Inkjetdruck;Pigment / FineArt;Hochformat;2:3;40;60;40x60;;;Holzleisten-Aufhängung (oben/unten);;;;
Wandbild;Poster/FineArt mit Holzaufhänger;1;;FineArt-Papier (Hahnemühle);Hahnemühle Photo Rag;;Hahnemühle;FineArt-Inkjetdruck;Pigment / FineArt;Hochformat;2:3;42;59.4;42x59.4;A2;;Holzleisten-Aufhängung (oben/unten);;;;
Wandbild;Poster/FineArt mit Holzaufhänger;1;;FineArt-Papier (Hahnemühle);Hahnemühle Photo Rag;;Hahnemühle;FineArt-Inkjetdruck;Pigment / FineArt;Hochformat;2:3;50;70;50x70;;;Holzleisten-Aufhängung (oben/unten);;;;
Wandbild;Poster/FineArt mit Holzaufhänger;1;;FineArt-Papier (Hahnemühle);Hahnemühle Photo Rag;;Hahnemühle;FineArt-Inkjetdruck;Pigment / FineArt;Hochformat;2:3;50;75;50x75;;;Holzleisten-Aufhängung (oben/unten);;;;
Wandbild;Poster/FineArt mit Holzaufhänger;1;;FineArt-Papier (Hahnemühle);Hahnemühle Photo Rag;;Hahnemühle;FineArt-Inkjetdruck;Pigment / FineArt;Hochformat;2:3;59.4;84.1;59.4x84.1;A1;;Holzleisten-Aufhängung (oben/unten);;;;
Wandbild;Poster/FineArt mit Holzaufhänger;1;;FineArt-Papier (Hahnemühle);Hahnemühle Photo Rag;;Hahnemühle;FineArt-Inkjetdruck;Pigment / FineArt;Hochformat;2:3;60;90;60x90;;;Holzleisten-Aufhängung (oben/unten);;;;
Wandbild;Poster/FineArt mit Holzaufhänger;1;;FineArt-Papier (Hahnemühle);Hahnemühle Photo Rag;;Hahnemühle;FineArt-Inkjetdruck;Pigment / FineArt;Hochformat;2:3;70;100;70x100;;;Holzleisten-Aufhängung (oben/unten);;;;
Wandbild;Poster/FineArt mit Holzaufhänger;1;;FineArt-Papier (Hahnemühle);Hahnemühle Photo Rag;;Hahnemühle;FineArt-Inkjetdruck;Pigment / FineArt;Hochformat;2:3;70;105;70x105;;;Holzleisten-Aufhängung (oben/unten);;;;
Wandbild;Poster/FineArt mit Holzaufhänger;1;;FineArt-Papier (Hahnemühle);Hahnemühle Photo Rag;;Hahnemühle;FineArt-Inkjetdruck;Pigment / FineArt;Hochformat;3:4;18;24;18x24;;;Holzleisten-Aufhängung (oben/unten);;;;
Wandbild;Poster/FineArt mit Holzaufhänger;1;;FineArt-Papier (Hahnemühle);Hahnemühle Photo Rag;;Hahnemühle;FineArt-Inkjetdruck;Pigment / FineArt;Hochformat;3:4;30;40;30x40;;;Holzleisten-Aufhängung (oben/unten);;;;
Wandbild;Poster/FineArt mit Holzaufhänger;1;;FineArt-Papier (Hahnemühle);Hahnemühle Photo Rag;;Hahnemühle;FineArt-Inkjetdruck;Pigment / FineArt;Hochformat;3:4;60;80;60x80;;;Holzleisten-Aufhängung (oben/unten);;;;
Wandbild;Poster/FineArt mit Holzaufhänger;1;;FineArt-Papier (Hahnemühle);Hahnemühle Photo Rag;;Hahnemühle;FineArt-Inkjetdruck;Pigment / FineArt;Hochformat;3:4;75;100;75x100;;;Holzleisten-Aufhängung (oben/unten);;;;
Wandbild;Poster/FineArt mit Holzaufhänger;1;;FineArt-Papier (Hahnemühle);Hahnemühle Photo Rag;;Hahnemühle;FineArt-Inkjetdruck;Pigment / FineArt;Hochformat;3:5;70;120;70x120;;;Holzleisten-Aufhängung (oben/unten);;;;
Wandbild;Poster/FineArt mit Holzaufhänger;1;;FineArt-Papier (Hahnemühle);Hahnemühle Photo Rag;;Hahnemühle;FineArt-Inkjetdruck;Pigment / FineArt;Hochformat;4:5;10;13;10x13;;;Holzleisten-Aufhängung (oben/unten);;;;
Wandbild;Poster/FineArt mit Holzaufhänger;1;;FineArt-Papier (Hahnemühle);Hahnemühle Photo Rag;;Hahnemühle;FineArt-Inkjetdruck;Pigment / FineArt;Hochformat;4:5;40;50;40x50;;;Holzleisten-Aufhängung (oben/unten);;;;
Wandbild;Poster/FineArt mit Holzaufhänger;1;;FineArt-Papier (Hahnemühle);Hahnemühle Photo Rag;;Hahnemühle;FineArt-Inkjetdruck;Pigment / FineArt;Hochformat;4:5;70;90;70x90;;;Holzleisten-Aufhängung (oben/unten);;;;
Wandbild;Poster/FineArt mit Holzaufhänger;1;;FineArt-Papier (Hahnemühle);Hahnemühle Photo Rag;;Hahnemühle;FineArt-Inkjetdruck;Pigment / FineArt;Hochformat;4:5;80;100;80x100;;;Holzleisten-Aufhängung (oben/unten);;;;
Wandbild;Poster/FineArt mit Holzaufhänger;1;;FineArt-Papier (Hahnemühle);Hahnemühle Photo Rag;;Hahnemühle;FineArt-Inkjetdruck;Pigment / FineArt;Hochformat;1:1;15;15;15x15;;;Holzleisten-Aufhängung (oben/unten);;;;
Wandbild;Poster/FineArt mit Holzaufhänger;1;;FineArt-Papier (Hahnemühle);Hahnemühle Photo Rag;;Hahnemühle;FineArt-Inkjetdruck;Pigment / FineArt;Hochformat;1:1;20;20;20x20;;;Holzleisten-Aufhängung (oben/unten);;;;
Wandbild;Poster/FineArt mit Holzaufhänger;1;;FineArt-Papier (Hahnemühle);Hahnemühle Photo Rag;;Hahnemühle;FineArt-Inkjetdruck;Pigment / FineArt;Hochformat;1:1;21;21;21x21;;;Holzleisten-Aufhängung (oben/unten);;;;
Wandbild;Poster/FineArt mit Holzaufhänger;1;;FineArt-Papier (Hahnemühle);Hahnemühle Photo Rag;;Hahnemühle;FineArt-Inkjetdruck;Pigment / FineArt;Hochformat;1:1;30;30;30x30;;;Holzleisten-Aufhängung (oben/unten);;;;
Wandbild;Poster/FineArt mit Holzaufhänger;1;;FineArt-Papier (Hahnemühle);Hahnemühle Photo Rag;;Hahnemühle;FineArt-Inkjetdruck;Pigment / FineArt;Hochformat;1:1;40;40;40x40;;;Holzleisten-Aufhängung (oben/unten);;;;
Wandbild;Poster/FineArt mit Holzaufhänger;1;;FineArt-Papier (Hahnemühle);Hahnemühle Photo Rag;;Hahnemühle;FineArt-Inkjetdruck;Pigment / FineArt;Hochformat;1:1;50;50;50x50;;;Holzleisten-Aufhängung (oben/unten);;;;
Wandbild;Poster/FineArt mit Holzaufhänger;1;;FineArt-Papier (Hahnemühle);Hahnemühle Photo Rag;;Hahnemühle;FineArt-Inkjetdruck;Pigment / FineArt;Hochformat;1:1;60;60;60x60;;;Holzleisten-Aufhängung (oben/unten);;;;
Wandbild;Poster/FineArt mit Holzaufhänger;1;;FineArt-Papier (Hahnemühle);Hahnemühle Photo Rag;;Hahnemühle;FineArt-Inkjetdruck;Pigment / FineArt;Hochformat;1:1;70;70;70x70;;;Holzleisten-Aufhängung (oben/unten);;;;
Wandbild;Poster/FineArt mit Holzaufhänger;1;;FineArt-Papier (Hahnemühle);Hahnemühle Photo Rag;;Hahnemühle;FineArt-Inkjetdruck;Pigment / FineArt;Hochformat;Panorama;10;18;10x18;;;Holzleisten-Aufhängung (oben/unten);;;;
Wandbild;Poster/FineArt mit Holzaufhänger;1;;FineArt-Papier (Hahnemühle);Hahnemühle Photo Rag;;Hahnemühle;FineArt-Inkjetdruck;Pigment / FineArt;Hochformat;Panorama;10;20;10x20;;;Holzleisten-Aufhängung (oben/unten);;;;
Wandbild;Poster/FineArt mit Holzaufhänger;1;;FineArt-Papier (Hahnemühle);Hahnemühle Photo Rag;;Hahnemühle;FineArt-Inkjetdruck;Pigment / FineArt;Hochformat;Panorama;20;40;20x40;;;Holzleisten-Aufhängung (oben/unten);;;;
Wandbild;Poster/FineArt mit Holzaufhänger;1;;FineArt-Papier (Hahnemühle);Hahnemühle Photo Rag;;Hahnemühle;FineArt-Inkjetdruck;Pigment / FineArt;Hochformat;Panorama;20;60;20x60;;;Holzleisten-Aufhängung (oben/unten);;;;
Wandbild;Poster/FineArt mit Holzaufhänger;1;;FineArt-Papier (Hahnemühle);Hahnemühle Photo Rag;;Hahnemühle;FineArt-Inkjetdruck;Pigment / FineArt;Hochformat;Panorama;30;60;30x60;;;Holzleisten-Aufhängung (oben/unten);;;;
Wandbild;Poster/FineArt mit Holzaufhänger;1;;FineArt-Papier (Hahnemühle);Hahnemühle Photo Rag;;Hahnemühle;FineArt-Inkjetdruck;Pigment / FineArt;Hochformat;Panorama;30;90;30x90;;;Holzleisten-Aufhängung (oben/unten);;;;
Wandbild;Poster/FineArt mit Holzaufhänger;1;;FineArt-Papier (Hahnemühle);Hahnemühle Photo Rag;;Hahnemühle;FineArt-Inkjetdruck;Pigment / FineArt;Hochformat;Panorama;40;80;40x80;;;Holzleisten-Aufhängung (oben/unten);;;;
Wandbild;Poster/FineArt mit Holzaufhänger;1;;FineArt-Papier (Hahnemühle);Hahnemühle Photo Rag;;Hahnemühle;FineArt-Inkjetdruck;Pigment / FineArt;Hochformat;Panorama;50;100;50x100;;;Holzleisten-Aufhängung (oben/unten);;;;
Wandbild;Poster/FineArt mit Holzaufhänger;1;;FineArt-Papier (Hahnemühle);Hahnemühle Photo Rag;;Hahnemühle;FineArt-Inkjetdruck;Pigment / FineArt;Hochformat;Panorama;60;120;60x120;;;Holzleisten-Aufhängung (oben/unten);;;;
Wandbild;Poster/FineArt mit Holzaufhänger;1;;FineArt-Papier (Hahnemühle);Hahnemühle Photo Rag;;Hahnemühle;FineArt-Inkjetdruck;Pigment / FineArt;Hochformat;Panorama;60;180;60x180;;;Holzleisten-Aufhängung (oben/unten);;;;
Wandbild;Poster/FineArt mit Holzaufhänger;1;;FineArt-Papier (Hahnemühle);Hahnemühle Photo Rag;;Hahnemühle;FineArt-Inkjetdruck;Pigment / FineArt;Hochformat;Panorama;70;180;70x180;;;Holzleisten-Aufhängung (oben/unten);;;;
Wandbild;Poster/FineArt mit Holzaufhänger;1;;FineArt-Papier (Hahnemühle);Hahnemühle Photo Rag;;Hahnemühle;FineArt-Inkjetdruck;Pigment / FineArt;Querformat;2:3;10;15;10x15;;;Holzleisten-Aufhängung (oben/unten);;;;
Wandbild;Poster/FineArt mit Holzaufhänger;1;;FineArt-Papier (Hahnemühle);Hahnemühle Photo Rag;;Hahnemühle;FineArt-Inkjetdruck;Pigment / FineArt;Querformat;2:3;10.5;14.8;10.5x14.8;A6;;Holzleisten-Aufhängung (oben/unten);;;;
Wandbild;Poster/FineArt mit Holzaufhänger;1;;FineArt-Papier (Hahnemühle);Hahnemühle Photo Rag;;Hahnemühle;FineArt-Inkjetdruck;Pigment / FineArt;Querformat;2:3;13;18;13x18;;;Holzleisten-Aufhängung (oben/unten);;;;
Wandbild;Poster/FineArt mit Holzaufhänger;1;;FineArt-Papier (Hahnemühle);Hahnemühle Photo Rag;;Hahnemühle;FineArt-Inkjetdruck;Pigment / FineArt;Querformat;2:3;13;19;13x19;;;Holzleisten-Aufhängung (oben/unten);;;;
Wandbild;Poster/FineArt mit Holzaufhänger;1;;FineArt-Papier (Hahnemühle);Hahnemühle Photo Rag;;Hahnemühle;FineArt-Inkjetdruck;Pigment / FineArt;Querformat;2:3;14.8;21;14.8x21;A5;;Holzleisten-Aufhängung (oben/unten);;;;
Wandbild;Poster/FineArt mit Holzaufhänger;1;;FineArt-Papier (Hahnemühle);Hahnemühle Photo Rag;;Hahnemühle;FineArt-Inkjetdruck;Pigment / FineArt;Querformat;2:3;15;21;15x21;;;Holzleisten-Aufhängung (oben/unten);;;;
Wandbild;Poster/FineArt mit Holzaufhänger;1;;FineArt-Papier (Hahnemühle);Hahnemühle Photo Rag;;Hahnemühle;FineArt-Inkjetdruck;Pigment / FineArt;Querformat;2:3;15;22;15x22;;;Holzleisten-Aufhängung (oben/unten);;;;
Wandbild;Poster/FineArt mit Holzaufhänger;1;;FineArt-Papier (Hahnemühle);Hahnemühle Photo Rag;;Hahnemühle;FineArt-Inkjetdruck;Pigment / FineArt;Querformat;2:3;20;30;20x30;;;Holzleisten-Aufhängung (oben/unten);;;;
Wandbild;Poster/FineArt mit Holzaufhänger;1;;FineArt-Papier (Hahnemühle);Hahnemühle Photo Rag;;Hahnemühle;FineArt-Inkjetdruck;Pigment / FineArt;Querformat;2:3;21;29.7;21x29.7;A4;;Holzleisten-Aufhängung (oben/unten);;;;
Wandbild;Poster/FineArt mit Holzaufhänger;1;;FineArt-Papier (Hahnemühle);Hahnemühle Photo Rag;;Hahnemühle;FineArt-Inkjetdruck;Pigment / FineArt;Querformat;2:3;21;30;21x30;A4;;Holzleisten-Aufhängung (oben/unten);;;;
Wandbild;Poster/FineArt mit Holzaufhänger;1;;FineArt-Papier (Hahnemühle);Hahnemühle Photo Rag;;Hahnemühle;FineArt-Inkjetdruck;Pigment / FineArt;Querformat;2:3;29.7;42;29.7x42;A3;;Holzleisten-Aufhängung (oben/unten);;;;
Wandbild;Poster/FineArt mit Holzaufhänger;1;;FineArt-Papier (Hahnemühle);Hahnemühle Photo Rag;;Hahnemühle;FineArt-Inkjetdruck;Pigment / FineArt;Querformat;2:3;30;45;30x45;;;Holzleisten-Aufhängung (oben/unten);;;;
Wandbild;Poster/FineArt mit Holzaufhänger;1;;FineArt-Papier (Hahnemühle);Hahnemühle Photo Rag;;Hahnemühle;FineArt-Inkjetdruck;Pigment / FineArt;Querformat;2:3;40;60;40x60;;;Holzleisten-Aufhängung (oben/unten);;;;
Wandbild;Poster/FineArt mit Holzaufhänger;1;;FineArt-Papier (Hahnemühle);Hahnemühle Photo Rag;;Hahnemühle;FineArt-Inkjetdruck;Pigment / FineArt;Querformat;2:3;42;59.4;42x59.4;A2;;Holzleisten-Aufhängung (oben/unten);;;;
Wandbild;Poster/FineArt mit Holzaufhänger;1;;FineArt-Papier (Hahnemühle);Hahnemühle Photo Rag;;Hahnemühle;FineArt-Inkjetdruck;Pigment / FineArt;Querformat;2:3;50;70;50x70;;;Holzleisten-Aufhängung (oben/unten);;;;
Wandbild;Poster/FineArt mit Holzaufhänger;1;;FineArt-Papier (Hahnemühle);Hahnemühle Photo Rag;;Hahnemühle;FineArt-Inkjetdruck;Pigment / FineArt;Querformat;2:3;50;75;50x75;;;Holzleisten-Aufhängung (oben/unten);;;;
Wandbild;Poster/FineArt mit Holzaufhänger;1;;FineArt-Papier (Hahnemühle);Hahnemühle Photo Rag;;Hahnemühle;FineArt-Inkjetdruck;Pigment / FineArt;Querformat;2:3;59.4;84.1;59.4x84.1;A1;;Holzleisten-Aufhängung (oben/unten);;;;
Wandbild;Poster/FineArt mit Holzaufhänger;1;;FineArt-Papier (Hahnemühle);Hahnemühle Photo Rag;;Hahnemühle;FineArt-Inkjetdruck;Pigment / FineArt;Querformat;2:3;60;90;60x90;;;Holzleisten-Aufhängung (oben/unten);;;;
Wandbild;Poster/FineArt mit Holzaufhänger;1;;FineArt-Papier (Hahnemühle);Hahnemühle Photo Rag;;Hahnemühle;FineArt-Inkjetdruck;Pigment / FineArt;Querformat;2:3;70;100;70x100;;;Holzleisten-Aufhängung (oben/unten);;;;
Wandbild;Poster/FineArt mit Holzaufhänger;1;;FineArt-Papier (Hahnemühle);Hahnemühle Photo Rag;;Hahnemühle;FineArt-Inkjetdruck;Pigment / FineArt;Querformat;2:3;70;105;70x105;;;Holzleisten-Aufhängung (oben/unten);;;;
Wandbild;Poster/FineArt mit Holzaufhänger;1;;FineArt-Papier (Hahnemühle);Hahnemühle Photo Rag;;Hahnemühle;FineArt-Inkjetdruck;Pigment / FineArt;Querformat;3:4;18;24;18x24;;;Holzleisten-Aufhängung (oben/unten);;;;
Wandbild;Poster/FineArt mit Holzaufhänger;1;;FineArt-Papier (Hahnemühle);Hahnemühle Photo Rag;;Hahnemühle;FineArt-Inkjetdruck;Pigment / FineArt;Querformat;3:4;30;40;30x40;;;Holzleisten-Aufhängung (oben/unten);;;;
Wandbild;Poster/FineArt mit Holzaufhänger;1;;FineArt-Papier (Hahnemühle);Hahnemühle Photo Rag;;Hahnemühle;FineArt-Inkjetdruck;Pigment / FineArt;Querformat;3:4;60;80;60x80;;;Holzleisten-Aufhängung (oben/unten);;;;
Wandbild;Poster/FineArt mit Holzaufhänger;1;;FineArt-Papier (Hahnemühle);Hahnemühle Photo Rag;;Hahnemühle;FineArt-Inkjetdruck;Pigment / FineArt;Querformat;3:4;75;100;75x100;;;Holzleisten-Aufhängung (oben/unten);;;;
Wandbild;Poster/FineArt mit Holzaufhänger;1;;FineArt-Papier (Hahnemühle);Hahnemühle Photo Rag;;Hahnemühle;FineArt-Inkjetdruck;Pigment / FineArt;Querformat;3:5;70;120;70x120;;;Holzleisten-Aufhängung (oben/unten);;;;
Wandbild;Poster/FineArt mit Holzaufhänger;1;;FineArt-Papier (Hahnemühle);Hahnemühle Photo Rag;;Hahnemühle;FineArt-Inkjetdruck;Pigment / FineArt;Querformat;4:5;10;13;10x13;;;Holzleisten-Aufhängung (oben/unten);;;;
Wandbild;Poster/FineArt mit Holzaufhänger;1;;FineArt-Papier (Hahnemühle);Hahnemühle Photo Rag;;Hahnemühle;FineArt-Inkjetdruck;Pigment / FineArt;Querformat;4:5;40;50;40x50;;;Holzleisten-Aufhängung (oben/unten);;;;
Wandbild;Poster/FineArt mit Holzaufhänger;1;;FineArt-Papier (Hahnemühle);Hahnemühle Photo Rag;;Hahnemühle;FineArt-Inkjetdruck;Pigment / FineArt;Querformat;4:5;70;90;70x90;;;Holzleisten-Aufhängung (oben/unten);;;;
Wandbild;Poster/FineArt mit Holzaufhänger;1;;FineArt-Papier (Hahnemühle);Hahnemühle Photo Rag;;Hahnemühle;FineArt-Inkjetdruck;Pigment / FineArt;Querformat;4:5;80;100;80x100;;;Holzleisten-Aufhängung (oben/unten);;;;
Wandbild;Poster/FineArt mit Holzaufhänger;1;;FineArt-Papier (Hahnemühle);Hahnemühle Photo Rag;;Hahnemühle;FineArt-Inkjetdruck;Pigment / FineArt;Querformat;1:1;15;15;15x15;;;Holzleisten-Aufhängung (oben/unten);;;;
Wandbild;Poster/FineArt mit Holzaufhänger;1;;FineArt-Papier (Hahnemühle);Hahnemühle Photo Rag;;Hahnemühle;FineArt-Inkjetdruck;Pigment / FineArt;Querformat;1:1;20;20;20x20;;;Holzleisten-Aufhängung (oben/unten);;;;
Wandbild;Poster/FineArt mit Holzaufhänger;1;;FineArt-Papier (Hahnemühle);Hahnemühle Photo Rag;;Hahnemühle;FineArt-Inkjetdruck;Pigment / FineArt;Querformat;1:1;21;21;21x21;;;Holzleisten-Aufhängung (oben/unten);;;;
Wandbild;Poster/FineArt mit Holzaufhänger;1;;FineArt-Papier (Hahnemühle);Hahnemühle Photo Rag;;Hahnemühle;FineArt-Inkjetdruck;Pigment / FineArt;Querformat;1:1;30;30;30x30;;;Holzleisten-Aufhängung (oben/unten);;;;
Wandbild;Poster/FineArt mit Holzaufhänger;1;;FineArt-Papier (Hahnemühle);Hahnemühle Photo Rag;;Hahnemühle;FineArt-Inkjetdruck;Pigment / FineArt;Querformat;1:1;40;40;40x40;;;Holzleisten-Aufhängung (oben/unten);;;;
Wandbild;Poster/FineArt mit Holzaufhänger;1;;FineArt-Papier (Hahnemühle);Hahnemühle Photo Rag;;Hahnemühle;FineArt-Inkjetdruck;Pigment / FineArt;Querformat;1:1;50;50;50x50;;;Holzleisten-Aufhängung (oben/unten);;;;
Wandbild;Poster/FineArt mit Holzaufhänger;1;;FineArt-Papier (Hahnemühle);Hahnemühle Photo Rag;;Hahnemühle;FineArt-Inkjetdruck;Pigment / FineArt;Querformat;1:1;60;60;60x60;;;Holzleisten-Aufhängung (oben/unten);;;;
Wandbild;Poster/FineArt mit Holzaufhänger;1;;FineArt-Papier (Hahnemühle);Hahnemühle Photo Rag;;Hahnemühle;FineArt-Inkjetdruck;Pigment / FineArt;Querformat;1:1;70;70;70x70;;;Holzleisten-Aufhängung (oben/unten);;;;
Wandbild;Poster/FineArt mit Holzaufhänger;1;;FineArt-Papier (Hahnemühle);Hahnemühle Photo Rag;;Hahnemühle;FineArt-Inkjetdruck;Pigment / FineArt;Querformat;Panorama;10;18;10x18;;;Holzleisten-Aufhängung (oben/unten);;;;
Wandbild;Poster/FineArt mit Holzaufhänger;1;;FineArt-Papier (Hahnemühle);Hahnemühle Photo Rag;;Hahnemühle;FineArt-Inkjetdruck;Pigment / FineArt;Querformat;Panorama;10;20;10x20;;;Holzleisten-Aufhängung (oben/unten);;;;
Wandbild;Poster/FineArt mit Holzaufhänger;1;;FineArt-Papier (Hahnemühle);Hahnemühle Photo Rag;;Hahnemühle;FineArt-Inkjetdruck;Pigment / FineArt;Querformat;Panorama;20;40;20x40;;;Holzleisten-Aufhängung (oben/unten);;;;
Wandbild;Poster/FineArt mit Holzaufhänger;1;;FineArt-Papier (Hahnemühle);Hahnemühle Photo Rag;;Hahnemühle;FineArt-Inkjetdruck;Pigment / FineArt;Querformat;Panorama;20;60;20x60;;;Holzleisten-Aufhängung (oben/unten);;;;
Wandbild;Poster/FineArt mit Holzaufhänger;1;;FineArt-Papier (Hahnemühle);Hahnemühle Photo Rag;;Hahnemühle;FineArt-Inkjetdruck;Pigment / FineArt;Querformat;Panorama;30;60;30x60;;;Holzleisten-Aufhängung (oben/unten);;;;
Wandbild;Poster/FineArt mit Holzaufhänger;1;;FineArt-Papier (Hahnemühle);Hahnemühle Photo Rag;;Hahnemühle;FineArt-Inkjetdruck;Pigment / FineArt;Querformat;Panorama;30;90;30x90;;;Holzleisten-Aufhängung (oben/unten);;;;
Wandbild;Poster/FineArt mit Holzaufhänger;1;;FineArt-Papier (Hahnemühle);Hahnemühle Photo Rag;;Hahnemühle;FineArt-Inkjetdruck;Pigment / FineArt;Querformat;Panorama;40;80;40x80;;;Holzleisten-Aufhängung (oben/unten);;;;
Wandbild;Poster/FineArt mit Holzaufhänger;1;;FineArt-Papier (Hahnemühle);Hahnemühle Photo Rag;;Hahnemühle;FineArt-Inkjetdruck;Pigment / FineArt;Querformat;Panorama;50;100;50x100;;;Holzleisten-Aufhängung (oben/unten);;;;
Wandbild;Poster/FineArt mit Holzaufhänger;1;;FineArt-Papier (Hahnemühle);Hahnemühle Photo Rag;;Hahnemühle;FineArt-Inkjetdruck;Pigment / FineArt;Querformat;Panorama;60;120;60x120;;;Holzleisten-Aufhängung (oben/unten);;;;
Wandbild;Poster/FineArt mit Holzaufhänger;1;;FineArt-Papier (Hahnemühle);Hahnemühle Photo Rag;;Hahnemühle;FineArt-Inkjetdruck;Pigment / FineArt;Querformat;Panorama;60;180;60x180;;;Holzleisten-Aufhängung (oben/unten);;;;
Wandbild;Poster/FineArt mit Holzaufhänger;1;;FineArt-Papier (Hahnemühle);Hahnemühle Photo Rag;;Hahnemühle;FineArt-Inkjetdruck;Pigment / FineArt;Querformat;Panorama;70;180;70x180;;;Holzleisten-Aufhängung (oben/unten);;;;
Wandbild;Poster/FineArt mit Holzaufhänger;1;;Fotopapier (Fujifilm);Fotopapier;Silk;Fujifilm;Fotobelichtung / Digitaldruck;Fotografisch;Hochformat;2:3;10;15;10x15;;;Holzleisten-Aufhängung (oben/unten);;;;
Wandbild;Poster/FineArt mit Holzaufhänger;1;;Fotopapier (Fujifilm);Fotopapier;Silk;Fujifilm;Fotobelichtung / Digitaldruck;Fotografisch;Hochformat;2:3;10.5;14.8;10.5x14.8;A6;;Holzleisten-Aufhängung (oben/unten);;;;
Wandbild;Poster/FineArt mit Holzaufhänger;1;;Fotopapier (Fujifilm);Fotopapier;Silk;Fujifilm;Fotobelichtung / Digitaldruck;Fotografisch;Hochformat;2:3;13;18;13x18;;;Holzleisten-Aufhängung (oben/unten);;;;
Wandbild;Poster/FineArt mit Holzaufhänger;1;;Fotopapier (Fujifilm);Fotopapier;Silk;Fujifilm;Fotobelichtung / Digitaldruck;Fotografisch;Hochformat;2:3;13;19;13x19;;;Holzleisten-Aufhängung (oben/unten);;;;
Wandbild;Poster/FineArt mit Holzaufhänger;1;;Fotopapier (Fujifilm);Fotopapier;Silk;Fujifilm;Fotobelichtung / Digitaldruck;Fotografisch;Hochformat;2:3;14.8;21;14.8x21;A5;;Holzleisten-Aufhängung (oben/unten);;;;
Wandbild;Poster/FineArt mit Holzaufhänger;1;;Fotopapier (Fujifilm);Fotopapier;Silk;Fujifilm;Fotobelichtung / Digitaldruck;Fotografisch;Hochformat;2:3;15;21;15x21;;;Holzleisten-Aufhängung (oben/unten);;;;
Wandbild;Poster/FineArt mit Holzaufhänger;1;;Fotopapier (Fujifilm);Fotopapier;Silk;Fujifilm;Fotobelichtung / Digitaldruck;Fotografisch;Hochformat;2:3;15;22;15x22;;;Holzleisten-Aufhängung (oben/unten);;;;
Wandbild;Poster/FineArt mit Holzaufhänger;1;;Fotopapier (Fujifilm);Fotopapier;Silk;Fujifilm;Fotobelichtung / Digitaldruck;Fotografisch;Hochformat;2:3;20;30;20x30;;;Holzleisten-Aufhängung (oben/unten);;;;
Wandbild;Poster/FineArt mit Holzaufhänger;1;;Fotopapier (Fujifilm);Fotopapier;Silk;Fujifilm;Fotobelichtung / Digitaldruck;Fotografisch;Hochformat;2:3;21;29.7;21x29.7;A4;;Holzleisten-Aufhängung (oben/unten);;;;
Wandbild;Poster/FineArt mit Holzaufhänger;1;;Fotopapier (Fujifilm);Fotopapier;Silk;Fujifilm;Fotobelichtung / Digitaldruck;Fotografisch;Hochformat;2:3;21;30;21x30;A4;;Holzleisten-Aufhängung (oben/unten);;;;
Wandbild;Poster/FineArt mit Holzaufhänger;1;;Fotopapier (Fujifilm);Fotopapier;Silk;Fujifilm;Fotobelichtung / Digitaldruck;Fotografisch;Hochformat;2:3;29.7;42;29.7x42;A3;;Holzleisten-Aufhängung (oben/unten);;;;
Wandbild;Poster/FineArt mit Holzaufhänger;1;;Fotopapier (Fujifilm);Fotopapier;Silk;Fujifilm;Fotobelichtung / Digitaldruck;Fotografisch;Hochformat;2:3;30;45;30x45;;;Holzleisten-Aufhängung (oben/unten);;;;
Wandbild;Poster/FineArt mit Holzaufhänger;1;;Fotopapier (Fujifilm);Fotopapier;Silk;Fujifilm;Fotobelichtung / Digitaldruck;Fotografisch;Hochformat;2:3;40;60;40x60;;;Holzleisten-Aufhängung (oben/unten);;;;
Wandbild;Poster/FineArt mit Holzaufhänger;1;;Fotopapier (Fujifilm);Fotopapier;Silk;Fujifilm;Fotobelichtung / Digitaldruck;Fotografisch;Hochformat;2:3;42;59.4;42x59.4;A2;;Holzleisten-Aufhängung (oben/unten);;;;
Wandbild;Poster/FineArt mit Holzaufhänger;1;;Fotopapier (Fujifilm);Fotopapier;Silk;Fujifilm;Fotobelichtung / Digitaldruck;Fotografisch;Hochformat;2:3;50;70;50x70;;;Holzleisten-Aufhängung (oben/unten);;;;
Wandbild;Poster/FineArt mit Holzaufhänger;1;;Fotopapier (Fujifilm);Fotopapier;Silk;Fujifilm;Fotobelichtung / Digitaldruck;Fotografisch;Hochformat;2:3;50;75;50x75;;;Holzleisten-Aufhängung (oben/unten);;;;
Wandbild;Poster/FineArt mit Holzaufhänger;1;;Fotopapier (Fujifilm);Fotopapier;Silk;Fujifilm;Fotobelichtung / Digitaldruck;Fotografisch;Hochformat;2:3;59.4;84.1;59.4x84.1;A1;;Holzleisten-Aufhängung (oben/unten);;;;
Wandbild;Poster/FineArt mit Holzaufhänger;1;;Fotopapier (Fujifilm);Fotopapier;Silk;Fujifilm;Fotobelichtung / Digitaldruck;Fotografisch;Hochformat;2:3;60;90;60x90;;;Holzleisten-Aufhängung (oben/unten);;;;
Wandbild;Poster/FineArt mit Holzaufhänger;1;;Fotopapier (Fujifilm);Fotopapier;Silk;Fujifilm;Fotobelichtung / Digitaldruck;Fotografisch;Hochformat;2:3;70;100;70x100;;;Holzleisten-Aufhängung (oben/unten);;;;
Wandbild;Poster/FineArt mit Holzaufhänger;1;;Fotopapier (Fujifilm);Fotopapier;Silk;Fujifilm;Fotobelichtung / Digitaldruck;Fotografisch;Hochformat;2:3;70;105;70x105;;;Holzleisten-Aufhängung (oben/unten);;;;
Wandbild;Poster/FineArt mit Holzaufhänger;1;;Fotopapier (Fujifilm);Fotopapier;Silk;Fujifilm;Fotobelichtung / Digitaldruck;Fotografisch;Hochformat;3:4;18;24;18x24;;;Holzleisten-Aufhängung (oben/unten);;;;
Wandbild;Poster/FineArt mit Holzaufhänger;1;;Fotopapier (Fujifilm);Fotopapier;Silk;Fujifilm;Fotobelichtung / Digitaldruck;Fotografisch;Hochformat;3:4;30;40;30x40;;;Holzleisten-Aufhängung (oben/unten);;;;
Wandbild;Poster/FineArt mit Holzaufhänger;1;;Fotopapier (Fujifilm);Fotopapier;Silk;Fujifilm;Fotobelichtung / Digitaldruck;Fotografisch;Hochformat;3:4;60;80;60x80;;;Holzleisten-Aufhängung (oben/unten);;;;
Wandbild;Poster/FineArt mit Holzaufhänger;1;;Fotopapier (Fujifilm);Fotopapier;Silk;Fujifilm;Fotobelichtung / Digitaldruck;Fotografisch;Hochformat;3:4;75;100;75x100;;;Holzleisten-Aufhängung (oben/unten);;;;
Wandbild;Poster/FineArt mit Holzaufhänger;1;;Fotopapier (Fujifilm);Fotopapier;Silk;Fujifilm;Fotobelichtung / Digitaldruck;Fotografisch;Hochformat;3:5;70;120;70x120;;;Holzleisten-Aufhängung (oben/unten);;;;
Wandbild;Poster/FineArt mit Holzaufhänger;1;;Fotopapier (Fujifilm);Fotopapier;Silk;Fujifilm;Fotobelichtung / Digitaldruck;Fotografisch;Hochformat;4:5;10;13;10x13;;;Holzleisten-Aufhängung (oben/unten);;;;
Wandbild;Poster/FineArt mit Holzaufhänger;1;;Fotopapier (Fujifilm);Fotopapier;Silk;Fujifilm;Fotobelichtung / Digitaldruck;Fotografisch;Hochformat;4:5;40;50;40x50;;;Holzleisten-Aufhängung (oben/unten);;;;
Wandbild;Poster/FineArt mit Holzaufhänger;1;;Fotopapier (Fujifilm);Fotopapier;Silk;Fujifilm;Fotobelichtung / Digitaldruck;Fotografisch;Hochformat;4:5;70;90;70x90;;;Holzleisten-Aufhängung (oben/unten);;;;
Wandbild;Poster/FineArt mit Holzaufhänger;1;;Fotopapier (Fujifilm);Fotopapier;Silk;Fujifilm;Fotobelichtung / Digitaldruck;Fotografisch;Hochformat;4:5;80;100;80x100;;;Holzleisten-Aufhängung (oben/unten);;;;
Wandbild;Poster/FineArt mit Holzaufhänger;1;;Fotopapier (Fujifilm);Fotopapier;Silk;Fujifilm;Fotobelichtung / Digitaldruck;Fotografisch;Hochformat;1:1;15;15;15x15;;;Holzleisten-Aufhängung (oben/unten);;;;
Wandbild;Poster/FineArt mit Holzaufhänger;1;;Fotopapier (Fujifilm);Fotopapier;Silk;Fujifilm;Fotobelichtung / Digitaldruck;Fotografisch;Hochformat;1:1;20;20;20x20;;;Holzleisten-Aufhängung (oben/unten);;;;
Wandbild;Poster/FineArt mit Holzaufhänger;1;;Fotopapier (Fujifilm);Fotopapier;Silk;Fujifilm;Fotobelichtung / Digitaldruck;Fotografisch;Hochformat;1:1;21;21;21x21;;;Holzleisten-Aufhängung (oben/unten);;;;
Wandbild;Poster/FineArt mit Holzaufhänger;1;;Fotopapier (Fujifilm);Fotopapier;Silk;Fujifilm;Fotobelichtung / Digitaldruck;Fotografisch;Hochformat;1:1;30;30;30x30;;;Holzleisten-Aufhängung (oben/unten);;;;
Wandbild;Poster/FineArt mit Holzaufhänger;1;;Fotopapier (Fujifilm);Fotopapier;Silk;Fujifilm;Fotobelichtung / Digitaldruck;Fotografisch;Hochformat;1:1;40;40;40x40;;;Holzleisten-Aufhängung (oben/unten);;;;
Wandbild;Poster/FineArt mit Holzaufhänger;1;;Fotopapier (Fujifilm);Fotopapier;Silk;Fujifilm;Fotobelichtung / Digitaldruck;Fotografisch;Hochformat;1:1;50;50;50x50;;;Holzleisten-Aufhängung (oben/unten);;;;
Wandbild;Poster/FineArt mit Holzaufhänger;1;;Fotopapier (Fujifilm);Fotopapier;Silk;Fujifilm;Fotobelichtung / Digitaldruck;Fotografisch;Hochformat;1:1;60;60;60x60;;;Holzleisten-Aufhängung (oben/unten);;;;
Wandbild;Poster/FineArt mit Holzaufhänger;1;;Fotopapier (Fujifilm);Fotopapier;Silk;Fujifilm;Fotobelichtung / Digitaldruck;Fotografisch;Hochformat;1:1;70;70;70x70;;;Holzleisten-Aufhängung (oben/unten);;;;
Wandbild;Poster/FineArt mit Holzaufhänger;1;;Fotopapier (Fujifilm);Fotopapier;Silk;Fujifilm;Fotobelichtung / Digitaldruck;Fotografisch;Hochformat;Panorama;10;18;10x18;;;Holzleisten-Aufhängung (oben/unten);;;;
Wandbild;Poster/FineArt mit Holzaufhänger;1;;Fotopapier (Fujifilm);Fotopapier;Silk;Fujifilm;Fotobelichtung / Digitaldruck;Fotografisch;Hochformat;Panorama;10;20;10x20;;;Holzleisten-Aufhängung (oben/unten);;;;
Wandbild;Poster/FineArt mit Holzaufhänger;1;;Fotopapier (Fujifilm);Fotopapier;Silk;Fujifilm;Fotobelichtung / Digitaldruck;Fotografisch;Hochformat;Panorama;20;40;20x40;;;Holzleisten-Aufhängung (oben/unten);;;;
Wandbild;Poster/FineArt mit Holzaufhänger;1;;Fotopapier (Fujifilm);Fotopapier;Silk;Fujifilm;Fotobelichtung / Digitaldruck;Fotografisch;Hochformat;Panorama;20;60;20x60;;;Holzleisten-Aufhängung (oben/unten);;;;
Wandbild;Poster/FineArt mit Holzaufhänger;1;;Fotopapier (Fujifilm);Fotopapier;Silk;Fujifilm;Fotobelichtung / Digitaldruck;Fotografisch;Hochformat;Panorama;30;60;30x60;;;Holzleisten-Aufhängung (oben/unten);;;;
Wandbild;Poster/FineArt mit Holzaufhänger;1;;Fotopapier (Fujifilm);Fotopapier;Silk;Fujifilm;Fotobelichtung / Digitaldruck;Fotografisch;Hochformat;Panorama;30;90;30x90;;;Holzleisten-Aufhängung (oben/unten);;;;
Wandbild;Poster/FineArt mit Holzaufhänger;1;;Fotopapier (Fujifilm);Fotopapier;Silk;Fujifilm;Fotobelichtung / Digitaldruck;Fotografisch;Hochformat;Panorama;40;80;40x80;;;Holzleisten-Aufhängung (oben/unten);;;;
Wandbild;Poster/FineArt mit Holzaufhänger;1;;Fotopapier (Fujifilm);Fotopapier;Silk;Fujifilm;Fotobelichtung / Digitaldruck;Fotografisch;Hochformat;Panorama;50;100;50x100;;;Holzleisten-Aufhängung (oben/unten);;;;
Wandbild;Poster/FineArt mit Holzaufhänger;1;;Fotopapier (Fujifilm);Fotopapier;Silk;Fujifilm;Fotobelichtung / Digitaldruck;Fotografisch;Hochformat;Panorama;60;120;60x120;;;Holzleisten-Aufhängung (oben/unten);;;;
Wandbild;Poster/FineArt mit Holzaufhänger;1;;Fotopapier (Fujifilm);Fotopapier;Silk;Fujifilm;Fotobelichtung / Digitaldruck;Fotografisch;Hochformat;Panorama;60;180;60x180;;;Holzleisten-Aufhängung (oben/unten);;;;
Wandbild;Poster/FineArt mit Holzaufhänger;1;;Fotopapier (Fujifilm);Fotopapier;Silk;Fujifilm;Fotobelichtung / Digitaldruck;Fotografisch;Hochformat;Panorama;70;180;70x180;;;Holzleisten-Aufhängung (oben/unten);;;;
Wandbild;Poster/FineArt mit Holzaufhänger;1;;Fotopapier (Fujifilm);Fotopapier;Silk;Fujifilm;Fotobelichtung / Digitaldruck;Fotografisch;Querformat;2:3;10;15;10x15;;;Holzleisten-Aufhängung (oben/unten);;;;
Wandbild;Poster/FineArt mit Holzaufhänger;1;;Fotopapier (Fujifilm);Fotopapier;Silk;Fujifilm;Fotobelichtung / Digitaldruck;Fotografisch;Querformat;2:3;10.5;14.8;10.5x14.8;A6;;Holzleisten-Aufhängung (oben/unten);;;;
Wandbild;Poster/FineArt mit Holzaufhänger;1;;Fotopapier (Fujifilm);Fotopapier;Silk;Fujifilm;Fotobelichtung / Digitaldruck;Fotografisch;Querformat;2:3;13;18;13x18;;;Holzleisten-Aufhängung (oben/unten);;;;
Wandbild;Poster/FineArt mit Holzaufhänger;1;;Fotopapier (Fujifilm);Fotopapier;Silk;Fujifilm;Fotobelichtung / Digitaldruck;Fotografisch;Querformat;2:3;13;19;13x19;;;Holzleisten-Aufhängung (oben/unten);;;;
Wandbild;Poster/FineArt mit Holzaufhänger;1;;Fotopapier (Fujifilm);Fotopapier;Silk;Fujifilm;Fotobelichtung / Digitaldruck;Fotografisch;Querformat;2:3;14.8;21;14.8x21;A5;;Holzleisten-Aufhängung (oben/unten);;;;
Wandbild;Poster/FineArt mit Holzaufhänger;1;;Fotopapier (Fujifilm);Fotopapier;Silk;Fujifilm;Fotobelichtung / Digitaldruck;Fotografisch;Querformat;2:3;15;21;15x21;;;Holzleisten-Aufhängung (oben/unten);;;;
Wandbild;Poster/FineArt mit Holzaufhänger;1;;Fotopapier (Fujifilm);Fotopapier;Silk;Fujifilm;Fotobelichtung / Digitaldruck;Fotografisch;Querformat;2:3;15;22;15x22;;;Holzleisten-Aufhängung (oben/unten);;;;
Wandbild;Poster/FineArt mit Holzaufhänger;1;;Fotopapier (Fujifilm);Fotopapier;Silk;Fujifilm;Fotobelichtung / Digitaldruck;Fotografisch;Querformat;2:3;20;30;20x30;;;Holzleisten-Aufhängung (oben/unten);;;;
Wandbild;Poster/FineArt mit Holzaufhänger;1;;Fotopapier (Fujifilm);Fotopapier;Silk;Fujifilm;Fotobelichtung / Digitaldruck;Fotografisch;Querformat;2:3;21;29.7;21x29.7;A4;;Holzleisten-Aufhängung (oben/unten);;;;
Wandbild;Poster/FineArt mit Holzaufhänger;1;;Fotopapier (Fujifilm);Fotopapier;Silk;Fujifilm;Fotobelichtung / Digitaldruck;Fotografisch;Querformat;2:3;21;30;21x30;A4;;Holzleisten-Aufhängung (oben/unten);;;;
Wandbild;Poster/FineArt mit Holzaufhänger;1;;Fotopapier (Fujifilm);Fotopapier;Silk;Fujifilm;Fotobelichtung / Digitaldruck;Fotografisch;Querformat;2:3;29.7;42;29.7x42;A3;;Holzleisten-Aufhängung (oben/unten);;;;
Wandbild;Poster/FineArt mit Holzaufhänger;1;;Fotopapier (Fujifilm);Fotopapier;Silk;Fujifilm;Fotobelichtung / Digitaldruck;Fotografisch;Querformat;2:3;30;45;30x45;;;Holzleisten-Aufhängung (oben/unten);;;;
Wandbild;Poster/FineArt mit Holzaufhänger;1;;Fotopapier (Fujifilm);Fotopapier;Silk;Fujifilm;Fotobelichtung / Digitaldruck;Fotografisch;Querformat;2:3;40;60;40x60;;;Holzleisten-Aufhängung (oben/unten);;;;
Wandbild;Poster/FineArt mit Holzaufhänger;1;;Fotopapier (Fujifilm);Fotopapier;Silk;Fujifilm;Fotobelichtung / Digitaldruck;Fotografisch;Querformat;2:3;42;59.4;42x59.4;A2;;Holzleisten-Aufhängung (oben/unten);;;;
Wandbild;Poster/FineArt mit Holzaufhänger;1;;Fotopapier (Fujifilm);Fotopapier;Silk;Fujifilm;Fotobelichtung / Digitaldruck;Fotografisch;Querformat;2:3;50;70;50x70;;;Holzleisten-Aufhängung (oben/unten);;;;
Wandbild;Poster/FineArt mit Holzaufhänger;1;;Fotopapier (Fujifilm);Fotopapier;Silk;Fujifilm;Fotobelichtung / Digitaldruck;Fotografisch;Querformat;2:3;50;75;50x75;;;Holzleisten-Aufhängung (oben/unten);;;;
Wandbild;Poster/FineArt mit Holzaufhänger;1;;Fotopapier (Fujifilm);Fotopapier;Silk;Fujifilm;Fotobelichtung / Digitaldruck;Fotografisch;Querformat;2:3;59.4;84.1;59.4x84.1;A1;;Holzleisten-Aufhängung (oben/unten);;;;
Wandbild;Poster/FineArt mit Holzaufhänger;1;;Fotopapier (Fujifilm);Fotopapier;Silk;Fujifilm;Fotobelichtung / Digitaldruck;Fotografisch;Querformat;2:3;60;90;60x90;;;Holzleisten-Aufhängung (oben/unten);;;;
Wandbild;Poster/FineArt mit Holzaufhänger;1;;Fotopapier (Fujifilm);Fotopapier;Silk;Fujifilm;Fotobelichtung / Digitaldruck;Fotografisch;Querformat;2:3;70;100;70x100;;;Holzleisten-Aufhängung (oben/unten);;;;
Wandbild;Poster/FineArt mit Holzaufhänger;1;;Fotopapier (Fujifilm);Fotopapier;Silk;Fujifilm;Fotobelichtung / Digitaldruck;Fotografisch;Querformat;2:3;70;105;70x105;;;Holzleisten-Aufhängung (oben/unten);;;;
Wandbild;Poster/FineArt mit Holzaufhänger;1;;Fotopapier (Fujifilm);Fotopapier;Silk;Fujifilm;Fotobelichtung / Digitaldruck;Fotografisch;Querformat;3:4;18;24;18x24;;;Holzleisten-Aufhängung (oben/unten);;;;
Wandbild;Poster/FineArt mit Holzaufhänger;1;;Fotopapier (Fujifilm);Fotopapier;Silk;Fujifilm;Fotobelichtung / Digitaldruck;Fotografisch;Querformat;3:4;30;40;30x40;;;Holzleisten-Aufhängung (oben/unten);;;;
Wandbild;Poster/FineArt mit Holzaufhänger;1;;Fotopapier (Fujifilm);Fotopapier;Silk;Fujifilm;Fotobelichtung / Digitaldruck;Fotografisch;Querformat;3:4;60;80;60x80;;;Holzleisten-Aufhängung (oben/unten);;;;
Wandbild;Poster/FineArt mit Holzaufhänger;1;;Fotopapier (Fujifilm);Fotopapier;Silk;Fujifilm;Fotobelichtung / Digitaldruck;Fotografisch;Querformat;3:4;75;100;75x100;;;Holzleisten-Aufhängung (oben/unten);;;;
Wandbild;Poster/FineArt mit Holzaufhänger;1;;Fotopapier (Fujifilm);Fotopapier;Silk;Fujifilm;Fotobelichtung / Digitaldruck;Fotografisch;Querformat;3:5;70;120;70x120;;;Holzleisten-Aufhängung (oben/unten);;;;
Wandbild;Poster/FineArt mit Holzaufhänger;1;;Fotopapier (Fujifilm);Fotopapier;Silk;Fujifilm;Fotobelichtung / Digitaldruck;Fotografisch;Querformat;4:5;10;13;10x13;;;Holzleisten-Aufhängung (oben/unten);;;;
Wandbild;Poster/FineArt mit Holzaufhänger;1;;Fotopapier (Fujifilm);Fotopapier;Silk;Fujifilm;Fotobelichtung / Digitaldruck;Fotografisch;Querformat;4:5;40;50;40x50;;;Holzleisten-Aufhängung (oben/unten);;;;
Wandbild;Poster/FineArt mit Holzaufhänger;1;;Fotopapier (Fujifilm);Fotopapier;Silk;Fujifilm;Fotobelichtung / Digitaldruck;Fotografisch;Querformat;4:5;70;90;70x90;;;Holzleisten-Aufhängung (oben/unten);;;;
Wandbild;Poster/FineArt mit Holzaufhänger;1;;Fotopapier (Fujifilm);Fotopapier;Silk;Fujifilm;Fotobelichtung / Digitaldruck;Fotografisch;Querformat;4:5;80;100;80x100;;;Holzleisten-Aufhängung (oben/unten);;;;
Wandbild;Poster/FineArt mit Holzaufhänger;1;;Fotopapier (Fujifilm);Fotopapier;Silk;Fujifilm;Fotobelichtung / Digitaldruck;Fotografisch;Querformat;1:1;15;15;15x15;;;Holzleisten-Aufhängung (oben/unten);;;;
Wandbild;Poster/FineArt mit Holzaufhänger;1;;Fotopapier (Fujifilm);Fotopapier;Silk;Fujifilm;Fotobelichtung / Digitaldruck;Fotografisch;Querformat;1:1;20;20;20x20;;;Holzleisten-Aufhängung (oben/unten);;;;
Wandbild;Poster/FineArt mit Holzaufhänger;1;;Fotopapier (Fujifilm);Fotopapier;Silk;Fujifilm;Fotobelichtung / Digitaldruck;Fotografisch;Querformat;1:1;21;21;21x21;;;Holzleisten-Aufhängung (oben/unten);;;;
Wandbild;Poster/FineArt mit Holzaufhänger;1;;Fotopapier (Fujifilm);Fotopapier;Silk;Fujifilm;Fotobelichtung / Digitaldruck;Fotografisch;Querformat;1:1;30;30;30x30;;;Holzleisten-Aufhängung (oben/unten);;;;
Wandbild;Poster/FineArt mit Holzaufhänger;1;;Fotopapier (Fujifilm);Fotopapier;Silk;Fujifilm;Fotobelichtung / Digitaldruck;Fotografisch;Querformat;1:1;40;40;40x40;;;Holzleisten-Aufhängung (oben/unten);;;;
Wandbild;Poster/FineArt mit Holzaufhänger;1;;Fotopapier (Fujifilm);Fotopapier;Silk;Fujifilm;Fotobelichtung / Digitaldruck;Fotografisch;Querformat;1:1;50;50;50x50;;;Holzleisten-Aufhängung (oben/unten);;;;
Wandbild;Poster/FineArt mit Holzaufhänger;1;;Fotopapier (Fujifilm);Fotopapier;Silk;Fujifilm;Fotobelichtung / Digitaldruck;Fotografisch;Querformat;1:1;60;60;60x60;;;Holzleisten-Aufhängung (oben/unten);;;;
Wandbild;Poster/FineArt mit Holzaufhänger;1;;Fotopapier (Fujifilm);Fotopapier;Silk;Fujifilm;Fotobelichtung / Digitaldruck;Fotografisch;Querformat;1:1;70;70;70x70;;;Holzleisten-Aufhängung (oben/unten);;;;
Wandbild;Poster/FineArt mit Holzaufhänger;1;;Fotopapier (Fujifilm);Fotopapier;Silk;Fujifilm;Fotobelichtung / Digitaldruck;Fotografisch;Querformat;Panorama;10;18;10x18;;;Holzleisten-Aufhängung (oben/unten);;;;
Wandbild;Poster/FineArt mit Holzaufhänger;1;;Fotopapier (Fujifilm);Fotopapier;Silk;Fujifilm;Fotobelichtung / Digitaldruck;Fotografisch;Querformat;Panorama;10;20;10x20;;;Holzleisten-Aufhängung (oben/unten);;;;
Wandbild;Poster/FineArt mit Holzaufhänger;1;;Fotopapier (Fujifilm);Fotopapier;Silk;Fujifilm;Fotobelichtung / Digitaldruck;Fotografisch;Querformat;Panorama;20;40;20x40;;;Holzleisten-Aufhängung (oben/unten);;;;
Wandbild;Poster/FineArt mit Holzaufhänger;1;;Fotopapier (Fujifilm);Fotopapier;Silk;Fujifilm;Fotobelichtung / Digitaldruck;Fotografisch;Querformat;Panorama;20;60;20x60;;;Holzleisten-Aufhängung (oben/unten);;;;
Wandbild;Poster/FineArt mit Holzaufhänger;1;;Fotopapier (Fujifilm);Fotopapier;Silk;Fujifilm;Fotobelichtung / Digitaldruck;Fotografisch;Querformat;Panorama;30;60;30x60;;;Holzleisten-Aufhängung (oben/unten);;;;
Wandbild;Poster/FineArt mit Holzaufhänger;1;;Fotopapier (Fujifilm);Fotopapier;Silk;Fujifilm;Fotobelichtung / Digitaldruck;Fotografisch;Querformat;Panorama;30;90;30x90;;;Holzleisten-Aufhängung (oben/unten);;;;
Wandbild;Poster/FineArt mit Holzaufhänger;1;;Fotopapier (Fujifilm);Fotopapier;Silk;Fujifilm;Fotobelichtung / Digitaldruck;Fotografisch;Querformat;Panorama;40;80;40x80;;;Holzleisten-Aufhängung (oben/unten);;;;
Wandbild;Poster/FineArt mit Holzaufhänger;1;;Fotopapier (Fujifilm);Fotopapier;Silk;Fujifilm;Fotobelichtung / Digitaldruck;Fotografisch;Querformat;Panorama;50;100;50x100;;;Holzleisten-Aufhängung (oben/unten);;;;
Wandbild;Poster/FineArt mit Holzaufhänger;1;;Fotopapier (Fujifilm);Fotopapier;Silk;Fujifilm;Fotobelichtung / Digitaldruck;Fotografisch;Querformat;Panorama;60;120;60x120;;;Holzleisten-Aufhängung (oben/unten);;;;
Wandbild;Poster/FineArt mit Holzaufhänger;1;;Fotopapier (Fujifilm);Fotopapier;Silk;Fujifilm;Fotobelichtung / Digitaldruck;Fotografisch;Querformat;Panorama;60;180;60x180;;;Holzleisten-Aufhängung (oben/unten);;;;
Wandbild;Poster/FineArt mit Holzaufhänger;1;;Fotopapier (Fujifilm);Fotopapier;Silk;Fujifilm;Fotobelichtung / Digitaldruck;Fotografisch;Querformat;Panorama;70;180;70x180;;;Holzleisten-Aufhängung (oben/unten);;;;
Wandbild;Poster/FineArt mit Holzaufhänger;1;;Fotopapier (Fujifilm);Fotopapier;glänzend;Fujifilm;Fotobelichtung / Digitaldruck;Fotografisch;Hochformat;2:3;10;15;10x15;;;Holzleisten-Aufhängung (oben/unten);;;;
Wandbild;Poster/FineArt mit Holzaufhänger;1;;Fotopapier (Fujifilm);Fotopapier;glänzend;Fujifilm;Fotobelichtung / Digitaldruck;Fotografisch;Hochformat;2:3;10.5;14.8;10.5x14.8;A6;;Holzleisten-Aufhängung (oben/unten);;;;
Wandbild;Poster/FineArt mit Holzaufhänger;1;;Fotopapier (Fujifilm);Fotopapier;glänzend;Fujifilm;Fotobelichtung / Digitaldruck;Fotografisch;Hochformat;2:3;13;18;13x18;;;Holzleisten-Aufhängung (oben/unten);;;;
Wandbild;Poster/FineArt mit Holzaufhänger;1;;Fotopapier (Fujifilm);Fotopapier;glänzend;Fujifilm;Fotobelichtung / Digitaldruck;Fotografisch;Hochformat;2:3;13;19;13x19;;;Holzleisten-Aufhängung (oben/unten);;;;
Wandbild;Poster/FineArt mit Holzaufhänger;1;;Fotopapier (Fujifilm);Fotopapier;glänzend;Fujifilm;Fotobelichtung / Digitaldruck;Fotografisch;Hochformat;2:3;14.8;21;14.8x21;A5;;Holzleisten-Aufhängung (oben/unten);;;;
Wandbild;Poster/FineArt mit Holzaufhänger;1;;Fotopapier (Fujifilm);Fotopapier;glänzend;Fujifilm;Fotobelichtung / Digitaldruck;Fotografisch;Hochformat;2:3;15;21;15x21;;;Holzleisten-Aufhängung (oben/unten);;;;
Wandbild;Poster/FineArt mit Holzaufhänger;1;;Fotopapier (Fujifilm);Fotopapier;glänzend;Fujifilm;Fotobelichtung / Digitaldruck;Fotografisch;Hochformat;2:3;15;22;15x22;;;Holzleisten-Aufhängung (oben/unten);;;;
Wandbild;Poster/FineArt mit Holzaufhänger;1;;Fotopapier (Fujifilm);Fotopapier;glänzend;Fujifilm;Fotobelichtung / Digitaldruck;Fotografisch;Hochformat;2:3;20;30;20x30;;;Holzleisten-Aufhängung (oben/unten);;;;
Wandbild;Poster/FineArt mit Holzaufhänger;1;;Fotopapier (Fujifilm);Fotopapier;glänzend;Fujifilm;Fotobelichtung / Digitaldruck;Fotografisch;Hochformat;2:3;21;29.7;21x29.7;A4;;Holzleisten-Aufhängung (oben/unten);;;;
Wandbild;Poster/FineArt mit Holzaufhänger;1;;Fotopapier (Fujifilm);Fotopapier;glänzend;Fujifilm;Fotobelichtung / Digitaldruck;Fotografisch;Hochformat;2:3;21;30;21x30;A4;;Holzleisten-Aufhängung (oben/unten);;;;
Wandbild;Poster/FineArt mit Holzaufhänger;1;;Fotopapier (Fujifilm);Fotopapier;glänzend;Fujifilm;Fotobelichtung / Digitaldruck;Fotografisch;Hochformat;2:3;29.7;42;29.7x42;A3;;Holzleisten-Aufhängung (oben/unten);;;;
Wandbild;Poster/FineArt mit Holzaufhänger;1;;Fotopapier (Fujifilm);Fotopapier;glänzend;Fujifilm;Fotobelichtung / Digitaldruck;Fotografisch;Hochformat;2:3;30;45;30x45;;;Holzleisten-Aufhängung (oben/unten);;;;
Wandbild;Poster/FineArt mit Holzaufhänger;1;;Fotopapier (Fujifilm);Fotopapier;glänzend;Fujifilm;Fotobelichtung / Digitaldruck;Fotografisch;Hochformat;2:3;40;60;40x60;;;Holzleisten-Aufhängung (oben/unten);;;;
Wandbild;Poster/FineArt mit Holzaufhänger;1;;Fotopapier (Fujifilm);Fotopapier;glänzend;Fujifilm;Fotobelichtung / Digitaldruck;Fotografisch;Hochformat;2:3;42;59.4;42x59.4;A2;;Holzleisten-Aufhängung (oben/unten);;;;
Wandbild;Poster/FineArt mit Holzaufhänger;1;;Fotopapier (Fujifilm);Fotopapier;glänzend;Fujifilm;Fotobelichtung / Digitaldruck;Fotografisch;Hochformat;2:3;50;70;50x70;;;Holzleisten-Aufhängung (oben/unten);;;;
Wandbild;Poster/FineArt mit Holzaufhänger;1;;Fotopapier (Fujifilm);Fotopapier;glänzend;Fujifilm;Fotobelichtung / Digitaldruck;Fotografisch;Hochformat;2:3;50;75;50x75;;;Holzleisten-Aufhängung (oben/unten);;;;
Wandbild;Poster/FineArt mit Holzaufhänger;1;;Fotopapier (Fujifilm);Fotopapier;glänzend;Fujifilm;Fotobelichtung / Digitaldruck;Fotografisch;Hochformat;2:3;59.4;84.1;59.4x84.1;A1;;Holzleisten-Aufhängung (oben/unten);;;;
Wandbild;Poster/FineArt mit Holzaufhänger;1;;Fotopapier (Fujifilm);Fotopapier;glänzend;Fujifilm;Fotobelichtung / Digitaldruck;Fotografisch;Hochformat;2:3;60;90;60x90;;;Holzleisten-Aufhängung (oben/unten);;;;
Wandbild;Poster/FineArt mit Holzaufhänger;1;;Fotopapier (Fujifilm);Fotopapier;glänzend;Fujifilm;Fotobelichtung / Digitaldruck;Fotografisch;Hochformat;2:3;70;100;70x100;;;Holzleisten-Aufhängung (oben/unten);;;;
Wandbild;Poster/FineArt mit Holzaufhänger;1;;Fotopapier (Fujifilm);Fotopapier;glänzend;Fujifilm;Fotobelichtung / Digitaldruck;Fotografisch;Hochformat;2:3;70;105;70x105;;;Holzleisten-Aufhängung (oben/unten);;;;
Wandbild;Poster/FineArt mit Holzaufhänger;1;;Fotopapier (Fujifilm);Fotopapier;glänzend;Fujifilm;Fotobelichtung / Digitaldruck;Fotografisch;Hochformat;3:4;18;24;18x24;;;Holzleisten-Aufhängung (oben/unten);;;;
Wandbild;Poster/FineArt mit Holzaufhänger;1;;Fotopapier (Fujifilm);Fotopapier;glänzend;Fujifilm;Fotobelichtung / Digitaldruck;Fotografisch;Hochformat;3:4;30;40;30x40;;;Holzleisten-Aufhängung (oben/unten);;;;
Wandbild;Poster/FineArt mit Holzaufhänger;1;;Fotopapier (Fujifilm);Fotopapier;glänzend;Fujifilm;Fotobelichtung / Digitaldruck;Fotografisch;Hochformat;3:4;60;80;60x80;;;Holzleisten-Aufhängung (oben/unten);;;;
Wandbild;Poster/FineArt mit Holzaufhänger;1;;Fotopapier (Fujifilm);Fotopapier;glänzend;Fujifilm;Fotobelichtung / Digitaldruck;Fotografisch;Hochformat;3:4;75;100;75x100;;;Holzleisten-Aufhängung (oben/unten);;;;
Wandbild;Poster/FineArt mit Holzaufhänger;1;;Fotopapier (Fujifilm);Fotopapier;glänzend;Fujifilm;Fotobelichtung / Digitaldruck;Fotografisch;Hochformat;3:5;70;120;70x120;;;Holzleisten-Aufhängung (oben/unten);;;;
Wandbild;Poster/FineArt mit Holzaufhänger;1;;Fotopapier (Fujifilm);Fotopapier;glänzend;Fujifilm;Fotobelichtung / Digitaldruck;Fotografisch;Hochformat;4:5;10;13;10x13;;;Holzleisten-Aufhängung (oben/unten);;;;
Wandbild;Poster/FineArt mit Holzaufhänger;1;;Fotopapier (Fujifilm);Fotopapier;glänzend;Fujifilm;Fotobelichtung / Digitaldruck;Fotografisch;Hochformat;4:5;40;50;40x50;;;Holzleisten-Aufhängung (oben/unten);;;;
Wandbild;Poster/FineArt mit Holzaufhänger;1;;Fotopapier (Fujifilm);Fotopapier;glänzend;Fujifilm;Fotobelichtung / Digitaldruck;Fotografisch;Hochformat;4:5;70;90;70x90;;;Holzleisten-Aufhängung (oben/unten);;;;
Wandbild;Poster/FineArt mit Holzaufhänger;1;;Fotopapier (Fujifilm);Fotopapier;glänzend;Fujifilm;Fotobelichtung / Digitaldruck;Fotografisch;Hochformat;4:5;80;100;80x100;;;Holzleisten-Aufhängung (oben/unten);;;;
Wandbild;Poster/FineArt mit Holzaufhänger;1;;Fotopapier (Fujifilm);Fotopapier;glänzend;Fujifilm;Fotobelichtung / Digitaldruck;Fotografisch;Hochformat;1:1;15;15;15x15;;;Holzleisten-Aufhängung (oben/unten);;;;
Wandbild;Poster/FineArt mit Holzaufhänger;1;;Fotopapier (Fujifilm);Fotopapier;glänzend;Fujifilm;Fotobelichtung / Digitaldruck;Fotografisch;Hochformat;1:1;20;20;20x20;;;Holzleisten-Aufhängung (oben/unten);;;;
Wandbild;Poster/FineArt mit Holzaufhänger;1;;Fotopapier (Fujifilm);Fotopapier;glänzend;Fujifilm;Fotobelichtung / Digitaldruck;Fotografisch;Hochformat;1:1;21;21;21x21;;;Holzleisten-Aufhängung (oben/unten);;;;
Wandbild;Poster/FineArt mit Holzaufhänger;1;;Fotopapier (Fujifilm);Fotopapier;glänzend;Fujifilm;Fotobelichtung / Digitaldruck;Fotografisch;Hochformat;1:1;30;30;30x30;;;Holzleisten-Aufhängung (oben/unten);;;;
Wandbild;Poster/FineArt mit Holzaufhänger;1;;Fotopapier (Fujifilm);Fotopapier;glänzend;Fujifilm;Fotobelichtung / Digitaldruck;Fotografisch;Hochformat;1:1;40;40;40x40;;;Holzleisten-Aufhängung (oben/unten);;;;
Wandbild;Poster/FineArt mit Holzaufhänger;1;;Fotopapier (Fujifilm);Fotopapier;glänzend;Fujifilm;Fotobelichtung / Digitaldruck;Fotografisch;Hochformat;1:1;50;50;50x50;;;Holzleisten-Aufhängung (oben/unten);;;;
Wandbild;Poster/FineArt mit Holzaufhänger;1;;Fotopapier (Fujifilm);Fotopapier;glänzend;Fujifilm;Fotobelichtung / Digitaldruck;Fotografisch;Hochformat;1:1;60;60;60x60;;;Holzleisten-Aufhängung (oben/unten);;;;
Wandbild;Poster/FineArt mit Holzaufhänger;1;;Fotopapier (Fujifilm);Fotopapier;glänzend;Fujifilm;Fotobelichtung / Digitaldruck;Fotografisch;Hochformat;1:1;70;70;70x70;;;Holzleisten-Aufhängung (oben/unten);;;;
Wandbild;Poster/FineArt mit Holzaufhänger;1;;Fotopapier (Fujifilm);Fotopapier;glänzend;Fujifilm;Fotobelichtung / Digitaldruck;Fotografisch;Hochformat;Panorama;10;18;10x18;;;Holzleisten-Aufhängung (oben/unten);;;;
Wandbild;Poster/FineArt mit Holzaufhänger;1;;Fotopapier (Fujifilm);Fotopapier;glänzend;Fujifilm;Fotobelichtung / Digitaldruck;Fotografisch;Hochformat;Panorama;10;20;10x20;;;Holzleisten-Aufhängung (oben/unten);;;;
Wandbild;Poster/FineArt mit Holzaufhänger;1;;Fotopapier (Fujifilm);Fotopapier;glänzend;Fujifilm;Fotobelichtung / Digitaldruck;Fotografisch;Hochformat;Panorama;20;40;20x40;;;Holzleisten-Aufhängung (oben/unten);;;;
Wandbild;Poster/FineArt mit Holzaufhänger;1;;Fotopapier (Fujifilm);Fotopapier;glänzend;Fujifilm;Fotobelichtung / Digitaldruck;Fotografisch;Hochformat;Panorama;20;60;20x60;;;Holzleisten-Aufhängung (oben/unten);;;;
Wandbild;Poster/FineArt mit Holzaufhänger;1;;Fotopapier (Fujifilm);Fotopapier;glänzend;Fujifilm;Fotobelichtung / Digitaldruck;Fotografisch;Hochformat;Panorama;30;60;30x60;;;Holzleisten-Aufhängung (oben/unten);;;;
Wandbild;Poster/FineArt mit Holzaufhänger;1;;Fotopapier (Fujifilm);Fotopapier;glänzend;Fujifilm;Fotobelichtung / Digitaldruck;Fotografisch;Hochformat;Panorama;30;90;30x90;;;Holzleisten-Aufhängung (oben/unten);;;;
Wandbild;Poster/FineArt mit Holzaufhänger;1;;Fotopapier (Fujifilm);Fotopapier;glänzend;Fujifilm;Fotobelichtung / Digitaldruck;Fotografisch;Hochformat;Panorama;40;80;40x80;;;Holzleisten-Aufhängung (oben/unten);;;;
Wandbild;Poster/FineArt mit Holzaufhänger;1;;Fotopapier (Fujifilm);Fotopapier;glänzend;Fujifilm;Fotobelichtung / Digitaldruck;Fotografisch;Hochformat;Panorama;50;100;50x100;;;Holzleisten-Aufhängung (oben/unten);;;;
Wandbild;Poster/FineArt mit Holzaufhänger;1;;Fotopapier (Fujifilm);Fotopapier;glänzend;Fujifilm;Fotobelichtung / Digitaldruck;Fotografisch;Hochformat;Panorama;60;120;60x120;;;Holzleisten-Aufhängung (oben/unten);;;;
Wandbild;Poster/FineArt mit Holzaufhänger;1;;Fotopapier (Fujifilm);Fotopapier;glänzend;Fujifilm;Fotobelichtung / Digitaldruck;Fotografisch;Hochformat;Panorama;60;180;60x180;;;Holzleisten-Aufhängung (oben/unten);;;;
Wandbild;Poster/FineArt mit Holzaufhänger;1;;Fotopapier (Fujifilm);Fotopapier;glänzend;Fujifilm;Fotobelichtung / Digitaldruck;Fotografisch;Hochformat;Panorama;70;180;70x180;;;Holzleisten-Aufhängung (oben/unten);;;;
Wandbild;Poster/FineArt mit Holzaufhänger;1;;Fotopapier (Fujifilm);Fotopapier;glänzend;Fujifilm;Fotobelichtung / Digitaldruck;Fotografisch;Querformat;2:3;10;15;10x15;;;Holzleisten-Aufhängung (oben/unten);;;;
Wandbild;Poster/FineArt mit Holzaufhänger;1;;Fotopapier (Fujifilm);Fotopapier;glänzend;Fujifilm;Fotobelichtung / Digitaldruck;Fotografisch;Querformat;2:3;10.5;14.8;10.5x14.8;A6;;Holzleisten-Aufhängung (oben/unten);;;;
Wandbild;Poster/FineArt mit Holzaufhänger;1;;Fotopapier (Fujifilm);Fotopapier;glänzend;Fujifilm;Fotobelichtung / Digitaldruck;Fotografisch;Querformat;2:3;13;18;13x18;;;Holzleisten-Aufhängung (oben/unten);;;;
Wandbild;Poster/FineArt mit Holzaufhänger;1;;Fotopapier (Fujifilm);Fotopapier;glänzend;Fujifilm;Fotobelichtung / Digitaldruck;Fotografisch;Querformat;2:3;13;19;13x19;;;Holzleisten-Aufhängung (oben/unten);;;;
Wandbild;Poster/FineArt mit Holzaufhänger;1;;Fotopapier (Fujifilm);Fotopapier;glänzend;Fujifilm;Fotobelichtung / Digitaldruck;Fotografisch;Querformat;2:3;14.8;21;14.8x21;A5;;Holzleisten-Aufhängung (oben/unten);;;;
Wandbild;Poster/FineArt mit Holzaufhänger;1;;Fotopapier (Fujifilm);Fotopapier;glänzend;Fujifilm;Fotobelichtung / Digitaldruck;Fotografisch;Querformat;2:3;15;21;15x21;;;Holzleisten-Aufhängung (oben/unten);;;;
Wandbild;Poster/FineArt mit Holzaufhänger;1;;Fotopapier (Fujifilm);Fotopapier;glänzend;Fujifilm;Fotobelichtung / Digitaldruck;Fotografisch;Querformat;2:3;15;22;15x22;;;Holzleisten-Aufhängung (oben/unten);;;;
Wandbild;Poster/FineArt mit Holzaufhänger;1;;Fotopapier (Fujifilm);Fotopapier;glänzend;Fujifilm;Fotobelichtung / Digitaldruck;Fotografisch;Querformat;2:3;20;30;20x30;;;Holzleisten-Aufhängung (oben/unten);;;;
Wandbild;Poster/FineArt mit Holzaufhänger;1;;Fotopapier (Fujifilm);Fotopapier;glänzend;Fujifilm;Fotobelichtung / Digitaldruck;Fotografisch;Querformat;2:3;21;29.7;21x29.7;A4;;Holzleisten-Aufhängung (oben/unten);;;;
Wandbild;Poster/FineArt mit Holzaufhänger;1;;Fotopapier (Fujifilm);Fotopapier;glänzend;Fujifilm;Fotobelichtung / Digitaldruck;Fotografisch;Querformat;2:3;21;30;21x30;A4;;Holzleisten-Aufhängung (oben/unten);;;;
Wandbild;Poster/FineArt mit Holzaufhänger;1;;Fotopapier (Fujifilm);Fotopapier;glänzend;Fujifilm;Fotobelichtung / Digitaldruck;Fotografisch;Querformat;2:3;29.7;42;29.7x42;A3;;Holzleisten-Aufhängung (oben/unten);;;;
Wandbild;Poster/FineArt mit Holzaufhänger;1;;Fotopapier (Fujifilm);Fotopapier;glänzend;Fujifilm;Fotobelichtung / Digitaldruck;Fotografisch;Querformat;2:3;30;45;30x45;;;Holzleisten-Aufhängung (oben/unten);;;;
Wandbild;Poster/FineArt mit Holzaufhänger;1;;Fotopapier (Fujifilm);Fotopapier;glänzend;Fujifilm;Fotobelichtung / Digitaldruck;Fotografisch;Querformat;2:3;40;60;40x60;;;Holzleisten-Aufhängung (oben/unten);;;;
Wandbild;Poster/FineArt mit Holzaufhänger;1;;Fotopapier (Fujifilm);Fotopapier;glänzend;Fujifilm;Fotobelichtung / Digitaldruck;Fotografisch;Querformat;2:3;42;59.4;42x59.4;A2;;Holzleisten-Aufhängung (oben/unten);;;;
Wandbild;Poster/FineArt mit Holzaufhänger;1;;Fotopapier (Fujifilm);Fotopapier;glänzend;Fujifilm;Fotobelichtung / Digitaldruck;Fotografisch;Querformat;2:3;50;70;50x70;;;Holzleisten-Aufhängung (oben/unten);;;;
Wandbild;Poster/FineArt mit Holzaufhänger;1;;Fotopapier (Fujifilm);Fotopapier;glänzend;Fujifilm;Fotobelichtung / Digitaldruck;Fotografisch;Querformat;2:3;50;75;50x75;;;Holzleisten-Aufhängung (oben/unten);;;;
Wandbild;Poster/FineArt mit Holzaufhänger;1;;Fotopapier (Fujifilm);Fotopapier;glänzend;Fujifilm;Fotobelichtung / Digitaldruck;Fotografisch;Querformat;2:3;59.4;84.1;59.4x84.1;A1;;Holzleisten-Aufhängung (oben/unten);;;;
Wandbild;Poster/FineArt mit Holzaufhänger;1;;Fotopapier (Fujifilm);Fotopapier;glänzend;Fujifilm;Fotobelichtung / Digitaldruck;Fotografisch;Querformat;2:3;60;90;60x90;;;Holzleisten-Aufhängung (oben/unten);;;;
Wandbild;Poster/FineArt mit Holzaufhänger;1;;Fotopapier (Fujifilm);Fotopapier;glänzend;Fujifilm;Fotobelichtung / Digitaldruck;Fotografisch;Querformat;2:3;70;100;70x100;;;Holzleisten-Aufhängung (oben/unten);;;;
Wandbild;Poster/FineArt mit Holzaufhänger;1;;Fotopapier (Fujifilm);Fotopapier;glänzend;Fujifilm;Fotobelichtung / Digitaldruck;Fotografisch;Querformat;2:3;70;105;70x105;;;Holzleisten-Aufhängung (oben/unten);;;;
Wandbild;Poster/FineArt mit Holzaufhänger;1;;Fotopapier (Fujifilm);Fotopapier;glänzend;Fujifilm;Fotobelichtung / Digitaldruck;Fotografisch;Querformat;3:4;18;24;18x24;;;Holzleisten-Aufhängung (oben/unten);;;;
Wandbild;Poster/FineArt mit Holzaufhänger;1;;Fotopapier (Fujifilm);Fotopapier;glänzend;Fujifilm;Fotobelichtung / Digitaldruck;Fotografisch;Querformat;3:4;30;40;30x40;;;Holzleisten-Aufhängung (oben/unten);;;;
Wandbild;Poster/FineArt mit Holzaufhänger;1;;Fotopapier (Fujifilm);Fotopapier;glänzend;Fujifilm;Fotobelichtung / Digitaldruck;Fotografisch;Querformat;3:4;60;80;60x80;;;Holzleisten-Aufhängung (oben/unten);;;;
Wandbild;Poster/FineArt mit Holzaufhänger;1;;Fotopapier (Fujifilm);Fotopapier;glänzend;Fujifilm;Fotobelichtung / Digitaldruck;Fotografisch;Querformat;3:4;75;100;75x100;;;Holzleisten-Aufhängung (oben/unten);;;;
Wandbild;Poster/FineArt mit Holzaufhänger;1;;Fotopapier (Fujifilm);Fotopapier;glänzend;Fujifilm;Fotobelichtung / Digitaldruck;Fotografisch;Querformat;3:5;70;120;70x120;;;Holzleisten-Aufhängung (oben/unten);;;;
Wandbild;Poster/FineArt mit Holzaufhänger;1;;Fotopapier (Fujifilm);Fotopapier;glänzend;Fujifilm;Fotobelichtung / Digitaldruck;Fotografisch;Querformat;4:5;10;13;10x13;;;Holzleisten-Aufhängung (oben/unten);;;;
Wandbild;Poster/FineArt mit Holzaufhänger;1;;Fotopapier (Fujifilm);Fotopapier;glänzend;Fujifilm;Fotobelichtung / Digitaldruck;Fotografisch;Querformat;4:5;40;50;40x50;;;Holzleisten-Aufhängung (oben/unten);;;;
Wandbild;Poster/FineArt mit Holzaufhänger;1;;Fotopapier (Fujifilm);Fotopapier;glänzend;Fujifilm;Fotobelichtung / Digitaldruck;Fotografisch;Querformat;4:5;70;90;70x90;;;Holzleisten-Aufhängung (oben/unten);;;;
Wandbild;Poster/FineArt mit Holzaufhänger;1;;Fotopapier (Fujifilm);Fotopapier;glänzend;Fujifilm;Fotobelichtung / Digitaldruck;Fotografisch;Querformat;4:5;80;100;80x100;;;Holzleisten-Aufhängung (oben/unten);;;;
Wandbild;Poster/FineArt mit Holzaufhänger;1;;Fotopapier (Fujifilm);Fotopapier;glänzend;Fujifilm;Fotobelichtung / Digitaldruck;Fotografisch;Querformat;1:1;15;15;15x15;;;Holzleisten-Aufhängung (oben/unten);;;;
Wandbild;Poster/FineArt mit Holzaufhänger;1;;Fotopapier (Fujifilm);Fotopapier;glänzend;Fujifilm;Fotobelichtung / Digitaldruck;Fotografisch;Querformat;1:1;20;20;20x20;;;Holzleisten-Aufhängung (oben/unten);;;;
Wandbild;Poster/FineArt mit Holzaufhänger;1;;Fotopapier (Fujifilm);Fotopapier;glänzend;Fujifilm;Fotobelichtung / Digitaldruck;Fotografisch;Querformat;1:1;21;21;21x21;;;Holzleisten-Aufhängung (oben/unten);;;;
Wandbild;Poster/FineArt mit Holzaufhänger;1;;Fotopapier (Fujifilm);Fotopapier;glänzend;Fujifilm;Fotobelichtung / Digitaldruck;Fotografisch;Querformat;1:1;30;30;30x30;;;Holzleisten-Aufhängung (oben/unten);;;;
Wandbild;Poster/FineArt mit Holzaufhänger;1;;Fotopapier (Fujifilm);Fotopapier;glänzend;Fujifilm;Fotobelichtung / Digitaldruck;Fotografisch;Querformat;1:1;40;40;40x40;;;Holzleisten-Aufhängung (oben/unten);;;;
Wandbild;Poster/FineArt mit Holzaufhänger;1;;Fotopapier (Fujifilm);Fotopapier;glänzend;Fujifilm;Fotobelichtung / Digitaldruck;Fotografisch;Querformat;1:1;50;50;50x50;;;Holzleisten-Aufhängung (oben/unten);;;;
Wandbild;Poster/FineArt mit Holzaufhänger;1;;Fotopapier (Fujifilm);Fotopapier;glänzend;Fujifilm;Fotobelichtung / Digitaldruck;Fotografisch;Querformat;1:1;60;60;60x60;;;Holzleisten-Aufhängung (oben/unten);;;;
Wandbild;Poster/FineArt mit Holzaufhänger;1;;Fotopapier (Fujifilm);Fotopapier;glänzend;Fujifilm;Fotobelichtung / Digitaldruck;Fotografisch;Querformat;1:1;70;70;70x70;;;Holzleisten-Aufhängung (oben/unten);;;;
Wandbild;Poster/FineArt mit Holzaufhänger;1;;Fotopapier (Fujifilm);Fotopapier;glänzend;Fujifilm;Fotobelichtung / Digitaldruck;Fotografisch;Querformat;Panorama;10;18;10x18;;;Holzleisten-Aufhängung (oben/unten);;;;
Wandbild;Poster/FineArt mit Holzaufhänger;1;;Fotopapier (Fujifilm);Fotopapier;glänzend;Fujifilm;Fotobelichtung / Digitaldruck;Fotografisch;Querformat;Panorama;10;20;10x20;;;Holzleisten-Aufhängung (oben/unten);;;;
Wandbild;Poster/FineArt mit Holzaufhänger;1;;Fotopapier (Fujifilm);Fotopapier;glänzend;Fujifilm;Fotobelichtung / Digitaldruck;Fotografisch;Querformat;Panorama;20;40;20x40;;;Holzleisten-Aufhängung (oben/unten);;;;
Wandbild;Poster/FineArt mit Holzaufhänger;1;;Fotopapier (Fujifilm);Fotopapier;glänzend;Fujifilm;Fotobelichtung / Digitaldruck;Fotografisch;Querformat;Panorama;20;60;20x60;;;Holzleisten-Aufhängung (oben/unten);;;;
Wandbild;Poster/FineArt mit Holzaufhänger;1;;Fotopapier (Fujifilm);Fotopapier;glänzend;Fujifilm;Fotobelichtung / Digitaldruck;Fotografisch;Querformat;Panorama;30;60;30x60;;;Holzleisten-Aufhängung (oben/unten);;;;
Wandbild;Poster/FineArt mit Holzaufhänger;1;;Fotopapier (Fujifilm);Fotopapier;glänzend;Fujifilm;Fotobelichtung / Digitaldruck;Fotografisch;Querformat;Panorama;30;90;30x90;;;Holzleisten-Aufhängung (oben/unten);;;;
Wandbild;Poster/FineArt mit Holzaufhänger;1;;Fotopapier (Fujifilm);Fotopapier;glänzend;Fujifilm;Fotobelichtung / Digitaldruck;Fotografisch;Querformat;Panorama;40;80;40x80;;;Holzleisten-Aufhängung (oben/unten);;;;
Wandbild;Poster/FineArt mit Holzaufhänger;1;;Fotopapier (Fujifilm);Fotopapier;glänzend;Fujifilm;Fotobelichtung / Digitaldruck;Fotografisch;Querformat;Panorama;50;100;50x100;;;Holzleisten-Aufhängung (oben/unten);;;;
Wandbild;Poster/FineArt mit Holzaufhänger;1;;Fotopapier (Fujifilm);Fotopapier;glänzend;Fujifilm;Fotobelichtung / Digitaldruck;Fotografisch;Querformat;Panorama;60;120;60x120;;;Holzleisten-Aufhängung (oben/unten);;;;
Wandbild;Poster/FineArt mit Holzaufhänger;1;;Fotopapier (Fujifilm);Fotopapier;glänzend;Fujifilm;Fotobelichtung / Digitaldruck;Fotografisch;Querformat;Panorama;60;180;60x180;;;Holzleisten-Aufhängung (oben/unten);;;;
Wandbild;Poster/FineArt mit Holzaufhänger;1;;Fotopapier (Fujifilm);Fotopapier;glänzend;Fujifilm;Fotobelichtung / Digitaldruck;Fotografisch;Querformat;Panorama;70;180;70x180;;;Holzleisten-Aufhängung (oben/unten);;;;
Wandbild;Poster/FineArt mit Holzaufhänger;1;;Fotopapier (Fujifilm);Fotopapier;matt;Fujifilm;Fotobelichtung / Digitaldruck;Fotografisch;Hochformat;2:3;10;15;10x15;;;Holzleisten-Aufhängung (oben/unten);;;;
Wandbild;Poster/FineArt mit Holzaufhänger;1;;Fotopapier (Fujifilm);Fotopapier;matt;Fujifilm;Fotobelichtung / Digitaldruck;Fotografisch;Hochformat;2:3;10.5;14.8;10.5x14.8;A6;;Holzleisten-Aufhängung (oben/unten);;;;
Wandbild;Poster/FineArt mit Holzaufhänger;1;;Fotopapier (Fujifilm);Fotopapier;matt;Fujifilm;Fotobelichtung / Digitaldruck;Fotografisch;Hochformat;2:3;13;18;13x18;;;Holzleisten-Aufhängung (oben/unten);;;;
Wandbild;Poster/FineArt mit Holzaufhänger;1;;Fotopapier (Fujifilm);Fotopapier;matt;Fujifilm;Fotobelichtung / Digitaldruck;Fotografisch;Hochformat;2:3;13;19;13x19;;;Holzleisten-Aufhängung (oben/unten);;;;
Wandbild;Poster/FineArt mit Holzaufhänger;1;;Fotopapier (Fujifilm);Fotopapier;matt;Fujifilm;Fotobelichtung / Digitaldruck;Fotografisch;Hochformat;2:3;14.8;21;14.8x21;A5;;Holzleisten-Aufhängung (oben/unten);;;;
Wandbild;Poster/FineArt mit Holzaufhänger;1;;Fotopapier (Fujifilm);Fotopapier;matt;Fujifilm;Fotobelichtung / Digitaldruck;Fotografisch;Hochformat;2:3;15;21;15x21;;;Holzleisten-Aufhängung (oben/unten);;;;
Wandbild;Poster/FineArt mit Holzaufhänger;1;;Fotopapier (Fujifilm);Fotopapier;matt;Fujifilm;Fotobelichtung / Digitaldruck;Fotografisch;Hochformat;2:3;15;22;15x22;;;Holzleisten-Aufhängung (oben/unten);;;;
Wandbild;Poster/FineArt mit Holzaufhänger;1;;Fotopapier (Fujifilm);Fotopapier;matt;Fujifilm;Fotobelichtung / Digitaldruck;Fotografisch;Hochformat;2:3;20;30;20x30;;;Holzleisten-Aufhängung (oben/unten);;;;
Wandbild;Poster/FineArt mit Holzaufhänger;1;;Fotopapier (Fujifilm);Fotopapier;matt;Fujifilm;Fotobelichtung / Digitaldruck;Fotografisch;Hochformat;2:3;21;29.7;21x29.7;A4;;Holzleisten-Aufhängung (oben/unten);;;;
Wandbild;Poster/FineArt mit Holzaufhänger;1;;Fotopapier (Fujifilm);Fotopapier;matt;Fujifilm;Fotobelichtung / Digitaldruck;Fotografisch;Hochformat;2:3;21;30;21x30;A4;;Holzleisten-Aufhängung (oben/unten);;;;
Wandbild;Poster/FineArt mit Holzaufhänger;1;;Fotopapier (Fujifilm);Fotopapier;matt;Fujifilm;Fotobelichtung / Digitaldruck;Fotografisch;Hochformat;2:3;29.7;42;29.7x42;A3;;Holzleisten-Aufhängung (oben/unten);;;;
Wandbild;Poster/FineArt mit Holzaufhänger;1;;Fotopapier (Fujifilm);Fotopapier;matt;Fujifilm;Fotobelichtung / Digitaldruck;Fotografisch;Hochformat;2:3;30;45;30x45;;;Holzleisten-Aufhängung (oben/unten);;;;
Wandbild;Poster/FineArt mit Holzaufhänger;1;;Fotopapier (Fujifilm);Fotopapier;matt;Fujifilm;Fotobelichtung / Digitaldruck;Fotografisch;Hochformat;2:3;40;60;40x60;;;Holzleisten-Aufhängung (oben/unten);;;;
Wandbild;Poster/FineArt mit Holzaufhänger;1;;Fotopapier (Fujifilm);Fotopapier;matt;Fujifilm;Fotobelichtung / Digitaldruck;Fotografisch;Hochformat;2:3;42;59.4;42x59.4;A2;;Holzleisten-Aufhängung (oben/unten);;;;
Wandbild;Poster/FineArt mit Holzaufhänger;1;;Fotopapier (Fujifilm);Fotopapier;matt;Fujifilm;Fotobelichtung / Digitaldruck;Fotografisch;Hochformat;2:3;50;70;50x70;;;Holzleisten-Aufhängung (oben/unten);;;;
Wandbild;Poster/FineArt mit Holzaufhänger;1;;Fotopapier (Fujifilm);Fotopapier;matt;Fujifilm;Fotobelichtung / Digitaldruck;Fotografisch;Hochformat;2:3;50;75;50x75;;;Holzleisten-Aufhängung (oben/unten);;;;
Wandbild;Poster/FineArt mit Holzaufhänger;1;;Fotopapier (Fujifilm);Fotopapier;matt;Fujifilm;Fotobelichtung / Digitaldruck;Fotografisch;Hochformat;2:3;59.4;84.1;59.4x84.1;A1;;Holzleisten-Aufhängung (oben/unten);;;;
Wandbild;Poster/FineArt mit Holzaufhänger;1;;Fotopapier (Fujifilm);Fotopapier;matt;Fujifilm;Fotobelichtung / Digitaldruck;Fotografisch;Hochformat;2:3;60;90;60x90;;;Holzleisten-Aufhängung (oben/unten);;;;
Wandbild;Poster/FineArt mit Holzaufhänger;1;;Fotopapier (Fujifilm);Fotopapier;matt;Fujifilm;Fotobelichtung / Digitaldruck;Fotografisch;Hochformat;2:3;70;100;70x100;;;Holzleisten-Aufhängung (oben/unten);;;;
Wandbild;Poster/FineArt mit Holzaufhänger;1;;Fotopapier (Fujifilm);Fotopapier;matt;Fujifilm;Fotobelichtung / Digitaldruck;Fotografisch;Hochformat;2:3;70;105;70x105;;;Holzleisten-Aufhängung (oben/unten);;;;
Wandbild;Poster/FineArt mit Holzaufhänger;1;;Fotopapier (Fujifilm);Fotopapier;matt;Fujifilm;Fotobelichtung / Digitaldruck;Fotografisch;Hochformat;3:4;18;24;18x24;;;Holzleisten-Aufhängung (oben/unten);;;;
Wandbild;Poster/FineArt mit Holzaufhänger;1;;Fotopapier (Fujifilm);Fotopapier;matt;Fujifilm;Fotobelichtung / Digitaldruck;Fotografisch;Hochformat;3:4;30;40;30x40;;;Holzleisten-Aufhängung (oben/unten);;;;
Wandbild;Poster/FineArt mit Holzaufhänger;1;;Fotopapier (Fujifilm);Fotopapier;matt;Fujifilm;Fotobelichtung / Digitaldruck;Fotografisch;Hochformat;3:4;60;80;60x80;;;Holzleisten-Aufhängung (oben/unten);;;;
Wandbild;Poster/FineArt mit Holzaufhänger;1;;Fotopapier (Fujifilm);Fotopapier;matt;Fujifilm;Fotobelichtung / Digitaldruck;Fotografisch;Hochformat;3:4;75;100;75x100;;;Holzleisten-Aufhängung (oben/unten);;;;
Wandbild;Poster/FineArt mit Holzaufhänger;1;;Fotopapier (Fujifilm);Fotopapier;matt;Fujifilm;Fotobelichtung / Digitaldruck;Fotografisch;Hochformat;3:5;70;120;70x120;;;Holzleisten-Aufhängung (oben/unten);;;;
Wandbild;Poster/FineArt mit Holzaufhänger;1;;Fotopapier (Fujifilm);Fotopapier;matt;Fujifilm;Fotobelichtung / Digitaldruck;Fotografisch;Hochformat;4:5;10;13;10x13;;;Holzleisten-Aufhängung (oben/unten);;;;
Wandbild;Poster/FineArt mit Holzaufhänger;1;;Fotopapier (Fujifilm);Fotopapier;matt;Fujifilm;Fotobelichtung / Digitaldruck;Fotografisch;Hochformat;4:5;40;50;40x50;;;Holzleisten-Aufhängung (oben/unten);;;;
Wandbild;Poster/FineArt mit Holzaufhänger;1;;Fotopapier (Fujifilm);Fotopapier;matt;Fujifilm;Fotobelichtung / Digitaldruck;Fotografisch;Hochformat;4:5;70;90;70x90;;;Holzleisten-Aufhängung (oben/unten);;;;
Wandbild;Poster/FineArt mit Holzaufhänger;1;;Fotopapier (Fujifilm);Fotopapier;matt;Fujifilm;Fotobelichtung / Digitaldruck;Fotografisch;Hochformat;4:5;80;100;80x100;;;Holzleisten-Aufhängung (oben/unten);;;;
Wandbild;Poster/FineArt mit Holzaufhänger;1;;Fotopapier (Fujifilm);Fotopapier;matt;Fujifilm;Fotobelichtung / Digitaldruck;Fotografisch;Hochformat;1:1;15;15;15x15;;;Holzleisten-Aufhängung (oben/unten);;;;
Wandbild;Poster/FineArt mit Holzaufhänger;1;;Fotopapier (Fujifilm);Fotopapier;matt;Fujifilm;Fotobelichtung / Digitaldruck;Fotografisch;Hochformat;1:1;20;20;20x20;;;Holzleisten-Aufhängung (oben/unten);;;;
Wandbild;Poster/FineArt mit Holzaufhänger;1;;Fotopapier (Fujifilm);Fotopapier;matt;Fujifilm;Fotobelichtung / Digitaldruck;Fotografisch;Hochformat;1:1;21;21;21x21;;;Holzleisten-Aufhängung (oben/unten);;;;
Wandbild;Poster/FineArt mit Holzaufhänger;1;;Fotopapier (Fujifilm);Fotopapier;matt;Fujifilm;Fotobelichtung / Digitaldruck;Fotografisch;Hochformat;1:1;30;30;30x30;;;Holzleisten-Aufhängung (oben/unten);;;;
Wandbild;Poster/FineArt mit Holzaufhänger;1;;Fotopapier (Fujifilm);Fotopapier;matt;Fujifilm;Fotobelichtung / Digitaldruck;Fotografisch;Hochformat;1:1;40;40;40x40;;;Holzleisten-Aufhängung (oben/unten);;;;
Wandbild;Poster/FineArt mit Holzaufhänger;1;;Fotopapier (Fujifilm);Fotopapier;matt;Fujifilm;Fotobelichtung / Digitaldruck;Fotografisch;Hochformat;1:1;50;50;50x50;;;Holzleisten-Aufhängung (oben/unten);;;;
Wandbild;Poster/FineArt mit Holzaufhänger;1;;Fotopapier (Fujifilm);Fotopapier;matt;Fujifilm;Fotobelichtung / Digitaldruck;Fotografisch;Hochformat;1:1;60;60;60x60;;;Holzleisten-Aufhängung (oben/unten);;;;
Wandbild;Poster/FineArt mit Holzaufhänger;1;;Fotopapier (Fujifilm);Fotopapier;matt;Fujifilm;Fotobelichtung / Digitaldruck;Fotografisch;Hochformat;1:1;70;70;70x70;;;Holzleisten-Aufhängung (oben/unten);;;;
Wandbild;Poster/FineArt mit Holzaufhänger;1;;Fotopapier (Fujifilm);Fotopapier;matt;Fujifilm;Fotobelichtung / Digitaldruck;Fotografisch;Hochformat;Panorama;10;18;10x18;;;Holzleisten-Aufhängung (oben/unten);;;;
Wandbild;Poster/FineArt mit Holzaufhänger;1;;Fotopapier (Fujifilm);Fotopapier;matt;Fujifilm;Fotobelichtung / Digitaldruck;Fotografisch;Hochformat;Panorama;10;20;10x20;;;Holzleisten-Aufhängung (oben/unten);;;;
Wandbild;Poster/FineArt mit Holzaufhänger;1;;Fotopapier (Fujifilm);Fotopapier;matt;Fujifilm;Fotobelichtung / Digitaldruck;Fotografisch;Hochformat;Panorama;20;40;20x40;;;Holzleisten-Aufhängung (oben/unten);;;;
Wandbild;Poster/FineArt mit Holzaufhänger;1;;Fotopapier (Fujifilm);Fotopapier;matt;Fujifilm;Fotobelichtung / Digitaldruck;Fotografisch;Hochformat;Panorama;20;60;20x60;;;Holzleisten-Aufhängung (oben/unten);;;;
Wandbild;Poster/FineArt mit Holzaufhänger;1;;Fotopapier (Fujifilm);Fotopapier;matt;Fujifilm;Fotobelichtung / Digitaldruck;Fotografisch;Hochformat;Panorama;30;60;30x60;;;Holzleisten-Aufhängung (oben/unten);;;;
Wandbild;Poster/FineArt mit Holzaufhänger;1;;Fotopapier (Fujifilm);Fotopapier;matt;Fujifilm;Fotobelichtung / Digitaldruck;Fotografisch;Hochformat;Panorama;30;90;30x90;;;Holzleisten-Aufhängung (oben/unten);;;;
Wandbild;Poster/FineArt mit Holzaufhänger;1;;Fotopapier (Fujifilm);Fotopapier;matt;Fujifilm;Fotobelichtung / Digitaldruck;Fotografisch;Hochformat;Panorama;40;80;40x80;;;Holzleisten-Aufhängung (oben/unten);;;;
Wandbild;Poster/FineArt mit Holzaufhänger;1;;Fotopapier (Fujifilm);Fotopapier;matt;Fujifilm;Fotobelichtung / Digitaldruck;Fotografisch;Hochformat;Panorama;50;100;50x100;;;Holzleisten-Aufhängung (oben/unten);;;;
Wandbild;Poster/FineArt mit Holzaufhänger;1;;Fotopapier (Fujifilm);Fotopapier;matt;Fujifilm;Fotobelichtung / Digitaldruck;Fotografisch;Hochformat;Panorama;60;120;60x120;;;Holzleisten-Aufhängung (oben/unten);;;;
Wandbild;Poster/FineArt mit Holzaufhänger;1;;Fotopapier (Fujifilm);Fotopapier;matt;Fujifilm;Fotobelichtung / Digitaldruck;Fotografisch;Hochformat;Panorama;60;180;60x180;;;Holzleisten-Aufhängung (oben/unten);;;;
Wandbild;Poster/FineArt mit Holzaufhänger;1;;Fotopapier (Fujifilm);Fotopapier;matt;Fujifilm;Fotobelichtung / Digitaldruck;Fotografisch;Hochformat;Panorama;70;180;70x180;;;Holzleisten-Aufhängung (oben/unten);;;;
Wandbild;Poster/FineArt mit Holzaufhänger;1;;Fotopapier (Fujifilm);Fotopapier;matt;Fujifilm;Fotobelichtung / Digitaldruck;Fotografisch;Querformat;2:3;10;15;10x15;;;Holzleisten-Aufhängung (oben/unten);;;;
Wandbild;Poster/FineArt mit Holzaufhänger;1;;Fotopapier (Fujifilm);Fotopapier;matt;Fujifilm;Fotobelichtung / Digitaldruck;Fotografisch;Querformat;2:3;10.5;14.8;10.5x14.8;A6;;Holzleisten-Aufhängung (oben/unten);;;;
Wandbild;Poster/FineArt mit Holzaufhänger;1;;Fotopapier (Fujifilm);Fotopapier;matt;Fujifilm;Fotobelichtung / Digitaldruck;Fotografisch;Querformat;2:3;13;18;13x18;;;Holzleisten-Aufhängung (oben/unten);;;;
Wandbild;Poster/FineArt mit Holzaufhänger;1;;Fotopapier (Fujifilm);Fotopapier;matt;Fujifilm;Fotobelichtung / Digitaldruck;Fotografisch;Querformat;2:3;13;19;13x19;;;Holzleisten-Aufhängung (oben/unten);;;;
Wandbild;Poster/FineArt mit Holzaufhänger;1;;Fotopapier (Fujifilm);Fotopapier;matt;Fujifilm;Fotobelichtung / Digitaldruck;Fotografisch;Querformat;2:3;14.8;21;14.8x21;A5;;Holzleisten-Aufhängung (oben/unten);;;;
Wandbild;Poster/FineArt mit Holzaufhänger;1;;Fotopapier (Fujifilm);Fotopapier;matt;Fujifilm;Fotobelichtung / Digitaldruck;Fotografisch;Querformat;2:3;15;21;15x21;;;Holzleisten-Aufhängung (oben/unten);;;;
Wandbild;Poster/FineArt mit Holzaufhänger;1;;Fotopapier (Fujifilm);Fotopapier;matt;Fujifilm;Fotobelichtung / Digitaldruck;Fotografisch;Querformat;2:3;15;22;15x22;;;Holzleisten-Aufhängung (oben/unten);;;;
Wandbild;Poster/FineArt mit Holzaufhänger;1;;Fotopapier (Fujifilm);Fotopapier;matt;Fujifilm;Fotobelichtung / Digitaldruck;Fotografisch;Querformat;2:3;20;30;20x30;;;Holzleisten-Aufhängung (oben/unten);;;;
Wandbild;Poster/FineArt mit Holzaufhänger;1;;Fotopapier (Fujifilm);Fotopapier;matt;Fujifilm;Fotobelichtung / Digitaldruck;Fotografisch;Querformat;2:3;21;29.7;21x29.7;A4;;Holzleisten-Aufhängung (oben/unten);;;;
Wandbild;Poster/FineArt mit Holzaufhänger;1;;Fotopapier (Fujifilm);Fotopapier;matt;Fujifilm;Fotobelichtung / Digitaldruck;Fotografisch;Querformat;2:3;21;30;21x30;A4;;Holzleisten-Aufhängung (oben/unten);;;;
Wandbild;Poster/FineArt mit Holzaufhänger;1;;Fotopapier (Fujifilm);Fotopapier;matt;Fujifilm;Fotobelichtung / Digitaldruck;Fotografisch;Querformat;2:3;29.7;42;29.7x42;A3;;Holzleisten-Aufhängung (oben/unten);;;;
Wandbild;Poster/FineArt mit Holzaufhänger;1;;Fotopapier (Fujifilm);Fotopapier;matt;Fujifilm;Fotobelichtung / Digitaldruck;Fotografisch;Querformat;2:3;30;45;30x45;;;Holzleisten-Aufhängung (oben/unten);;;;
Wandbild;Poster/FineArt mit Holzaufhänger;1;;Fotopapier (Fujifilm);Fotopapier;matt;Fujifilm;Fotobelichtung / Digitaldruck;Fotografisch;Querformat;2:3;40;60;40x60;;;Holzleisten-Aufhängung (oben/unten);;;;
Wandbild;Poster/FineArt mit Holzaufhänger;1;;Fotopapier (Fujifilm);Fotopapier;matt;Fujifilm;Fotobelichtung / Digitaldruck;Fotografisch;Querformat;2:3;42;59.4;42x59.4;A2;;Holzleisten-Aufhängung (oben/unten);;;;
Wandbild;Poster/FineArt mit Holzaufhänger;1;;Fotopapier (Fujifilm);Fotopapier;matt;Fujifilm;Fotobelichtung / Digitaldruck;Fotografisch;Querformat;2:3;50;70;50x70;;;Holzleisten-Aufhängung (oben/unten);;;;
Wandbild;Poster/FineArt mit Holzaufhänger;1;;Fotopapier (Fujifilm);Fotopapier;matt;Fujifilm;Fotobelichtung / Digitaldruck;Fotografisch;Querformat;2:3;50;75;50x75;;;Holzleisten-Aufhängung (oben/unten);;;;
Wandbild;Poster/FineArt mit Holzaufhänger;1;;Fotopapier (Fujifilm);Fotopapier;matt;Fujifilm;Fotobelichtung / Digitaldruck;Fotografisch;Querformat;2:3;59.4;84.1;59.4x84.1;A1;;Holzleisten-Aufhängung (oben/unten);;;;
Wandbild;Poster/FineArt mit Holzaufhänger;1;;Fotopapier (Fujifilm);Fotopapier;matt;Fujifilm;Fotobelichtung / Digitaldruck;Fotografisch;Querformat;2:3;60;90;60x90;;;Holzleisten-Aufhängung (oben/unten);;;;
Wandbild;Poster/FineArt mit Holzaufhänger;1;;Fotopapier (Fujifilm);Fotopapier;matt;Fujifilm;Fotobelichtung / Digitaldruck;Fotografisch;Querformat;2:3;70;100;70x100;;;Holzleisten-Aufhängung (oben/unten);;;;
Wandbild;Poster/FineArt mit Holzaufhänger;1;;Fotopapier (Fujifilm);Fotopapier;matt;Fujifilm;Fotobelichtung / Digitaldruck;Fotografisch;Querformat;2:3;70;105;70x105;;;Holzleisten-Aufhängung (oben/unten);;;;
Wandbild;Poster/FineArt mit Holzaufhänger;1;;Fotopapier (Fujifilm);Fotopapier;matt;Fujifilm;Fotobelichtung / Digitaldruck;Fotografisch;Querformat;3:4;18;24;18x24;;;Holzleisten-Aufhängung (oben/unten);;;;
Wandbild;Poster/FineArt mit Holzaufhänger;1;;Fotopapier (Fujifilm);Fotopapier;matt;Fujifilm;Fotobelichtung / Digitaldruck;Fotografisch;Querformat;3:4;30;40;30x40;;;Holzleisten-Aufhängung (oben/unten);;;;
Wandbild;Poster/FineArt mit Holzaufhänger;1;;Fotopapier (Fujifilm);Fotopapier;matt;Fujifilm;Fotobelichtung / Digitaldruck;Fotografisch;Querformat;3:4;60;80;60x80;;;Holzleisten-Aufhängung (oben/unten);;;;
Wandbild;Poster/FineArt mit Holzaufhänger;1;;Fotopapier (Fujifilm);Fotopapier;matt;Fujifilm;Fotobelichtung / Digitaldruck;Fotografisch;Querformat;3:4;75;100;75x100;;;Holzleisten-Aufhängung (oben/unten);;;;
Wandbild;Poster/FineArt mit Holzaufhänger;1;;Fotopapier (Fujifilm);Fotopapier;matt;Fujifilm;Fotobelichtung / Digitaldruck;Fotografisch;Querformat;3:5;70;120;70x120;;;Holzleisten-Aufhängung (oben/unten);;;;
Wandbild;Poster/FineArt mit Holzaufhänger;1;;Fotopapier (Fujifilm);Fotopapier;matt;Fujifilm;Fotobelichtung / Digitaldruck;Fotografisch;Querformat;4:5;10;13;10x13;;;Holzleisten-Aufhängung (oben/unten);;;;
Wandbild;Poster/FineArt mit Holzaufhänger;1;;Fotopapier (Fujifilm);Fotopapier;matt;Fujifilm;Fotobelichtung / Digitaldruck;Fotografisch;Querformat;4:5;40;50;40x50;;;Holzleisten-Aufhängung (oben/unten);;;;
Wandbild;Poster/FineArt mit Holzaufhänger;1;;Fotopapier (Fujifilm);Fotopapier;matt;Fujifilm;Fotobelichtung / Digitaldruck;Fotografisch;Querformat;4:5;70;90;70x90;;;Holzleisten-Aufhängung (oben/unten);;;;
Wandbild;Poster/FineArt mit Holzaufhänger;1;;Fotopapier (Fujifilm);Fotopapier;matt;Fujifilm;Fotobelichtung / Digitaldruck;Fotografisch;Querformat;4:5;80;100;80x100;;;Holzleisten-Aufhängung (oben/unten);;;;
Wandbild;Poster/FineArt mit Holzaufhänger;1;;Fotopapier (Fujifilm);Fotopapier;matt;Fujifilm;Fotobelichtung / Digitaldruck;Fotografisch;Querformat;1:1;15;15;15x15;;;Holzleisten-Aufhängung (oben/unten);;;;
Wandbild;Poster/FineArt mit Holzaufhänger;1;;Fotopapier (Fujifilm);Fotopapier;matt;Fujifilm;Fotobelichtung / Digitaldruck;Fotografisch;Querformat;1:1;20;20;20x20;;;Holzleisten-Aufhängung (oben/unten);;;;
Wandbild;Poster/FineArt mit Holzaufhänger;1;;Fotopapier (Fujifilm);Fotopapier;matt;Fujifilm;Fotobelichtung / Digitaldruck;Fotografisch;Querformat;1:1;21;21;21x21;;;Holzleisten-Aufhängung (oben/unten);;;;
Wandbild;Poster/FineArt mit Holzaufhänger;1;;Fotopapier (Fujifilm);Fotopapier;matt;Fujifilm;Fotobelichtung / Digitaldruck;Fotografisch;Querformat;1:1;30;30;30x30;;;Holzleisten-Aufhängung (oben/unten);;;;
Wandbild;Poster/FineArt mit Holzaufhänger;1;;Fotopapier (Fujifilm);Fotopapier;matt;Fujifilm;Fotobelichtung / Digitaldruck;Fotografisch;Querformat;1:1;40;40;40x40;;;Holzleisten-Aufhängung (oben/unten);;;;
Wandbild;Poster/FineArt mit Holzaufhänger;1;;Fotopapier (Fujifilm);Fotopapier;matt;Fujifilm;Fotobelichtung / Digitaldruck;Fotografisch;Querformat;1:1;50;50;50x50;;;Holzleisten-Aufhängung (oben/unten);;;;
Wandbild;Poster/FineArt mit Holzaufhänger;1;;Fotopapier (Fujifilm);Fotopapier;matt;Fujifilm;Fotobelichtung / Digitaldruck;Fotografisch;Querformat;1:1;60;60;60x60;;;Holzleisten-Aufhängung (oben/unten);;;;
Wandbild;Poster/FineArt mit Holzaufhänger;1;;Fotopapier (Fujifilm);Fotopapier;matt;Fujifilm;Fotobelichtung / Digitaldruck;Fotografisch;Querformat;1:1;70;70;70x70;;;Holzleisten-Aufhängung (oben/unten);;;;
Wandbild;Poster/FineArt mit Holzaufhänger;1;;Fotopapier (Fujifilm);Fotopapier;matt;Fujifilm;Fotobelichtung / Digitaldruck;Fotografisch;Querformat;Panorama;10;18;10x18;;;Holzleisten-Aufhängung (oben/unten);;;;
Wandbild;Poster/FineArt mit Holzaufhänger;1;;Fotopapier (Fujifilm);Fotopapier;matt;Fujifilm;Fotobelichtung / Digitaldruck;Fotografisch;Querformat;Panorama;10;20;10x20;;;Holzleisten-Aufhängung (oben/unten);;;;
Wandbild;Poster/FineArt mit Holzaufhänger;1;;Fotopapier (Fujifilm);Fotopapier;matt;Fujifilm;Fotobelichtung / Digitaldruck;Fotografisch;Querformat;Panorama;20;40;20x40;;;Holzleisten-Aufhängung (oben/unten);;;;
Wandbild;Poster/FineArt mit Holzaufhänger;1;;Fotopapier (Fujifilm);Fotopapier;matt;Fujifilm;Fotobelichtung / Digitaldruck;Fotografisch;Querformat;Panorama;20;60;20x60;;;Holzleisten-Aufhängung (oben/unten);;;;
Wandbild;Poster/FineArt mit Holzaufhänger;1;;Fotopapier (Fujifilm);Fotopapier;matt;Fujifilm;Fotobelichtung / Digitaldruck;Fotografisch;Querformat;Panorama;30;60;30x60;;;Holzleisten-Aufhängung (oben/unten);;;;
Wandbild;Poster/FineArt mit Holzaufhänger;1;;Fotopapier (Fujifilm);Fotopapier;matt;Fujifilm;Fotobelichtung / Digitaldruck;Fotografisch;Querformat;Panorama;30;90;30x90;;;Holzleisten-Aufhängung (oben/unten);;;;
Wandbild;Poster/FineArt mit Holzaufhänger;1;;Fotopapier (Fujifilm);Fotopapier;matt;Fujifilm;Fotobelichtung / Digitaldruck;Fotografisch;Querformat;Panorama;40;80;40x80;;;Holzleisten-Aufhängung (oben/unten);;;;
Wandbild;Poster/FineArt mit Holzaufhänger;1;;Fotopapier (Fujifilm);Fotopapier;matt;Fujifilm;Fotobelichtung / Digitaldruck;Fotografisch;Querformat;Panorama;50;100;50x100;;;Holzleisten-Aufhängung (oben/unten);;;;
Wandbild;Poster/FineArt mit Holzaufhänger;1;;Fotopapier (Fujifilm);Fotopapier;matt;Fujifilm;Fotobelichtung / Digitaldruck;Fotografisch;Querformat;Panorama;60;120;60x120;;;Holzleisten-Aufhängung (oben/unten);;;;
Wandbild;Poster/FineArt mit Holzaufhänger;1;;Fotopapier (Fujifilm);Fotopapier;matt;Fujifilm;Fotobelichtung / Digitaldruck;Fotografisch;Querformat;Panorama;60;180;60x180;;;Holzleisten-Aufhängung (oben/unten);;;;
Wandbild;Poster/FineArt mit Holzaufhänger;1;;Fotopapier (Fujifilm);Fotopapier;matt;Fujifilm;Fotobelichtung / Digitaldruck;Fotografisch;Querformat;Panorama;70;180;70x180;;;Holzleisten-Aufhängung (oben/unten);;;;
Wandbild;Schallschutz-Leinwand;1;;Leinwand;Akustik-Leinwand;;;Latex-/Digitaldruck;Latexdruck;Hochformat;diverse;40;60;40x60;;;ohne;;;;
Wandbild;Schallschutz-Leinwand;1;;Leinwand;Akustik-Leinwand;;;Latex-/Digitaldruck;Latexdruck;Hochformat;diverse;50;75;50x75;;;ohne;;;;
Wandbild;Schallschutz-Leinwand;1;;Leinwand;Akustik-Leinwand;;;Latex-/Digitaldruck;Latexdruck;Hochformat;diverse;60;80;60x80;;;ohne;;;;
Wandbild;Schallschutz-Leinwand;1;;Leinwand;Akustik-Leinwand;;;Latex-/Digitaldruck;Latexdruck;Hochformat;diverse;80;120;80x120;;;ohne;;;;
Wandbild;Schallschutz-Leinwand;1;;Leinwand;Akustik-Leinwand;;;Latex-/Digitaldruck;Latexdruck;Querformat;diverse;40;60;40x60;;;ohne;;;;
Wandbild;Schallschutz-Leinwand;1;;Leinwand;Akustik-Leinwand;;;Latex-/Digitaldruck;Latexdruck;Querformat;diverse;50;75;50x75;;;ohne;;;;
Wandbild;Schallschutz-Leinwand;1;;Leinwand;Akustik-Leinwand;;;Latex-/Digitaldruck;Latexdruck;Querformat;diverse;60;80;60x80;;;ohne;;;;
Wandbild;Schallschutz-Leinwand;1;;Leinwand;Akustik-Leinwand;;;Latex-/Digitaldruck;Latexdruck;Querformat;diverse;80;120;80x120;;;ohne;;;;
Wandbild;Schattenfugenrahmen;1;;Leinwand;Fotoleinwand;;;Latex-/Digitaldruck HD;Latexdruck;Hochformat;2:3;20;30;20x30;;;;Holz/Schwarz/Weiß, je nach Variante;;;
Wandbild;Schattenfugenrahmen;1;;Leinwand;Fotoleinwand;;;Latex-/Digitaldruck HD;Latexdruck;Hochformat;2:3;30;45;30x45;;;;Holz/Schwarz/Weiß, je nach Variante;;;
Wandbild;Schattenfugenrahmen;1;;Leinwand;Fotoleinwand;;;Latex-/Digitaldruck HD;Latexdruck;Hochformat;2:3;40;60;40x60;;;;Holz/Schwarz/Weiß, je nach Variante;;;
Wandbild;Schattenfugenrahmen;1;;Leinwand;Fotoleinwand;;;Latex-/Digitaldruck HD;Latexdruck;Hochformat;2:3;50;70;50x70;;;;Holz/Schwarz/Weiß, je nach Variante;;;
Wandbild;Schattenfugenrahmen;1;;Leinwand;Fotoleinwand;;;Latex-/Digitaldruck HD;Latexdruck;Hochformat;2:3;50;75;50x75;;;;Holz/Schwarz/Weiß, je nach Variante;;;
Wandbild;Schattenfugenrahmen;1;;Leinwand;Fotoleinwand;;;Latex-/Digitaldruck HD;Latexdruck;Hochformat;2:3;60;90;60x90;;;;Holz/Schwarz/Weiß, je nach Variante;;;
Wandbild;Schattenfugenrahmen;1;;Leinwand;Fotoleinwand;;;Latex-/Digitaldruck HD;Latexdruck;Hochformat;2:3;80;120;80x120;;;;Holz/Schwarz/Weiß, je nach Variante;;;
Wandbild;Schattenfugenrahmen;1;;Leinwand;Fotoleinwand;;;Latex-/Digitaldruck HD;Latexdruck;Hochformat;3:4;30;40;30x40;;;;Holz/Schwarz/Weiß, je nach Variante;;;
Wandbild;Schattenfugenrahmen;1;;Leinwand;Fotoleinwand;;;Latex-/Digitaldruck HD;Latexdruck;Hochformat;3:4;45;60;45x60;;;;Holz/Schwarz/Weiß, je nach Variante;;;
Wandbild;Schattenfugenrahmen;1;;Leinwand;Fotoleinwand;;;Latex-/Digitaldruck HD;Latexdruck;Hochformat;3:4;60;80;60x80;;;;Holz/Schwarz/Weiß, je nach Variante;;;
Wandbild;Schattenfugenrahmen;1;;Leinwand;Fotoleinwand;;;Latex-/Digitaldruck HD;Latexdruck;Hochformat;3:4;75;100;75x100;;;;Holz/Schwarz/Weiß, je nach Variante;;;
Wandbild;Schattenfugenrahmen;1;;Leinwand;Fotoleinwand;;;Latex-/Digitaldruck HD;Latexdruck;Hochformat;3:5;30;50;30x50;;;;Holz/Schwarz/Weiß, je nach Variante;;;
Wandbild;Schattenfugenrahmen;1;;Leinwand;Fotoleinwand;;;Latex-/Digitaldruck HD;Latexdruck;Hochformat;3:5;40;70;40x70;;;;Holz/Schwarz/Weiß, je nach Variante;;;
Wandbild;Schattenfugenrahmen;1;;Leinwand;Fotoleinwand;;;Latex-/Digitaldruck HD;Latexdruck;Hochformat;3:5;70;120;70x120;;;;Holz/Schwarz/Weiß, je nach Variante;;;
Wandbild;Schattenfugenrahmen;1;;Leinwand;Fotoleinwand;;;Latex-/Digitaldruck HD;Latexdruck;Hochformat;4:5;40;50;40x50;;;;Holz/Schwarz/Weiß, je nach Variante;;;
Wandbild;Schattenfugenrahmen;1;;Leinwand;Fotoleinwand;;;Latex-/Digitaldruck HD;Latexdruck;Hochformat;4:5;80;100;80x100;;;;Holz/Schwarz/Weiß, je nach Variante;;;
Wandbild;Schattenfugenrahmen;1;;Leinwand;Fotoleinwand;;;Latex-/Digitaldruck HD;Latexdruck;Hochformat;1:1;20;20;20x20;;;;Holz/Schwarz/Weiß, je nach Variante;;;
Wandbild;Schattenfugenrahmen;1;;Leinwand;Fotoleinwand;;;Latex-/Digitaldruck HD;Latexdruck;Hochformat;1:1;30;30;30x30;;;;Holz/Schwarz/Weiß, je nach Variante;;;
Wandbild;Schattenfugenrahmen;1;;Leinwand;Fotoleinwand;;;Latex-/Digitaldruck HD;Latexdruck;Hochformat;1:1;40;40;40x40;;;;Holz/Schwarz/Weiß, je nach Variante;;;
Wandbild;Schattenfugenrahmen;1;;Leinwand;Fotoleinwand;;;Latex-/Digitaldruck HD;Latexdruck;Hochformat;1:1;50;50;50x50;;;;Holz/Schwarz/Weiß, je nach Variante;;;
Wandbild;Schattenfugenrahmen;1;;Leinwand;Fotoleinwand;;;Latex-/Digitaldruck HD;Latexdruck;Hochformat;1:1;60;60;60x60;;;;Holz/Schwarz/Weiß, je nach Variante;;;
Wandbild;Schattenfugenrahmen;1;;Leinwand;Fotoleinwand;;;Latex-/Digitaldruck HD;Latexdruck;Hochformat;1:1;70;70;70x70;;;;Holz/Schwarz/Weiß, je nach Variante;;;
Wandbild;Schattenfugenrahmen;1;;Leinwand;Fotoleinwand;;;Latex-/Digitaldruck HD;Latexdruck;Hochformat;1:1;75;75;75x75;;;;Holz/Schwarz/Weiß, je nach Variante;;;
Wandbild;Schattenfugenrahmen;1;;Leinwand;Fotoleinwand;;;Latex-/Digitaldruck HD;Latexdruck;Hochformat;1:1;80;80;80x80;;;;Holz/Schwarz/Weiß, je nach Variante;;;
Wandbild;Schattenfugenrahmen;1;;Leinwand;Fotoleinwand;;;Latex-/Digitaldruck HD;Latexdruck;Hochformat;Panorama;20;40;20x40;;;;Holz/Schwarz/Weiß, je nach Variante;;;
Wandbild;Schattenfugenrahmen;1;;Leinwand;Fotoleinwand;;;Latex-/Digitaldruck HD;Latexdruck;Hochformat;Panorama;20;60;20x60;;;;Holz/Schwarz/Weiß, je nach Variante;;;
Wandbild;Schattenfugenrahmen;1;;Leinwand;Fotoleinwand;;;Latex-/Digitaldruck HD;Latexdruck;Hochformat;Panorama;20;80;20x80;;;;Holz/Schwarz/Weiß, je nach Variante;;;
Wandbild;Schattenfugenrahmen;1;;Leinwand;Fotoleinwand;;;Latex-/Digitaldruck HD;Latexdruck;Hochformat;Panorama;30;60;30x60;;;;Holz/Schwarz/Weiß, je nach Variante;;;
Wandbild;Schattenfugenrahmen;1;;Leinwand;Fotoleinwand;;;Latex-/Digitaldruck HD;Latexdruck;Hochformat;Panorama;30;90;30x90;;;;Holz/Schwarz/Weiß, je nach Variante;;;
Wandbild;Schattenfugenrahmen;1;;Leinwand;Fotoleinwand;;;Latex-/Digitaldruck HD;Latexdruck;Hochformat;Panorama;30;120;30x120;;;;Holz/Schwarz/Weiß, je nach Variante;;;
Wandbild;Schattenfugenrahmen;1;;Leinwand;Fotoleinwand;;;Latex-/Digitaldruck HD;Latexdruck;Hochformat;Panorama;40;80;40x80;;;;Holz/Schwarz/Weiß, je nach Variante;;;
Wandbild;Schattenfugenrahmen;1;;Leinwand;Fotoleinwand;;;Latex-/Digitaldruck HD;Latexdruck;Hochformat;Panorama;40;120;40x120;;;;Holz/Schwarz/Weiß, je nach Variante;;;
Wandbild;Schattenfugenrahmen;1;;Leinwand;Fotoleinwand;;;Latex-/Digitaldruck HD;Latexdruck;Hochformat;Panorama;50;100;50x100;;;;Holz/Schwarz/Weiß, je nach Variante;;;
Wandbild;Schattenfugenrahmen;1;;Leinwand;Fotoleinwand;;;Latex-/Digitaldruck HD;Latexdruck;Hochformat;Panorama;50;120;50x120;;;;Holz/Schwarz/Weiß, je nach Variante;;;
Wandbild;Schattenfugenrahmen;1;;Leinwand;Fotoleinwand;;;Latex-/Digitaldruck HD;Latexdruck;Hochformat;Panorama;60;120;60x120;;;;Holz/Schwarz/Weiß, je nach Variante;;;
Wandbild;Schattenfugenrahmen;1;;Leinwand;Fotoleinwand;;;Latex-/Digitaldruck HD;Latexdruck;Querformat;2:3;20;30;20x30;;;;Holz/Schwarz/Weiß, je nach Variante;;;
Wandbild;Schattenfugenrahmen;1;;Leinwand;Fotoleinwand;;;Latex-/Digitaldruck HD;Latexdruck;Querformat;2:3;30;45;30x45;;;;Holz/Schwarz/Weiß, je nach Variante;;;
Wandbild;Schattenfugenrahmen;1;;Leinwand;Fotoleinwand;;;Latex-/Digitaldruck HD;Latexdruck;Querformat;2:3;40;60;40x60;;;;Holz/Schwarz/Weiß, je nach Variante;;;
Wandbild;Schattenfugenrahmen;1;;Leinwand;Fotoleinwand;;;Latex-/Digitaldruck HD;Latexdruck;Querformat;2:3;50;70;50x70;;;;Holz/Schwarz/Weiß, je nach Variante;;;
Wandbild;Schattenfugenrahmen;1;;Leinwand;Fotoleinwand;;;Latex-/Digitaldruck HD;Latexdruck;Querformat;2:3;50;75;50x75;;;;Holz/Schwarz/Weiß, je nach Variante;;;
Wandbild;Schattenfugenrahmen;1;;Leinwand;Fotoleinwand;;;Latex-/Digitaldruck HD;Latexdruck;Querformat;2:3;60;90;60x90;;;;Holz/Schwarz/Weiß, je nach Variante;;;
Wandbild;Schattenfugenrahmen;1;;Leinwand;Fotoleinwand;;;Latex-/Digitaldruck HD;Latexdruck;Querformat;2:3;80;120;80x120;;;;Holz/Schwarz/Weiß, je nach Variante;;;
Wandbild;Schattenfugenrahmen;1;;Leinwand;Fotoleinwand;;;Latex-/Digitaldruck HD;Latexdruck;Querformat;3:4;30;40;30x40;;;;Holz/Schwarz/Weiß, je nach Variante;;;
Wandbild;Schattenfugenrahmen;1;;Leinwand;Fotoleinwand;;;Latex-/Digitaldruck HD;Latexdruck;Querformat;3:4;45;60;45x60;;;;Holz/Schwarz/Weiß, je nach Variante;;;
Wandbild;Schattenfugenrahmen;1;;Leinwand;Fotoleinwand;;;Latex-/Digitaldruck HD;Latexdruck;Querformat;3:4;60;80;60x80;;;;Holz/Schwarz/Weiß, je nach Variante;;;
Wandbild;Schattenfugenrahmen;1;;Leinwand;Fotoleinwand;;;Latex-/Digitaldruck HD;Latexdruck;Querformat;3:4;75;100;75x100;;;;Holz/Schwarz/Weiß, je nach Variante;;;
Wandbild;Schattenfugenrahmen;1;;Leinwand;Fotoleinwand;;;Latex-/Digitaldruck HD;Latexdruck;Querformat;3:5;30;50;30x50;;;;Holz/Schwarz/Weiß, je nach Variante;;;
Wandbild;Schattenfugenrahmen;1;;Leinwand;Fotoleinwand;;;Latex-/Digitaldruck HD;Latexdruck;Querformat;3:5;40;70;40x70;;;;Holz/Schwarz/Weiß, je nach Variante;;;
Wandbild;Schattenfugenrahmen;1;;Leinwand;Fotoleinwand;;;Latex-/Digitaldruck HD;Latexdruck;Querformat;3:5;70;120;70x120;;;;Holz/Schwarz/Weiß, je nach Variante;;;
Wandbild;Schattenfugenrahmen;1;;Leinwand;Fotoleinwand;;;Latex-/Digitaldruck HD;Latexdruck;Querformat;4:5;40;50;40x50;;;;Holz/Schwarz/Weiß, je nach Variante;;;
Wandbild;Schattenfugenrahmen;1;;Leinwand;Fotoleinwand;;;Latex-/Digitaldruck HD;Latexdruck;Querformat;4:5;80;100;80x100;;;;Holz/Schwarz/Weiß, je nach Variante;;;
Wandbild;Schattenfugenrahmen;1;;Leinwand;Fotoleinwand;;;Latex-/Digitaldruck HD;Latexdruck;Querformat;1:1;20;20;20x20;;;;Holz/Schwarz/Weiß, je nach Variante;;;
Wandbild;Schattenfugenrahmen;1;;Leinwand;Fotoleinwand;;;Latex-/Digitaldruck HD;Latexdruck;Querformat;1:1;30;30;30x30;;;;Holz/Schwarz/Weiß, je nach Variante;;;
Wandbild;Schattenfugenrahmen;1;;Leinwand;Fotoleinwand;;;Latex-/Digitaldruck HD;Latexdruck;Querformat;1:1;40;40;40x40;;;;Holz/Schwarz/Weiß, je nach Variante;;;
Wandbild;Schattenfugenrahmen;1;;Leinwand;Fotoleinwand;;;Latex-/Digitaldruck HD;Latexdruck;Querformat;1:1;50;50;50x50;;;;Holz/Schwarz/Weiß, je nach Variante;;;
Wandbild;Schattenfugenrahmen;1;;Leinwand;Fotoleinwand;;;Latex-/Digitaldruck HD;Latexdruck;Querformat;1:1;60;60;60x60;;;;Holz/Schwarz/Weiß, je nach Variante;;;
Wandbild;Schattenfugenrahmen;1;;Leinwand;Fotoleinwand;;;Latex-/Digitaldruck HD;Latexdruck;Querformat;1:1;70;70;70x70;;;;Holz/Schwarz/Weiß, je nach Variante;;;
Wandbild;Schattenfugenrahmen;1;;Leinwand;Fotoleinwand;;;Latex-/Digitaldruck HD;Latexdruck;Querformat;1:1;75;75;75x75;;;;Holz/Schwarz/Weiß, je nach Variante;;;
Wandbild;Schattenfugenrahmen;1;;Leinwand;Fotoleinwand;;;Latex-/Digitaldruck HD;Latexdruck;Querformat;1:1;80;80;80x80;;;;Holz/Schwarz/Weiß, je nach Variante;;;
Wandbild;Schattenfugenrahmen;1;;Leinwand;Fotoleinwand;;;Latex-/Digitaldruck HD;Latexdruck;Querformat;Panorama;20;40;20x40;;;;Holz/Schwarz/Weiß, je nach Variante;;;
Wandbild;Schattenfugenrahmen;1;;Leinwand;Fotoleinwand;;;Latex-/Digitaldruck HD;Latexdruck;Querformat;Panorama;20;60;20x60;;;;Holz/Schwarz/Weiß, je nach Variante;;;
Wandbild;Schattenfugenrahmen;1;;Leinwand;Fotoleinwand;;;Latex-/Digitaldruck HD;Latexdruck;Querformat;Panorama;20;80;20x80;;;;Holz/Schwarz/Weiß, je nach Variante;;;
Wandbild;Schattenfugenrahmen;1;;Leinwand;Fotoleinwand;;;Latex-/Digitaldruck HD;Latexdruck;Querformat;Panorama;30;60;30x60;;;;Holz/Schwarz/Weiß, je nach Variante;;;
Wandbild;Schattenfugenrahmen;1;;Leinwand;Fotoleinwand;;;Latex-/Digitaldruck HD;Latexdruck;Querformat;Panorama;30;90;30x90;;;;Holz/Schwarz/Weiß, je nach Variante;;;
Wandbild;Schattenfugenrahmen;1;;Leinwand;Fotoleinwand;;;Latex-/Digitaldruck HD;Latexdruck;Querformat;Panorama;30;120;30x120;;;;Holz/Schwarz/Weiß, je nach Variante;;;
Wandbild;Schattenfugenrahmen;1;;Leinwand;Fotoleinwand;;;Latex-/Digitaldruck HD;Latexdruck;Querformat;Panorama;40;80;40x80;;;;Holz/Schwarz/Weiß, je nach Variante;;;
Wandbild;Schattenfugenrahmen;1;;Leinwand;Fotoleinwand;;;Latex-/Digitaldruck HD;Latexdruck;Querformat;Panorama;40;120;40x120;;;;Holz/Schwarz/Weiß, je nach Variante;;;
Wandbild;Schattenfugenrahmen;1;;Leinwand;Fotoleinwand;;;Latex-/Digitaldruck HD;Latexdruck;Querformat;Panorama;50;100;50x100;;;;Holz/Schwarz/Weiß, je nach Variante;;;
Wandbild;Schattenfugenrahmen;1;;Leinwand;Fotoleinwand;;;Latex-/Digitaldruck HD;Latexdruck;Querformat;Panorama;50;120;50x120;;;;Holz/Schwarz/Weiß, je nach Variante;;;
Wandbild;Schattenfugenrahmen;1;;Leinwand;Fotoleinwand;;;Latex-/Digitaldruck HD;Latexdruck;Querformat;Panorama;60;120;60x120;;;;Holz/Schwarz/Weiß, je nach Variante;;;
Wandbild;Squares;1;;Hartschaumplatte;Hartschaumplatte;;;Direktdruck HD;Direktdruck;Hochformat/Querformat;1:1;20;20;20x20;;;Magnet-Aufhängung;;5 mm;Quadrat;
Wandbild;Squares;1;;Hartschaumplatte;Hartschaumplatte;;;Direktdruck HD;Direktdruck;Hochformat/Querformat;1:1;30;30;30x30;;;Magnet-Aufhängung;;5 mm;Quadrat;
Wandbild;Wandbild im Alu-Rahmen;1;;Acrylglas;Acrylglas;;;Direktdruck;Direktdruck;Hochformat;diverse;20;20;20x20;;;;schwarz, gebürstet Gold, gebürstet Silber, grau, silber, weiß;;;
Wandbild;Wandbild im Alu-Rahmen;1;;Acrylglas;Acrylglas;;;Direktdruck;Direktdruck;Hochformat;diverse;20;30;20x30;;;;schwarz, gebürstet Gold, gebürstet Silber, grau, silber, weiß;;;
Wandbild;Wandbild im Alu-Rahmen;1;;Acrylglas;Acrylglas;;;Direktdruck;Direktdruck;Hochformat;diverse;30;30;30x30;;;;schwarz, gebürstet Gold, gebürstet Silber, grau, silber, weiß;;;
Wandbild;Wandbild im Alu-Rahmen;1;;Acrylglas;Acrylglas;;;Direktdruck;Direktdruck;Hochformat;diverse;30;45;30x45;;;;schwarz, gebürstet Gold, gebürstet Silber, grau, silber, weiß;;;
Wandbild;Wandbild im Alu-Rahmen;1;;Acrylglas;Acrylglas;;;Direktdruck;Direktdruck;Hochformat;diverse;40;40;40x40;;;;schwarz, gebürstet Gold, gebürstet Silber, grau, silber, weiß;;;
Wandbild;Wandbild im Alu-Rahmen;1;;Acrylglas;Acrylglas;;;Direktdruck;Direktdruck;Hochformat;diverse;40;60;40x60;;;;schwarz, gebürstet Gold, gebürstet Silber, grau, silber, weiß;;;
Wandbild;Wandbild im Alu-Rahmen;1;;Acrylglas;Acrylglas;;;Direktdruck;Direktdruck;Hochformat;diverse;60;60;60x60;;;;schwarz, gebürstet Gold, gebürstet Silber, grau, silber, weiß;;;
Wandbild;Wandbild im Alu-Rahmen;1;;Acrylglas;Acrylglas;;;Direktdruck;Direktdruck;Querformat;diverse;20;20;20x20;;;;schwarz, gebürstet Gold, gebürstet Silber, grau, silber, weiß;;;
Wandbild;Wandbild im Alu-Rahmen;1;;Acrylglas;Acrylglas;;;Direktdruck;Direktdruck;Querformat;diverse;20;30;20x30;;;;schwarz, gebürstet Gold, gebürstet Silber, grau, silber, weiß;;;
Wandbild;Wandbild im Alu-Rahmen;1;;Acrylglas;Acrylglas;;;Direktdruck;Direktdruck;Querformat;diverse;30;30;30x30;;;;schwarz, gebürstet Gold, gebürstet Silber, grau, silber, weiß;;;
Wandbild;Wandbild im Alu-Rahmen;1;;Acrylglas;Acrylglas;;;Direktdruck;Direktdruck;Querformat;diverse;30;45;30x45;;;;schwarz, gebürstet Gold, gebürstet Silber, grau, silber, weiß;;;
Wandbild;Wandbild im Alu-Rahmen;1;;Acrylglas;Acrylglas;;;Direktdruck;Direktdruck;Querformat;diverse;40;40;40x40;;;;schwarz, gebürstet Gold, gebürstet Silber, grau, silber, weiß;;;
Wandbild;Wandbild im Alu-Rahmen;1;;Acrylglas;Acrylglas;;;Direktdruck;Direktdruck;Querformat;diverse;40;60;40x60;;;;schwarz, gebürstet Gold, gebürstet Silber, grau, silber, weiß;;;
Wandbild;Wandbild im Alu-Rahmen;1;;Acrylglas;Acrylglas;;;Direktdruck;Direktdruck;Querformat;diverse;60;60;60x60;;;;schwarz, gebürstet Gold, gebürstet Silber, grau, silber, weiß;;;
Wandbild;Wandbild im Alu-Rahmen;1;;Aluminium-Verbund;Alu-Verbund;;;Direktdruck;Direktdruck;Hochformat;diverse;20;20;20x20;;;;schwarz, gebürstet Gold, gebürstet Silber, grau, silber, weiß;;;
Wandbild;Wandbild im Alu-Rahmen;1;;Aluminium-Verbund;Alu-Verbund;;;Direktdruck;Direktdruck;Hochformat;diverse;20;30;20x30;;;;schwarz, gebürstet Gold, gebürstet Silber, grau, silber, weiß;;;
Wandbild;Wandbild im Alu-Rahmen;1;;Aluminium-Verbund;Alu-Verbund;;;Direktdruck;Direktdruck;Hochformat;diverse;30;30;30x30;;;;schwarz, gebürstet Gold, gebürstet Silber, grau, silber, weiß;;;
Wandbild;Wandbild im Alu-Rahmen;1;;Aluminium-Verbund;Alu-Verbund;;;Direktdruck;Direktdruck;Hochformat;diverse;30;45;30x45;;;;schwarz, gebürstet Gold, gebürstet Silber, grau, silber, weiß;;;
Wandbild;Wandbild im Alu-Rahmen;1;;Aluminium-Verbund;Alu-Verbund;;;Direktdruck;Direktdruck;Hochformat;diverse;40;40;40x40;;;;schwarz, gebürstet Gold, gebürstet Silber, grau, silber, weiß;;;
Wandbild;Wandbild im Alu-Rahmen;1;;Aluminium-Verbund;Alu-Verbund;;;Direktdruck;Direktdruck;Hochformat;diverse;40;60;40x60;;;;schwarz, gebürstet Gold, gebürstet Silber, grau, silber, weiß;;;
Wandbild;Wandbild im Alu-Rahmen;1;;Aluminium-Verbund;Alu-Verbund;;;Direktdruck;Direktdruck;Hochformat;diverse;60;60;60x60;;;;schwarz, gebürstet Gold, gebürstet Silber, grau, silber, weiß;;;
Wandbild;Wandbild im Alu-Rahmen;1;;Aluminium-Verbund;Alu-Verbund;;;Direktdruck;Direktdruck;Querformat;diverse;20;20;20x20;;;;schwarz, gebürstet Gold, gebürstet Silber, grau, silber, weiß;;;
Wandbild;Wandbild im Alu-Rahmen;1;;Aluminium-Verbund;Alu-Verbund;;;Direktdruck;Direktdruck;Querformat;diverse;20;30;20x30;;;;schwarz, gebürstet Gold, gebürstet Silber, grau, silber, weiß;;;
Wandbild;Wandbild im Alu-Rahmen;1;;Aluminium-Verbund;Alu-Verbund;;;Direktdruck;Direktdruck;Querformat;diverse;30;30;30x30;;;;schwarz, gebürstet Gold, gebürstet Silber, grau, silber, weiß;;;
Wandbild;Wandbild im Alu-Rahmen;1;;Aluminium-Verbund;Alu-Verbund;;;Direktdruck;Direktdruck;Querformat;diverse;30;45;30x45;;;;schwarz, gebürstet Gold, gebürstet Silber, grau, silber, weiß;;;
Wandbild;Wandbild im Alu-Rahmen;1;;Aluminium-Verbund;Alu-Verbund;;;Direktdruck;Direktdruck;Querformat;diverse;40;40;40x40;;;;schwarz, gebürstet Gold, gebürstet Silber, grau, silber, weiß;;;
Wandbild;Wandbild im Alu-Rahmen;1;;Aluminium-Verbund;Alu-Verbund;;;Direktdruck;Direktdruck;Querformat;diverse;40;60;40x60;;;;schwarz, gebürstet Gold, gebürstet Silber, grau, silber, weiß;;;
Wandbild;Wandbild im Alu-Rahmen;1;;Aluminium-Verbund;Alu-Verbund;;;Direktdruck;Direktdruck;Querformat;diverse;60;60;60x60;;;;schwarz, gebürstet Gold, gebürstet Silber, grau, silber, weiß;;;
Wandbild;Wandbild im Alu-Rahmen;1;;FineArt-Papier (Hahnemühle);Hahnemühle Bamboo Natural Line;;Hahnemühle;FineArt-Inkjetdruck;Pigment / FineArt;Hochformat;diverse;20;20;20x20;;;;schwarz, gebürstet Gold, gebürstet Silber, grau, silber, weiß;;;
Wandbild;Wandbild im Alu-Rahmen;1;;FineArt-Papier (Hahnemühle);Hahnemühle Bamboo Natural Line;;Hahnemühle;FineArt-Inkjetdruck;Pigment / FineArt;Hochformat;diverse;20;30;20x30;;;;schwarz, gebürstet Gold, gebürstet Silber, grau, silber, weiß;;;
Wandbild;Wandbild im Alu-Rahmen;1;;FineArt-Papier (Hahnemühle);Hahnemühle Bamboo Natural Line;;Hahnemühle;FineArt-Inkjetdruck;Pigment / FineArt;Hochformat;diverse;30;30;30x30;;;;schwarz, gebürstet Gold, gebürstet Silber, grau, silber, weiß;;;
Wandbild;Wandbild im Alu-Rahmen;1;;FineArt-Papier (Hahnemühle);Hahnemühle Bamboo Natural Line;;Hahnemühle;FineArt-Inkjetdruck;Pigment / FineArt;Hochformat;diverse;30;45;30x45;;;;schwarz, gebürstet Gold, gebürstet Silber, grau, silber, weiß;;;
Wandbild;Wandbild im Alu-Rahmen;1;;FineArt-Papier (Hahnemühle);Hahnemühle Bamboo Natural Line;;Hahnemühle;FineArt-Inkjetdruck;Pigment / FineArt;Hochformat;diverse;40;40;40x40;;;;schwarz, gebürstet Gold, gebürstet Silber, grau, silber, weiß;;;
Wandbild;Wandbild im Alu-Rahmen;1;;FineArt-Papier (Hahnemühle);Hahnemühle Bamboo Natural Line;;Hahnemühle;FineArt-Inkjetdruck;Pigment / FineArt;Hochformat;diverse;40;60;40x60;;;;schwarz, gebürstet Gold, gebürstet Silber, grau, silber, weiß;;;
Wandbild;Wandbild im Alu-Rahmen;1;;FineArt-Papier (Hahnemühle);Hahnemühle Bamboo Natural Line;;Hahnemühle;FineArt-Inkjetdruck;Pigment / FineArt;Hochformat;diverse;60;60;60x60;;;;schwarz, gebürstet Gold, gebürstet Silber, grau, silber, weiß;;;
Wandbild;Wandbild im Alu-Rahmen;1;;FineArt-Papier (Hahnemühle);Hahnemühle Bamboo Natural Line;;Hahnemühle;FineArt-Inkjetdruck;Pigment / FineArt;Querformat;diverse;20;20;20x20;;;;schwarz, gebürstet Gold, gebürstet Silber, grau, silber, weiß;;;
Wandbild;Wandbild im Alu-Rahmen;1;;FineArt-Papier (Hahnemühle);Hahnemühle Bamboo Natural Line;;Hahnemühle;FineArt-Inkjetdruck;Pigment / FineArt;Querformat;diverse;20;30;20x30;;;;schwarz, gebürstet Gold, gebürstet Silber, grau, silber, weiß;;;
Wandbild;Wandbild im Alu-Rahmen;1;;FineArt-Papier (Hahnemühle);Hahnemühle Bamboo Natural Line;;Hahnemühle;FineArt-Inkjetdruck;Pigment / FineArt;Querformat;diverse;30;30;30x30;;;;schwarz, gebürstet Gold, gebürstet Silber, grau, silber, weiß;;;
Wandbild;Wandbild im Alu-Rahmen;1;;FineArt-Papier (Hahnemühle);Hahnemühle Bamboo Natural Line;;Hahnemühle;FineArt-Inkjetdruck;Pigment / FineArt;Querformat;diverse;30;45;30x45;;;;schwarz, gebürstet Gold, gebürstet Silber, grau, silber, weiß;;;
Wandbild;Wandbild im Alu-Rahmen;1;;FineArt-Papier (Hahnemühle);Hahnemühle Bamboo Natural Line;;Hahnemühle;FineArt-Inkjetdruck;Pigment / FineArt;Querformat;diverse;40;40;40x40;;;;schwarz, gebürstet Gold, gebürstet Silber, grau, silber, weiß;;;
Wandbild;Wandbild im Alu-Rahmen;1;;FineArt-Papier (Hahnemühle);Hahnemühle Bamboo Natural Line;;Hahnemühle;FineArt-Inkjetdruck;Pigment / FineArt;Querformat;diverse;40;60;40x60;;;;schwarz, gebürstet Gold, gebürstet Silber, grau, silber, weiß;;;
Wandbild;Wandbild im Alu-Rahmen;1;;FineArt-Papier (Hahnemühle);Hahnemühle Bamboo Natural Line;;Hahnemühle;FineArt-Inkjetdruck;Pigment / FineArt;Querformat;diverse;60;60;60x60;;;;schwarz, gebürstet Gold, gebürstet Silber, grau, silber, weiß;;;
Wandbild;Wandbild im Alu-Rahmen;1;;FineArt-Papier (Hahnemühle);Hahnemühle Baryta;;Hahnemühle;FineArt-Inkjetdruck;Pigment / FineArt;Hochformat;diverse;20;20;20x20;;;;schwarz, gebürstet Gold, gebürstet Silber, grau, silber, weiß;;;
Wandbild;Wandbild im Alu-Rahmen;1;;FineArt-Papier (Hahnemühle);Hahnemühle Baryta;;Hahnemühle;FineArt-Inkjetdruck;Pigment / FineArt;Hochformat;diverse;20;30;20x30;;;;schwarz, gebürstet Gold, gebürstet Silber, grau, silber, weiß;;;
Wandbild;Wandbild im Alu-Rahmen;1;;FineArt-Papier (Hahnemühle);Hahnemühle Baryta;;Hahnemühle;FineArt-Inkjetdruck;Pigment / FineArt;Hochformat;diverse;30;30;30x30;;;;schwarz, gebürstet Gold, gebürstet Silber, grau, silber, weiß;;;
Wandbild;Wandbild im Alu-Rahmen;1;;FineArt-Papier (Hahnemühle);Hahnemühle Baryta;;Hahnemühle;FineArt-Inkjetdruck;Pigment / FineArt;Hochformat;diverse;30;45;30x45;;;;schwarz, gebürstet Gold, gebürstet Silber, grau, silber, weiß;;;
Wandbild;Wandbild im Alu-Rahmen;1;;FineArt-Papier (Hahnemühle);Hahnemühle Baryta;;Hahnemühle;FineArt-Inkjetdruck;Pigment / FineArt;Hochformat;diverse;40;40;40x40;;;;schwarz, gebürstet Gold, gebürstet Silber, grau, silber, weiß;;;
Wandbild;Wandbild im Alu-Rahmen;1;;FineArt-Papier (Hahnemühle);Hahnemühle Baryta;;Hahnemühle;FineArt-Inkjetdruck;Pigment / FineArt;Hochformat;diverse;40;60;40x60;;;;schwarz, gebürstet Gold, gebürstet Silber, grau, silber, weiß;;;
Wandbild;Wandbild im Alu-Rahmen;1;;FineArt-Papier (Hahnemühle);Hahnemühle Baryta;;Hahnemühle;FineArt-Inkjetdruck;Pigment / FineArt;Hochformat;diverse;60;60;60x60;;;;schwarz, gebürstet Gold, gebürstet Silber, grau, silber, weiß;;;
Wandbild;Wandbild im Alu-Rahmen;1;;FineArt-Papier (Hahnemühle);Hahnemühle Baryta;;Hahnemühle;FineArt-Inkjetdruck;Pigment / FineArt;Querformat;diverse;20;20;20x20;;;;schwarz, gebürstet Gold, gebürstet Silber, grau, silber, weiß;;;
Wandbild;Wandbild im Alu-Rahmen;1;;FineArt-Papier (Hahnemühle);Hahnemühle Baryta;;Hahnemühle;FineArt-Inkjetdruck;Pigment / FineArt;Querformat;diverse;20;30;20x30;;;;schwarz, gebürstet Gold, gebürstet Silber, grau, silber, weiß;;;
Wandbild;Wandbild im Alu-Rahmen;1;;FineArt-Papier (Hahnemühle);Hahnemühle Baryta;;Hahnemühle;FineArt-Inkjetdruck;Pigment / FineArt;Querformat;diverse;30;30;30x30;;;;schwarz, gebürstet Gold, gebürstet Silber, grau, silber, weiß;;;
Wandbild;Wandbild im Alu-Rahmen;1;;FineArt-Papier (Hahnemühle);Hahnemühle Baryta;;Hahnemühle;FineArt-Inkjetdruck;Pigment / FineArt;Querformat;diverse;30;45;30x45;;;;schwarz, gebürstet Gold, gebürstet Silber, grau, silber, weiß;;;
Wandbild;Wandbild im Alu-Rahmen;1;;FineArt-Papier (Hahnemühle);Hahnemühle Baryta;;Hahnemühle;FineArt-Inkjetdruck;Pigment / FineArt;Querformat;diverse;40;40;40x40;;;;schwarz, gebürstet Gold, gebürstet Silber, grau, silber, weiß;;;
Wandbild;Wandbild im Alu-Rahmen;1;;FineArt-Papier (Hahnemühle);Hahnemühle Baryta;;Hahnemühle;FineArt-Inkjetdruck;Pigment / FineArt;Querformat;diverse;40;60;40x60;;;;schwarz, gebürstet Gold, gebürstet Silber, grau, silber, weiß;;;
Wandbild;Wandbild im Alu-Rahmen;1;;FineArt-Papier (Hahnemühle);Hahnemühle Baryta;;Hahnemühle;FineArt-Inkjetdruck;Pigment / FineArt;Querformat;diverse;60;60;60x60;;;;schwarz, gebürstet Gold, gebürstet Silber, grau, silber, weiß;;;
Wandbild;Wandbild im Alu-Rahmen;1;;FineArt-Papier (Hahnemühle);Hahnemühle Hemp Natural Line;;Hahnemühle;FineArt-Inkjetdruck;Pigment / FineArt;Hochformat;diverse;20;20;20x20;;;;schwarz, gebürstet Gold, gebürstet Silber, grau, silber, weiß;;;
Wandbild;Wandbild im Alu-Rahmen;1;;FineArt-Papier (Hahnemühle);Hahnemühle Hemp Natural Line;;Hahnemühle;FineArt-Inkjetdruck;Pigment / FineArt;Hochformat;diverse;20;30;20x30;;;;schwarz, gebürstet Gold, gebürstet Silber, grau, silber, weiß;;;
Wandbild;Wandbild im Alu-Rahmen;1;;FineArt-Papier (Hahnemühle);Hahnemühle Hemp Natural Line;;Hahnemühle;FineArt-Inkjetdruck;Pigment / FineArt;Hochformat;diverse;30;30;30x30;;;;schwarz, gebürstet Gold, gebürstet Silber, grau, silber, weiß;;;
Wandbild;Wandbild im Alu-Rahmen;1;;FineArt-Papier (Hahnemühle);Hahnemühle Hemp Natural Line;;Hahnemühle;FineArt-Inkjetdruck;Pigment / FineArt;Hochformat;diverse;30;45;30x45;;;;schwarz, gebürstet Gold, gebürstet Silber, grau, silber, weiß;;;
Wandbild;Wandbild im Alu-Rahmen;1;;FineArt-Papier (Hahnemühle);Hahnemühle Hemp Natural Line;;Hahnemühle;FineArt-Inkjetdruck;Pigment / FineArt;Hochformat;diverse;40;40;40x40;;;;schwarz, gebürstet Gold, gebürstet Silber, grau, silber, weiß;;;
Wandbild;Wandbild im Alu-Rahmen;1;;FineArt-Papier (Hahnemühle);Hahnemühle Hemp Natural Line;;Hahnemühle;FineArt-Inkjetdruck;Pigment / FineArt;Hochformat;diverse;40;60;40x60;;;;schwarz, gebürstet Gold, gebürstet Silber, grau, silber, weiß;;;
Wandbild;Wandbild im Alu-Rahmen;1;;FineArt-Papier (Hahnemühle);Hahnemühle Hemp Natural Line;;Hahnemühle;FineArt-Inkjetdruck;Pigment / FineArt;Hochformat;diverse;60;60;60x60;;;;schwarz, gebürstet Gold, gebürstet Silber, grau, silber, weiß;;;
Wandbild;Wandbild im Alu-Rahmen;1;;FineArt-Papier (Hahnemühle);Hahnemühle Hemp Natural Line;;Hahnemühle;FineArt-Inkjetdruck;Pigment / FineArt;Querformat;diverse;20;20;20x20;;;;schwarz, gebürstet Gold, gebürstet Silber, grau, silber, weiß;;;
Wandbild;Wandbild im Alu-Rahmen;1;;FineArt-Papier (Hahnemühle);Hahnemühle Hemp Natural Line;;Hahnemühle;FineArt-Inkjetdruck;Pigment / FineArt;Querformat;diverse;20;30;20x30;;;;schwarz, gebürstet Gold, gebürstet Silber, grau, silber, weiß;;;
Wandbild;Wandbild im Alu-Rahmen;1;;FineArt-Papier (Hahnemühle);Hahnemühle Hemp Natural Line;;Hahnemühle;FineArt-Inkjetdruck;Pigment / FineArt;Querformat;diverse;30;30;30x30;;;;schwarz, gebürstet Gold, gebürstet Silber, grau, silber, weiß;;;
Wandbild;Wandbild im Alu-Rahmen;1;;FineArt-Papier (Hahnemühle);Hahnemühle Hemp Natural Line;;Hahnemühle;FineArt-Inkjetdruck;Pigment / FineArt;Querformat;diverse;30;45;30x45;;;;schwarz, gebürstet Gold, gebürstet Silber, grau, silber, weiß;;;
Wandbild;Wandbild im Alu-Rahmen;1;;FineArt-Papier (Hahnemühle);Hahnemühle Hemp Natural Line;;Hahnemühle;FineArt-Inkjetdruck;Pigment / FineArt;Querformat;diverse;40;40;40x40;;;;schwarz, gebürstet Gold, gebürstet Silber, grau, silber, weiß;;;
Wandbild;Wandbild im Alu-Rahmen;1;;FineArt-Papier (Hahnemühle);Hahnemühle Hemp Natural Line;;Hahnemühle;FineArt-Inkjetdruck;Pigment / FineArt;Querformat;diverse;40;60;40x60;;;;schwarz, gebürstet Gold, gebürstet Silber, grau, silber, weiß;;;
Wandbild;Wandbild im Alu-Rahmen;1;;FineArt-Papier (Hahnemühle);Hahnemühle Hemp Natural Line;;Hahnemühle;FineArt-Inkjetdruck;Pigment / FineArt;Querformat;diverse;60;60;60x60;;;;schwarz, gebürstet Gold, gebürstet Silber, grau, silber, weiß;;;
Wandbild;Wandbild im Alu-Rahmen;1;;FineArt-Papier (Hahnemühle);Hahnemühle Museum Etching;;Hahnemühle;FineArt-Inkjetdruck;Pigment / FineArt;Hochformat;diverse;20;20;20x20;;;;schwarz, gebürstet Gold, gebürstet Silber, grau, silber, weiß;;;
Wandbild;Wandbild im Alu-Rahmen;1;;FineArt-Papier (Hahnemühle);Hahnemühle Museum Etching;;Hahnemühle;FineArt-Inkjetdruck;Pigment / FineArt;Hochformat;diverse;20;30;20x30;;;;schwarz, gebürstet Gold, gebürstet Silber, grau, silber, weiß;;;
Wandbild;Wandbild im Alu-Rahmen;1;;FineArt-Papier (Hahnemühle);Hahnemühle Museum Etching;;Hahnemühle;FineArt-Inkjetdruck;Pigment / FineArt;Hochformat;diverse;30;30;30x30;;;;schwarz, gebürstet Gold, gebürstet Silber, grau, silber, weiß;;;
Wandbild;Wandbild im Alu-Rahmen;1;;FineArt-Papier (Hahnemühle);Hahnemühle Museum Etching;;Hahnemühle;FineArt-Inkjetdruck;Pigment / FineArt;Hochformat;diverse;30;45;30x45;;;;schwarz, gebürstet Gold, gebürstet Silber, grau, silber, weiß;;;
Wandbild;Wandbild im Alu-Rahmen;1;;FineArt-Papier (Hahnemühle);Hahnemühle Museum Etching;;Hahnemühle;FineArt-Inkjetdruck;Pigment / FineArt;Hochformat;diverse;40;40;40x40;;;;schwarz, gebürstet Gold, gebürstet Silber, grau, silber, weiß;;;
Wandbild;Wandbild im Alu-Rahmen;1;;FineArt-Papier (Hahnemühle);Hahnemühle Museum Etching;;Hahnemühle;FineArt-Inkjetdruck;Pigment / FineArt;Hochformat;diverse;40;60;40x60;;;;schwarz, gebürstet Gold, gebürstet Silber, grau, silber, weiß;;;
Wandbild;Wandbild im Alu-Rahmen;1;;FineArt-Papier (Hahnemühle);Hahnemühle Museum Etching;;Hahnemühle;FineArt-Inkjetdruck;Pigment / FineArt;Hochformat;diverse;60;60;60x60;;;;schwarz, gebürstet Gold, gebürstet Silber, grau, silber, weiß;;;
Wandbild;Wandbild im Alu-Rahmen;1;;FineArt-Papier (Hahnemühle);Hahnemühle Museum Etching;;Hahnemühle;FineArt-Inkjetdruck;Pigment / FineArt;Querformat;diverse;20;20;20x20;;;;schwarz, gebürstet Gold, gebürstet Silber, grau, silber, weiß;;;
Wandbild;Wandbild im Alu-Rahmen;1;;FineArt-Papier (Hahnemühle);Hahnemühle Museum Etching;;Hahnemühle;FineArt-Inkjetdruck;Pigment / FineArt;Querformat;diverse;20;30;20x30;;;;schwarz, gebürstet Gold, gebürstet Silber, grau, silber, weiß;;;
Wandbild;Wandbild im Alu-Rahmen;1;;FineArt-Papier (Hahnemühle);Hahnemühle Museum Etching;;Hahnemühle;FineArt-Inkjetdruck;Pigment / FineArt;Querformat;diverse;30;30;30x30;;;;schwarz, gebürstet Gold, gebürstet Silber, grau, silber, weiß;;;
Wandbild;Wandbild im Alu-Rahmen;1;;FineArt-Papier (Hahnemühle);Hahnemühle Museum Etching;;Hahnemühle;FineArt-Inkjetdruck;Pigment / FineArt;Querformat;diverse;30;45;30x45;;;;schwarz, gebürstet Gold, gebürstet Silber, grau, silber, weiß;;;
Wandbild;Wandbild im Alu-Rahmen;1;;FineArt-Papier (Hahnemühle);Hahnemühle Museum Etching;;Hahnemühle;FineArt-Inkjetdruck;Pigment / FineArt;Querformat;diverse;40;40;40x40;;;;schwarz, gebürstet Gold, gebürstet Silber, grau, silber, weiß;;;
Wandbild;Wandbild im Alu-Rahmen;1;;FineArt-Papier (Hahnemühle);Hahnemühle Museum Etching;;Hahnemühle;FineArt-Inkjetdruck;Pigment / FineArt;Querformat;diverse;40;60;40x60;;;;schwarz, gebürstet Gold, gebürstet Silber, grau, silber, weiß;;;
Wandbild;Wandbild im Alu-Rahmen;1;;FineArt-Papier (Hahnemühle);Hahnemühle Museum Etching;;Hahnemühle;FineArt-Inkjetdruck;Pigment / FineArt;Querformat;diverse;60;60;60x60;;;;schwarz, gebürstet Gold, gebürstet Silber, grau, silber, weiß;;;
Wandbild;Wandbild im Alu-Rahmen;1;;FineArt-Papier (Hahnemühle);Hahnemühle Photo Rag;;Hahnemühle;FineArt-Inkjetdruck;Pigment / FineArt;Hochformat;diverse;20;20;20x20;;;;schwarz, gebürstet Gold, gebürstet Silber, grau, silber, weiß;;;
Wandbild;Wandbild im Alu-Rahmen;1;;FineArt-Papier (Hahnemühle);Hahnemühle Photo Rag;;Hahnemühle;FineArt-Inkjetdruck;Pigment / FineArt;Hochformat;diverse;20;30;20x30;;;;schwarz, gebürstet Gold, gebürstet Silber, grau, silber, weiß;;;
Wandbild;Wandbild im Alu-Rahmen;1;;FineArt-Papier (Hahnemühle);Hahnemühle Photo Rag;;Hahnemühle;FineArt-Inkjetdruck;Pigment / FineArt;Hochformat;diverse;30;30;30x30;;;;schwarz, gebürstet Gold, gebürstet Silber, grau, silber, weiß;;;
Wandbild;Wandbild im Alu-Rahmen;1;;FineArt-Papier (Hahnemühle);Hahnemühle Photo Rag;;Hahnemühle;FineArt-Inkjetdruck;Pigment / FineArt;Hochformat;diverse;30;45;30x45;;;;schwarz, gebürstet Gold, gebürstet Silber, grau, silber, weiß;;;
Wandbild;Wandbild im Alu-Rahmen;1;;FineArt-Papier (Hahnemühle);Hahnemühle Photo Rag;;Hahnemühle;FineArt-Inkjetdruck;Pigment / FineArt;Hochformat;diverse;40;40;40x40;;;;schwarz, gebürstet Gold, gebürstet Silber, grau, silber, weiß;;;
Wandbild;Wandbild im Alu-Rahmen;1;;FineArt-Papier (Hahnemühle);Hahnemühle Photo Rag;;Hahnemühle;FineArt-Inkjetdruck;Pigment / FineArt;Hochformat;diverse;40;60;40x60;;;;schwarz, gebürstet Gold, gebürstet Silber, grau, silber, weiß;;;
Wandbild;Wandbild im Alu-Rahmen;1;;FineArt-Papier (Hahnemühle);Hahnemühle Photo Rag;;Hahnemühle;FineArt-Inkjetdruck;Pigment / FineArt;Hochformat;diverse;60;60;60x60;;;;schwarz, gebürstet Gold, gebürstet Silber, grau, silber, weiß;;;
Wandbild;Wandbild im Alu-Rahmen;1;;FineArt-Papier (Hahnemühle);Hahnemühle Photo Rag;;Hahnemühle;FineArt-Inkjetdruck;Pigment / FineArt;Querformat;diverse;20;20;20x20;;;;schwarz, gebürstet Gold, gebürstet Silber, grau, silber, weiß;;;
Wandbild;Wandbild im Alu-Rahmen;1;;FineArt-Papier (Hahnemühle);Hahnemühle Photo Rag;;Hahnemühle;FineArt-Inkjetdruck;Pigment / FineArt;Querformat;diverse;20;30;20x30;;;;schwarz, gebürstet Gold, gebürstet Silber, grau, silber, weiß;;;
Wandbild;Wandbild im Alu-Rahmen;1;;FineArt-Papier (Hahnemühle);Hahnemühle Photo Rag;;Hahnemühle;FineArt-Inkjetdruck;Pigment / FineArt;Querformat;diverse;30;30;30x30;;;;schwarz, gebürstet Gold, gebürstet Silber, grau, silber, weiß;;;
Wandbild;Wandbild im Alu-Rahmen;1;;FineArt-Papier (Hahnemühle);Hahnemühle Photo Rag;;Hahnemühle;FineArt-Inkjetdruck;Pigment / FineArt;Querformat;diverse;30;45;30x45;;;;schwarz, gebürstet Gold, gebürstet Silber, grau, silber, weiß;;;
Wandbild;Wandbild im Alu-Rahmen;1;;FineArt-Papier (Hahnemühle);Hahnemühle Photo Rag;;Hahnemühle;FineArt-Inkjetdruck;Pigment / FineArt;Querformat;diverse;40;40;40x40;;;;schwarz, gebürstet Gold, gebürstet Silber, grau, silber, weiß;;;
Wandbild;Wandbild im Alu-Rahmen;1;;FineArt-Papier (Hahnemühle);Hahnemühle Photo Rag;;Hahnemühle;FineArt-Inkjetdruck;Pigment / FineArt;Querformat;diverse;40;60;40x60;;;;schwarz, gebürstet Gold, gebürstet Silber, grau, silber, weiß;;;
Wandbild;Wandbild im Alu-Rahmen;1;;FineArt-Papier (Hahnemühle);Hahnemühle Photo Rag;;Hahnemühle;FineArt-Inkjetdruck;Pigment / FineArt;Querformat;diverse;60;60;60x60;;;;schwarz, gebürstet Gold, gebürstet Silber, grau, silber, weiß;;;
Wandbild;Wandbild im Alu-Rahmen;1;;Fotopapier (Fujifilm);Fotopapier;Silk;Fujifilm;Fotobelichtung / Digitaldruck;Fotografisch;Hochformat;diverse;20;20;20x20;;;;schwarz, gebürstet Gold, gebürstet Silber, grau, silber, weiß;;;
Wandbild;Wandbild im Alu-Rahmen;1;;Fotopapier (Fujifilm);Fotopapier;Silk;Fujifilm;Fotobelichtung / Digitaldruck;Fotografisch;Hochformat;diverse;20;30;20x30;;;;schwarz, gebürstet Gold, gebürstet Silber, grau, silber, weiß;;;
Wandbild;Wandbild im Alu-Rahmen;1;;Fotopapier (Fujifilm);Fotopapier;Silk;Fujifilm;Fotobelichtung / Digitaldruck;Fotografisch;Hochformat;diverse;30;30;30x30;;;;schwarz, gebürstet Gold, gebürstet Silber, grau, silber, weiß;;;
Wandbild;Wandbild im Alu-Rahmen;1;;Fotopapier (Fujifilm);Fotopapier;Silk;Fujifilm;Fotobelichtung / Digitaldruck;Fotografisch;Hochformat;diverse;30;45;30x45;;;;schwarz, gebürstet Gold, gebürstet Silber, grau, silber, weiß;;;
Wandbild;Wandbild im Alu-Rahmen;1;;Fotopapier (Fujifilm);Fotopapier;Silk;Fujifilm;Fotobelichtung / Digitaldruck;Fotografisch;Hochformat;diverse;40;40;40x40;;;;schwarz, gebürstet Gold, gebürstet Silber, grau, silber, weiß;;;
Wandbild;Wandbild im Alu-Rahmen;1;;Fotopapier (Fujifilm);Fotopapier;Silk;Fujifilm;Fotobelichtung / Digitaldruck;Fotografisch;Hochformat;diverse;40;60;40x60;;;;schwarz, gebürstet Gold, gebürstet Silber, grau, silber, weiß;;;
Wandbild;Wandbild im Alu-Rahmen;1;;Fotopapier (Fujifilm);Fotopapier;Silk;Fujifilm;Fotobelichtung / Digitaldruck;Fotografisch;Hochformat;diverse;60;60;60x60;;;;schwarz, gebürstet Gold, gebürstet Silber, grau, silber, weiß;;;
Wandbild;Wandbild im Alu-Rahmen;1;;Fotopapier (Fujifilm);Fotopapier;Silk;Fujifilm;Fotobelichtung / Digitaldruck;Fotografisch;Querformat;diverse;20;20;20x20;;;;schwarz, gebürstet Gold, gebürstet Silber, grau, silber, weiß;;;
Wandbild;Wandbild im Alu-Rahmen;1;;Fotopapier (Fujifilm);Fotopapier;Silk;Fujifilm;Fotobelichtung / Digitaldruck;Fotografisch;Querformat;diverse;20;30;20x30;;;;schwarz, gebürstet Gold, gebürstet Silber, grau, silber, weiß;;;
Wandbild;Wandbild im Alu-Rahmen;1;;Fotopapier (Fujifilm);Fotopapier;Silk;Fujifilm;Fotobelichtung / Digitaldruck;Fotografisch;Querformat;diverse;30;30;30x30;;;;schwarz, gebürstet Gold, gebürstet Silber, grau, silber, weiß;;;
Wandbild;Wandbild im Alu-Rahmen;1;;Fotopapier (Fujifilm);Fotopapier;Silk;Fujifilm;Fotobelichtung / Digitaldruck;Fotografisch;Querformat;diverse;30;45;30x45;;;;schwarz, gebürstet Gold, gebürstet Silber, grau, silber, weiß;;;
Wandbild;Wandbild im Alu-Rahmen;1;;Fotopapier (Fujifilm);Fotopapier;Silk;Fujifilm;Fotobelichtung / Digitaldruck;Fotografisch;Querformat;diverse;40;40;40x40;;;;schwarz, gebürstet Gold, gebürstet Silber, grau, silber, weiß;;;
Wandbild;Wandbild im Alu-Rahmen;1;;Fotopapier (Fujifilm);Fotopapier;Silk;Fujifilm;Fotobelichtung / Digitaldruck;Fotografisch;Querformat;diverse;40;60;40x60;;;;schwarz, gebürstet Gold, gebürstet Silber, grau, silber, weiß;;;
Wandbild;Wandbild im Alu-Rahmen;1;;Fotopapier (Fujifilm);Fotopapier;Silk;Fujifilm;Fotobelichtung / Digitaldruck;Fotografisch;Querformat;diverse;60;60;60x60;;;;schwarz, gebürstet Gold, gebürstet Silber, grau, silber, weiß;;;
Wandbild;Wandbild im Alu-Rahmen;1;;Fotopapier (Fujifilm);Fotopapier;matt;Fujifilm;Fotobelichtung / Digitaldruck;Fotografisch;Hochformat;diverse;20;20;20x20;;;;schwarz, gebürstet Gold, gebürstet Silber, grau, silber, weiß;;;
Wandbild;Wandbild im Alu-Rahmen;1;;Fotopapier (Fujifilm);Fotopapier;matt;Fujifilm;Fotobelichtung / Digitaldruck;Fotografisch;Hochformat;diverse;20;30;20x30;;;;schwarz, gebürstet Gold, gebürstet Silber, grau, silber, weiß;;;
Wandbild;Wandbild im Alu-Rahmen;1;;Fotopapier (Fujifilm);Fotopapier;matt;Fujifilm;Fotobelichtung / Digitaldruck;Fotografisch;Hochformat;diverse;30;30;30x30;;;;schwarz, gebürstet Gold, gebürstet Silber, grau, silber, weiß;;;
Wandbild;Wandbild im Alu-Rahmen;1;;Fotopapier (Fujifilm);Fotopapier;matt;Fujifilm;Fotobelichtung / Digitaldruck;Fotografisch;Hochformat;diverse;30;45;30x45;;;;schwarz, gebürstet Gold, gebürstet Silber, grau, silber, weiß;;;
Wandbild;Wandbild im Alu-Rahmen;1;;Fotopapier (Fujifilm);Fotopapier;matt;Fujifilm;Fotobelichtung / Digitaldruck;Fotografisch;Hochformat;diverse;40;40;40x40;;;;schwarz, gebürstet Gold, gebürstet Silber, grau, silber, weiß;;;
Wandbild;Wandbild im Alu-Rahmen;1;;Fotopapier (Fujifilm);Fotopapier;matt;Fujifilm;Fotobelichtung / Digitaldruck;Fotografisch;Hochformat;diverse;40;60;40x60;;;;schwarz, gebürstet Gold, gebürstet Silber, grau, silber, weiß;;;
Wandbild;Wandbild im Alu-Rahmen;1;;Fotopapier (Fujifilm);Fotopapier;matt;Fujifilm;Fotobelichtung / Digitaldruck;Fotografisch;Hochformat;diverse;60;60;60x60;;;;schwarz, gebürstet Gold, gebürstet Silber, grau, silber, weiß;;;
Wandbild;Wandbild im Alu-Rahmen;1;;Fotopapier (Fujifilm);Fotopapier;matt;Fujifilm;Fotobelichtung / Digitaldruck;Fotografisch;Querformat;diverse;20;20;20x20;;;;schwarz, gebürstet Gold, gebürstet Silber, grau, silber, weiß;;;
Wandbild;Wandbild im Alu-Rahmen;1;;Fotopapier (Fujifilm);Fotopapier;matt;Fujifilm;Fotobelichtung / Digitaldruck;Fotografisch;Querformat;diverse;20;30;20x30;;;;schwarz, gebürstet Gold, gebürstet Silber, grau, silber, weiß;;;
Wandbild;Wandbild im Alu-Rahmen;1;;Fotopapier (Fujifilm);Fotopapier;matt;Fujifilm;Fotobelichtung / Digitaldruck;Fotografisch;Querformat;diverse;30;30;30x30;;;;schwarz, gebürstet Gold, gebürstet Silber, grau, silber, weiß;;;
Wandbild;Wandbild im Alu-Rahmen;1;;Fotopapier (Fujifilm);Fotopapier;matt;Fujifilm;Fotobelichtung / Digitaldruck;Fotografisch;Querformat;diverse;30;45;30x45;;;;schwarz, gebürstet Gold, gebürstet Silber, grau, silber, weiß;;;
Wandbild;Wandbild im Alu-Rahmen;1;;Fotopapier (Fujifilm);Fotopapier;matt;Fujifilm;Fotobelichtung / Digitaldruck;Fotografisch;Querformat;diverse;40;40;40x40;;;;schwarz, gebürstet Gold, gebürstet Silber, grau, silber, weiß;;;
Wandbild;Wandbild im Alu-Rahmen;1;;Fotopapier (Fujifilm);Fotopapier;matt;Fujifilm;Fotobelichtung / Digitaldruck;Fotografisch;Querformat;diverse;40;60;40x60;;;;schwarz, gebürstet Gold, gebürstet Silber, grau, silber, weiß;;;
Wandbild;Wandbild im Alu-Rahmen;1;;Fotopapier (Fujifilm);Fotopapier;matt;Fujifilm;Fotobelichtung / Digitaldruck;Fotografisch;Querformat;diverse;60;60;60x60;;;;schwarz, gebürstet Gold, gebürstet Silber, grau, silber, weiß;;;
Wandbild;Mehrteilige Wandbilder;2;nebeneinander;Aluminium-Verbund;Alu-Verbund;;;Direktdruck HD;Direktdruck;je Teilbild;mehrteilig;20;30;20x30;;40x30;ohne;;;;
Wandbild;Mehrteilige Wandbilder;2;nebeneinander;Aluminium-Verbund;Alu-Verbund;;;Direktdruck HD;Direktdruck;je Teilbild;mehrteilig;30;30;30x30;;60x30;ohne;;;;
Wandbild;Mehrteilige Wandbilder;2;nebeneinander;Aluminium-Verbund;Alu-Verbund;;;Direktdruck HD;Direktdruck;je Teilbild;mehrteilig;30;40;30x40;;60x40;ohne;;;;
Wandbild;Mehrteilige Wandbilder;2;nebeneinander;Aluminium-Verbund;Alu-Verbund;;;Direktdruck HD;Direktdruck;je Teilbild;mehrteilig;30;45;30x45;;60x45;ohne;;;;
Wandbild;Mehrteilige Wandbilder;2;nebeneinander;Aluminium-Verbund;Alu-Verbund;;;Direktdruck HD;Direktdruck;je Teilbild;mehrteilig;40;50;40x50;;80x50;ohne;;;;
Wandbild;Mehrteilige Wandbilder;2;nebeneinander;Aluminium-Verbund;Alu-Verbund;;;Direktdruck HD;Direktdruck;je Teilbild;mehrteilig;40;60;40x60;;80x60;ohne;;;;
Wandbild;Mehrteilige Wandbilder;2;nebeneinander;Aluminium-Verbund;Alu-Verbund;;;Direktdruck HD;Direktdruck;je Teilbild;mehrteilig;50;75;50x75;;100x75;ohne;;;;
Wandbild;Mehrteilige Wandbilder;2;nebeneinander;Aluminium-Verbund;Alu-Verbund;;;Direktdruck HD;Direktdruck;je Teilbild;mehrteilig;50;100;50x100;;100x100;ohne;;;;
Wandbild;Mehrteilige Wandbilder;3;nebeneinander;Aluminium-Verbund;Alu-Verbund;;;Direktdruck HD;Direktdruck;je Teilbild;mehrteilig;;;diverse;;;ohne;;;;
Wandbild;Mehrteilige Wandbilder;4;nebeneinander;Aluminium-Verbund;Alu-Verbund;;;Direktdruck HD;Direktdruck;je Teilbild;mehrteilig;;;diverse;;;ohne;;;;
Wandbild;Mehrteilige Wandbilder;4;gekachelt;Aluminium-Verbund;Alu-Verbund;;;Direktdruck HD;Direktdruck;je Teilbild;mehrteilig;;;diverse;;;ohne;;;;
Wandbild;Mehrteilige Wandbilder;5;nebeneinander;Aluminium-Verbund;Alu-Verbund;;;Direktdruck HD;Direktdruck;je Teilbild;mehrteilig;;;diverse;;;ohne;;;;
Wandbild;Mehrteilige Wandbilder;6;nebeneinander;Aluminium-Verbund;Alu-Verbund;;;Direktdruck HD;Direktdruck;je Teilbild;mehrteilig;;;diverse;;;ohne;;;;
Wandbild;Mehrteilige Wandbilder;9;gekachelt;Aluminium-Verbund;Alu-Verbund;;;Direktdruck HD;Direktdruck;je Teilbild;mehrteilig;;;diverse;;;ohne;;;;
Poster/FineArt;FineArt;1;;FineArt-Papier (Hahnemühle);Hahnemühle Bamboo Natural Line;;Hahnemühle;FineArt-Inkjetdruck;Pigment / FineArt;Hochformat;2:3;10;15;10x15;;;ohne (Rollen-/Flachversand);;;;eigene ICC-Profile verfügbar
Poster/FineArt;FineArt;1;;FineArt-Papier (Hahnemühle);Hahnemühle Bamboo Natural Line;;Hahnemühle;FineArt-Inkjetdruck;Pigment / FineArt;Hochformat;2:3;10.5;14.8;10.5x14.8;A6;;ohne (Rollen-/Flachversand);;;;eigene ICC-Profile verfügbar
Poster/FineArt;FineArt;1;;FineArt-Papier (Hahnemühle);Hahnemühle Bamboo Natural Line;;Hahnemühle;FineArt-Inkjetdruck;Pigment / FineArt;Hochformat;2:3;13;18;13x18;;;ohne (Rollen-/Flachversand);;;;eigene ICC-Profile verfügbar
Poster/FineArt;FineArt;1;;FineArt-Papier (Hahnemühle);Hahnemühle Bamboo Natural Line;;Hahnemühle;FineArt-Inkjetdruck;Pigment / FineArt;Hochformat;2:3;13;19;13x19;;;ohne (Rollen-/Flachversand);;;;eigene ICC-Profile verfügbar
Poster/FineArt;FineArt;1;;FineArt-Papier (Hahnemühle);Hahnemühle Bamboo Natural Line;;Hahnemühle;FineArt-Inkjetdruck;Pigment / FineArt;Hochformat;2:3;14.8;21;14.8x21;A5;;ohne (Rollen-/Flachversand);;;;eigene ICC-Profile verfügbar
Poster/FineArt;FineArt;1;;FineArt-Papier (Hahnemühle);Hahnemühle Bamboo Natural Line;;Hahnemühle;FineArt-Inkjetdruck;Pigment / FineArt;Hochformat;2:3;15;21;15x21;;;ohne (Rollen-/Flachversand);;;;eigene ICC-Profile verfügbar
Poster/FineArt;FineArt;1;;FineArt-Papier (Hahnemühle);Hahnemühle Bamboo Natural Line;;Hahnemühle;FineArt-Inkjetdruck;Pigment / FineArt;Hochformat;2:3;15;22;15x22;;;ohne (Rollen-/Flachversand);;;;eigene ICC-Profile verfügbar
Poster/FineArt;FineArt;1;;FineArt-Papier (Hahnemühle);Hahnemühle Bamboo Natural Line;;Hahnemühle;FineArt-Inkjetdruck;Pigment / FineArt;Hochformat;2:3;20;30;20x30;;;ohne (Rollen-/Flachversand);;;;eigene ICC-Profile verfügbar
Poster/FineArt;FineArt;1;;FineArt-Papier (Hahnemühle);Hahnemühle Bamboo Natural Line;;Hahnemühle;FineArt-Inkjetdruck;Pigment / FineArt;Hochformat;2:3;21;29.7;21x29.7;A4;;ohne (Rollen-/Flachversand);;;;eigene ICC-Profile verfügbar
Poster/FineArt;FineArt;1;;FineArt-Papier (Hahnemühle);Hahnemühle Bamboo Natural Line;;Hahnemühle;FineArt-Inkjetdruck;Pigment / FineArt;Hochformat;2:3;29.7;42;29.7x42;A3;;ohne (Rollen-/Flachversand);;;;eigene ICC-Profile verfügbar
Poster/FineArt;FineArt;1;;FineArt-Papier (Hahnemühle);Hahnemühle Bamboo Natural Line;;Hahnemühle;FineArt-Inkjetdruck;Pigment / FineArt;Hochformat;2:3;30;45;30x45;;;ohne (Rollen-/Flachversand);;;;eigene ICC-Profile verfügbar
Poster/FineArt;FineArt;1;;FineArt-Papier (Hahnemühle);Hahnemühle Bamboo Natural Line;;Hahnemühle;FineArt-Inkjetdruck;Pigment / FineArt;Hochformat;2:3;40;60;40x60;;;ohne (Rollen-/Flachversand);;;;eigene ICC-Profile verfügbar
Poster/FineArt;FineArt;1;;FineArt-Papier (Hahnemühle);Hahnemühle Bamboo Natural Line;;Hahnemühle;FineArt-Inkjetdruck;Pigment / FineArt;Hochformat;2:3;42;59.4;42x59.4;A2;;ohne (Rollen-/Flachversand);;;;eigene ICC-Profile verfügbar
Poster/FineArt;FineArt;1;;FineArt-Papier (Hahnemühle);Hahnemühle Bamboo Natural Line;;Hahnemühle;FineArt-Inkjetdruck;Pigment / FineArt;Hochformat;2:3;50;70;50x70;;;ohne (Rollen-/Flachversand);;;;eigene ICC-Profile verfügbar
Poster/FineArt;FineArt;1;;FineArt-Papier (Hahnemühle);Hahnemühle Bamboo Natural Line;;Hahnemühle;FineArt-Inkjetdruck;Pigment / FineArt;Hochformat;2:3;50;75;50x75;;;ohne (Rollen-/Flachversand);;;;eigene ICC-Profile verfügbar
Poster/FineArt;FineArt;1;;FineArt-Papier (Hahnemühle);Hahnemühle Bamboo Natural Line;;Hahnemühle;FineArt-Inkjetdruck;Pigment / FineArt;Hochformat;2:3;59.4;84.1;59.4x84.1;A1;;ohne (Rollen-/Flachversand);;;;eigene ICC-Profile verfügbar
Poster/FineArt;FineArt;1;;FineArt-Papier (Hahnemühle);Hahnemühle Bamboo Natural Line;;Hahnemühle;FineArt-Inkjetdruck;Pigment / FineArt;Hochformat;2:3;60;90;60x90;;;ohne (Rollen-/Flachversand);;;;eigene ICC-Profile verfügbar
Poster/FineArt;FineArt;1;;FineArt-Papier (Hahnemühle);Hahnemühle Bamboo Natural Line;;Hahnemühle;FineArt-Inkjetdruck;Pigment / FineArt;Hochformat;2:3;70;100;70x100;;;ohne (Rollen-/Flachversand);;;;eigene ICC-Profile verfügbar
Poster/FineArt;FineArt;1;;FineArt-Papier (Hahnemühle);Hahnemühle Bamboo Natural Line;;Hahnemühle;FineArt-Inkjetdruck;Pigment / FineArt;Hochformat;2:3;70;105;70x105;;;ohne (Rollen-/Flachversand);;;;eigene ICC-Profile verfügbar
Poster/FineArt;FineArt;1;;FineArt-Papier (Hahnemühle);Hahnemühle Bamboo Natural Line;;Hahnemühle;FineArt-Inkjetdruck;Pigment / FineArt;Hochformat;3:4;18;24;18x24;;;ohne (Rollen-/Flachversand);;;;eigene ICC-Profile verfügbar
Poster/FineArt;FineArt;1;;FineArt-Papier (Hahnemühle);Hahnemühle Bamboo Natural Line;;Hahnemühle;FineArt-Inkjetdruck;Pigment / FineArt;Hochformat;3:4;30;40;30x40;;;ohne (Rollen-/Flachversand);;;;eigene ICC-Profile verfügbar
Poster/FineArt;FineArt;1;;FineArt-Papier (Hahnemühle);Hahnemühle Bamboo Natural Line;;Hahnemühle;FineArt-Inkjetdruck;Pigment / FineArt;Hochformat;3:4;60;80;60x80;;;ohne (Rollen-/Flachversand);;;;eigene ICC-Profile verfügbar
Poster/FineArt;FineArt;1;;FineArt-Papier (Hahnemühle);Hahnemühle Bamboo Natural Line;;Hahnemühle;FineArt-Inkjetdruck;Pigment / FineArt;Hochformat;4:5;10;13;10x13;;;ohne (Rollen-/Flachversand);;;;eigene ICC-Profile verfügbar
Poster/FineArt;FineArt;1;;FineArt-Papier (Hahnemühle);Hahnemühle Bamboo Natural Line;;Hahnemühle;FineArt-Inkjetdruck;Pigment / FineArt;Hochformat;4:5;40;50;40x50;;;ohne (Rollen-/Flachversand);;;;eigene ICC-Profile verfügbar
Poster/FineArt;FineArt;1;;FineArt-Papier (Hahnemühle);Hahnemühle Bamboo Natural Line;;Hahnemühle;FineArt-Inkjetdruck;Pigment / FineArt;Hochformat;4:5;70;90;70x90;;;ohne (Rollen-/Flachversand);;;;eigene ICC-Profile verfügbar
Poster/FineArt;FineArt;1;;FineArt-Papier (Hahnemühle);Hahnemühle Bamboo Natural Line;;Hahnemühle;FineArt-Inkjetdruck;Pigment / FineArt;Hochformat;1:1;15;15;15x15;;;ohne (Rollen-/Flachversand);;;;eigene ICC-Profile verfügbar
Poster/FineArt;FineArt;1;;FineArt-Papier (Hahnemühle);Hahnemühle Bamboo Natural Line;;Hahnemühle;FineArt-Inkjetdruck;Pigment / FineArt;Hochformat;1:1;20;20;20x20;;;ohne (Rollen-/Flachversand);;;;eigene ICC-Profile verfügbar
Poster/FineArt;FineArt;1;;FineArt-Papier (Hahnemühle);Hahnemühle Bamboo Natural Line;;Hahnemühle;FineArt-Inkjetdruck;Pigment / FineArt;Hochformat;1:1;21;21;21x21;;;ohne (Rollen-/Flachversand);;;;eigene ICC-Profile verfügbar
Poster/FineArt;FineArt;1;;FineArt-Papier (Hahnemühle);Hahnemühle Bamboo Natural Line;;Hahnemühle;FineArt-Inkjetdruck;Pigment / FineArt;Hochformat;1:1;30;30;30x30;;;ohne (Rollen-/Flachversand);;;;eigene ICC-Profile verfügbar
Poster/FineArt;FineArt;1;;FineArt-Papier (Hahnemühle);Hahnemühle Bamboo Natural Line;;Hahnemühle;FineArt-Inkjetdruck;Pigment / FineArt;Hochformat;1:1;40;40;40x40;;;ohne (Rollen-/Flachversand);;;;eigene ICC-Profile verfügbar
Poster/FineArt;FineArt;1;;FineArt-Papier (Hahnemühle);Hahnemühle Bamboo Natural Line;;Hahnemühle;FineArt-Inkjetdruck;Pigment / FineArt;Hochformat;1:1;50;50;50x50;;;ohne (Rollen-/Flachversand);;;;eigene ICC-Profile verfügbar
Poster/FineArt;FineArt;1;;FineArt-Papier (Hahnemühle);Hahnemühle Bamboo Natural Line;;Hahnemühle;FineArt-Inkjetdruck;Pigment / FineArt;Hochformat;1:1;60;60;60x60;;;ohne (Rollen-/Flachversand);;;;eigene ICC-Profile verfügbar
Poster/FineArt;FineArt;1;;FineArt-Papier (Hahnemühle);Hahnemühle Bamboo Natural Line;;Hahnemühle;FineArt-Inkjetdruck;Pigment / FineArt;Hochformat;1:1;70;70;70x70;;;ohne (Rollen-/Flachversand);;;;eigene ICC-Profile verfügbar
Poster/FineArt;FineArt;1;;FineArt-Papier (Hahnemühle);Hahnemühle Bamboo Natural Line;;Hahnemühle;FineArt-Inkjetdruck;Pigment / FineArt;Hochformat;Panorama;10;18;10x18;;;ohne (Rollen-/Flachversand);;;;eigene ICC-Profile verfügbar
Poster/FineArt;FineArt;1;;FineArt-Papier (Hahnemühle);Hahnemühle Bamboo Natural Line;;Hahnemühle;FineArt-Inkjetdruck;Pigment / FineArt;Hochformat;Panorama;10;20;10x20;;;ohne (Rollen-/Flachversand);;;;eigene ICC-Profile verfügbar
Poster/FineArt;FineArt;1;;FineArt-Papier (Hahnemühle);Hahnemühle Bamboo Natural Line;;Hahnemühle;FineArt-Inkjetdruck;Pigment / FineArt;Hochformat;Panorama;20;40;20x40;;;ohne (Rollen-/Flachversand);;;;eigene ICC-Profile verfügbar
Poster/FineArt;FineArt;1;;FineArt-Papier (Hahnemühle);Hahnemühle Bamboo Natural Line;;Hahnemühle;FineArt-Inkjetdruck;Pigment / FineArt;Hochformat;Panorama;20;60;20x60;;;ohne (Rollen-/Flachversand);;;;eigene ICC-Profile verfügbar
Poster/FineArt;FineArt;1;;FineArt-Papier (Hahnemühle);Hahnemühle Bamboo Natural Line;;Hahnemühle;FineArt-Inkjetdruck;Pigment / FineArt;Hochformat;Panorama;30;60;30x60;;;ohne (Rollen-/Flachversand);;;;eigene ICC-Profile verfügbar
Poster/FineArt;FineArt;1;;FineArt-Papier (Hahnemühle);Hahnemühle Bamboo Natural Line;;Hahnemühle;FineArt-Inkjetdruck;Pigment / FineArt;Hochformat;Panorama;30;90;30x90;;;ohne (Rollen-/Flachversand);;;;eigene ICC-Profile verfügbar
Poster/FineArt;FineArt;1;;FineArt-Papier (Hahnemühle);Hahnemühle Bamboo Natural Line;;Hahnemühle;FineArt-Inkjetdruck;Pigment / FineArt;Hochformat;Panorama;40;80;40x80;;;ohne (Rollen-/Flachversand);;;;eigene ICC-Profile verfügbar
Poster/FineArt;FineArt;1;;FineArt-Papier (Hahnemühle);Hahnemühle Bamboo Natural Line;;Hahnemühle;FineArt-Inkjetdruck;Pigment / FineArt;Hochformat;Panorama;50;100;50x100;;;ohne (Rollen-/Flachversand);;;;eigene ICC-Profile verfügbar
Poster/FineArt;FineArt;1;;FineArt-Papier (Hahnemühle);Hahnemühle Bamboo Natural Line;;Hahnemühle;FineArt-Inkjetdruck;Pigment / FineArt;Querformat;2:3;10;15;10x15;;;ohne (Rollen-/Flachversand);;;;eigene ICC-Profile verfügbar
Poster/FineArt;FineArt;1;;FineArt-Papier (Hahnemühle);Hahnemühle Bamboo Natural Line;;Hahnemühle;FineArt-Inkjetdruck;Pigment / FineArt;Querformat;2:3;10.5;14.8;10.5x14.8;A6;;ohne (Rollen-/Flachversand);;;;eigene ICC-Profile verfügbar
Poster/FineArt;FineArt;1;;FineArt-Papier (Hahnemühle);Hahnemühle Bamboo Natural Line;;Hahnemühle;FineArt-Inkjetdruck;Pigment / FineArt;Querformat;2:3;13;18;13x18;;;ohne (Rollen-/Flachversand);;;;eigene ICC-Profile verfügbar
Poster/FineArt;FineArt;1;;FineArt-Papier (Hahnemühle);Hahnemühle Bamboo Natural Line;;Hahnemühle;FineArt-Inkjetdruck;Pigment / FineArt;Querformat;2:3;13;19;13x19;;;ohne (Rollen-/Flachversand);;;;eigene ICC-Profile verfügbar
Poster/FineArt;FineArt;1;;FineArt-Papier (Hahnemühle);Hahnemühle Bamboo Natural Line;;Hahnemühle;FineArt-Inkjetdruck;Pigment / FineArt;Querformat;2:3;14.8;21;14.8x21;A5;;ohne (Rollen-/Flachversand);;;;eigene ICC-Profile verfügbar
Poster/FineArt;FineArt;1;;FineArt-Papier (Hahnemühle);Hahnemühle Bamboo Natural Line;;Hahnemühle;FineArt-Inkjetdruck;Pigment / FineArt;Querformat;2:3;15;21;15x21;;;ohne (Rollen-/Flachversand);;;;eigene ICC-Profile verfügbar
Poster/FineArt;FineArt;1;;FineArt-Papier (Hahnemühle);Hahnemühle Bamboo Natural Line;;Hahnemühle;FineArt-Inkjetdruck;Pigment / FineArt;Querformat;2:3;15;22;15x22;;;ohne (Rollen-/Flachversand);;;;eigene ICC-Profile verfügbar
Poster/FineArt;FineArt;1;;FineArt-Papier (Hahnemühle);Hahnemühle Bamboo Natural Line;;Hahnemühle;FineArt-Inkjetdruck;Pigment / FineArt;Querformat;2:3;20;30;20x30;;;ohne (Rollen-/Flachversand);;;;eigene ICC-Profile verfügbar
Poster/FineArt;FineArt;1;;FineArt-Papier (Hahnemühle);Hahnemühle Bamboo Natural Line;;Hahnemühle;FineArt-Inkjetdruck;Pigment / FineArt;Querformat;2:3;21;29.7;21x29.7;A4;;ohne (Rollen-/Flachversand);;;;eigene ICC-Profile verfügbar
Poster/FineArt;FineArt;1;;FineArt-Papier (Hahnemühle);Hahnemühle Bamboo Natural Line;;Hahnemühle;FineArt-Inkjetdruck;Pigment / FineArt;Querformat;2:3;29.7;42;29.7x42;A3;;ohne (Rollen-/Flachversand);;;;eigene ICC-Profile verfügbar
Poster/FineArt;FineArt;1;;FineArt-Papier (Hahnemühle);Hahnemühle Bamboo Natural Line;;Hahnemühle;FineArt-Inkjetdruck;Pigment / FineArt;Querformat;2:3;30;45;30x45;;;ohne (Rollen-/Flachversand);;;;eigene ICC-Profile verfügbar
Poster/FineArt;FineArt;1;;FineArt-Papier (Hahnemühle);Hahnemühle Bamboo Natural Line;;Hahnemühle;FineArt-Inkjetdruck;Pigment / FineArt;Querformat;2:3;40;60;40x60;;;ohne (Rollen-/Flachversand);;;;eigene ICC-Profile verfügbar
Poster/FineArt;FineArt;1;;FineArt-Papier (Hahnemühle);Hahnemühle Bamboo Natural Line;;Hahnemühle;FineArt-Inkjetdruck;Pigment / FineArt;Querformat;2:3;42;59.4;42x59.4;A2;;ohne (Rollen-/Flachversand);;;;eigene ICC-Profile verfügbar
Poster/FineArt;FineArt;1;;FineArt-Papier (Hahnemühle);Hahnemühle Bamboo Natural Line;;Hahnemühle;FineArt-Inkjetdruck;Pigment / FineArt;Querformat;2:3;50;70;50x70;;;ohne (Rollen-/Flachversand);;;;eigene ICC-Profile verfügbar
Poster/FineArt;FineArt;1;;FineArt-Papier (Hahnemühle);Hahnemühle Bamboo Natural Line;;Hahnemühle;FineArt-Inkjetdruck;Pigment / FineArt;Querformat;2:3;50;75;50x75;;;ohne (Rollen-/Flachversand);;;;eigene ICC-Profile verfügbar
Poster/FineArt;FineArt;1;;FineArt-Papier (Hahnemühle);Hahnemühle Bamboo Natural Line;;Hahnemühle;FineArt-Inkjetdruck;Pigment / FineArt;Querformat;2:3;59.4;84.1;59.4x84.1;A1;;ohne (Rollen-/Flachversand);;;;eigene ICC-Profile verfügbar
Poster/FineArt;FineArt;1;;FineArt-Papier (Hahnemühle);Hahnemühle Bamboo Natural Line;;Hahnemühle;FineArt-Inkjetdruck;Pigment / FineArt;Querformat;2:3;60;90;60x90;;;ohne (Rollen-/Flachversand);;;;eigene ICC-Profile verfügbar
Poster/FineArt;FineArt;1;;FineArt-Papier (Hahnemühle);Hahnemühle Bamboo Natural Line;;Hahnemühle;FineArt-Inkjetdruck;Pigment / FineArt;Querformat;2:3;70;100;70x100;;;ohne (Rollen-/Flachversand);;;;eigene ICC-Profile verfügbar
Poster/FineArt;FineArt;1;;FineArt-Papier (Hahnemühle);Hahnemühle Bamboo Natural Line;;Hahnemühle;FineArt-Inkjetdruck;Pigment / FineArt;Querformat;2:3;70;105;70x105;;;ohne (Rollen-/Flachversand);;;;eigene ICC-Profile verfügbar
Poster/FineArt;FineArt;1;;FineArt-Papier (Hahnemühle);Hahnemühle Bamboo Natural Line;;Hahnemühle;FineArt-Inkjetdruck;Pigment / FineArt;Querformat;3:4;18;24;18x24;;;ohne (Rollen-/Flachversand);;;;eigene ICC-Profile verfügbar
Poster/FineArt;FineArt;1;;FineArt-Papier (Hahnemühle);Hahnemühle Bamboo Natural Line;;Hahnemühle;FineArt-Inkjetdruck;Pigment / FineArt;Querformat;3:4;30;40;30x40;;;ohne (Rollen-/Flachversand);;;;eigene ICC-Profile verfügbar
Poster/FineArt;FineArt;1;;FineArt-Papier (Hahnemühle);Hahnemühle Bamboo Natural Line;;Hahnemühle;FineArt-Inkjetdruck;Pigment / FineArt;Querformat;3:4;60;80;60x80;;;ohne (Rollen-/Flachversand);;;;eigene ICC-Profile verfügbar
Poster/FineArt;FineArt;1;;FineArt-Papier (Hahnemühle);Hahnemühle Bamboo Natural Line;;Hahnemühle;FineArt-Inkjetdruck;Pigment / FineArt;Querformat;4:5;10;13;10x13;;;ohne (Rollen-/Flachversand);;;;eigene ICC-Profile verfügbar
Poster/FineArt;FineArt;1;;FineArt-Papier (Hahnemühle);Hahnemühle Bamboo Natural Line;;Hahnemühle;FineArt-Inkjetdruck;Pigment / FineArt;Querformat;4:5;40;50;40x50;;;ohne (Rollen-/Flachversand);;;;eigene ICC-Profile verfügbar
Poster/FineArt;FineArt;1;;FineArt-Papier (Hahnemühle);Hahnemühle Bamboo Natural Line;;Hahnemühle;FineArt-Inkjetdruck;Pigment / FineArt;Querformat;4:5;70;90;70x90;;;ohne (Rollen-/Flachversand);;;;eigene ICC-Profile verfügbar
Poster/FineArt;FineArt;1;;FineArt-Papier (Hahnemühle);Hahnemühle Bamboo Natural Line;;Hahnemühle;FineArt-Inkjetdruck;Pigment / FineArt;Querformat;1:1;15;15;15x15;;;ohne (Rollen-/Flachversand);;;;eigene ICC-Profile verfügbar
Poster/FineArt;FineArt;1;;FineArt-Papier (Hahnemühle);Hahnemühle Bamboo Natural Line;;Hahnemühle;FineArt-Inkjetdruck;Pigment / FineArt;Querformat;1:1;20;20;20x20;;;ohne (Rollen-/Flachversand);;;;eigene ICC-Profile verfügbar
Poster/FineArt;FineArt;1;;FineArt-Papier (Hahnemühle);Hahnemühle Bamboo Natural Line;;Hahnemühle;FineArt-Inkjetdruck;Pigment / FineArt;Querformat;1:1;21;21;21x21;;;ohne (Rollen-/Flachversand);;;;eigene ICC-Profile verfügbar
Poster/FineArt;FineArt;1;;FineArt-Papier (Hahnemühle);Hahnemühle Bamboo Natural Line;;Hahnemühle;FineArt-Inkjetdruck;Pigment / FineArt;Querformat;1:1;30;30;30x30;;;ohne (Rollen-/Flachversand);;;;eigene ICC-Profile verfügbar
Poster/FineArt;FineArt;1;;FineArt-Papier (Hahnemühle);Hahnemühle Bamboo Natural Line;;Hahnemühle;FineArt-Inkjetdruck;Pigment / FineArt;Querformat;1:1;40;40;40x40;;;ohne (Rollen-/Flachversand);;;;eigene ICC-Profile verfügbar
Poster/FineArt;FineArt;1;;FineArt-Papier (Hahnemühle);Hahnemühle Bamboo Natural Line;;Hahnemühle;FineArt-Inkjetdruck;Pigment / FineArt;Querformat;1:1;50;50;50x50;;;ohne (Rollen-/Flachversand);;;;eigene ICC-Profile verfügbar
Poster/FineArt;FineArt;1;;FineArt-Papier (Hahnemühle);Hahnemühle Bamboo Natural Line;;Hahnemühle;FineArt-Inkjetdruck;Pigment / FineArt;Querformat;1:1;60;60;60x60;;;ohne (Rollen-/Flachversand);;;;eigene ICC-Profile verfügbar
Poster/FineArt;FineArt;1;;FineArt-Papier (Hahnemühle);Hahnemühle Bamboo Natural Line;;Hahnemühle;FineArt-Inkjetdruck;Pigment / FineArt;Querformat;1:1;70;70;70x70;;;ohne (Rollen-/Flachversand);;;;eigene ICC-Profile verfügbar
Poster/FineArt;FineArt;1;;FineArt-Papier (Hahnemühle);Hahnemühle Bamboo Natural Line;;Hahnemühle;FineArt-Inkjetdruck;Pigment / FineArt;Querformat;Panorama;10;18;10x18;;;ohne (Rollen-/Flachversand);;;;eigene ICC-Profile verfügbar
Poster/FineArt;FineArt;1;;FineArt-Papier (Hahnemühle);Hahnemühle Bamboo Natural Line;;Hahnemühle;FineArt-Inkjetdruck;Pigment / FineArt;Querformat;Panorama;10;20;10x20;;;ohne (Rollen-/Flachversand);;;;eigene ICC-Profile verfügbar
Poster/FineArt;FineArt;1;;FineArt-Papier (Hahnemühle);Hahnemühle Bamboo Natural Line;;Hahnemühle;FineArt-Inkjetdruck;Pigment / FineArt;Querformat;Panorama;20;40;20x40;;;ohne (Rollen-/Flachversand);;;;eigene ICC-Profile verfügbar
Poster/FineArt;FineArt;1;;FineArt-Papier (Hahnemühle);Hahnemühle Bamboo Natural Line;;Hahnemühle;FineArt-Inkjetdruck;Pigment / FineArt;Querformat;Panorama;20;60;20x60;;;ohne (Rollen-/Flachversand);;;;eigene ICC-Profile verfügbar
Poster/FineArt;FineArt;1;;FineArt-Papier (Hahnemühle);Hahnemühle Bamboo Natural Line;;Hahnemühle;FineArt-Inkjetdruck;Pigment / FineArt;Querformat;Panorama;30;60;30x60;;;ohne (Rollen-/Flachversand);;;;eigene ICC-Profile verfügbar
Poster/FineArt;FineArt;1;;FineArt-Papier (Hahnemühle);Hahnemühle Bamboo Natural Line;;Hahnemühle;FineArt-Inkjetdruck;Pigment / FineArt;Querformat;Panorama;30;90;30x90;;;ohne (Rollen-/Flachversand);;;;eigene ICC-Profile verfügbar
Poster/FineArt;FineArt;1;;FineArt-Papier (Hahnemühle);Hahnemühle Bamboo Natural Line;;Hahnemühle;FineArt-Inkjetdruck;Pigment / FineArt;Querformat;Panorama;40;80;40x80;;;ohne (Rollen-/Flachversand);;;;eigene ICC-Profile verfügbar
Poster/FineArt;FineArt;1;;FineArt-Papier (Hahnemühle);Hahnemühle Bamboo Natural Line;;Hahnemühle;FineArt-Inkjetdruck;Pigment / FineArt;Querformat;Panorama;50;100;50x100;;;ohne (Rollen-/Flachversand);;;;eigene ICC-Profile verfügbar
Poster/FineArt;FineArt;1;;FineArt-Papier (Hahnemühle);Hahnemühle Baryta;;Hahnemühle;FineArt-Inkjetdruck;Pigment / FineArt;Hochformat;2:3;10;15;10x15;;;ohne (Rollen-/Flachversand);;;;eigene ICC-Profile verfügbar
Poster/FineArt;FineArt;1;;FineArt-Papier (Hahnemühle);Hahnemühle Baryta;;Hahnemühle;FineArt-Inkjetdruck;Pigment / FineArt;Hochformat;2:3;10.5;14.8;10.5x14.8;A6;;ohne (Rollen-/Flachversand);;;;eigene ICC-Profile verfügbar
Poster/FineArt;FineArt;1;;FineArt-Papier (Hahnemühle);Hahnemühle Baryta;;Hahnemühle;FineArt-Inkjetdruck;Pigment / FineArt;Hochformat;2:3;13;18;13x18;;;ohne (Rollen-/Flachversand);;;;eigene ICC-Profile verfügbar
Poster/FineArt;FineArt;1;;FineArt-Papier (Hahnemühle);Hahnemühle Baryta;;Hahnemühle;FineArt-Inkjetdruck;Pigment / FineArt;Hochformat;2:3;13;19;13x19;;;ohne (Rollen-/Flachversand);;;;eigene ICC-Profile verfügbar
Poster/FineArt;FineArt;1;;FineArt-Papier (Hahnemühle);Hahnemühle Baryta;;Hahnemühle;FineArt-Inkjetdruck;Pigment / FineArt;Hochformat;2:3;14.8;21;14.8x21;A5;;ohne (Rollen-/Flachversand);;;;eigene ICC-Profile verfügbar
Poster/FineArt;FineArt;1;;FineArt-Papier (Hahnemühle);Hahnemühle Baryta;;Hahnemühle;FineArt-Inkjetdruck;Pigment / FineArt;Hochformat;2:3;15;21;15x21;;;ohne (Rollen-/Flachversand);;;;eigene ICC-Profile verfügbar
Poster/FineArt;FineArt;1;;FineArt-Papier (Hahnemühle);Hahnemühle Baryta;;Hahnemühle;FineArt-Inkjetdruck;Pigment / FineArt;Hochformat;2:3;15;22;15x22;;;ohne (Rollen-/Flachversand);;;;eigene ICC-Profile verfügbar
Poster/FineArt;FineArt;1;;FineArt-Papier (Hahnemühle);Hahnemühle Baryta;;Hahnemühle;FineArt-Inkjetdruck;Pigment / FineArt;Hochformat;2:3;20;30;20x30;;;ohne (Rollen-/Flachversand);;;;eigene ICC-Profile verfügbar
Poster/FineArt;FineArt;1;;FineArt-Papier (Hahnemühle);Hahnemühle Baryta;;Hahnemühle;FineArt-Inkjetdruck;Pigment / FineArt;Hochformat;2:3;21;29.7;21x29.7;A4;;ohne (Rollen-/Flachversand);;;;eigene ICC-Profile verfügbar
Poster/FineArt;FineArt;1;;FineArt-Papier (Hahnemühle);Hahnemühle Baryta;;Hahnemühle;FineArt-Inkjetdruck;Pigment / FineArt;Hochformat;2:3;29.7;42;29.7x42;A3;;ohne (Rollen-/Flachversand);;;;eigene ICC-Profile verfügbar
Poster/FineArt;FineArt;1;;FineArt-Papier (Hahnemühle);Hahnemühle Baryta;;Hahnemühle;FineArt-Inkjetdruck;Pigment / FineArt;Hochformat;2:3;30;45;30x45;;;ohne (Rollen-/Flachversand);;;;eigene ICC-Profile verfügbar
Poster/FineArt;FineArt;1;;FineArt-Papier (Hahnemühle);Hahnemühle Baryta;;Hahnemühle;FineArt-Inkjetdruck;Pigment / FineArt;Hochformat;2:3;40;60;40x60;;;ohne (Rollen-/Flachversand);;;;eigene ICC-Profile verfügbar
Poster/FineArt;FineArt;1;;FineArt-Papier (Hahnemühle);Hahnemühle Baryta;;Hahnemühle;FineArt-Inkjetdruck;Pigment / FineArt;Hochformat;2:3;42;59.4;42x59.4;A2;;ohne (Rollen-/Flachversand);;;;eigene ICC-Profile verfügbar
Poster/FineArt;FineArt;1;;FineArt-Papier (Hahnemühle);Hahnemühle Baryta;;Hahnemühle;FineArt-Inkjetdruck;Pigment / FineArt;Hochformat;2:3;50;70;50x70;;;ohne (Rollen-/Flachversand);;;;eigene ICC-Profile verfügbar
Poster/FineArt;FineArt;1;;FineArt-Papier (Hahnemühle);Hahnemühle Baryta;;Hahnemühle;FineArt-Inkjetdruck;Pigment / FineArt;Hochformat;2:3;50;75;50x75;;;ohne (Rollen-/Flachversand);;;;eigene ICC-Profile verfügbar
Poster/FineArt;FineArt;1;;FineArt-Papier (Hahnemühle);Hahnemühle Baryta;;Hahnemühle;FineArt-Inkjetdruck;Pigment / FineArt;Hochformat;2:3;59.4;84.1;59.4x84.1;A1;;ohne (Rollen-/Flachversand);;;;eigene ICC-Profile verfügbar
Poster/FineArt;FineArt;1;;FineArt-Papier (Hahnemühle);Hahnemühle Baryta;;Hahnemühle;FineArt-Inkjetdruck;Pigment / FineArt;Hochformat;2:3;60;90;60x90;;;ohne (Rollen-/Flachversand);;;;eigene ICC-Profile verfügbar
Poster/FineArt;FineArt;1;;FineArt-Papier (Hahnemühle);Hahnemühle Baryta;;Hahnemühle;FineArt-Inkjetdruck;Pigment / FineArt;Hochformat;2:3;70;100;70x100;;;ohne (Rollen-/Flachversand);;;;eigene ICC-Profile verfügbar
Poster/FineArt;FineArt;1;;FineArt-Papier (Hahnemühle);Hahnemühle Baryta;;Hahnemühle;FineArt-Inkjetdruck;Pigment / FineArt;Hochformat;2:3;70;105;70x105;;;ohne (Rollen-/Flachversand);;;;eigene ICC-Profile verfügbar
Poster/FineArt;FineArt;1;;FineArt-Papier (Hahnemühle);Hahnemühle Baryta;;Hahnemühle;FineArt-Inkjetdruck;Pigment / FineArt;Hochformat;3:4;18;24;18x24;;;ohne (Rollen-/Flachversand);;;;eigene ICC-Profile verfügbar
Poster/FineArt;FineArt;1;;FineArt-Papier (Hahnemühle);Hahnemühle Baryta;;Hahnemühle;FineArt-Inkjetdruck;Pigment / FineArt;Hochformat;3:4;30;40;30x40;;;ohne (Rollen-/Flachversand);;;;eigene ICC-Profile verfügbar
Poster/FineArt;FineArt;1;;FineArt-Papier (Hahnemühle);Hahnemühle Baryta;;Hahnemühle;FineArt-Inkjetdruck;Pigment / FineArt;Hochformat;3:4;60;80;60x80;;;ohne (Rollen-/Flachversand);;;;eigene ICC-Profile verfügbar
Poster/FineArt;FineArt;1;;FineArt-Papier (Hahnemühle);Hahnemühle Baryta;;Hahnemühle;FineArt-Inkjetdruck;Pigment / FineArt;Hochformat;4:5;10;13;10x13;;;ohne (Rollen-/Flachversand);;;;eigene ICC-Profile verfügbar
Poster/FineArt;FineArt;1;;FineArt-Papier (Hahnemühle);Hahnemühle Baryta;;Hahnemühle;FineArt-Inkjetdruck;Pigment / FineArt;Hochformat;4:5;40;50;40x50;;;ohne (Rollen-/Flachversand);;;;eigene ICC-Profile verfügbar
Poster/FineArt;FineArt;1;;FineArt-Papier (Hahnemühle);Hahnemühle Baryta;;Hahnemühle;FineArt-Inkjetdruck;Pigment / FineArt;Hochformat;4:5;70;90;70x90;;;ohne (Rollen-/Flachversand);;;;eigene ICC-Profile verfügbar
Poster/FineArt;FineArt;1;;FineArt-Papier (Hahnemühle);Hahnemühle Baryta;;Hahnemühle;FineArt-Inkjetdruck;Pigment / FineArt;Hochformat;1:1;15;15;15x15;;;ohne (Rollen-/Flachversand);;;;eigene ICC-Profile verfügbar
Poster/FineArt;FineArt;1;;FineArt-Papier (Hahnemühle);Hahnemühle Baryta;;Hahnemühle;FineArt-Inkjetdruck;Pigment / FineArt;Hochformat;1:1;20;20;20x20;;;ohne (Rollen-/Flachversand);;;;eigene ICC-Profile verfügbar
Poster/FineArt;FineArt;1;;FineArt-Papier (Hahnemühle);Hahnemühle Baryta;;Hahnemühle;FineArt-Inkjetdruck;Pigment / FineArt;Hochformat;1:1;21;21;21x21;;;ohne (Rollen-/Flachversand);;;;eigene ICC-Profile verfügbar
Poster/FineArt;FineArt;1;;FineArt-Papier (Hahnemühle);Hahnemühle Baryta;;Hahnemühle;FineArt-Inkjetdruck;Pigment / FineArt;Hochformat;1:1;30;30;30x30;;;ohne (Rollen-/Flachversand);;;;eigene ICC-Profile verfügbar
Poster/FineArt;FineArt;1;;FineArt-Papier (Hahnemühle);Hahnemühle Baryta;;Hahnemühle;FineArt-Inkjetdruck;Pigment / FineArt;Hochformat;1:1;40;40;40x40;;;ohne (Rollen-/Flachversand);;;;eigene ICC-Profile verfügbar
Poster/FineArt;FineArt;1;;FineArt-Papier (Hahnemühle);Hahnemühle Baryta;;Hahnemühle;FineArt-Inkjetdruck;Pigment / FineArt;Hochformat;1:1;50;50;50x50;;;ohne (Rollen-/Flachversand);;;;eigene ICC-Profile verfügbar
Poster/FineArt;FineArt;1;;FineArt-Papier (Hahnemühle);Hahnemühle Baryta;;Hahnemühle;FineArt-Inkjetdruck;Pigment / FineArt;Hochformat;1:1;60;60;60x60;;;ohne (Rollen-/Flachversand);;;;eigene ICC-Profile verfügbar
Poster/FineArt;FineArt;1;;FineArt-Papier (Hahnemühle);Hahnemühle Baryta;;Hahnemühle;FineArt-Inkjetdruck;Pigment / FineArt;Hochformat;1:1;70;70;70x70;;;ohne (Rollen-/Flachversand);;;;eigene ICC-Profile verfügbar
Poster/FineArt;FineArt;1;;FineArt-Papier (Hahnemühle);Hahnemühle Baryta;;Hahnemühle;FineArt-Inkjetdruck;Pigment / FineArt;Hochformat;Panorama;10;18;10x18;;;ohne (Rollen-/Flachversand);;;;eigene ICC-Profile verfügbar
Poster/FineArt;FineArt;1;;FineArt-Papier (Hahnemühle);Hahnemühle Baryta;;Hahnemühle;FineArt-Inkjetdruck;Pigment / FineArt;Hochformat;Panorama;10;20;10x20;;;ohne (Rollen-/Flachversand);;;;eigene ICC-Profile verfügbar
Poster/FineArt;FineArt;1;;FineArt-Papier (Hahnemühle);Hahnemühle Baryta;;Hahnemühle;FineArt-Inkjetdruck;Pigment / FineArt;Hochformat;Panorama;20;40;20x40;;;ohne (Rollen-/Flachversand);;;;eigene ICC-Profile verfügbar
Poster/FineArt;FineArt;1;;FineArt-Papier (Hahnemühle);Hahnemühle Baryta;;Hahnemühle;FineArt-Inkjetdruck;Pigment / FineArt;Hochformat;Panorama;20;60;20x60;;;ohne (Rollen-/Flachversand);;;;eigene ICC-Profile verfügbar
Poster/FineArt;FineArt;1;;FineArt-Papier (Hahnemühle);Hahnemühle Baryta;;Hahnemühle;FineArt-Inkjetdruck;Pigment / FineArt;Hochformat;Panorama;30;60;30x60;;;ohne (Rollen-/Flachversand);;;;eigene ICC-Profile verfügbar
Poster/FineArt;FineArt;1;;FineArt-Papier (Hahnemühle);Hahnemühle Baryta;;Hahnemühle;FineArt-Inkjetdruck;Pigment / FineArt;Hochformat;Panorama;30;90;30x90;;;ohne (Rollen-/Flachversand);;;;eigene ICC-Profile verfügbar
Poster/FineArt;FineArt;1;;FineArt-Papier (Hahnemühle);Hahnemühle Baryta;;Hahnemühle;FineArt-Inkjetdruck;Pigment / FineArt;Hochformat;Panorama;40;80;40x80;;;ohne (Rollen-/Flachversand);;;;eigene ICC-Profile verfügbar
Poster/FineArt;FineArt;1;;FineArt-Papier (Hahnemühle);Hahnemühle Baryta;;Hahnemühle;FineArt-Inkjetdruck;Pigment / FineArt;Hochformat;Panorama;50;100;50x100;;;ohne (Rollen-/Flachversand);;;;eigene ICC-Profile verfügbar
Poster/FineArt;FineArt;1;;FineArt-Papier (Hahnemühle);Hahnemühle Baryta;;Hahnemühle;FineArt-Inkjetdruck;Pigment / FineArt;Querformat;2:3;10;15;10x15;;;ohne (Rollen-/Flachversand);;;;eigene ICC-Profile verfügbar
Poster/FineArt;FineArt;1;;FineArt-Papier (Hahnemühle);Hahnemühle Baryta;;Hahnemühle;FineArt-Inkjetdruck;Pigment / FineArt;Querformat;2:3;10.5;14.8;10.5x14.8;A6;;ohne (Rollen-/Flachversand);;;;eigene ICC-Profile verfügbar
Poster/FineArt;FineArt;1;;FineArt-Papier (Hahnemühle);Hahnemühle Baryta;;Hahnemühle;FineArt-Inkjetdruck;Pigment / FineArt;Querformat;2:3;13;18;13x18;;;ohne (Rollen-/Flachversand);;;;eigene ICC-Profile verfügbar
Poster/FineArt;FineArt;1;;FineArt-Papier (Hahnemühle);Hahnemühle Baryta;;Hahnemühle;FineArt-Inkjetdruck;Pigment / FineArt;Querformat;2:3;13;19;13x19;;;ohne (Rollen-/Flachversand);;;;eigene ICC-Profile verfügbar
Poster/FineArt;FineArt;1;;FineArt-Papier (Hahnemühle);Hahnemühle Baryta;;Hahnemühle;FineArt-Inkjetdruck;Pigment / FineArt;Querformat;2:3;14.8;21;14.8x21;A5;;ohne (Rollen-/Flachversand);;;;eigene ICC-Profile verfügbar
Poster/FineArt;FineArt;1;;FineArt-Papier (Hahnemühle);Hahnemühle Baryta;;Hahnemühle;FineArt-Inkjetdruck;Pigment / FineArt;Querformat;2:3;15;21;15x21;;;ohne (Rollen-/Flachversand);;;;eigene ICC-Profile verfügbar
Poster/FineArt;FineArt;1;;FineArt-Papier (Hahnemühle);Hahnemühle Baryta;;Hahnemühle;FineArt-Inkjetdruck;Pigment / FineArt;Querformat;2:3;15;22;15x22;;;ohne (Rollen-/Flachversand);;;;eigene ICC-Profile verfügbar
Poster/FineArt;FineArt;1;;FineArt-Papier (Hahnemühle);Hahnemühle Baryta;;Hahnemühle;FineArt-Inkjetdruck;Pigment / FineArt;Querformat;2:3;20;30;20x30;;;ohne (Rollen-/Flachversand);;;;eigene ICC-Profile verfügbar
Poster/FineArt;FineArt;1;;FineArt-Papier (Hahnemühle);Hahnemühle Baryta;;Hahnemühle;FineArt-Inkjetdruck;Pigment / FineArt;Querformat;2:3;21;29.7;21x29.7;A4;;ohne (Rollen-/Flachversand);;;;eigene ICC-Profile verfügbar
Poster/FineArt;FineArt;1;;FineArt-Papier (Hahnemühle);Hahnemühle Baryta;;Hahnemühle;FineArt-Inkjetdruck;Pigment / FineArt;Querformat;2:3;29.7;42;29.7x42;A3;;ohne (Rollen-/Flachversand);;;;eigene ICC-Profile verfügbar
Poster/FineArt;FineArt;1;;FineArt-Papier (Hahnemühle);Hahnemühle Baryta;;Hahnemühle;FineArt-Inkjetdruck;Pigment / FineArt;Querformat;2:3;30;45;30x45;;;ohne (Rollen-/Flachversand);;;;eigene ICC-Profile verfügbar
Poster/FineArt;FineArt;1;;FineArt-Papier (Hahnemühle);Hahnemühle Baryta;;Hahnemühle;FineArt-Inkjetdruck;Pigment / FineArt;Querformat;2:3;40;60;40x60;;;ohne (Rollen-/Flachversand);;;;eigene ICC-Profile verfügbar
Poster/FineArt;FineArt;1;;FineArt-Papier (Hahnemühle);Hahnemühle Baryta;;Hahnemühle;FineArt-Inkjetdruck;Pigment / FineArt;Querformat;2:3;42;59.4;42x59.4;A2;;ohne (Rollen-/Flachversand);;;;eigene ICC-Profile verfügbar
Poster/FineArt;FineArt;1;;FineArt-Papier (Hahnemühle);Hahnemühle Baryta;;Hahnemühle;FineArt-Inkjetdruck;Pigment / FineArt;Querformat;2:3;50;70;50x70;;;ohne (Rollen-/Flachversand);;;;eigene ICC-Profile verfügbar
Poster/FineArt;FineArt;1;;FineArt-Papier (Hahnemühle);Hahnemühle Baryta;;Hahnemühle;FineArt-Inkjetdruck;Pigment / FineArt;Querformat;2:3;50;75;50x75;;;ohne (Rollen-/Flachversand);;;;eigene ICC-Profile verfügbar
Poster/FineArt;FineArt;1;;FineArt-Papier (Hahnemühle);Hahnemühle Baryta;;Hahnemühle;FineArt-Inkjetdruck;Pigment / FineArt;Querformat;2:3;59.4;84.1;59.4x84.1;A1;;ohne (Rollen-/Flachversand);;;;eigene ICC-Profile verfügbar
Poster/FineArt;FineArt;1;;FineArt-Papier (Hahnemühle);Hahnemühle Baryta;;Hahnemühle;FineArt-Inkjetdruck;Pigment / FineArt;Querformat;2:3;60;90;60x90;;;ohne (Rollen-/Flachversand);;;;eigene ICC-Profile verfügbar
Poster/FineArt;FineArt;1;;FineArt-Papier (Hahnemühle);Hahnemühle Baryta;;Hahnemühle;FineArt-Inkjetdruck;Pigment / FineArt;Querformat;2:3;70;100;70x100;;;ohne (Rollen-/Flachversand);;;;eigene ICC-Profile verfügbar
Poster/FineArt;FineArt;1;;FineArt-Papier (Hahnemühle);Hahnemühle Baryta;;Hahnemühle;FineArt-Inkjetdruck;Pigment / FineArt;Querformat;2:3;70;105;70x105;;;ohne (Rollen-/Flachversand);;;;eigene ICC-Profile verfügbar
Poster/FineArt;FineArt;1;;FineArt-Papier (Hahnemühle);Hahnemühle Baryta;;Hahnemühle;FineArt-Inkjetdruck;Pigment / FineArt;Querformat;3:4;18;24;18x24;;;ohne (Rollen-/Flachversand);;;;eigene ICC-Profile verfügbar
Poster/FineArt;FineArt;1;;FineArt-Papier (Hahnemühle);Hahnemühle Baryta;;Hahnemühle;FineArt-Inkjetdruck;Pigment / FineArt;Querformat;3:4;30;40;30x40;;;ohne (Rollen-/Flachversand);;;;eigene ICC-Profile verfügbar
Poster/FineArt;FineArt;1;;FineArt-Papier (Hahnemühle);Hahnemühle Baryta;;Hahnemühle;FineArt-Inkjetdruck;Pigment / FineArt;Querformat;3:4;60;80;60x80;;;ohne (Rollen-/Flachversand);;;;eigene ICC-Profile verfügbar
Poster/FineArt;FineArt;1;;FineArt-Papier (Hahnemühle);Hahnemühle Baryta;;Hahnemühle;FineArt-Inkjetdruck;Pigment / FineArt;Querformat;4:5;10;13;10x13;;;ohne (Rollen-/Flachversand);;;;eigene ICC-Profile verfügbar
Poster/FineArt;FineArt;1;;FineArt-Papier (Hahnemühle);Hahnemühle Baryta;;Hahnemühle;FineArt-Inkjetdruck;Pigment / FineArt;Querformat;4:5;40;50;40x50;;;ohne (Rollen-/Flachversand);;;;eigene ICC-Profile verfügbar
Poster/FineArt;FineArt;1;;FineArt-Papier (Hahnemühle);Hahnemühle Baryta;;Hahnemühle;FineArt-Inkjetdruck;Pigment / FineArt;Querformat;4:5;70;90;70x90;;;ohne (Rollen-/Flachversand);;;;eigene ICC-Profile verfügbar
Poster/FineArt;FineArt;1;;FineArt-Papier (Hahnemühle);Hahnemühle Baryta;;Hahnemühle;FineArt-Inkjetdruck;Pigment / FineArt;Querformat;1:1;15;15;15x15;;;ohne (Rollen-/Flachversand);;;;eigene ICC-Profile verfügbar
Poster/FineArt;FineArt;1;;FineArt-Papier (Hahnemühle);Hahnemühle Baryta;;Hahnemühle;FineArt-Inkjetdruck;Pigment / FineArt;Querformat;1:1;20;20;20x20;;;ohne (Rollen-/Flachversand);;;;eigene ICC-Profile verfügbar
Poster/FineArt;FineArt;1;;FineArt-Papier (Hahnemühle);Hahnemühle Baryta;;Hahnemühle;FineArt-Inkjetdruck;Pigment / FineArt;Querformat;1:1;21;21;21x21;;;ohne (Rollen-/Flachversand);;;;eigene ICC-Profile verfügbar
Poster/FineArt;FineArt;1;;FineArt-Papier (Hahnemühle);Hahnemühle Baryta;;Hahnemühle;FineArt-Inkjetdruck;Pigment / FineArt;Querformat;1:1;30;30;30x30;;;ohne (Rollen-/Flachversand);;;;eigene ICC-Profile verfügbar
Poster/FineArt;FineArt;1;;FineArt-Papier (Hahnemühle);Hahnemühle Baryta;;Hahnemühle;FineArt-Inkjetdruck;Pigment / FineArt;Querformat;1:1;40;40;40x40;;;ohne (Rollen-/Flachversand);;;;eigene ICC-Profile verfügbar
Poster/FineArt;FineArt;1;;FineArt-Papier (Hahnemühle);Hahnemühle Baryta;;Hahnemühle;FineArt-Inkjetdruck;Pigment / FineArt;Querformat;1:1;50;50;50x50;;;ohne (Rollen-/Flachversand);;;;eigene ICC-Profile verfügbar
Poster/FineArt;FineArt;1;;FineArt-Papier (Hahnemühle);Hahnemühle Baryta;;Hahnemühle;FineArt-Inkjetdruck;Pigment / FineArt;Querformat;1:1;60;60;60x60;;;ohne (Rollen-/Flachversand);;;;eigene ICC-Profile verfügbar
Poster/FineArt;FineArt;1;;FineArt-Papier (Hahnemühle);Hahnemühle Baryta;;Hahnemühle;FineArt-Inkjetdruck;Pigment / FineArt;Querformat;1:1;70;70;70x70;;;ohne (Rollen-/Flachversand);;;;eigene ICC-Profile verfügbar
Poster/FineArt;FineArt;1;;FineArt-Papier (Hahnemühle);Hahnemühle Baryta;;Hahnemühle;FineArt-Inkjetdruck;Pigment / FineArt;Querformat;Panorama;10;18;10x18;;;ohne (Rollen-/Flachversand);;;;eigene ICC-Profile verfügbar
Poster/FineArt;FineArt;1;;FineArt-Papier (Hahnemühle);Hahnemühle Baryta;;Hahnemühle;FineArt-Inkjetdruck;Pigment / FineArt;Querformat;Panorama;10;20;10x20;;;ohne (Rollen-/Flachversand);;;;eigene ICC-Profile verfügbar
Poster/FineArt;FineArt;1;;FineArt-Papier (Hahnemühle);Hahnemühle Baryta;;Hahnemühle;FineArt-Inkjetdruck;Pigment / FineArt;Querformat;Panorama;20;40;20x40;;;ohne (Rollen-/Flachversand);;;;eigene ICC-Profile verfügbar
Poster/FineArt;FineArt;1;;FineArt-Papier (Hahnemühle);Hahnemühle Baryta;;Hahnemühle;FineArt-Inkjetdruck;Pigment / FineArt;Querformat;Panorama;20;60;20x60;;;ohne (Rollen-/Flachversand);;;;eigene ICC-Profile verfügbar
Poster/FineArt;FineArt;1;;FineArt-Papier (Hahnemühle);Hahnemühle Baryta;;Hahnemühle;FineArt-Inkjetdruck;Pigment / FineArt;Querformat;Panorama;30;60;30x60;;;ohne (Rollen-/Flachversand);;;;eigene ICC-Profile verfügbar
Poster/FineArt;FineArt;1;;FineArt-Papier (Hahnemühle);Hahnemühle Baryta;;Hahnemühle;FineArt-Inkjetdruck;Pigment / FineArt;Querformat;Panorama;30;90;30x90;;;ohne (Rollen-/Flachversand);;;;eigene ICC-Profile verfügbar
Poster/FineArt;FineArt;1;;FineArt-Papier (Hahnemühle);Hahnemühle Baryta;;Hahnemühle;FineArt-Inkjetdruck;Pigment / FineArt;Querformat;Panorama;40;80;40x80;;;ohne (Rollen-/Flachversand);;;;eigene ICC-Profile verfügbar
Poster/FineArt;FineArt;1;;FineArt-Papier (Hahnemühle);Hahnemühle Baryta;;Hahnemühle;FineArt-Inkjetdruck;Pigment / FineArt;Querformat;Panorama;50;100;50x100;;;ohne (Rollen-/Flachversand);;;;eigene ICC-Profile verfügbar
Poster/FineArt;FineArt;1;;FineArt-Papier (Hahnemühle);Hahnemühle Hemp Natural Line;;Hahnemühle;FineArt-Inkjetdruck;Pigment / FineArt;Hochformat;2:3;10;15;10x15;;;ohne (Rollen-/Flachversand);;;;eigene ICC-Profile verfügbar
Poster/FineArt;FineArt;1;;FineArt-Papier (Hahnemühle);Hahnemühle Hemp Natural Line;;Hahnemühle;FineArt-Inkjetdruck;Pigment / FineArt;Hochformat;2:3;10.5;14.8;10.5x14.8;A6;;ohne (Rollen-/Flachversand);;;;eigene ICC-Profile verfügbar
Poster/FineArt;FineArt;1;;FineArt-Papier (Hahnemühle);Hahnemühle Hemp Natural Line;;Hahnemühle;FineArt-Inkjetdruck;Pigment / FineArt;Hochformat;2:3;13;18;13x18;;;ohne (Rollen-/Flachversand);;;;eigene ICC-Profile verfügbar
Poster/FineArt;FineArt;1;;FineArt-Papier (Hahnemühle);Hahnemühle Hemp Natural Line;;Hahnemühle;FineArt-Inkjetdruck;Pigment / FineArt;Hochformat;2:3;13;19;13x19;;;ohne (Rollen-/Flachversand);;;;eigene ICC-Profile verfügbar
Poster/FineArt;FineArt;1;;FineArt-Papier (Hahnemühle);Hahnemühle Hemp Natural Line;;Hahnemühle;FineArt-Inkjetdruck;Pigment / FineArt;Hochformat;2:3;14.8;21;14.8x21;A5;;ohne (Rollen-/Flachversand);;;;eigene ICC-Profile verfügbar
Poster/FineArt;FineArt;1;;FineArt-Papier (Hahnemühle);Hahnemühle Hemp Natural Line;;Hahnemühle;FineArt-Inkjetdruck;Pigment / FineArt;Hochformat;2:3;15;21;15x21;;;ohne (Rollen-/Flachversand);;;;eigene ICC-Profile verfügbar
Poster/FineArt;FineArt;1;;FineArt-Papier (Hahnemühle);Hahnemühle Hemp Natural Line;;Hahnemühle;FineArt-Inkjetdruck;Pigment / FineArt;Hochformat;2:3;15;22;15x22;;;ohne (Rollen-/Flachversand);;;;eigene ICC-Profile verfügbar
Poster/FineArt;FineArt;1;;FineArt-Papier (Hahnemühle);Hahnemühle Hemp Natural Line;;Hahnemühle;FineArt-Inkjetdruck;Pigment / FineArt;Hochformat;2:3;20;30;20x30;;;ohne (Rollen-/Flachversand);;;;eigene ICC-Profile verfügbar
Poster/FineArt;FineArt;1;;FineArt-Papier (Hahnemühle);Hahnemühle Hemp Natural Line;;Hahnemühle;FineArt-Inkjetdruck;Pigment / FineArt;Hochformat;2:3;21;29.7;21x29.7;A4;;ohne (Rollen-/Flachversand);;;;eigene ICC-Profile verfügbar
Poster/FineArt;FineArt;1;;FineArt-Papier (Hahnemühle);Hahnemühle Hemp Natural Line;;Hahnemühle;FineArt-Inkjetdruck;Pigment / FineArt;Hochformat;2:3;29.7;42;29.7x42;A3;;ohne (Rollen-/Flachversand);;;;eigene ICC-Profile verfügbar
Poster/FineArt;FineArt;1;;FineArt-Papier (Hahnemühle);Hahnemühle Hemp Natural Line;;Hahnemühle;FineArt-Inkjetdruck;Pigment / FineArt;Hochformat;2:3;30;45;30x45;;;ohne (Rollen-/Flachversand);;;;eigene ICC-Profile verfügbar
Poster/FineArt;FineArt;1;;FineArt-Papier (Hahnemühle);Hahnemühle Hemp Natural Line;;Hahnemühle;FineArt-Inkjetdruck;Pigment / FineArt;Hochformat;2:3;40;60;40x60;;;ohne (Rollen-/Flachversand);;;;eigene ICC-Profile verfügbar
Poster/FineArt;FineArt;1;;FineArt-Papier (Hahnemühle);Hahnemühle Hemp Natural Line;;Hahnemühle;FineArt-Inkjetdruck;Pigment / FineArt;Hochformat;2:3;42;59.4;42x59.4;A2;;ohne (Rollen-/Flachversand);;;;eigene ICC-Profile verfügbar
Poster/FineArt;FineArt;1;;FineArt-Papier (Hahnemühle);Hahnemühle Hemp Natural Line;;Hahnemühle;FineArt-Inkjetdruck;Pigment / FineArt;Hochformat;2:3;50;70;50x70;;;ohne (Rollen-/Flachversand);;;;eigene ICC-Profile verfügbar
Poster/FineArt;FineArt;1;;FineArt-Papier (Hahnemühle);Hahnemühle Hemp Natural Line;;Hahnemühle;FineArt-Inkjetdruck;Pigment / FineArt;Hochformat;2:3;50;75;50x75;;;ohne (Rollen-/Flachversand);;;;eigene ICC-Profile verfügbar
Poster/FineArt;FineArt;1;;FineArt-Papier (Hahnemühle);Hahnemühle Hemp Natural Line;;Hahnemühle;FineArt-Inkjetdruck;Pigment / FineArt;Hochformat;2:3;59.4;84.1;59.4x84.1;A1;;ohne (Rollen-/Flachversand);;;;eigene ICC-Profile verfügbar
Poster/FineArt;FineArt;1;;FineArt-Papier (Hahnemühle);Hahnemühle Hemp Natural Line;;Hahnemühle;FineArt-Inkjetdruck;Pigment / FineArt;Hochformat;2:3;60;90;60x90;;;ohne (Rollen-/Flachversand);;;;eigene ICC-Profile verfügbar
Poster/FineArt;FineArt;1;;FineArt-Papier (Hahnemühle);Hahnemühle Hemp Natural Line;;Hahnemühle;FineArt-Inkjetdruck;Pigment / FineArt;Hochformat;2:3;70;100;70x100;;;ohne (Rollen-/Flachversand);;;;eigene ICC-Profile verfügbar
Poster/FineArt;FineArt;1;;FineArt-Papier (Hahnemühle);Hahnemühle Hemp Natural Line;;Hahnemühle;FineArt-Inkjetdruck;Pigment / FineArt;Hochformat;2:3;70;105;70x105;;;ohne (Rollen-/Flachversand);;;;eigene ICC-Profile verfügbar
Poster/FineArt;FineArt;1;;FineArt-Papier (Hahnemühle);Hahnemühle Hemp Natural Line;;Hahnemühle;FineArt-Inkjetdruck;Pigment / FineArt;Hochformat;3:4;18;24;18x24;;;ohne (Rollen-/Flachversand);;;;eigene ICC-Profile verfügbar
Poster/FineArt;FineArt;1;;FineArt-Papier (Hahnemühle);Hahnemühle Hemp Natural Line;;Hahnemühle;FineArt-Inkjetdruck;Pigment / FineArt;Hochformat;3:4;30;40;30x40;;;ohne (Rollen-/Flachversand);;;;eigene ICC-Profile verfügbar
Poster/FineArt;FineArt;1;;FineArt-Papier (Hahnemühle);Hahnemühle Hemp Natural Line;;Hahnemühle;FineArt-Inkjetdruck;Pigment / FineArt;Hochformat;3:4;60;80;60x80;;;ohne (Rollen-/Flachversand);;;;eigene ICC-Profile verfügbar
Poster/FineArt;FineArt;1;;FineArt-Papier (Hahnemühle);Hahnemühle Hemp Natural Line;;Hahnemühle;FineArt-Inkjetdruck;Pigment / FineArt;Hochformat;4:5;10;13;10x13;;;ohne (Rollen-/Flachversand);;;;eigene ICC-Profile verfügbar
Poster/FineArt;FineArt;1;;FineArt-Papier (Hahnemühle);Hahnemühle Hemp Natural Line;;Hahnemühle;FineArt-Inkjetdruck;Pigment / FineArt;Hochformat;4:5;40;50;40x50;;;ohne (Rollen-/Flachversand);;;;eigene ICC-Profile verfügbar
Poster/FineArt;FineArt;1;;FineArt-Papier (Hahnemühle);Hahnemühle Hemp Natural Line;;Hahnemühle;FineArt-Inkjetdruck;Pigment / FineArt;Hochformat;4:5;70;90;70x90;;;ohne (Rollen-/Flachversand);;;;eigene ICC-Profile verfügbar
Poster/FineArt;FineArt;1;;FineArt-Papier (Hahnemühle);Hahnemühle Hemp Natural Line;;Hahnemühle;FineArt-Inkjetdruck;Pigment / FineArt;Hochformat;1:1;15;15;15x15;;;ohne (Rollen-/Flachversand);;;;eigene ICC-Profile verfügbar
Poster/FineArt;FineArt;1;;FineArt-Papier (Hahnemühle);Hahnemühle Hemp Natural Line;;Hahnemühle;FineArt-Inkjetdruck;Pigment / FineArt;Hochformat;1:1;20;20;20x20;;;ohne (Rollen-/Flachversand);;;;eigene ICC-Profile verfügbar
Poster/FineArt;FineArt;1;;FineArt-Papier (Hahnemühle);Hahnemühle Hemp Natural Line;;Hahnemühle;FineArt-Inkjetdruck;Pigment / FineArt;Hochformat;1:1;21;21;21x21;;;ohne (Rollen-/Flachversand);;;;eigene ICC-Profile verfügbar
Poster/FineArt;FineArt;1;;FineArt-Papier (Hahnemühle);Hahnemühle Hemp Natural Line;;Hahnemühle;FineArt-Inkjetdruck;Pigment / FineArt;Hochformat;1:1;30;30;30x30;;;ohne (Rollen-/Flachversand);;;;eigene ICC-Profile verfügbar
Poster/FineArt;FineArt;1;;FineArt-Papier (Hahnemühle);Hahnemühle Hemp Natural Line;;Hahnemühle;FineArt-Inkjetdruck;Pigment / FineArt;Hochformat;1:1;40;40;40x40;;;ohne (Rollen-/Flachversand);;;;eigene ICC-Profile verfügbar
Poster/FineArt;FineArt;1;;FineArt-Papier (Hahnemühle);Hahnemühle Hemp Natural Line;;Hahnemühle;FineArt-Inkjetdruck;Pigment / FineArt;Hochformat;1:1;50;50;50x50;;;ohne (Rollen-/Flachversand);;;;eigene ICC-Profile verfügbar
Poster/FineArt;FineArt;1;;FineArt-Papier (Hahnemühle);Hahnemühle Hemp Natural Line;;Hahnemühle;FineArt-Inkjetdruck;Pigment / FineArt;Hochformat;1:1;60;60;60x60;;;ohne (Rollen-/Flachversand);;;;eigene ICC-Profile verfügbar
Poster/FineArt;FineArt;1;;FineArt-Papier (Hahnemühle);Hahnemühle Hemp Natural Line;;Hahnemühle;FineArt-Inkjetdruck;Pigment / FineArt;Hochformat;1:1;70;70;70x70;;;ohne (Rollen-/Flachversand);;;;eigene ICC-Profile verfügbar
Poster/FineArt;FineArt;1;;FineArt-Papier (Hahnemühle);Hahnemühle Hemp Natural Line;;Hahnemühle;FineArt-Inkjetdruck;Pigment / FineArt;Hochformat;Panorama;10;18;10x18;;;ohne (Rollen-/Flachversand);;;;eigene ICC-Profile verfügbar
Poster/FineArt;FineArt;1;;FineArt-Papier (Hahnemühle);Hahnemühle Hemp Natural Line;;Hahnemühle;FineArt-Inkjetdruck;Pigment / FineArt;Hochformat;Panorama;10;20;10x20;;;ohne (Rollen-/Flachversand);;;;eigene ICC-Profile verfügbar
Poster/FineArt;FineArt;1;;FineArt-Papier (Hahnemühle);Hahnemühle Hemp Natural Line;;Hahnemühle;FineArt-Inkjetdruck;Pigment / FineArt;Hochformat;Panorama;20;40;20x40;;;ohne (Rollen-/Flachversand);;;;eigene ICC-Profile verfügbar
Poster/FineArt;FineArt;1;;FineArt-Papier (Hahnemühle);Hahnemühle Hemp Natural Line;;Hahnemühle;FineArt-Inkjetdruck;Pigment / FineArt;Hochformat;Panorama;20;60;20x60;;;ohne (Rollen-/Flachversand);;;;eigene ICC-Profile verfügbar
Poster/FineArt;FineArt;1;;FineArt-Papier (Hahnemühle);Hahnemühle Hemp Natural Line;;Hahnemühle;FineArt-Inkjetdruck;Pigment / FineArt;Hochformat;Panorama;30;60;30x60;;;ohne (Rollen-/Flachversand);;;;eigene ICC-Profile verfügbar
Poster/FineArt;FineArt;1;;FineArt-Papier (Hahnemühle);Hahnemühle Hemp Natural Line;;Hahnemühle;FineArt-Inkjetdruck;Pigment / FineArt;Hochformat;Panorama;30;90;30x90;;;ohne (Rollen-/Flachversand);;;;eigene ICC-Profile verfügbar
Poster/FineArt;FineArt;1;;FineArt-Papier (Hahnemühle);Hahnemühle Hemp Natural Line;;Hahnemühle;FineArt-Inkjetdruck;Pigment / FineArt;Hochformat;Panorama;40;80;40x80;;;ohne (Rollen-/Flachversand);;;;eigene ICC-Profile verfügbar
Poster/FineArt;FineArt;1;;FineArt-Papier (Hahnemühle);Hahnemühle Hemp Natural Line;;Hahnemühle;FineArt-Inkjetdruck;Pigment / FineArt;Hochformat;Panorama;50;100;50x100;;;ohne (Rollen-/Flachversand);;;;eigene ICC-Profile verfügbar
Poster/FineArt;FineArt;1;;FineArt-Papier (Hahnemühle);Hahnemühle Hemp Natural Line;;Hahnemühle;FineArt-Inkjetdruck;Pigment / FineArt;Querformat;2:3;10;15;10x15;;;ohne (Rollen-/Flachversand);;;;eigene ICC-Profile verfügbar
Poster/FineArt;FineArt;1;;FineArt-Papier (Hahnemühle);Hahnemühle Hemp Natural Line;;Hahnemühle;FineArt-Inkjetdruck;Pigment / FineArt;Querformat;2:3;10.5;14.8;10.5x14.8;A6;;ohne (Rollen-/Flachversand);;;;eigene ICC-Profile verfügbar
Poster/FineArt;FineArt;1;;FineArt-Papier (Hahnemühle);Hahnemühle Hemp Natural Line;;Hahnemühle;FineArt-Inkjetdruck;Pigment / FineArt;Querformat;2:3;13;18;13x18;;;ohne (Rollen-/Flachversand);;;;eigene ICC-Profile verfügbar
Poster/FineArt;FineArt;1;;FineArt-Papier (Hahnemühle);Hahnemühle Hemp Natural Line;;Hahnemühle;FineArt-Inkjetdruck;Pigment / FineArt;Querformat;2:3;13;19;13x19;;;ohne (Rollen-/Flachversand);;;;eigene ICC-Profile verfügbar
Poster/FineArt;FineArt;1;;FineArt-Papier (Hahnemühle);Hahnemühle Hemp Natural Line;;Hahnemühle;FineArt-Inkjetdruck;Pigment / FineArt;Querformat;2:3;14.8;21;14.8x21;A5;;ohne (Rollen-/Flachversand);;;;eigene ICC-Profile verfügbar
Poster/FineArt;FineArt;1;;FineArt-Papier (Hahnemühle);Hahnemühle Hemp Natural Line;;Hahnemühle;FineArt-Inkjetdruck;Pigment / FineArt;Querformat;2:3;15;21;15x21;;;ohne (Rollen-/Flachversand);;;;eigene ICC-Profile verfügbar
Poster/FineArt;FineArt;1;;FineArt-Papier (Hahnemühle);Hahnemühle Hemp Natural Line;;Hahnemühle;FineArt-Inkjetdruck;Pigment / FineArt;Querformat;2:3;15;22;15x22;;;ohne (Rollen-/Flachversand);;;;eigene ICC-Profile verfügbar
Poster/FineArt;FineArt;1;;FineArt-Papier (Hahnemühle);Hahnemühle Hemp Natural Line;;Hahnemühle;FineArt-Inkjetdruck;Pigment / FineArt;Querformat;2:3;20;30;20x30;;;ohne (Rollen-/Flachversand);;;;eigene ICC-Profile verfügbar
Poster/FineArt;FineArt;1;;FineArt-Papier (Hahnemühle);Hahnemühle Hemp Natural Line;;Hahnemühle;FineArt-Inkjetdruck;Pigment / FineArt;Querformat;2:3;21;29.7;21x29.7;A4;;ohne (Rollen-/Flachversand);;;;eigene ICC-Profile verfügbar
Poster/FineArt;FineArt;1;;FineArt-Papier (Hahnemühle);Hahnemühle Hemp Natural Line;;Hahnemühle;FineArt-Inkjetdruck;Pigment / FineArt;Querformat;2:3;29.7;42;29.7x42;A3;;ohne (Rollen-/Flachversand);;;;eigene ICC-Profile verfügbar
Poster/FineArt;FineArt;1;;FineArt-Papier (Hahnemühle);Hahnemühle Hemp Natural Line;;Hahnemühle;FineArt-Inkjetdruck;Pigment / FineArt;Querformat;2:3;30;45;30x45;;;ohne (Rollen-/Flachversand);;;;eigene ICC-Profile verfügbar
Poster/FineArt;FineArt;1;;FineArt-Papier (Hahnemühle);Hahnemühle Hemp Natural Line;;Hahnemühle;FineArt-Inkjetdruck;Pigment / FineArt;Querformat;2:3;40;60;40x60;;;ohne (Rollen-/Flachversand);;;;eigene ICC-Profile verfügbar
Poster/FineArt;FineArt;1;;FineArt-Papier (Hahnemühle);Hahnemühle Hemp Natural Line;;Hahnemühle;FineArt-Inkjetdruck;Pigment / FineArt;Querformat;2:3;42;59.4;42x59.4;A2;;ohne (Rollen-/Flachversand);;;;eigene ICC-Profile verfügbar
Poster/FineArt;FineArt;1;;FineArt-Papier (Hahnemühle);Hahnemühle Hemp Natural Line;;Hahnemühle;FineArt-Inkjetdruck;Pigment / FineArt;Querformat;2:3;50;70;50x70;;;ohne (Rollen-/Flachversand);;;;eigene ICC-Profile verfügbar
Poster/FineArt;FineArt;1;;FineArt-Papier (Hahnemühle);Hahnemühle Hemp Natural Line;;Hahnemühle;FineArt-Inkjetdruck;Pigment / FineArt;Querformat;2:3;50;75;50x75;;;ohne (Rollen-/Flachversand);;;;eigene ICC-Profile verfügbar
Poster/FineArt;FineArt;1;;FineArt-Papier (Hahnemühle);Hahnemühle Hemp Natural Line;;Hahnemühle;FineArt-Inkjetdruck;Pigment / FineArt;Querformat;2:3;59.4;84.1;59.4x84.1;A1;;ohne (Rollen-/Flachversand);;;;eigene ICC-Profile verfügbar
Poster/FineArt;FineArt;1;;FineArt-Papier (Hahnemühle);Hahnemühle Hemp Natural Line;;Hahnemühle;FineArt-Inkjetdruck;Pigment / FineArt;Querformat;2:3;60;90;60x90;;;ohne (Rollen-/Flachversand);;;;eigene ICC-Profile verfügbar
Poster/FineArt;FineArt;1;;FineArt-Papier (Hahnemühle);Hahnemühle Hemp Natural Line;;Hahnemühle;FineArt-Inkjetdruck;Pigment / FineArt;Querformat;2:3;70;100;70x100;;;ohne (Rollen-/Flachversand);;;;eigene ICC-Profile verfügbar
Poster/FineArt;FineArt;1;;FineArt-Papier (Hahnemühle);Hahnemühle Hemp Natural Line;;Hahnemühle;FineArt-Inkjetdruck;Pigment / FineArt;Querformat;2:3;70;105;70x105;;;ohne (Rollen-/Flachversand);;;;eigene ICC-Profile verfügbar
Poster/FineArt;FineArt;1;;FineArt-Papier (Hahnemühle);Hahnemühle Hemp Natural Line;;Hahnemühle;FineArt-Inkjetdruck;Pigment / FineArt;Querformat;3:4;18;24;18x24;;;ohne (Rollen-/Flachversand);;;;eigene ICC-Profile verfügbar
Poster/FineArt;FineArt;1;;FineArt-Papier (Hahnemühle);Hahnemühle Hemp Natural Line;;Hahnemühle;FineArt-Inkjetdruck;Pigment / FineArt;Querformat;3:4;30;40;30x40;;;ohne (Rollen-/Flachversand);;;;eigene ICC-Profile verfügbar
Poster/FineArt;FineArt;1;;FineArt-Papier (Hahnemühle);Hahnemühle Hemp Natural Line;;Hahnemühle;FineArt-Inkjetdruck;Pigment / FineArt;Querformat;3:4;60;80;60x80;;;ohne (Rollen-/Flachversand);;;;eigene ICC-Profile verfügbar
Poster/FineArt;FineArt;1;;FineArt-Papier (Hahnemühle);Hahnemühle Hemp Natural Line;;Hahnemühle;FineArt-Inkjetdruck;Pigment / FineArt;Querformat;4:5;10;13;10x13;;;ohne (Rollen-/Flachversand);;;;eigene ICC-Profile verfügbar
Poster/FineArt;FineArt;1;;FineArt-Papier (Hahnemühle);Hahnemühle Hemp Natural Line;;Hahnemühle;FineArt-Inkjetdruck;Pigment / FineArt;Querformat;4:5;40;50;40x50;;;ohne (Rollen-/Flachversand);;;;eigene ICC-Profile verfügbar
Poster/FineArt;FineArt;1;;FineArt-Papier (Hahnemühle);Hahnemühle Hemp Natural Line;;Hahnemühle;FineArt-Inkjetdruck;Pigment / FineArt;Querformat;4:5;70;90;70x90;;;ohne (Rollen-/Flachversand);;;;eigene ICC-Profile verfügbar
Poster/FineArt;FineArt;1;;FineArt-Papier (Hahnemühle);Hahnemühle Hemp Natural Line;;Hahnemühle;FineArt-Inkjetdruck;Pigment / FineArt;Querformat;1:1;15;15;15x15;;;ohne (Rollen-/Flachversand);;;;eigene ICC-Profile verfügbar
Poster/FineArt;FineArt;1;;FineArt-Papier (Hahnemühle);Hahnemühle Hemp Natural Line;;Hahnemühle;FineArt-Inkjetdruck;Pigment / FineArt;Querformat;1:1;20;20;20x20;;;ohne (Rollen-/Flachversand);;;;eigene ICC-Profile verfügbar
Poster/FineArt;FineArt;1;;FineArt-Papier (Hahnemühle);Hahnemühle Hemp Natural Line;;Hahnemühle;FineArt-Inkjetdruck;Pigment / FineArt;Querformat;1:1;21;21;21x21;;;ohne (Rollen-/Flachversand);;;;eigene ICC-Profile verfügbar
Poster/FineArt;FineArt;1;;FineArt-Papier (Hahnemühle);Hahnemühle Hemp Natural Line;;Hahnemühle;FineArt-Inkjetdruck;Pigment / FineArt;Querformat;1:1;30;30;30x30;;;ohne (Rollen-/Flachversand);;;;eigene ICC-Profile verfügbar
Poster/FineArt;FineArt;1;;FineArt-Papier (Hahnemühle);Hahnemühle Hemp Natural Line;;Hahnemühle;FineArt-Inkjetdruck;Pigment / FineArt;Querformat;1:1;40;40;40x40;;;ohne (Rollen-/Flachversand);;;;eigene ICC-Profile verfügbar
Poster/FineArt;FineArt;1;;FineArt-Papier (Hahnemühle);Hahnemühle Hemp Natural Line;;Hahnemühle;FineArt-Inkjetdruck;Pigment / FineArt;Querformat;1:1;50;50;50x50;;;ohne (Rollen-/Flachversand);;;;eigene ICC-Profile verfügbar
Poster/FineArt;FineArt;1;;FineArt-Papier (Hahnemühle);Hahnemühle Hemp Natural Line;;Hahnemühle;FineArt-Inkjetdruck;Pigment / FineArt;Querformat;1:1;60;60;60x60;;;ohne (Rollen-/Flachversand);;;;eigene ICC-Profile verfügbar
Poster/FineArt;FineArt;1;;FineArt-Papier (Hahnemühle);Hahnemühle Hemp Natural Line;;Hahnemühle;FineArt-Inkjetdruck;Pigment / FineArt;Querformat;1:1;70;70;70x70;;;ohne (Rollen-/Flachversand);;;;eigene ICC-Profile verfügbar
Poster/FineArt;FineArt;1;;FineArt-Papier (Hahnemühle);Hahnemühle Hemp Natural Line;;Hahnemühle;FineArt-Inkjetdruck;Pigment / FineArt;Querformat;Panorama;10;18;10x18;;;ohne (Rollen-/Flachversand);;;;eigene ICC-Profile verfügbar
Poster/FineArt;FineArt;1;;FineArt-Papier (Hahnemühle);Hahnemühle Hemp Natural Line;;Hahnemühle;FineArt-Inkjetdruck;Pigment / FineArt;Querformat;Panorama;10;20;10x20;;;ohne (Rollen-/Flachversand);;;;eigene ICC-Profile verfügbar
Poster/FineArt;FineArt;1;;FineArt-Papier (Hahnemühle);Hahnemühle Hemp Natural Line;;Hahnemühle;FineArt-Inkjetdruck;Pigment / FineArt;Querformat;Panorama;20;40;20x40;;;ohne (Rollen-/Flachversand);;;;eigene ICC-Profile verfügbar
Poster/FineArt;FineArt;1;;FineArt-Papier (Hahnemühle);Hahnemühle Hemp Natural Line;;Hahnemühle;FineArt-Inkjetdruck;Pigment / FineArt;Querformat;Panorama;20;60;20x60;;;ohne (Rollen-/Flachversand);;;;eigene ICC-Profile verfügbar
Poster/FineArt;FineArt;1;;FineArt-Papier (Hahnemühle);Hahnemühle Hemp Natural Line;;Hahnemühle;FineArt-Inkjetdruck;Pigment / FineArt;Querformat;Panorama;30;60;30x60;;;ohne (Rollen-/Flachversand);;;;eigene ICC-Profile verfügbar
Poster/FineArt;FineArt;1;;FineArt-Papier (Hahnemühle);Hahnemühle Hemp Natural Line;;Hahnemühle;FineArt-Inkjetdruck;Pigment / FineArt;Querformat;Panorama;30;90;30x90;;;ohne (Rollen-/Flachversand);;;;eigene ICC-Profile verfügbar
Poster/FineArt;FineArt;1;;FineArt-Papier (Hahnemühle);Hahnemühle Hemp Natural Line;;Hahnemühle;FineArt-Inkjetdruck;Pigment / FineArt;Querformat;Panorama;40;80;40x80;;;ohne (Rollen-/Flachversand);;;;eigene ICC-Profile verfügbar
Poster/FineArt;FineArt;1;;FineArt-Papier (Hahnemühle);Hahnemühle Hemp Natural Line;;Hahnemühle;FineArt-Inkjetdruck;Pigment / FineArt;Querformat;Panorama;50;100;50x100;;;ohne (Rollen-/Flachversand);;;;eigene ICC-Profile verfügbar
Poster/FineArt;FineArt;1;;FineArt-Papier (Hahnemühle);Hahnemühle Museum Etching;;Hahnemühle;FineArt-Inkjetdruck;Pigment / FineArt;Hochformat;2:3;10;15;10x15;;;ohne (Rollen-/Flachversand);;;;eigene ICC-Profile verfügbar
Poster/FineArt;FineArt;1;;FineArt-Papier (Hahnemühle);Hahnemühle Museum Etching;;Hahnemühle;FineArt-Inkjetdruck;Pigment / FineArt;Hochformat;2:3;10.5;14.8;10.5x14.8;A6;;ohne (Rollen-/Flachversand);;;;eigene ICC-Profile verfügbar
Poster/FineArt;FineArt;1;;FineArt-Papier (Hahnemühle);Hahnemühle Museum Etching;;Hahnemühle;FineArt-Inkjetdruck;Pigment / FineArt;Hochformat;2:3;13;18;13x18;;;ohne (Rollen-/Flachversand);;;;eigene ICC-Profile verfügbar
Poster/FineArt;FineArt;1;;FineArt-Papier (Hahnemühle);Hahnemühle Museum Etching;;Hahnemühle;FineArt-Inkjetdruck;Pigment / FineArt;Hochformat;2:3;13;19;13x19;;;ohne (Rollen-/Flachversand);;;;eigene ICC-Profile verfügbar
Poster/FineArt;FineArt;1;;FineArt-Papier (Hahnemühle);Hahnemühle Museum Etching;;Hahnemühle;FineArt-Inkjetdruck;Pigment / FineArt;Hochformat;2:3;14.8;21;14.8x21;A5;;ohne (Rollen-/Flachversand);;;;eigene ICC-Profile verfügbar
Poster/FineArt;FineArt;1;;FineArt-Papier (Hahnemühle);Hahnemühle Museum Etching;;Hahnemühle;FineArt-Inkjetdruck;Pigment / FineArt;Hochformat;2:3;15;21;15x21;;;ohne (Rollen-/Flachversand);;;;eigene ICC-Profile verfügbar
Poster/FineArt;FineArt;1;;FineArt-Papier (Hahnemühle);Hahnemühle Museum Etching;;Hahnemühle;FineArt-Inkjetdruck;Pigment / FineArt;Hochformat;2:3;15;22;15x22;;;ohne (Rollen-/Flachversand);;;;eigene ICC-Profile verfügbar
Poster/FineArt;FineArt;1;;FineArt-Papier (Hahnemühle);Hahnemühle Museum Etching;;Hahnemühle;FineArt-Inkjetdruck;Pigment / FineArt;Hochformat;2:3;20;30;20x30;;;ohne (Rollen-/Flachversand);;;;eigene ICC-Profile verfügbar
Poster/FineArt;FineArt;1;;FineArt-Papier (Hahnemühle);Hahnemühle Museum Etching;;Hahnemühle;FineArt-Inkjetdruck;Pigment / FineArt;Hochformat;2:3;21;29.7;21x29.7;A4;;ohne (Rollen-/Flachversand);;;;eigene ICC-Profile verfügbar
Poster/FineArt;FineArt;1;;FineArt-Papier (Hahnemühle);Hahnemühle Museum Etching;;Hahnemühle;FineArt-Inkjetdruck;Pigment / FineArt;Hochformat;2:3;29.7;42;29.7x42;A3;;ohne (Rollen-/Flachversand);;;;eigene ICC-Profile verfügbar
Poster/FineArt;FineArt;1;;FineArt-Papier (Hahnemühle);Hahnemühle Museum Etching;;Hahnemühle;FineArt-Inkjetdruck;Pigment / FineArt;Hochformat;2:3;30;45;30x45;;;ohne (Rollen-/Flachversand);;;;eigene ICC-Profile verfügbar
Poster/FineArt;FineArt;1;;FineArt-Papier (Hahnemühle);Hahnemühle Museum Etching;;Hahnemühle;FineArt-Inkjetdruck;Pigment / FineArt;Hochformat;2:3;40;60;40x60;;;ohne (Rollen-/Flachversand);;;;eigene ICC-Profile verfügbar
Poster/FineArt;FineArt;1;;FineArt-Papier (Hahnemühle);Hahnemühle Museum Etching;;Hahnemühle;FineArt-Inkjetdruck;Pigment / FineArt;Hochformat;2:3;42;59.4;42x59.4;A2;;ohne (Rollen-/Flachversand);;;;eigene ICC-Profile verfügbar
Poster/FineArt;FineArt;1;;FineArt-Papier (Hahnemühle);Hahnemühle Museum Etching;;Hahnemühle;FineArt-Inkjetdruck;Pigment / FineArt;Hochformat;2:3;50;70;50x70;;;ohne (Rollen-/Flachversand);;;;eigene ICC-Profile verfügbar
Poster/FineArt;FineArt;1;;FineArt-Papier (Hahnemühle);Hahnemühle Museum Etching;;Hahnemühle;FineArt-Inkjetdruck;Pigment / FineArt;Hochformat;2:3;50;75;50x75;;;ohne (Rollen-/Flachversand);;;;eigene ICC-Profile verfügbar
Poster/FineArt;FineArt;1;;FineArt-Papier (Hahnemühle);Hahnemühle Museum Etching;;Hahnemühle;FineArt-Inkjetdruck;Pigment / FineArt;Hochformat;2:3;59.4;84.1;59.4x84.1;A1;;ohne (Rollen-/Flachversand);;;;eigene ICC-Profile verfügbar
Poster/FineArt;FineArt;1;;FineArt-Papier (Hahnemühle);Hahnemühle Museum Etching;;Hahnemühle;FineArt-Inkjetdruck;Pigment / FineArt;Hochformat;2:3;60;90;60x90;;;ohne (Rollen-/Flachversand);;;;eigene ICC-Profile verfügbar
Poster/FineArt;FineArt;1;;FineArt-Papier (Hahnemühle);Hahnemühle Museum Etching;;Hahnemühle;FineArt-Inkjetdruck;Pigment / FineArt;Hochformat;2:3;70;100;70x100;;;ohne (Rollen-/Flachversand);;;;eigene ICC-Profile verfügbar
Poster/FineArt;FineArt;1;;FineArt-Papier (Hahnemühle);Hahnemühle Museum Etching;;Hahnemühle;FineArt-Inkjetdruck;Pigment / FineArt;Hochformat;2:3;70;105;70x105;;;ohne (Rollen-/Flachversand);;;;eigene ICC-Profile verfügbar
Poster/FineArt;FineArt;1;;FineArt-Papier (Hahnemühle);Hahnemühle Museum Etching;;Hahnemühle;FineArt-Inkjetdruck;Pigment / FineArt;Hochformat;3:4;18;24;18x24;;;ohne (Rollen-/Flachversand);;;;eigene ICC-Profile verfügbar
Poster/FineArt;FineArt;1;;FineArt-Papier (Hahnemühle);Hahnemühle Museum Etching;;Hahnemühle;FineArt-Inkjetdruck;Pigment / FineArt;Hochformat;3:4;30;40;30x40;;;ohne (Rollen-/Flachversand);;;;eigene ICC-Profile verfügbar
Poster/FineArt;FineArt;1;;FineArt-Papier (Hahnemühle);Hahnemühle Museum Etching;;Hahnemühle;FineArt-Inkjetdruck;Pigment / FineArt;Hochformat;3:4;60;80;60x80;;;ohne (Rollen-/Flachversand);;;;eigene ICC-Profile verfügbar
Poster/FineArt;FineArt;1;;FineArt-Papier (Hahnemühle);Hahnemühle Museum Etching;;Hahnemühle;FineArt-Inkjetdruck;Pigment / FineArt;Hochformat;4:5;10;13;10x13;;;ohne (Rollen-/Flachversand);;;;eigene ICC-Profile verfügbar
Poster/FineArt;FineArt;1;;FineArt-Papier (Hahnemühle);Hahnemühle Museum Etching;;Hahnemühle;FineArt-Inkjetdruck;Pigment / FineArt;Hochformat;4:5;40;50;40x50;;;ohne (Rollen-/Flachversand);;;;eigene ICC-Profile verfügbar
Poster/FineArt;FineArt;1;;FineArt-Papier (Hahnemühle);Hahnemühle Museum Etching;;Hahnemühle;FineArt-Inkjetdruck;Pigment / FineArt;Hochformat;4:5;70;90;70x90;;;ohne (Rollen-/Flachversand);;;;eigene ICC-Profile verfügbar
Poster/FineArt;FineArt;1;;FineArt-Papier (Hahnemühle);Hahnemühle Museum Etching;;Hahnemühle;FineArt-Inkjetdruck;Pigment / FineArt;Hochformat;1:1;15;15;15x15;;;ohne (Rollen-/Flachversand);;;;eigene ICC-Profile verfügbar
Poster/FineArt;FineArt;1;;FineArt-Papier (Hahnemühle);Hahnemühle Museum Etching;;Hahnemühle;FineArt-Inkjetdruck;Pigment / FineArt;Hochformat;1:1;20;20;20x20;;;ohne (Rollen-/Flachversand);;;;eigene ICC-Profile verfügbar
Poster/FineArt;FineArt;1;;FineArt-Papier (Hahnemühle);Hahnemühle Museum Etching;;Hahnemühle;FineArt-Inkjetdruck;Pigment / FineArt;Hochformat;1:1;21;21;21x21;;;ohne (Rollen-/Flachversand);;;;eigene ICC-Profile verfügbar
Poster/FineArt;FineArt;1;;FineArt-Papier (Hahnemühle);Hahnemühle Museum Etching;;Hahnemühle;FineArt-Inkjetdruck;Pigment / FineArt;Hochformat;1:1;30;30;30x30;;;ohne (Rollen-/Flachversand);;;;eigene ICC-Profile verfügbar
Poster/FineArt;FineArt;1;;FineArt-Papier (Hahnemühle);Hahnemühle Museum Etching;;Hahnemühle;FineArt-Inkjetdruck;Pigment / FineArt;Hochformat;1:1;40;40;40x40;;;ohne (Rollen-/Flachversand);;;;eigene ICC-Profile verfügbar
Poster/FineArt;FineArt;1;;FineArt-Papier (Hahnemühle);Hahnemühle Museum Etching;;Hahnemühle;FineArt-Inkjetdruck;Pigment / FineArt;Hochformat;1:1;50;50;50x50;;;ohne (Rollen-/Flachversand);;;;eigene ICC-Profile verfügbar
Poster/FineArt;FineArt;1;;FineArt-Papier (Hahnemühle);Hahnemühle Museum Etching;;Hahnemühle;FineArt-Inkjetdruck;Pigment / FineArt;Hochformat;1:1;60;60;60x60;;;ohne (Rollen-/Flachversand);;;;eigene ICC-Profile verfügbar
Poster/FineArt;FineArt;1;;FineArt-Papier (Hahnemühle);Hahnemühle Museum Etching;;Hahnemühle;FineArt-Inkjetdruck;Pigment / FineArt;Hochformat;1:1;70;70;70x70;;;ohne (Rollen-/Flachversand);;;;eigene ICC-Profile verfügbar
Poster/FineArt;FineArt;1;;FineArt-Papier (Hahnemühle);Hahnemühle Museum Etching;;Hahnemühle;FineArt-Inkjetdruck;Pigment / FineArt;Hochformat;Panorama;10;18;10x18;;;ohne (Rollen-/Flachversand);;;;eigene ICC-Profile verfügbar
Poster/FineArt;FineArt;1;;FineArt-Papier (Hahnemühle);Hahnemühle Museum Etching;;Hahnemühle;FineArt-Inkjetdruck;Pigment / FineArt;Hochformat;Panorama;10;20;10x20;;;ohne (Rollen-/Flachversand);;;;eigene ICC-Profile verfügbar
Poster/FineArt;FineArt;1;;FineArt-Papier (Hahnemühle);Hahnemühle Museum Etching;;Hahnemühle;FineArt-Inkjetdruck;Pigment / FineArt;Hochformat;Panorama;20;40;20x40;;;ohne (Rollen-/Flachversand);;;;eigene ICC-Profile verfügbar
Poster/FineArt;FineArt;1;;FineArt-Papier (Hahnemühle);Hahnemühle Museum Etching;;Hahnemühle;FineArt-Inkjetdruck;Pigment / FineArt;Hochformat;Panorama;20;60;20x60;;;ohne (Rollen-/Flachversand);;;;eigene ICC-Profile verfügbar
Poster/FineArt;FineArt;1;;FineArt-Papier (Hahnemühle);Hahnemühle Museum Etching;;Hahnemühle;FineArt-Inkjetdruck;Pigment / FineArt;Hochformat;Panorama;30;60;30x60;;;ohne (Rollen-/Flachversand);;;;eigene ICC-Profile verfügbar
Poster/FineArt;FineArt;1;;FineArt-Papier (Hahnemühle);Hahnemühle Museum Etching;;Hahnemühle;FineArt-Inkjetdruck;Pigment / FineArt;Hochformat;Panorama;30;90;30x90;;;ohne (Rollen-/Flachversand);;;;eigene ICC-Profile verfügbar
Poster/FineArt;FineArt;1;;FineArt-Papier (Hahnemühle);Hahnemühle Museum Etching;;Hahnemühle;FineArt-Inkjetdruck;Pigment / FineArt;Hochformat;Panorama;40;80;40x80;;;ohne (Rollen-/Flachversand);;;;eigene ICC-Profile verfügbar
Poster/FineArt;FineArt;1;;FineArt-Papier (Hahnemühle);Hahnemühle Museum Etching;;Hahnemühle;FineArt-Inkjetdruck;Pigment / FineArt;Hochformat;Panorama;50;100;50x100;;;ohne (Rollen-/Flachversand);;;;eigene ICC-Profile verfügbar
Poster/FineArt;FineArt;1;;FineArt-Papier (Hahnemühle);Hahnemühle Museum Etching;;Hahnemühle;FineArt-Inkjetdruck;Pigment / FineArt;Querformat;2:3;10;15;10x15;;;ohne (Rollen-/Flachversand);;;;eigene ICC-Profile verfügbar
Poster/FineArt;FineArt;1;;FineArt-Papier (Hahnemühle);Hahnemühle Museum Etching;;Hahnemühle;FineArt-Inkjetdruck;Pigment / FineArt;Querformat;2:3;10.5;14.8;10.5x14.8;A6;;ohne (Rollen-/Flachversand);;;;eigene ICC-Profile verfügbar
Poster/FineArt;FineArt;1;;FineArt-Papier (Hahnemühle);Hahnemühle Museum Etching;;Hahnemühle;FineArt-Inkjetdruck;Pigment / FineArt;Querformat;2:3;13;18;13x18;;;ohne (Rollen-/Flachversand);;;;eigene ICC-Profile verfügbar
Poster/FineArt;FineArt;1;;FineArt-Papier (Hahnemühle);Hahnemühle Museum Etching;;Hahnemühle;FineArt-Inkjetdruck;Pigment / FineArt;Querformat;2:3;13;19;13x19;;;ohne (Rollen-/Flachversand);;;;eigene ICC-Profile verfügbar
Poster/FineArt;FineArt;1;;FineArt-Papier (Hahnemühle);Hahnemühle Museum Etching;;Hahnemühle;FineArt-Inkjetdruck;Pigment / FineArt;Querformat;2:3;14.8;21;14.8x21;A5;;ohne (Rollen-/Flachversand);;;;eigene ICC-Profile verfügbar
Poster/FineArt;FineArt;1;;FineArt-Papier (Hahnemühle);Hahnemühle Museum Etching;;Hahnemühle;FineArt-Inkjetdruck;Pigment / FineArt;Querformat;2:3;15;21;15x21;;;ohne (Rollen-/Flachversand);;;;eigene ICC-Profile verfügbar
Poster/FineArt;FineArt;1;;FineArt-Papier (Hahnemühle);Hahnemühle Museum Etching;;Hahnemühle;FineArt-Inkjetdruck;Pigment / FineArt;Querformat;2:3;15;22;15x22;;;ohne (Rollen-/Flachversand);;;;eigene ICC-Profile verfügbar
Poster/FineArt;FineArt;1;;FineArt-Papier (Hahnemühle);Hahnemühle Museum Etching;;Hahnemühle;FineArt-Inkjetdruck;Pigment / FineArt;Querformat;2:3;20;30;20x30;;;ohne (Rollen-/Flachversand);;;;eigene ICC-Profile verfügbar
Poster/FineArt;FineArt;1;;FineArt-Papier (Hahnemühle);Hahnemühle Museum Etching;;Hahnemühle;FineArt-Inkjetdruck;Pigment / FineArt;Querformat;2:3;21;29.7;21x29.7;A4;;ohne (Rollen-/Flachversand);;;;eigene ICC-Profile verfügbar
Poster/FineArt;FineArt;1;;FineArt-Papier (Hahnemühle);Hahnemühle Museum Etching;;Hahnemühle;FineArt-Inkjetdruck;Pigment / FineArt;Querformat;2:3;29.7;42;29.7x42;A3;;ohne (Rollen-/Flachversand);;;;eigene ICC-Profile verfügbar
Poster/FineArt;FineArt;1;;FineArt-Papier (Hahnemühle);Hahnemühle Museum Etching;;Hahnemühle;FineArt-Inkjetdruck;Pigment / FineArt;Querformat;2:3;30;45;30x45;;;ohne (Rollen-/Flachversand);;;;eigene ICC-Profile verfügbar
Poster/FineArt;FineArt;1;;FineArt-Papier (Hahnemühle);Hahnemühle Museum Etching;;Hahnemühle;FineArt-Inkjetdruck;Pigment / FineArt;Querformat;2:3;40;60;40x60;;;ohne (Rollen-/Flachversand);;;;eigene ICC-Profile verfügbar
Poster/FineArt;FineArt;1;;FineArt-Papier (Hahnemühle);Hahnemühle Museum Etching;;Hahnemühle;FineArt-Inkjetdruck;Pigment / FineArt;Querformat;2:3;42;59.4;42x59.4;A2;;ohne (Rollen-/Flachversand);;;;eigene ICC-Profile verfügbar
Poster/FineArt;FineArt;1;;FineArt-Papier (Hahnemühle);Hahnemühle Museum Etching;;Hahnemühle;FineArt-Inkjetdruck;Pigment / FineArt;Querformat;2:3;50;70;50x70;;;ohne (Rollen-/Flachversand);;;;eigene ICC-Profile verfügbar
Poster/FineArt;FineArt;1;;FineArt-Papier (Hahnemühle);Hahnemühle Museum Etching;;Hahnemühle;FineArt-Inkjetdruck;Pigment / FineArt;Querformat;2:3;50;75;50x75;;;ohne (Rollen-/Flachversand);;;;eigene ICC-Profile verfügbar
Poster/FineArt;FineArt;1;;FineArt-Papier (Hahnemühle);Hahnemühle Museum Etching;;Hahnemühle;FineArt-Inkjetdruck;Pigment / FineArt;Querformat;2:3;59.4;84.1;59.4x84.1;A1;;ohne (Rollen-/Flachversand);;;;eigene ICC-Profile verfügbar
Poster/FineArt;FineArt;1;;FineArt-Papier (Hahnemühle);Hahnemühle Museum Etching;;Hahnemühle;FineArt-Inkjetdruck;Pigment / FineArt;Querformat;2:3;60;90;60x90;;;ohne (Rollen-/Flachversand);;;;eigene ICC-Profile verfügbar
Poster/FineArt;FineArt;1;;FineArt-Papier (Hahnemühle);Hahnemühle Museum Etching;;Hahnemühle;FineArt-Inkjetdruck;Pigment / FineArt;Querformat;2:3;70;100;70x100;;;ohne (Rollen-/Flachversand);;;;eigene ICC-Profile verfügbar
Poster/FineArt;FineArt;1;;FineArt-Papier (Hahnemühle);Hahnemühle Museum Etching;;Hahnemühle;FineArt-Inkjetdruck;Pigment / FineArt;Querformat;2:3;70;105;70x105;;;ohne (Rollen-/Flachversand);;;;eigene ICC-Profile verfügbar
Poster/FineArt;FineArt;1;;FineArt-Papier (Hahnemühle);Hahnemühle Museum Etching;;Hahnemühle;FineArt-Inkjetdruck;Pigment / FineArt;Querformat;3:4;18;24;18x24;;;ohne (Rollen-/Flachversand);;;;eigene ICC-Profile verfügbar
Poster/FineArt;FineArt;1;;FineArt-Papier (Hahnemühle);Hahnemühle Museum Etching;;Hahnemühle;FineArt-Inkjetdruck;Pigment / FineArt;Querformat;3:4;30;40;30x40;;;ohne (Rollen-/Flachversand);;;;eigene ICC-Profile verfügbar
Poster/FineArt;FineArt;1;;FineArt-Papier (Hahnemühle);Hahnemühle Museum Etching;;Hahnemühle;FineArt-Inkjetdruck;Pigment / FineArt;Querformat;3:4;60;80;60x80;;;ohne (Rollen-/Flachversand);;;;eigene ICC-Profile verfügbar
Poster/FineArt;FineArt;1;;FineArt-Papier (Hahnemühle);Hahnemühle Museum Etching;;Hahnemühle;FineArt-Inkjetdruck;Pigment / FineArt;Querformat;4:5;10;13;10x13;;;ohne (Rollen-/Flachversand);;;;eigene ICC-Profile verfügbar
Poster/FineArt;FineArt;1;;FineArt-Papier (Hahnemühle);Hahnemühle Museum Etching;;Hahnemühle;FineArt-Inkjetdruck;Pigment / FineArt;Querformat;4:5;40;50;40x50;;;ohne (Rollen-/Flachversand);;;;eigene ICC-Profile verfügbar
Poster/FineArt;FineArt;1;;FineArt-Papier (Hahnemühle);Hahnemühle Museum Etching;;Hahnemühle;FineArt-Inkjetdruck;Pigment / FineArt;Querformat;4:5;70;90;70x90;;;ohne (Rollen-/Flachversand);;;;eigene ICC-Profile verfügbar
Poster/FineArt;FineArt;1;;FineArt-Papier (Hahnemühle);Hahnemühle Museum Etching;;Hahnemühle;FineArt-Inkjetdruck;Pigment / FineArt;Querformat;1:1;15;15;15x15;;;ohne (Rollen-/Flachversand);;;;eigene ICC-Profile verfügbar
Poster/FineArt;FineArt;1;;FineArt-Papier (Hahnemühle);Hahnemühle Museum Etching;;Hahnemühle;FineArt-Inkjetdruck;Pigment / FineArt;Querformat;1:1;20;20;20x20;;;ohne (Rollen-/Flachversand);;;;eigene ICC-Profile verfügbar
Poster/FineArt;FineArt;1;;FineArt-Papier (Hahnemühle);Hahnemühle Museum Etching;;Hahnemühle;FineArt-Inkjetdruck;Pigment / FineArt;Querformat;1:1;21;21;21x21;;;ohne (Rollen-/Flachversand);;;;eigene ICC-Profile verfügbar
Poster/FineArt;FineArt;1;;FineArt-Papier (Hahnemühle);Hahnemühle Museum Etching;;Hahnemühle;FineArt-Inkjetdruck;Pigment / FineArt;Querformat;1:1;30;30;30x30;;;ohne (Rollen-/Flachversand);;;;eigene ICC-Profile verfügbar
Poster/FineArt;FineArt;1;;FineArt-Papier (Hahnemühle);Hahnemühle Museum Etching;;Hahnemühle;FineArt-Inkjetdruck;Pigment / FineArt;Querformat;1:1;40;40;40x40;;;ohne (Rollen-/Flachversand);;;;eigene ICC-Profile verfügbar
Poster/FineArt;FineArt;1;;FineArt-Papier (Hahnemühle);Hahnemühle Museum Etching;;Hahnemühle;FineArt-Inkjetdruck;Pigment / FineArt;Querformat;1:1;50;50;50x50;;;ohne (Rollen-/Flachversand);;;;eigene ICC-Profile verfügbar
Poster/FineArt;FineArt;1;;FineArt-Papier (Hahnemühle);Hahnemühle Museum Etching;;Hahnemühle;FineArt-Inkjetdruck;Pigment / FineArt;Querformat;1:1;60;60;60x60;;;ohne (Rollen-/Flachversand);;;;eigene ICC-Profile verfügbar
Poster/FineArt;FineArt;1;;FineArt-Papier (Hahnemühle);Hahnemühle Museum Etching;;Hahnemühle;FineArt-Inkjetdruck;Pigment / FineArt;Querformat;1:1;70;70;70x70;;;ohne (Rollen-/Flachversand);;;;eigene ICC-Profile verfügbar
Poster/FineArt;FineArt;1;;FineArt-Papier (Hahnemühle);Hahnemühle Museum Etching;;Hahnemühle;FineArt-Inkjetdruck;Pigment / FineArt;Querformat;Panorama;10;18;10x18;;;ohne (Rollen-/Flachversand);;;;eigene ICC-Profile verfügbar
Poster/FineArt;FineArt;1;;FineArt-Papier (Hahnemühle);Hahnemühle Museum Etching;;Hahnemühle;FineArt-Inkjetdruck;Pigment / FineArt;Querformat;Panorama;10;20;10x20;;;ohne (Rollen-/Flachversand);;;;eigene ICC-Profile verfügbar
Poster/FineArt;FineArt;1;;FineArt-Papier (Hahnemühle);Hahnemühle Museum Etching;;Hahnemühle;FineArt-Inkjetdruck;Pigment / FineArt;Querformat;Panorama;20;40;20x40;;;ohne (Rollen-/Flachversand);;;;eigene ICC-Profile verfügbar
Poster/FineArt;FineArt;1;;FineArt-Papier (Hahnemühle);Hahnemühle Museum Etching;;Hahnemühle;FineArt-Inkjetdruck;Pigment / FineArt;Querformat;Panorama;20;60;20x60;;;ohne (Rollen-/Flachversand);;;;eigene ICC-Profile verfügbar
Poster/FineArt;FineArt;1;;FineArt-Papier (Hahnemühle);Hahnemühle Museum Etching;;Hahnemühle;FineArt-Inkjetdruck;Pigment / FineArt;Querformat;Panorama;30;60;30x60;;;ohne (Rollen-/Flachversand);;;;eigene ICC-Profile verfügbar
Poster/FineArt;FineArt;1;;FineArt-Papier (Hahnemühle);Hahnemühle Museum Etching;;Hahnemühle;FineArt-Inkjetdruck;Pigment / FineArt;Querformat;Panorama;30;90;30x90;;;ohne (Rollen-/Flachversand);;;;eigene ICC-Profile verfügbar
Poster/FineArt;FineArt;1;;FineArt-Papier (Hahnemühle);Hahnemühle Museum Etching;;Hahnemühle;FineArt-Inkjetdruck;Pigment / FineArt;Querformat;Panorama;40;80;40x80;;;ohne (Rollen-/Flachversand);;;;eigene ICC-Profile verfügbar
Poster/FineArt;FineArt;1;;FineArt-Papier (Hahnemühle);Hahnemühle Museum Etching;;Hahnemühle;FineArt-Inkjetdruck;Pigment / FineArt;Querformat;Panorama;50;100;50x100;;;ohne (Rollen-/Flachversand);;;;eigene ICC-Profile verfügbar
Poster/FineArt;FineArt;1;;FineArt-Papier (Hahnemühle);Hahnemühle Photo Rag;;Hahnemühle;FineArt-Inkjetdruck;Pigment / FineArt;Hochformat;2:3;10;15;10x15;;;ohne (Rollen-/Flachversand);;;;eigene ICC-Profile verfügbar
Poster/FineArt;FineArt;1;;FineArt-Papier (Hahnemühle);Hahnemühle Photo Rag;;Hahnemühle;FineArt-Inkjetdruck;Pigment / FineArt;Hochformat;2:3;10.5;14.8;10.5x14.8;A6;;ohne (Rollen-/Flachversand);;;;eigene ICC-Profile verfügbar
Poster/FineArt;FineArt;1;;FineArt-Papier (Hahnemühle);Hahnemühle Photo Rag;;Hahnemühle;FineArt-Inkjetdruck;Pigment / FineArt;Hochformat;2:3;13;18;13x18;;;ohne (Rollen-/Flachversand);;;;eigene ICC-Profile verfügbar
Poster/FineArt;FineArt;1;;FineArt-Papier (Hahnemühle);Hahnemühle Photo Rag;;Hahnemühle;FineArt-Inkjetdruck;Pigment / FineArt;Hochformat;2:3;13;19;13x19;;;ohne (Rollen-/Flachversand);;;;eigene ICC-Profile verfügbar
Poster/FineArt;FineArt;1;;FineArt-Papier (Hahnemühle);Hahnemühle Photo Rag;;Hahnemühle;FineArt-Inkjetdruck;Pigment / FineArt;Hochformat;2:3;14.8;21;14.8x21;A5;;ohne (Rollen-/Flachversand);;;;eigene ICC-Profile verfügbar
Poster/FineArt;FineArt;1;;FineArt-Papier (Hahnemühle);Hahnemühle Photo Rag;;Hahnemühle;FineArt-Inkjetdruck;Pigment / FineArt;Hochformat;2:3;15;21;15x21;;;ohne (Rollen-/Flachversand);;;;eigene ICC-Profile verfügbar
Poster/FineArt;FineArt;1;;FineArt-Papier (Hahnemühle);Hahnemühle Photo Rag;;Hahnemühle;FineArt-Inkjetdruck;Pigment / FineArt;Hochformat;2:3;15;22;15x22;;;ohne (Rollen-/Flachversand);;;;eigene ICC-Profile verfügbar
Poster/FineArt;FineArt;1;;FineArt-Papier (Hahnemühle);Hahnemühle Photo Rag;;Hahnemühle;FineArt-Inkjetdruck;Pigment / FineArt;Hochformat;2:3;20;30;20x30;;;ohne (Rollen-/Flachversand);;;;eigene ICC-Profile verfügbar
Poster/FineArt;FineArt;1;;FineArt-Papier (Hahnemühle);Hahnemühle Photo Rag;;Hahnemühle;FineArt-Inkjetdruck;Pigment / FineArt;Hochformat;2:3;21;29.7;21x29.7;A4;;ohne (Rollen-/Flachversand);;;;eigene ICC-Profile verfügbar
Poster/FineArt;FineArt;1;;FineArt-Papier (Hahnemühle);Hahnemühle Photo Rag;;Hahnemühle;FineArt-Inkjetdruck;Pigment / FineArt;Hochformat;2:3;29.7;42;29.7x42;A3;;ohne (Rollen-/Flachversand);;;;eigene ICC-Profile verfügbar
Poster/FineArt;FineArt;1;;FineArt-Papier (Hahnemühle);Hahnemühle Photo Rag;;Hahnemühle;FineArt-Inkjetdruck;Pigment / FineArt;Hochformat;2:3;30;45;30x45;;;ohne (Rollen-/Flachversand);;;;eigene ICC-Profile verfügbar
Poster/FineArt;FineArt;1;;FineArt-Papier (Hahnemühle);Hahnemühle Photo Rag;;Hahnemühle;FineArt-Inkjetdruck;Pigment / FineArt;Hochformat;2:3;40;60;40x60;;;ohne (Rollen-/Flachversand);;;;eigene ICC-Profile verfügbar
Poster/FineArt;FineArt;1;;FineArt-Papier (Hahnemühle);Hahnemühle Photo Rag;;Hahnemühle;FineArt-Inkjetdruck;Pigment / FineArt;Hochformat;2:3;42;59.4;42x59.4;A2;;ohne (Rollen-/Flachversand);;;;eigene ICC-Profile verfügbar
Poster/FineArt;FineArt;1;;FineArt-Papier (Hahnemühle);Hahnemühle Photo Rag;;Hahnemühle;FineArt-Inkjetdruck;Pigment / FineArt;Hochformat;2:3;50;70;50x70;;;ohne (Rollen-/Flachversand);;;;eigene ICC-Profile verfügbar
Poster/FineArt;FineArt;1;;FineArt-Papier (Hahnemühle);Hahnemühle Photo Rag;;Hahnemühle;FineArt-Inkjetdruck;Pigment / FineArt;Hochformat;2:3;50;75;50x75;;;ohne (Rollen-/Flachversand);;;;eigene ICC-Profile verfügbar
Poster/FineArt;FineArt;1;;FineArt-Papier (Hahnemühle);Hahnemühle Photo Rag;;Hahnemühle;FineArt-Inkjetdruck;Pigment / FineArt;Hochformat;2:3;59.4;84.1;59.4x84.1;A1;;ohne (Rollen-/Flachversand);;;;eigene ICC-Profile verfügbar
Poster/FineArt;FineArt;1;;FineArt-Papier (Hahnemühle);Hahnemühle Photo Rag;;Hahnemühle;FineArt-Inkjetdruck;Pigment / FineArt;Hochformat;2:3;60;90;60x90;;;ohne (Rollen-/Flachversand);;;;eigene ICC-Profile verfügbar
Poster/FineArt;FineArt;1;;FineArt-Papier (Hahnemühle);Hahnemühle Photo Rag;;Hahnemühle;FineArt-Inkjetdruck;Pigment / FineArt;Hochformat;2:3;70;100;70x100;;;ohne (Rollen-/Flachversand);;;;eigene ICC-Profile verfügbar
Poster/FineArt;FineArt;1;;FineArt-Papier (Hahnemühle);Hahnemühle Photo Rag;;Hahnemühle;FineArt-Inkjetdruck;Pigment / FineArt;Hochformat;2:3;70;105;70x105;;;ohne (Rollen-/Flachversand);;;;eigene ICC-Profile verfügbar
Poster/FineArt;FineArt;1;;FineArt-Papier (Hahnemühle);Hahnemühle Photo Rag;;Hahnemühle;FineArt-Inkjetdruck;Pigment / FineArt;Hochformat;3:4;18;24;18x24;;;ohne (Rollen-/Flachversand);;;;eigene ICC-Profile verfügbar
Poster/FineArt;FineArt;1;;FineArt-Papier (Hahnemühle);Hahnemühle Photo Rag;;Hahnemühle;FineArt-Inkjetdruck;Pigment / FineArt;Hochformat;3:4;30;40;30x40;;;ohne (Rollen-/Flachversand);;;;eigene ICC-Profile verfügbar
Poster/FineArt;FineArt;1;;FineArt-Papier (Hahnemühle);Hahnemühle Photo Rag;;Hahnemühle;FineArt-Inkjetdruck;Pigment / FineArt;Hochformat;3:4;60;80;60x80;;;ohne (Rollen-/Flachversand);;;;eigene ICC-Profile verfügbar
Poster/FineArt;FineArt;1;;FineArt-Papier (Hahnemühle);Hahnemühle Photo Rag;;Hahnemühle;FineArt-Inkjetdruck;Pigment / FineArt;Hochformat;4:5;10;13;10x13;;;ohne (Rollen-/Flachversand);;;;eigene ICC-Profile verfügbar
Poster/FineArt;FineArt;1;;FineArt-Papier (Hahnemühle);Hahnemühle Photo Rag;;Hahnemühle;FineArt-Inkjetdruck;Pigment / FineArt;Hochformat;4:5;40;50;40x50;;;ohne (Rollen-/Flachversand);;;;eigene ICC-Profile verfügbar
Poster/FineArt;FineArt;1;;FineArt-Papier (Hahnemühle);Hahnemühle Photo Rag;;Hahnemühle;FineArt-Inkjetdruck;Pigment / FineArt;Hochformat;4:5;70;90;70x90;;;ohne (Rollen-/Flachversand);;;;eigene ICC-Profile verfügbar
Poster/FineArt;FineArt;1;;FineArt-Papier (Hahnemühle);Hahnemühle Photo Rag;;Hahnemühle;FineArt-Inkjetdruck;Pigment / FineArt;Hochformat;1:1;15;15;15x15;;;ohne (Rollen-/Flachversand);;;;eigene ICC-Profile verfügbar
Poster/FineArt;FineArt;1;;FineArt-Papier (Hahnemühle);Hahnemühle Photo Rag;;Hahnemühle;FineArt-Inkjetdruck;Pigment / FineArt;Hochformat;1:1;20;20;20x20;;;ohne (Rollen-/Flachversand);;;;eigene ICC-Profile verfügbar
Poster/FineArt;FineArt;1;;FineArt-Papier (Hahnemühle);Hahnemühle Photo Rag;;Hahnemühle;FineArt-Inkjetdruck;Pigment / FineArt;Hochformat;1:1;21;21;21x21;;;ohne (Rollen-/Flachversand);;;;eigene ICC-Profile verfügbar
Poster/FineArt;FineArt;1;;FineArt-Papier (Hahnemühle);Hahnemühle Photo Rag;;Hahnemühle;FineArt-Inkjetdruck;Pigment / FineArt;Hochformat;1:1;30;30;30x30;;;ohne (Rollen-/Flachversand);;;;eigene ICC-Profile verfügbar
Poster/FineArt;FineArt;1;;FineArt-Papier (Hahnemühle);Hahnemühle Photo Rag;;Hahnemühle;FineArt-Inkjetdruck;Pigment / FineArt;Hochformat;1:1;40;40;40x40;;;ohne (Rollen-/Flachversand);;;;eigene ICC-Profile verfügbar
Poster/FineArt;FineArt;1;;FineArt-Papier (Hahnemühle);Hahnemühle Photo Rag;;Hahnemühle;FineArt-Inkjetdruck;Pigment / FineArt;Hochformat;1:1;50;50;50x50;;;ohne (Rollen-/Flachversand);;;;eigene ICC-Profile verfügbar
Poster/FineArt;FineArt;1;;FineArt-Papier (Hahnemühle);Hahnemühle Photo Rag;;Hahnemühle;FineArt-Inkjetdruck;Pigment / FineArt;Hochformat;1:1;60;60;60x60;;;ohne (Rollen-/Flachversand);;;;eigene ICC-Profile verfügbar
Poster/FineArt;FineArt;1;;FineArt-Papier (Hahnemühle);Hahnemühle Photo Rag;;Hahnemühle;FineArt-Inkjetdruck;Pigment / FineArt;Hochformat;1:1;70;70;70x70;;;ohne (Rollen-/Flachversand);;;;eigene ICC-Profile verfügbar
Poster/FineArt;FineArt;1;;FineArt-Papier (Hahnemühle);Hahnemühle Photo Rag;;Hahnemühle;FineArt-Inkjetdruck;Pigment / FineArt;Hochformat;Panorama;10;18;10x18;;;ohne (Rollen-/Flachversand);;;;eigene ICC-Profile verfügbar
Poster/FineArt;FineArt;1;;FineArt-Papier (Hahnemühle);Hahnemühle Photo Rag;;Hahnemühle;FineArt-Inkjetdruck;Pigment / FineArt;Hochformat;Panorama;10;20;10x20;;;ohne (Rollen-/Flachversand);;;;eigene ICC-Profile verfügbar
Poster/FineArt;FineArt;1;;FineArt-Papier (Hahnemühle);Hahnemühle Photo Rag;;Hahnemühle;FineArt-Inkjetdruck;Pigment / FineArt;Hochformat;Panorama;20;40;20x40;;;ohne (Rollen-/Flachversand);;;;eigene ICC-Profile verfügbar
Poster/FineArt;FineArt;1;;FineArt-Papier (Hahnemühle);Hahnemühle Photo Rag;;Hahnemühle;FineArt-Inkjetdruck;Pigment / FineArt;Hochformat;Panorama;20;60;20x60;;;ohne (Rollen-/Flachversand);;;;eigene ICC-Profile verfügbar
Poster/FineArt;FineArt;1;;FineArt-Papier (Hahnemühle);Hahnemühle Photo Rag;;Hahnemühle;FineArt-Inkjetdruck;Pigment / FineArt;Hochformat;Panorama;30;60;30x60;;;ohne (Rollen-/Flachversand);;;;eigene ICC-Profile verfügbar
Poster/FineArt;FineArt;1;;FineArt-Papier (Hahnemühle);Hahnemühle Photo Rag;;Hahnemühle;FineArt-Inkjetdruck;Pigment / FineArt;Hochformat;Panorama;30;90;30x90;;;ohne (Rollen-/Flachversand);;;;eigene ICC-Profile verfügbar
Poster/FineArt;FineArt;1;;FineArt-Papier (Hahnemühle);Hahnemühle Photo Rag;;Hahnemühle;FineArt-Inkjetdruck;Pigment / FineArt;Hochformat;Panorama;40;80;40x80;;;ohne (Rollen-/Flachversand);;;;eigene ICC-Profile verfügbar
Poster/FineArt;FineArt;1;;FineArt-Papier (Hahnemühle);Hahnemühle Photo Rag;;Hahnemühle;FineArt-Inkjetdruck;Pigment / FineArt;Hochformat;Panorama;50;100;50x100;;;ohne (Rollen-/Flachversand);;;;eigene ICC-Profile verfügbar
Poster/FineArt;FineArt;1;;FineArt-Papier (Hahnemühle);Hahnemühle Photo Rag;;Hahnemühle;FineArt-Inkjetdruck;Pigment / FineArt;Querformat;2:3;10;15;10x15;;;ohne (Rollen-/Flachversand);;;;eigene ICC-Profile verfügbar
Poster/FineArt;FineArt;1;;FineArt-Papier (Hahnemühle);Hahnemühle Photo Rag;;Hahnemühle;FineArt-Inkjetdruck;Pigment / FineArt;Querformat;2:3;10.5;14.8;10.5x14.8;A6;;ohne (Rollen-/Flachversand);;;;eigene ICC-Profile verfügbar
Poster/FineArt;FineArt;1;;FineArt-Papier (Hahnemühle);Hahnemühle Photo Rag;;Hahnemühle;FineArt-Inkjetdruck;Pigment / FineArt;Querformat;2:3;13;18;13x18;;;ohne (Rollen-/Flachversand);;;;eigene ICC-Profile verfügbar
Poster/FineArt;FineArt;1;;FineArt-Papier (Hahnemühle);Hahnemühle Photo Rag;;Hahnemühle;FineArt-Inkjetdruck;Pigment / FineArt;Querformat;2:3;13;19;13x19;;;ohne (Rollen-/Flachversand);;;;eigene ICC-Profile verfügbar
Poster/FineArt;FineArt;1;;FineArt-Papier (Hahnemühle);Hahnemühle Photo Rag;;Hahnemühle;FineArt-Inkjetdruck;Pigment / FineArt;Querformat;2:3;14.8;21;14.8x21;A5;;ohne (Rollen-/Flachversand);;;;eigene ICC-Profile verfügbar
Poster/FineArt;FineArt;1;;FineArt-Papier (Hahnemühle);Hahnemühle Photo Rag;;Hahnemühle;FineArt-Inkjetdruck;Pigment / FineArt;Querformat;2:3;15;21;15x21;;;ohne (Rollen-/Flachversand);;;;eigene ICC-Profile verfügbar
Poster/FineArt;FineArt;1;;FineArt-Papier (Hahnemühle);Hahnemühle Photo Rag;;Hahnemühle;FineArt-Inkjetdruck;Pigment / FineArt;Querformat;2:3;15;22;15x22;;;ohne (Rollen-/Flachversand);;;;eigene ICC-Profile verfügbar
Poster/FineArt;FineArt;1;;FineArt-Papier (Hahnemühle);Hahnemühle Photo Rag;;Hahnemühle;FineArt-Inkjetdruck;Pigment / FineArt;Querformat;2:3;20;30;20x30;;;ohne (Rollen-/Flachversand);;;;eigene ICC-Profile verfügbar
Poster/FineArt;FineArt;1;;FineArt-Papier (Hahnemühle);Hahnemühle Photo Rag;;Hahnemühle;FineArt-Inkjetdruck;Pigment / FineArt;Querformat;2:3;21;29.7;21x29.7;A4;;ohne (Rollen-/Flachversand);;;;eigene ICC-Profile verfügbar
Poster/FineArt;FineArt;1;;FineArt-Papier (Hahnemühle);Hahnemühle Photo Rag;;Hahnemühle;FineArt-Inkjetdruck;Pigment / FineArt;Querformat;2:3;29.7;42;29.7x42;A3;;ohne (Rollen-/Flachversand);;;;eigene ICC-Profile verfügbar
Poster/FineArt;FineArt;1;;FineArt-Papier (Hahnemühle);Hahnemühle Photo Rag;;Hahnemühle;FineArt-Inkjetdruck;Pigment / FineArt;Querformat;2:3;30;45;30x45;;;ohne (Rollen-/Flachversand);;;;eigene ICC-Profile verfügbar
Poster/FineArt;FineArt;1;;FineArt-Papier (Hahnemühle);Hahnemühle Photo Rag;;Hahnemühle;FineArt-Inkjetdruck;Pigment / FineArt;Querformat;2:3;40;60;40x60;;;ohne (Rollen-/Flachversand);;;;eigene ICC-Profile verfügbar
Poster/FineArt;FineArt;1;;FineArt-Papier (Hahnemühle);Hahnemühle Photo Rag;;Hahnemühle;FineArt-Inkjetdruck;Pigment / FineArt;Querformat;2:3;42;59.4;42x59.4;A2;;ohne (Rollen-/Flachversand);;;;eigene ICC-Profile verfügbar
Poster/FineArt;FineArt;1;;FineArt-Papier (Hahnemühle);Hahnemühle Photo Rag;;Hahnemühle;FineArt-Inkjetdruck;Pigment / FineArt;Querformat;2:3;50;70;50x70;;;ohne (Rollen-/Flachversand);;;;eigene ICC-Profile verfügbar
Poster/FineArt;FineArt;1;;FineArt-Papier (Hahnemühle);Hahnemühle Photo Rag;;Hahnemühle;FineArt-Inkjetdruck;Pigment / FineArt;Querformat;2:3;50;75;50x75;;;ohne (Rollen-/Flachversand);;;;eigene ICC-Profile verfügbar
Poster/FineArt;FineArt;1;;FineArt-Papier (Hahnemühle);Hahnemühle Photo Rag;;Hahnemühle;FineArt-Inkjetdruck;Pigment / FineArt;Querformat;2:3;59.4;84.1;59.4x84.1;A1;;ohne (Rollen-/Flachversand);;;;eigene ICC-Profile verfügbar
Poster/FineArt;FineArt;1;;FineArt-Papier (Hahnemühle);Hahnemühle Photo Rag;;Hahnemühle;FineArt-Inkjetdruck;Pigment / FineArt;Querformat;2:3;60;90;60x90;;;ohne (Rollen-/Flachversand);;;;eigene ICC-Profile verfügbar
Poster/FineArt;FineArt;1;;FineArt-Papier (Hahnemühle);Hahnemühle Photo Rag;;Hahnemühle;FineArt-Inkjetdruck;Pigment / FineArt;Querformat;2:3;70;100;70x100;;;ohne (Rollen-/Flachversand);;;;eigene ICC-Profile verfügbar
Poster/FineArt;FineArt;1;;FineArt-Papier (Hahnemühle);Hahnemühle Photo Rag;;Hahnemühle;FineArt-Inkjetdruck;Pigment / FineArt;Querformat;2:3;70;105;70x105;;;ohne (Rollen-/Flachversand);;;;eigene ICC-Profile verfügbar
Poster/FineArt;FineArt;1;;FineArt-Papier (Hahnemühle);Hahnemühle Photo Rag;;Hahnemühle;FineArt-Inkjetdruck;Pigment / FineArt;Querformat;3:4;18;24;18x24;;;ohne (Rollen-/Flachversand);;;;eigene ICC-Profile verfügbar
Poster/FineArt;FineArt;1;;FineArt-Papier (Hahnemühle);Hahnemühle Photo Rag;;Hahnemühle;FineArt-Inkjetdruck;Pigment / FineArt;Querformat;3:4;30;40;30x40;;;ohne (Rollen-/Flachversand);;;;eigene ICC-Profile verfügbar
Poster/FineArt;FineArt;1;;FineArt-Papier (Hahnemühle);Hahnemühle Photo Rag;;Hahnemühle;FineArt-Inkjetdruck;Pigment / FineArt;Querformat;3:4;60;80;60x80;;;ohne (Rollen-/Flachversand);;;;eigene ICC-Profile verfügbar
Poster/FineArt;FineArt;1;;FineArt-Papier (Hahnemühle);Hahnemühle Photo Rag;;Hahnemühle;FineArt-Inkjetdruck;Pigment / FineArt;Querformat;4:5;10;13;10x13;;;ohne (Rollen-/Flachversand);;;;eigene ICC-Profile verfügbar
Poster/FineArt;FineArt;1;;FineArt-Papier (Hahnemühle);Hahnemühle Photo Rag;;Hahnemühle;FineArt-Inkjetdruck;Pigment / FineArt;Querformat;4:5;40;50;40x50;;;ohne (Rollen-/Flachversand);;;;eigene ICC-Profile verfügbar
Poster/FineArt;FineArt;1;;FineArt-Papier (Hahnemühle);Hahnemühle Photo Rag;;Hahnemühle;FineArt-Inkjetdruck;Pigment / FineArt;Querformat;4:5;70;90;70x90;;;ohne (Rollen-/Flachversand);;;;eigene ICC-Profile verfügbar
Poster/FineArt;FineArt;1;;FineArt-Papier (Hahnemühle);Hahnemühle Photo Rag;;Hahnemühle;FineArt-Inkjetdruck;Pigment / FineArt;Querformat;1:1;15;15;15x15;;;ohne (Rollen-/Flachversand);;;;eigene ICC-Profile verfügbar
Poster/FineArt;FineArt;1;;FineArt-Papier (Hahnemühle);Hahnemühle Photo Rag;;Hahnemühle;FineArt-Inkjetdruck;Pigment / FineArt;Querformat;1:1;20;20;20x20;;;ohne (Rollen-/Flachversand);;;;eigene ICC-Profile verfügbar
Poster/FineArt;FineArt;1;;FineArt-Papier (Hahnemühle);Hahnemühle Photo Rag;;Hahnemühle;FineArt-Inkjetdruck;Pigment / FineArt;Querformat;1:1;21;21;21x21;;;ohne (Rollen-/Flachversand);;;;eigene ICC-Profile verfügbar
Poster/FineArt;FineArt;1;;FineArt-Papier (Hahnemühle);Hahnemühle Photo Rag;;Hahnemühle;FineArt-Inkjetdruck;Pigment / FineArt;Querformat;1:1;30;30;30x30;;;ohne (Rollen-/Flachversand);;;;eigene ICC-Profile verfügbar
Poster/FineArt;FineArt;1;;FineArt-Papier (Hahnemühle);Hahnemühle Photo Rag;;Hahnemühle;FineArt-Inkjetdruck;Pigment / FineArt;Querformat;1:1;40;40;40x40;;;ohne (Rollen-/Flachversand);;;;eigene ICC-Profile verfügbar
Poster/FineArt;FineArt;1;;FineArt-Papier (Hahnemühle);Hahnemühle Photo Rag;;Hahnemühle;FineArt-Inkjetdruck;Pigment / FineArt;Querformat;1:1;50;50;50x50;;;ohne (Rollen-/Flachversand);;;;eigene ICC-Profile verfügbar
Poster/FineArt;FineArt;1;;FineArt-Papier (Hahnemühle);Hahnemühle Photo Rag;;Hahnemühle;FineArt-Inkjetdruck;Pigment / FineArt;Querformat;1:1;60;60;60x60;;;ohne (Rollen-/Flachversand);;;;eigene ICC-Profile verfügbar
Poster/FineArt;FineArt;1;;FineArt-Papier (Hahnemühle);Hahnemühle Photo Rag;;Hahnemühle;FineArt-Inkjetdruck;Pigment / FineArt;Querformat;1:1;70;70;70x70;;;ohne (Rollen-/Flachversand);;;;eigene ICC-Profile verfügbar
Poster/FineArt;FineArt;1;;FineArt-Papier (Hahnemühle);Hahnemühle Photo Rag;;Hahnemühle;FineArt-Inkjetdruck;Pigment / FineArt;Querformat;Panorama;10;18;10x18;;;ohne (Rollen-/Flachversand);;;;eigene ICC-Profile verfügbar
Poster/FineArt;FineArt;1;;FineArt-Papier (Hahnemühle);Hahnemühle Photo Rag;;Hahnemühle;FineArt-Inkjetdruck;Pigment / FineArt;Querformat;Panorama;10;20;10x20;;;ohne (Rollen-/Flachversand);;;;eigene ICC-Profile verfügbar
Poster/FineArt;FineArt;1;;FineArt-Papier (Hahnemühle);Hahnemühle Photo Rag;;Hahnemühle;FineArt-Inkjetdruck;Pigment / FineArt;Querformat;Panorama;20;40;20x40;;;ohne (Rollen-/Flachversand);;;;eigene ICC-Profile verfügbar
Poster/FineArt;FineArt;1;;FineArt-Papier (Hahnemühle);Hahnemühle Photo Rag;;Hahnemühle;FineArt-Inkjetdruck;Pigment / FineArt;Querformat;Panorama;20;60;20x60;;;ohne (Rollen-/Flachversand);;;;eigene ICC-Profile verfügbar
Poster/FineArt;FineArt;1;;FineArt-Papier (Hahnemühle);Hahnemühle Photo Rag;;Hahnemühle;FineArt-Inkjetdruck;Pigment / FineArt;Querformat;Panorama;30;60;30x60;;;ohne (Rollen-/Flachversand);;;;eigene ICC-Profile verfügbar
Poster/FineArt;FineArt;1;;FineArt-Papier (Hahnemühle);Hahnemühle Photo Rag;;Hahnemühle;FineArt-Inkjetdruck;Pigment / FineArt;Querformat;Panorama;30;90;30x90;;;ohne (Rollen-/Flachversand);;;;eigene ICC-Profile verfügbar
Poster/FineArt;FineArt;1;;FineArt-Papier (Hahnemühle);Hahnemühle Photo Rag;;Hahnemühle;FineArt-Inkjetdruck;Pigment / FineArt;Querformat;Panorama;40;80;40x80;;;ohne (Rollen-/Flachversand);;;;eigene ICC-Profile verfügbar
Poster/FineArt;FineArt;1;;FineArt-Papier (Hahnemühle);Hahnemühle Photo Rag;;Hahnemühle;FineArt-Inkjetdruck;Pigment / FineArt;Querformat;Panorama;50;100;50x100;;;ohne (Rollen-/Flachversand);;;;eigene ICC-Profile verfügbar
Poster/FineArt;Fotoposter;1;;Fotopapier (Fujifilm);Fotopapier;Silk;Fujifilm;Fotobelichtung / Digitaldruck;Fotografisch;Hochformat;2:3;10;15;10x15;;;ohne (Rollen-/Flachversand);;;;
Poster/FineArt;Fotoposter;1;;Fotopapier (Fujifilm);Fotopapier;Silk;Fujifilm;Fotobelichtung / Digitaldruck;Fotografisch;Hochformat;2:3;10.5;14.8;10.5x14.8;A6;;ohne (Rollen-/Flachversand);;;;
Poster/FineArt;Fotoposter;1;;Fotopapier (Fujifilm);Fotopapier;Silk;Fujifilm;Fotobelichtung / Digitaldruck;Fotografisch;Hochformat;2:3;13;18;13x18;;;ohne (Rollen-/Flachversand);;;;
Poster/FineArt;Fotoposter;1;;Fotopapier (Fujifilm);Fotopapier;Silk;Fujifilm;Fotobelichtung / Digitaldruck;Fotografisch;Hochformat;2:3;13;19;13x19;;;ohne (Rollen-/Flachversand);;;;
Poster/FineArt;Fotoposter;1;;Fotopapier (Fujifilm);Fotopapier;Silk;Fujifilm;Fotobelichtung / Digitaldruck;Fotografisch;Hochformat;2:3;14.8;21;14.8x21;A5;;ohne (Rollen-/Flachversand);;;;
Poster/FineArt;Fotoposter;1;;Fotopapier (Fujifilm);Fotopapier;Silk;Fujifilm;Fotobelichtung / Digitaldruck;Fotografisch;Hochformat;2:3;15;21;15x21;;;ohne (Rollen-/Flachversand);;;;
Poster/FineArt;Fotoposter;1;;Fotopapier (Fujifilm);Fotopapier;Silk;Fujifilm;Fotobelichtung / Digitaldruck;Fotografisch;Hochformat;2:3;15;22;15x22;;;ohne (Rollen-/Flachversand);;;;
Poster/FineArt;Fotoposter;1;;Fotopapier (Fujifilm);Fotopapier;Silk;Fujifilm;Fotobelichtung / Digitaldruck;Fotografisch;Hochformat;2:3;20;30;20x30;;;ohne (Rollen-/Flachversand);;;;
Poster/FineArt;Fotoposter;1;;Fotopapier (Fujifilm);Fotopapier;Silk;Fujifilm;Fotobelichtung / Digitaldruck;Fotografisch;Hochformat;2:3;21;30;21x30;A4;;ohne (Rollen-/Flachversand);;;;
Poster/FineArt;Fotoposter;1;;Fotopapier (Fujifilm);Fotopapier;Silk;Fujifilm;Fotobelichtung / Digitaldruck;Fotografisch;Hochformat;2:3;29.7;42;29.7x42;A3;;ohne (Rollen-/Flachversand);;;;
Poster/FineArt;Fotoposter;1;;Fotopapier (Fujifilm);Fotopapier;Silk;Fujifilm;Fotobelichtung / Digitaldruck;Fotografisch;Hochformat;2:3;30;45;30x45;;;ohne (Rollen-/Flachversand);;;;
Poster/FineArt;Fotoposter;1;;Fotopapier (Fujifilm);Fotopapier;Silk;Fujifilm;Fotobelichtung / Digitaldruck;Fotografisch;Hochformat;2:3;40;60;40x60;;;ohne (Rollen-/Flachversand);;;;
Poster/FineArt;Fotoposter;1;;Fotopapier (Fujifilm);Fotopapier;Silk;Fujifilm;Fotobelichtung / Digitaldruck;Fotografisch;Hochformat;2:3;42;59.4;42x59.4;A2;;ohne (Rollen-/Flachversand);;;;
Poster/FineArt;Fotoposter;1;;Fotopapier (Fujifilm);Fotopapier;Silk;Fujifilm;Fotobelichtung / Digitaldruck;Fotografisch;Hochformat;2:3;50;70;50x70;;;ohne (Rollen-/Flachversand);;;;
Poster/FineArt;Fotoposter;1;;Fotopapier (Fujifilm);Fotopapier;Silk;Fujifilm;Fotobelichtung / Digitaldruck;Fotografisch;Hochformat;2:3;50;75;50x75;;;ohne (Rollen-/Flachversand);;;;
Poster/FineArt;Fotoposter;1;;Fotopapier (Fujifilm);Fotopapier;Silk;Fujifilm;Fotobelichtung / Digitaldruck;Fotografisch;Hochformat;2:3;59.4;84.1;59.4x84.1;A1;;ohne (Rollen-/Flachversand);;;;
Poster/FineArt;Fotoposter;1;;Fotopapier (Fujifilm);Fotopapier;Silk;Fujifilm;Fotobelichtung / Digitaldruck;Fotografisch;Hochformat;2:3;60;90;60x90;;;ohne (Rollen-/Flachversand);;;;
Poster/FineArt;Fotoposter;1;;Fotopapier (Fujifilm);Fotopapier;Silk;Fujifilm;Fotobelichtung / Digitaldruck;Fotografisch;Hochformat;2:3;70;100;70x100;;;ohne (Rollen-/Flachversand);;;;
Poster/FineArt;Fotoposter;1;;Fotopapier (Fujifilm);Fotopapier;Silk;Fujifilm;Fotobelichtung / Digitaldruck;Fotografisch;Hochformat;2:3;70;105;70x105;;;ohne (Rollen-/Flachversand);;;;
Poster/FineArt;Fotoposter;1;;Fotopapier (Fujifilm);Fotopapier;Silk;Fujifilm;Fotobelichtung / Digitaldruck;Fotografisch;Hochformat;3:4;18;24;18x24;;;ohne (Rollen-/Flachversand);;;;
Poster/FineArt;Fotoposter;1;;Fotopapier (Fujifilm);Fotopapier;Silk;Fujifilm;Fotobelichtung / Digitaldruck;Fotografisch;Hochformat;3:4;30;40;30x40;;;ohne (Rollen-/Flachversand);;;;
Poster/FineArt;Fotoposter;1;;Fotopapier (Fujifilm);Fotopapier;Silk;Fujifilm;Fotobelichtung / Digitaldruck;Fotografisch;Hochformat;3:4;60;80;60x80;;;ohne (Rollen-/Flachversand);;;;
Poster/FineArt;Fotoposter;1;;Fotopapier (Fujifilm);Fotopapier;Silk;Fujifilm;Fotobelichtung / Digitaldruck;Fotografisch;Hochformat;3:5;70;120;70x120;;;ohne (Rollen-/Flachversand);;;;
Poster/FineArt;Fotoposter;1;;Fotopapier (Fujifilm);Fotopapier;Silk;Fujifilm;Fotobelichtung / Digitaldruck;Fotografisch;Hochformat;4:5;10;13;10x13;;;ohne (Rollen-/Flachversand);;;;
Poster/FineArt;Fotoposter;1;;Fotopapier (Fujifilm);Fotopapier;Silk;Fujifilm;Fotobelichtung / Digitaldruck;Fotografisch;Hochformat;4:5;40;50;40x50;;;ohne (Rollen-/Flachversand);;;;
Poster/FineArt;Fotoposter;1;;Fotopapier (Fujifilm);Fotopapier;Silk;Fujifilm;Fotobelichtung / Digitaldruck;Fotografisch;Hochformat;1:1;15;15;15x15;;;ohne (Rollen-/Flachversand);;;;
Poster/FineArt;Fotoposter;1;;Fotopapier (Fujifilm);Fotopapier;Silk;Fujifilm;Fotobelichtung / Digitaldruck;Fotografisch;Hochformat;1:1;20;20;20x20;;;ohne (Rollen-/Flachversand);;;;
Poster/FineArt;Fotoposter;1;;Fotopapier (Fujifilm);Fotopapier;Silk;Fujifilm;Fotobelichtung / Digitaldruck;Fotografisch;Hochformat;1:1;30;30;30x30;;;ohne (Rollen-/Flachversand);;;;
Poster/FineArt;Fotoposter;1;;Fotopapier (Fujifilm);Fotopapier;Silk;Fujifilm;Fotobelichtung / Digitaldruck;Fotografisch;Hochformat;1:1;40;40;40x40;;;ohne (Rollen-/Flachversand);;;;
Poster/FineArt;Fotoposter;1;;Fotopapier (Fujifilm);Fotopapier;Silk;Fujifilm;Fotobelichtung / Digitaldruck;Fotografisch;Hochformat;1:1;50;50;50x50;;;ohne (Rollen-/Flachversand);;;;
Poster/FineArt;Fotoposter;1;;Fotopapier (Fujifilm);Fotopapier;Silk;Fujifilm;Fotobelichtung / Digitaldruck;Fotografisch;Hochformat;1:1;60;60;60x60;;;ohne (Rollen-/Flachversand);;;;
Poster/FineArt;Fotoposter;1;;Fotopapier (Fujifilm);Fotopapier;Silk;Fujifilm;Fotobelichtung / Digitaldruck;Fotografisch;Hochformat;1:1;70;70;70x70;;;ohne (Rollen-/Flachversand);;;;
Poster/FineArt;Fotoposter;1;;Fotopapier (Fujifilm);Fotopapier;Silk;Fujifilm;Fotobelichtung / Digitaldruck;Fotografisch;Hochformat;Panorama;10;20;10x20;;;ohne (Rollen-/Flachversand);;;;
Poster/FineArt;Fotoposter;1;;Fotopapier (Fujifilm);Fotopapier;Silk;Fujifilm;Fotobelichtung / Digitaldruck;Fotografisch;Hochformat;Panorama;20;40;20x40;;;ohne (Rollen-/Flachversand);;;;
Poster/FineArt;Fotoposter;1;;Fotopapier (Fujifilm);Fotopapier;Silk;Fujifilm;Fotobelichtung / Digitaldruck;Fotografisch;Hochformat;Panorama;20;60;20x60;;;ohne (Rollen-/Flachversand);;;;
Poster/FineArt;Fotoposter;1;;Fotopapier (Fujifilm);Fotopapier;Silk;Fujifilm;Fotobelichtung / Digitaldruck;Fotografisch;Hochformat;Panorama;30;60;30x60;;;ohne (Rollen-/Flachversand);;;;
Poster/FineArt;Fotoposter;1;;Fotopapier (Fujifilm);Fotopapier;Silk;Fujifilm;Fotobelichtung / Digitaldruck;Fotografisch;Hochformat;Panorama;30;90;30x90;;;ohne (Rollen-/Flachversand);;;;
Poster/FineArt;Fotoposter;1;;Fotopapier (Fujifilm);Fotopapier;Silk;Fujifilm;Fotobelichtung / Digitaldruck;Fotografisch;Hochformat;Panorama;40;80;40x80;;;ohne (Rollen-/Flachversand);;;;
Poster/FineArt;Fotoposter;1;;Fotopapier (Fujifilm);Fotopapier;Silk;Fujifilm;Fotobelichtung / Digitaldruck;Fotografisch;Hochformat;Panorama;50;100;50x100;;;ohne (Rollen-/Flachversand);;;;
Poster/FineArt;Fotoposter;1;;Fotopapier (Fujifilm);Fotopapier;Silk;Fujifilm;Fotobelichtung / Digitaldruck;Fotografisch;Hochformat;Panorama;60;120;60x120;;;ohne (Rollen-/Flachversand);;;;
Poster/FineArt;Fotoposter;1;;Fotopapier (Fujifilm);Fotopapier;Silk;Fujifilm;Fotobelichtung / Digitaldruck;Fotografisch;Hochformat;Panorama;60;180;60x180;;;ohne (Rollen-/Flachversand);;;;
Poster/FineArt;Fotoposter;1;;Fotopapier (Fujifilm);Fotopapier;Silk;Fujifilm;Fotobelichtung / Digitaldruck;Fotografisch;Hochformat;Panorama;70;180;70x180;;;ohne (Rollen-/Flachversand);;;;
Poster/FineArt;Fotoposter;1;;Fotopapier (Fujifilm);Fotopapier;Silk;Fujifilm;Fotobelichtung / Digitaldruck;Fotografisch;Querformat;2:3;10;15;10x15;;;ohne (Rollen-/Flachversand);;;;
Poster/FineArt;Fotoposter;1;;Fotopapier (Fujifilm);Fotopapier;Silk;Fujifilm;Fotobelichtung / Digitaldruck;Fotografisch;Querformat;2:3;10.5;14.8;10.5x14.8;A6;;ohne (Rollen-/Flachversand);;;;
Poster/FineArt;Fotoposter;1;;Fotopapier (Fujifilm);Fotopapier;Silk;Fujifilm;Fotobelichtung / Digitaldruck;Fotografisch;Querformat;2:3;13;18;13x18;;;ohne (Rollen-/Flachversand);;;;
Poster/FineArt;Fotoposter;1;;Fotopapier (Fujifilm);Fotopapier;Silk;Fujifilm;Fotobelichtung / Digitaldruck;Fotografisch;Querformat;2:3;13;19;13x19;;;ohne (Rollen-/Flachversand);;;;
Poster/FineArt;Fotoposter;1;;Fotopapier (Fujifilm);Fotopapier;Silk;Fujifilm;Fotobelichtung / Digitaldruck;Fotografisch;Querformat;2:3;14.8;21;14.8x21;A5;;ohne (Rollen-/Flachversand);;;;
Poster/FineArt;Fotoposter;1;;Fotopapier (Fujifilm);Fotopapier;Silk;Fujifilm;Fotobelichtung / Digitaldruck;Fotografisch;Querformat;2:3;15;21;15x21;;;ohne (Rollen-/Flachversand);;;;
Poster/FineArt;Fotoposter;1;;Fotopapier (Fujifilm);Fotopapier;Silk;Fujifilm;Fotobelichtung / Digitaldruck;Fotografisch;Querformat;2:3;15;22;15x22;;;ohne (Rollen-/Flachversand);;;;
Poster/FineArt;Fotoposter;1;;Fotopapier (Fujifilm);Fotopapier;Silk;Fujifilm;Fotobelichtung / Digitaldruck;Fotografisch;Querformat;2:3;20;30;20x30;;;ohne (Rollen-/Flachversand);;;;
Poster/FineArt;Fotoposter;1;;Fotopapier (Fujifilm);Fotopapier;Silk;Fujifilm;Fotobelichtung / Digitaldruck;Fotografisch;Querformat;2:3;21;30;21x30;A4;;ohne (Rollen-/Flachversand);;;;
Poster/FineArt;Fotoposter;1;;Fotopapier (Fujifilm);Fotopapier;Silk;Fujifilm;Fotobelichtung / Digitaldruck;Fotografisch;Querformat;2:3;29.7;42;29.7x42;A3;;ohne (Rollen-/Flachversand);;;;
Poster/FineArt;Fotoposter;1;;Fotopapier (Fujifilm);Fotopapier;Silk;Fujifilm;Fotobelichtung / Digitaldruck;Fotografisch;Querformat;2:3;30;45;30x45;;;ohne (Rollen-/Flachversand);;;;
Poster/FineArt;Fotoposter;1;;Fotopapier (Fujifilm);Fotopapier;Silk;Fujifilm;Fotobelichtung / Digitaldruck;Fotografisch;Querformat;2:3;40;60;40x60;;;ohne (Rollen-/Flachversand);;;;
Poster/FineArt;Fotoposter;1;;Fotopapier (Fujifilm);Fotopapier;Silk;Fujifilm;Fotobelichtung / Digitaldruck;Fotografisch;Querformat;2:3;42;59.4;42x59.4;A2;;ohne (Rollen-/Flachversand);;;;
Poster/FineArt;Fotoposter;1;;Fotopapier (Fujifilm);Fotopapier;Silk;Fujifilm;Fotobelichtung / Digitaldruck;Fotografisch;Querformat;2:3;50;70;50x70;;;ohne (Rollen-/Flachversand);;;;
Poster/FineArt;Fotoposter;1;;Fotopapier (Fujifilm);Fotopapier;Silk;Fujifilm;Fotobelichtung / Digitaldruck;Fotografisch;Querformat;2:3;50;75;50x75;;;ohne (Rollen-/Flachversand);;;;
Poster/FineArt;Fotoposter;1;;Fotopapier (Fujifilm);Fotopapier;Silk;Fujifilm;Fotobelichtung / Digitaldruck;Fotografisch;Querformat;2:3;59.4;84.1;59.4x84.1;A1;;ohne (Rollen-/Flachversand);;;;
Poster/FineArt;Fotoposter;1;;Fotopapier (Fujifilm);Fotopapier;Silk;Fujifilm;Fotobelichtung / Digitaldruck;Fotografisch;Querformat;2:3;60;90;60x90;;;ohne (Rollen-/Flachversand);;;;
Poster/FineArt;Fotoposter;1;;Fotopapier (Fujifilm);Fotopapier;Silk;Fujifilm;Fotobelichtung / Digitaldruck;Fotografisch;Querformat;2:3;70;100;70x100;;;ohne (Rollen-/Flachversand);;;;
Poster/FineArt;Fotoposter;1;;Fotopapier (Fujifilm);Fotopapier;Silk;Fujifilm;Fotobelichtung / Digitaldruck;Fotografisch;Querformat;2:3;70;105;70x105;;;ohne (Rollen-/Flachversand);;;;
Poster/FineArt;Fotoposter;1;;Fotopapier (Fujifilm);Fotopapier;Silk;Fujifilm;Fotobelichtung / Digitaldruck;Fotografisch;Querformat;3:4;18;24;18x24;;;ohne (Rollen-/Flachversand);;;;
Poster/FineArt;Fotoposter;1;;Fotopapier (Fujifilm);Fotopapier;Silk;Fujifilm;Fotobelichtung / Digitaldruck;Fotografisch;Querformat;3:4;30;40;30x40;;;ohne (Rollen-/Flachversand);;;;
Poster/FineArt;Fotoposter;1;;Fotopapier (Fujifilm);Fotopapier;Silk;Fujifilm;Fotobelichtung / Digitaldruck;Fotografisch;Querformat;3:4;60;80;60x80;;;ohne (Rollen-/Flachversand);;;;
Poster/FineArt;Fotoposter;1;;Fotopapier (Fujifilm);Fotopapier;Silk;Fujifilm;Fotobelichtung / Digitaldruck;Fotografisch;Querformat;3:5;70;120;70x120;;;ohne (Rollen-/Flachversand);;;;
Poster/FineArt;Fotoposter;1;;Fotopapier (Fujifilm);Fotopapier;Silk;Fujifilm;Fotobelichtung / Digitaldruck;Fotografisch;Querformat;4:5;10;13;10x13;;;ohne (Rollen-/Flachversand);;;;
Poster/FineArt;Fotoposter;1;;Fotopapier (Fujifilm);Fotopapier;Silk;Fujifilm;Fotobelichtung / Digitaldruck;Fotografisch;Querformat;4:5;40;50;40x50;;;ohne (Rollen-/Flachversand);;;;
Poster/FineArt;Fotoposter;1;;Fotopapier (Fujifilm);Fotopapier;Silk;Fujifilm;Fotobelichtung / Digitaldruck;Fotografisch;Querformat;1:1;15;15;15x15;;;ohne (Rollen-/Flachversand);;;;
Poster/FineArt;Fotoposter;1;;Fotopapier (Fujifilm);Fotopapier;Silk;Fujifilm;Fotobelichtung / Digitaldruck;Fotografisch;Querformat;1:1;20;20;20x20;;;ohne (Rollen-/Flachversand);;;;
Poster/FineArt;Fotoposter;1;;Fotopapier (Fujifilm);Fotopapier;Silk;Fujifilm;Fotobelichtung / Digitaldruck;Fotografisch;Querformat;1:1;30;30;30x30;;;ohne (Rollen-/Flachversand);;;;
Poster/FineArt;Fotoposter;1;;Fotopapier (Fujifilm);Fotopapier;Silk;Fujifilm;Fotobelichtung / Digitaldruck;Fotografisch;Querformat;1:1;40;40;40x40;;;ohne (Rollen-/Flachversand);;;;
Poster/FineArt;Fotoposter;1;;Fotopapier (Fujifilm);Fotopapier;Silk;Fujifilm;Fotobelichtung / Digitaldruck;Fotografisch;Querformat;1:1;50;50;50x50;;;ohne (Rollen-/Flachversand);;;;
Poster/FineArt;Fotoposter;1;;Fotopapier (Fujifilm);Fotopapier;Silk;Fujifilm;Fotobelichtung / Digitaldruck;Fotografisch;Querformat;1:1;60;60;60x60;;;ohne (Rollen-/Flachversand);;;;
Poster/FineArt;Fotoposter;1;;Fotopapier (Fujifilm);Fotopapier;Silk;Fujifilm;Fotobelichtung / Digitaldruck;Fotografisch;Querformat;1:1;70;70;70x70;;;ohne (Rollen-/Flachversand);;;;
Poster/FineArt;Fotoposter;1;;Fotopapier (Fujifilm);Fotopapier;Silk;Fujifilm;Fotobelichtung / Digitaldruck;Fotografisch;Querformat;Panorama;10;20;10x20;;;ohne (Rollen-/Flachversand);;;;
Poster/FineArt;Fotoposter;1;;Fotopapier (Fujifilm);Fotopapier;Silk;Fujifilm;Fotobelichtung / Digitaldruck;Fotografisch;Querformat;Panorama;20;40;20x40;;;ohne (Rollen-/Flachversand);;;;
Poster/FineArt;Fotoposter;1;;Fotopapier (Fujifilm);Fotopapier;Silk;Fujifilm;Fotobelichtung / Digitaldruck;Fotografisch;Querformat;Panorama;20;60;20x60;;;ohne (Rollen-/Flachversand);;;;
Poster/FineArt;Fotoposter;1;;Fotopapier (Fujifilm);Fotopapier;Silk;Fujifilm;Fotobelichtung / Digitaldruck;Fotografisch;Querformat;Panorama;30;60;30x60;;;ohne (Rollen-/Flachversand);;;;
Poster/FineArt;Fotoposter;1;;Fotopapier (Fujifilm);Fotopapier;Silk;Fujifilm;Fotobelichtung / Digitaldruck;Fotografisch;Querformat;Panorama;30;90;30x90;;;ohne (Rollen-/Flachversand);;;;
Poster/FineArt;Fotoposter;1;;Fotopapier (Fujifilm);Fotopapier;Silk;Fujifilm;Fotobelichtung / Digitaldruck;Fotografisch;Querformat;Panorama;40;80;40x80;;;ohne (Rollen-/Flachversand);;;;
Poster/FineArt;Fotoposter;1;;Fotopapier (Fujifilm);Fotopapier;Silk;Fujifilm;Fotobelichtung / Digitaldruck;Fotografisch;Querformat;Panorama;50;100;50x100;;;ohne (Rollen-/Flachversand);;;;
Poster/FineArt;Fotoposter;1;;Fotopapier (Fujifilm);Fotopapier;Silk;Fujifilm;Fotobelichtung / Digitaldruck;Fotografisch;Querformat;Panorama;60;120;60x120;;;ohne (Rollen-/Flachversand);;;;
Poster/FineArt;Fotoposter;1;;Fotopapier (Fujifilm);Fotopapier;Silk;Fujifilm;Fotobelichtung / Digitaldruck;Fotografisch;Querformat;Panorama;60;180;60x180;;;ohne (Rollen-/Flachversand);;;;
Poster/FineArt;Fotoposter;1;;Fotopapier (Fujifilm);Fotopapier;Silk;Fujifilm;Fotobelichtung / Digitaldruck;Fotografisch;Querformat;Panorama;70;180;70x180;;;ohne (Rollen-/Flachversand);;;;
Poster/FineArt;Fotoposter;1;;Fotopapier (Fujifilm);Fotopapier;glänzend;Fujifilm;Fotobelichtung / Digitaldruck;Fotografisch;Hochformat;2:3;10;15;10x15;;;ohne (Rollen-/Flachversand);;;;
Poster/FineArt;Fotoposter;1;;Fotopapier (Fujifilm);Fotopapier;glänzend;Fujifilm;Fotobelichtung / Digitaldruck;Fotografisch;Hochformat;2:3;10.5;14.8;10.5x14.8;A6;;ohne (Rollen-/Flachversand);;;;
Poster/FineArt;Fotoposter;1;;Fotopapier (Fujifilm);Fotopapier;glänzend;Fujifilm;Fotobelichtung / Digitaldruck;Fotografisch;Hochformat;2:3;13;18;13x18;;;ohne (Rollen-/Flachversand);;;;
Poster/FineArt;Fotoposter;1;;Fotopapier (Fujifilm);Fotopapier;glänzend;Fujifilm;Fotobelichtung / Digitaldruck;Fotografisch;Hochformat;2:3;13;19;13x19;;;ohne (Rollen-/Flachversand);;;;
Poster/FineArt;Fotoposter;1;;Fotopapier (Fujifilm);Fotopapier;glänzend;Fujifilm;Fotobelichtung / Digitaldruck;Fotografisch;Hochformat;2:3;14.8;21;14.8x21;A5;;ohne (Rollen-/Flachversand);;;;
Poster/FineArt;Fotoposter;1;;Fotopapier (Fujifilm);Fotopapier;glänzend;Fujifilm;Fotobelichtung / Digitaldruck;Fotografisch;Hochformat;2:3;15;21;15x21;;;ohne (Rollen-/Flachversand);;;;
Poster/FineArt;Fotoposter;1;;Fotopapier (Fujifilm);Fotopapier;glänzend;Fujifilm;Fotobelichtung / Digitaldruck;Fotografisch;Hochformat;2:3;15;22;15x22;;;ohne (Rollen-/Flachversand);;;;
Poster/FineArt;Fotoposter;1;;Fotopapier (Fujifilm);Fotopapier;glänzend;Fujifilm;Fotobelichtung / Digitaldruck;Fotografisch;Hochformat;2:3;20;30;20x30;;;ohne (Rollen-/Flachversand);;;;
Poster/FineArt;Fotoposter;1;;Fotopapier (Fujifilm);Fotopapier;glänzend;Fujifilm;Fotobelichtung / Digitaldruck;Fotografisch;Hochformat;2:3;21;30;21x30;A4;;ohne (Rollen-/Flachversand);;;;
Poster/FineArt;Fotoposter;1;;Fotopapier (Fujifilm);Fotopapier;glänzend;Fujifilm;Fotobelichtung / Digitaldruck;Fotografisch;Hochformat;2:3;29.7;42;29.7x42;A3;;ohne (Rollen-/Flachversand);;;;
Poster/FineArt;Fotoposter;1;;Fotopapier (Fujifilm);Fotopapier;glänzend;Fujifilm;Fotobelichtung / Digitaldruck;Fotografisch;Hochformat;2:3;30;45;30x45;;;ohne (Rollen-/Flachversand);;;;
Poster/FineArt;Fotoposter;1;;Fotopapier (Fujifilm);Fotopapier;glänzend;Fujifilm;Fotobelichtung / Digitaldruck;Fotografisch;Hochformat;2:3;40;60;40x60;;;ohne (Rollen-/Flachversand);;;;
Poster/FineArt;Fotoposter;1;;Fotopapier (Fujifilm);Fotopapier;glänzend;Fujifilm;Fotobelichtung / Digitaldruck;Fotografisch;Hochformat;2:3;42;59.4;42x59.4;A2;;ohne (Rollen-/Flachversand);;;;
Poster/FineArt;Fotoposter;1;;Fotopapier (Fujifilm);Fotopapier;glänzend;Fujifilm;Fotobelichtung / Digitaldruck;Fotografisch;Hochformat;2:3;50;70;50x70;;;ohne (Rollen-/Flachversand);;;;
Poster/FineArt;Fotoposter;1;;Fotopapier (Fujifilm);Fotopapier;glänzend;Fujifilm;Fotobelichtung / Digitaldruck;Fotografisch;Hochformat;2:3;50;75;50x75;;;ohne (Rollen-/Flachversand);;;;
Poster/FineArt;Fotoposter;1;;Fotopapier (Fujifilm);Fotopapier;glänzend;Fujifilm;Fotobelichtung / Digitaldruck;Fotografisch;Hochformat;2:3;59.4;84.1;59.4x84.1;A1;;ohne (Rollen-/Flachversand);;;;
Poster/FineArt;Fotoposter;1;;Fotopapier (Fujifilm);Fotopapier;glänzend;Fujifilm;Fotobelichtung / Digitaldruck;Fotografisch;Hochformat;2:3;60;90;60x90;;;ohne (Rollen-/Flachversand);;;;
Poster/FineArt;Fotoposter;1;;Fotopapier (Fujifilm);Fotopapier;glänzend;Fujifilm;Fotobelichtung / Digitaldruck;Fotografisch;Hochformat;2:3;70;100;70x100;;;ohne (Rollen-/Flachversand);;;;
Poster/FineArt;Fotoposter;1;;Fotopapier (Fujifilm);Fotopapier;glänzend;Fujifilm;Fotobelichtung / Digitaldruck;Fotografisch;Hochformat;2:3;70;105;70x105;;;ohne (Rollen-/Flachversand);;;;
Poster/FineArt;Fotoposter;1;;Fotopapier (Fujifilm);Fotopapier;glänzend;Fujifilm;Fotobelichtung / Digitaldruck;Fotografisch;Hochformat;3:4;18;24;18x24;;;ohne (Rollen-/Flachversand);;;;
Poster/FineArt;Fotoposter;1;;Fotopapier (Fujifilm);Fotopapier;glänzend;Fujifilm;Fotobelichtung / Digitaldruck;Fotografisch;Hochformat;3:4;30;40;30x40;;;ohne (Rollen-/Flachversand);;;;
Poster/FineArt;Fotoposter;1;;Fotopapier (Fujifilm);Fotopapier;glänzend;Fujifilm;Fotobelichtung / Digitaldruck;Fotografisch;Hochformat;3:4;60;80;60x80;;;ohne (Rollen-/Flachversand);;;;
Poster/FineArt;Fotoposter;1;;Fotopapier (Fujifilm);Fotopapier;glänzend;Fujifilm;Fotobelichtung / Digitaldruck;Fotografisch;Hochformat;3:5;70;120;70x120;;;ohne (Rollen-/Flachversand);;;;
Poster/FineArt;Fotoposter;1;;Fotopapier (Fujifilm);Fotopapier;glänzend;Fujifilm;Fotobelichtung / Digitaldruck;Fotografisch;Hochformat;4:5;10;13;10x13;;;ohne (Rollen-/Flachversand);;;;
Poster/FineArt;Fotoposter;1;;Fotopapier (Fujifilm);Fotopapier;glänzend;Fujifilm;Fotobelichtung / Digitaldruck;Fotografisch;Hochformat;4:5;40;50;40x50;;;ohne (Rollen-/Flachversand);;;;
Poster/FineArt;Fotoposter;1;;Fotopapier (Fujifilm);Fotopapier;glänzend;Fujifilm;Fotobelichtung / Digitaldruck;Fotografisch;Hochformat;1:1;15;15;15x15;;;ohne (Rollen-/Flachversand);;;;
Poster/FineArt;Fotoposter;1;;Fotopapier (Fujifilm);Fotopapier;glänzend;Fujifilm;Fotobelichtung / Digitaldruck;Fotografisch;Hochformat;1:1;20;20;20x20;;;ohne (Rollen-/Flachversand);;;;
Poster/FineArt;Fotoposter;1;;Fotopapier (Fujifilm);Fotopapier;glänzend;Fujifilm;Fotobelichtung / Digitaldruck;Fotografisch;Hochformat;1:1;30;30;30x30;;;ohne (Rollen-/Flachversand);;;;
Poster/FineArt;Fotoposter;1;;Fotopapier (Fujifilm);Fotopapier;glänzend;Fujifilm;Fotobelichtung / Digitaldruck;Fotografisch;Hochformat;1:1;40;40;40x40;;;ohne (Rollen-/Flachversand);;;;
Poster/FineArt;Fotoposter;1;;Fotopapier (Fujifilm);Fotopapier;glänzend;Fujifilm;Fotobelichtung / Digitaldruck;Fotografisch;Hochformat;1:1;50;50;50x50;;;ohne (Rollen-/Flachversand);;;;
Poster/FineArt;Fotoposter;1;;Fotopapier (Fujifilm);Fotopapier;glänzend;Fujifilm;Fotobelichtung / Digitaldruck;Fotografisch;Hochformat;1:1;60;60;60x60;;;ohne (Rollen-/Flachversand);;;;
Poster/FineArt;Fotoposter;1;;Fotopapier (Fujifilm);Fotopapier;glänzend;Fujifilm;Fotobelichtung / Digitaldruck;Fotografisch;Hochformat;1:1;70;70;70x70;;;ohne (Rollen-/Flachversand);;;;
Poster/FineArt;Fotoposter;1;;Fotopapier (Fujifilm);Fotopapier;glänzend;Fujifilm;Fotobelichtung / Digitaldruck;Fotografisch;Hochformat;Panorama;10;20;10x20;;;ohne (Rollen-/Flachversand);;;;
Poster/FineArt;Fotoposter;1;;Fotopapier (Fujifilm);Fotopapier;glänzend;Fujifilm;Fotobelichtung / Digitaldruck;Fotografisch;Hochformat;Panorama;20;40;20x40;;;ohne (Rollen-/Flachversand);;;;
Poster/FineArt;Fotoposter;1;;Fotopapier (Fujifilm);Fotopapier;glänzend;Fujifilm;Fotobelichtung / Digitaldruck;Fotografisch;Hochformat;Panorama;20;60;20x60;;;ohne (Rollen-/Flachversand);;;;
Poster/FineArt;Fotoposter;1;;Fotopapier (Fujifilm);Fotopapier;glänzend;Fujifilm;Fotobelichtung / Digitaldruck;Fotografisch;Hochformat;Panorama;30;60;30x60;;;ohne (Rollen-/Flachversand);;;;
Poster/FineArt;Fotoposter;1;;Fotopapier (Fujifilm);Fotopapier;glänzend;Fujifilm;Fotobelichtung / Digitaldruck;Fotografisch;Hochformat;Panorama;30;90;30x90;;;ohne (Rollen-/Flachversand);;;;
Poster/FineArt;Fotoposter;1;;Fotopapier (Fujifilm);Fotopapier;glänzend;Fujifilm;Fotobelichtung / Digitaldruck;Fotografisch;Hochformat;Panorama;40;80;40x80;;;ohne (Rollen-/Flachversand);;;;
Poster/FineArt;Fotoposter;1;;Fotopapier (Fujifilm);Fotopapier;glänzend;Fujifilm;Fotobelichtung / Digitaldruck;Fotografisch;Hochformat;Panorama;50;100;50x100;;;ohne (Rollen-/Flachversand);;;;
Poster/FineArt;Fotoposter;1;;Fotopapier (Fujifilm);Fotopapier;glänzend;Fujifilm;Fotobelichtung / Digitaldruck;Fotografisch;Hochformat;Panorama;60;120;60x120;;;ohne (Rollen-/Flachversand);;;;
Poster/FineArt;Fotoposter;1;;Fotopapier (Fujifilm);Fotopapier;glänzend;Fujifilm;Fotobelichtung / Digitaldruck;Fotografisch;Hochformat;Panorama;60;180;60x180;;;ohne (Rollen-/Flachversand);;;;
Poster/FineArt;Fotoposter;1;;Fotopapier (Fujifilm);Fotopapier;glänzend;Fujifilm;Fotobelichtung / Digitaldruck;Fotografisch;Hochformat;Panorama;70;180;70x180;;;ohne (Rollen-/Flachversand);;;;
Poster/FineArt;Fotoposter;1;;Fotopapier (Fujifilm);Fotopapier;glänzend;Fujifilm;Fotobelichtung / Digitaldruck;Fotografisch;Querformat;2:3;10;15;10x15;;;ohne (Rollen-/Flachversand);;;;
Poster/FineArt;Fotoposter;1;;Fotopapier (Fujifilm);Fotopapier;glänzend;Fujifilm;Fotobelichtung / Digitaldruck;Fotografisch;Querformat;2:3;10.5;14.8;10.5x14.8;A6;;ohne (Rollen-/Flachversand);;;;
Poster/FineArt;Fotoposter;1;;Fotopapier (Fujifilm);Fotopapier;glänzend;Fujifilm;Fotobelichtung / Digitaldruck;Fotografisch;Querformat;2:3;13;18;13x18;;;ohne (Rollen-/Flachversand);;;;
Poster/FineArt;Fotoposter;1;;Fotopapier (Fujifilm);Fotopapier;glänzend;Fujifilm;Fotobelichtung / Digitaldruck;Fotografisch;Querformat;2:3;13;19;13x19;;;ohne (Rollen-/Flachversand);;;;
Poster/FineArt;Fotoposter;1;;Fotopapier (Fujifilm);Fotopapier;glänzend;Fujifilm;Fotobelichtung / Digitaldruck;Fotografisch;Querformat;2:3;14.8;21;14.8x21;A5;;ohne (Rollen-/Flachversand);;;;
Poster/FineArt;Fotoposter;1;;Fotopapier (Fujifilm);Fotopapier;glänzend;Fujifilm;Fotobelichtung / Digitaldruck;Fotografisch;Querformat;2:3;15;21;15x21;;;ohne (Rollen-/Flachversand);;;;
Poster/FineArt;Fotoposter;1;;Fotopapier (Fujifilm);Fotopapier;glänzend;Fujifilm;Fotobelichtung / Digitaldruck;Fotografisch;Querformat;2:3;15;22;15x22;;;ohne (Rollen-/Flachversand);;;;
Poster/FineArt;Fotoposter;1;;Fotopapier (Fujifilm);Fotopapier;glänzend;Fujifilm;Fotobelichtung / Digitaldruck;Fotografisch;Querformat;2:3;20;30;20x30;;;ohne (Rollen-/Flachversand);;;;
Poster/FineArt;Fotoposter;1;;Fotopapier (Fujifilm);Fotopapier;glänzend;Fujifilm;Fotobelichtung / Digitaldruck;Fotografisch;Querformat;2:3;21;30;21x30;A4;;ohne (Rollen-/Flachversand);;;;
Poster/FineArt;Fotoposter;1;;Fotopapier (Fujifilm);Fotopapier;glänzend;Fujifilm;Fotobelichtung / Digitaldruck;Fotografisch;Querformat;2:3;29.7;42;29.7x42;A3;;ohne (Rollen-/Flachversand);;;;
Poster/FineArt;Fotoposter;1;;Fotopapier (Fujifilm);Fotopapier;glänzend;Fujifilm;Fotobelichtung / Digitaldruck;Fotografisch;Querformat;2:3;30;45;30x45;;;ohne (Rollen-/Flachversand);;;;
Poster/FineArt;Fotoposter;1;;Fotopapier (Fujifilm);Fotopapier;glänzend;Fujifilm;Fotobelichtung / Digitaldruck;Fotografisch;Querformat;2:3;40;60;40x60;;;ohne (Rollen-/Flachversand);;;;
Poster/FineArt;Fotoposter;1;;Fotopapier (Fujifilm);Fotopapier;glänzend;Fujifilm;Fotobelichtung / Digitaldruck;Fotografisch;Querformat;2:3;42;59.4;42x59.4;A2;;ohne (Rollen-/Flachversand);;;;
Poster/FineArt;Fotoposter;1;;Fotopapier (Fujifilm);Fotopapier;glänzend;Fujifilm;Fotobelichtung / Digitaldruck;Fotografisch;Querformat;2:3;50;70;50x70;;;ohne (Rollen-/Flachversand);;;;
Poster/FineArt;Fotoposter;1;;Fotopapier (Fujifilm);Fotopapier;glänzend;Fujifilm;Fotobelichtung / Digitaldruck;Fotografisch;Querformat;2:3;50;75;50x75;;;ohne (Rollen-/Flachversand);;;;
Poster/FineArt;Fotoposter;1;;Fotopapier (Fujifilm);Fotopapier;glänzend;Fujifilm;Fotobelichtung / Digitaldruck;Fotografisch;Querformat;2:3;59.4;84.1;59.4x84.1;A1;;ohne (Rollen-/Flachversand);;;;
Poster/FineArt;Fotoposter;1;;Fotopapier (Fujifilm);Fotopapier;glänzend;Fujifilm;Fotobelichtung / Digitaldruck;Fotografisch;Querformat;2:3;60;90;60x90;;;ohne (Rollen-/Flachversand);;;;
Poster/FineArt;Fotoposter;1;;Fotopapier (Fujifilm);Fotopapier;glänzend;Fujifilm;Fotobelichtung / Digitaldruck;Fotografisch;Querformat;2:3;70;100;70x100;;;ohne (Rollen-/Flachversand);;;;
Poster/FineArt;Fotoposter;1;;Fotopapier (Fujifilm);Fotopapier;glänzend;Fujifilm;Fotobelichtung / Digitaldruck;Fotografisch;Querformat;2:3;70;105;70x105;;;ohne (Rollen-/Flachversand);;;;
Poster/FineArt;Fotoposter;1;;Fotopapier (Fujifilm);Fotopapier;glänzend;Fujifilm;Fotobelichtung / Digitaldruck;Fotografisch;Querformat;3:4;18;24;18x24;;;ohne (Rollen-/Flachversand);;;;
Poster/FineArt;Fotoposter;1;;Fotopapier (Fujifilm);Fotopapier;glänzend;Fujifilm;Fotobelichtung / Digitaldruck;Fotografisch;Querformat;3:4;30;40;30x40;;;ohne (Rollen-/Flachversand);;;;
Poster/FineArt;Fotoposter;1;;Fotopapier (Fujifilm);Fotopapier;glänzend;Fujifilm;Fotobelichtung / Digitaldruck;Fotografisch;Querformat;3:4;60;80;60x80;;;ohne (Rollen-/Flachversand);;;;
Poster/FineArt;Fotoposter;1;;Fotopapier (Fujifilm);Fotopapier;glänzend;Fujifilm;Fotobelichtung / Digitaldruck;Fotografisch;Querformat;3:5;70;120;70x120;;;ohne (Rollen-/Flachversand);;;;
Poster/FineArt;Fotoposter;1;;Fotopapier (Fujifilm);Fotopapier;glänzend;Fujifilm;Fotobelichtung / Digitaldruck;Fotografisch;Querformat;4:5;10;13;10x13;;;ohne (Rollen-/Flachversand);;;;
Poster/FineArt;Fotoposter;1;;Fotopapier (Fujifilm);Fotopapier;glänzend;Fujifilm;Fotobelichtung / Digitaldruck;Fotografisch;Querformat;4:5;40;50;40x50;;;ohne (Rollen-/Flachversand);;;;
Poster/FineArt;Fotoposter;1;;Fotopapier (Fujifilm);Fotopapier;glänzend;Fujifilm;Fotobelichtung / Digitaldruck;Fotografisch;Querformat;1:1;15;15;15x15;;;ohne (Rollen-/Flachversand);;;;
Poster/FineArt;Fotoposter;1;;Fotopapier (Fujifilm);Fotopapier;glänzend;Fujifilm;Fotobelichtung / Digitaldruck;Fotografisch;Querformat;1:1;20;20;20x20;;;ohne (Rollen-/Flachversand);;;;
Poster/FineArt;Fotoposter;1;;Fotopapier (Fujifilm);Fotopapier;glänzend;Fujifilm;Fotobelichtung / Digitaldruck;Fotografisch;Querformat;1:1;30;30;30x30;;;ohne (Rollen-/Flachversand);;;;
Poster/FineArt;Fotoposter;1;;Fotopapier (Fujifilm);Fotopapier;glänzend;Fujifilm;Fotobelichtung / Digitaldruck;Fotografisch;Querformat;1:1;40;40;40x40;;;ohne (Rollen-/Flachversand);;;;
Poster/FineArt;Fotoposter;1;;Fotopapier (Fujifilm);Fotopapier;glänzend;Fujifilm;Fotobelichtung / Digitaldruck;Fotografisch;Querformat;1:1;50;50;50x50;;;ohne (Rollen-/Flachversand);;;;
Poster/FineArt;Fotoposter;1;;Fotopapier (Fujifilm);Fotopapier;glänzend;Fujifilm;Fotobelichtung / Digitaldruck;Fotografisch;Querformat;1:1;60;60;60x60;;;ohne (Rollen-/Flachversand);;;;
Poster/FineArt;Fotoposter;1;;Fotopapier (Fujifilm);Fotopapier;glänzend;Fujifilm;Fotobelichtung / Digitaldruck;Fotografisch;Querformat;1:1;70;70;70x70;;;ohne (Rollen-/Flachversand);;;;
Poster/FineArt;Fotoposter;1;;Fotopapier (Fujifilm);Fotopapier;glänzend;Fujifilm;Fotobelichtung / Digitaldruck;Fotografisch;Querformat;Panorama;10;20;10x20;;;ohne (Rollen-/Flachversand);;;;
Poster/FineArt;Fotoposter;1;;Fotopapier (Fujifilm);Fotopapier;glänzend;Fujifilm;Fotobelichtung / Digitaldruck;Fotografisch;Querformat;Panorama;20;40;20x40;;;ohne (Rollen-/Flachversand);;;;
Poster/FineArt;Fotoposter;1;;Fotopapier (Fujifilm);Fotopapier;glänzend;Fujifilm;Fotobelichtung / Digitaldruck;Fotografisch;Querformat;Panorama;20;60;20x60;;;ohne (Rollen-/Flachversand);;;;
Poster/FineArt;Fotoposter;1;;Fotopapier (Fujifilm);Fotopapier;glänzend;Fujifilm;Fotobelichtung / Digitaldruck;Fotografisch;Querformat;Panorama;30;60;30x60;;;ohne (Rollen-/Flachversand);;;;
Poster/FineArt;Fotoposter;1;;Fotopapier (Fujifilm);Fotopapier;glänzend;Fujifilm;Fotobelichtung / Digitaldruck;Fotografisch;Querformat;Panorama;30;90;30x90;;;ohne (Rollen-/Flachversand);;;;
Poster/FineArt;Fotoposter;1;;Fotopapier (Fujifilm);Fotopapier;glänzend;Fujifilm;Fotobelichtung / Digitaldruck;Fotografisch;Querformat;Panorama;40;80;40x80;;;ohne (Rollen-/Flachversand);;;;
Poster/FineArt;Fotoposter;1;;Fotopapier (Fujifilm);Fotopapier;glänzend;Fujifilm;Fotobelichtung / Digitaldruck;Fotografisch;Querformat;Panorama;50;100;50x100;;;ohne (Rollen-/Flachversand);;;;
Poster/FineArt;Fotoposter;1;;Fotopapier (Fujifilm);Fotopapier;glänzend;Fujifilm;Fotobelichtung / Digitaldruck;Fotografisch;Querformat;Panorama;60;120;60x120;;;ohne (Rollen-/Flachversand);;;;
Poster/FineArt;Fotoposter;1;;Fotopapier (Fujifilm);Fotopapier;glänzend;Fujifilm;Fotobelichtung / Digitaldruck;Fotografisch;Querformat;Panorama;60;180;60x180;;;ohne (Rollen-/Flachversand);;;;
Poster/FineArt;Fotoposter;1;;Fotopapier (Fujifilm);Fotopapier;glänzend;Fujifilm;Fotobelichtung / Digitaldruck;Fotografisch;Querformat;Panorama;70;180;70x180;;;ohne (Rollen-/Flachversand);;;;
Poster/FineArt;Fotoposter;1;;Fotopapier (Fujifilm);Fotopapier;matt;Fujifilm;Fotobelichtung / Digitaldruck;Fotografisch;Hochformat;2:3;10;15;10x15;;;ohne (Rollen-/Flachversand);;;;
Poster/FineArt;Fotoposter;1;;Fotopapier (Fujifilm);Fotopapier;matt;Fujifilm;Fotobelichtung / Digitaldruck;Fotografisch;Hochformat;2:3;10.5;14.8;10.5x14.8;A6;;ohne (Rollen-/Flachversand);;;;
Poster/FineArt;Fotoposter;1;;Fotopapier (Fujifilm);Fotopapier;matt;Fujifilm;Fotobelichtung / Digitaldruck;Fotografisch;Hochformat;2:3;13;18;13x18;;;ohne (Rollen-/Flachversand);;;;
Poster/FineArt;Fotoposter;1;;Fotopapier (Fujifilm);Fotopapier;matt;Fujifilm;Fotobelichtung / Digitaldruck;Fotografisch;Hochformat;2:3;13;19;13x19;;;ohne (Rollen-/Flachversand);;;;
Poster/FineArt;Fotoposter;1;;Fotopapier (Fujifilm);Fotopapier;matt;Fujifilm;Fotobelichtung / Digitaldruck;Fotografisch;Hochformat;2:3;14.8;21;14.8x21;A5;;ohne (Rollen-/Flachversand);;;;
Poster/FineArt;Fotoposter;1;;Fotopapier (Fujifilm);Fotopapier;matt;Fujifilm;Fotobelichtung / Digitaldruck;Fotografisch;Hochformat;2:3;15;21;15x21;;;ohne (Rollen-/Flachversand);;;;
Poster/FineArt;Fotoposter;1;;Fotopapier (Fujifilm);Fotopapier;matt;Fujifilm;Fotobelichtung / Digitaldruck;Fotografisch;Hochformat;2:3;15;22;15x22;;;ohne (Rollen-/Flachversand);;;;
Poster/FineArt;Fotoposter;1;;Fotopapier (Fujifilm);Fotopapier;matt;Fujifilm;Fotobelichtung / Digitaldruck;Fotografisch;Hochformat;2:3;20;30;20x30;;;ohne (Rollen-/Flachversand);;;;
Poster/FineArt;Fotoposter;1;;Fotopapier (Fujifilm);Fotopapier;matt;Fujifilm;Fotobelichtung / Digitaldruck;Fotografisch;Hochformat;2:3;21;30;21x30;A4;;ohne (Rollen-/Flachversand);;;;
Poster/FineArt;Fotoposter;1;;Fotopapier (Fujifilm);Fotopapier;matt;Fujifilm;Fotobelichtung / Digitaldruck;Fotografisch;Hochformat;2:3;29.7;42;29.7x42;A3;;ohne (Rollen-/Flachversand);;;;
Poster/FineArt;Fotoposter;1;;Fotopapier (Fujifilm);Fotopapier;matt;Fujifilm;Fotobelichtung / Digitaldruck;Fotografisch;Hochformat;2:3;30;45;30x45;;;ohne (Rollen-/Flachversand);;;;
Poster/FineArt;Fotoposter;1;;Fotopapier (Fujifilm);Fotopapier;matt;Fujifilm;Fotobelichtung / Digitaldruck;Fotografisch;Hochformat;2:3;40;60;40x60;;;ohne (Rollen-/Flachversand);;;;
Poster/FineArt;Fotoposter;1;;Fotopapier (Fujifilm);Fotopapier;matt;Fujifilm;Fotobelichtung / Digitaldruck;Fotografisch;Hochformat;2:3;42;59.4;42x59.4;A2;;ohne (Rollen-/Flachversand);;;;
Poster/FineArt;Fotoposter;1;;Fotopapier (Fujifilm);Fotopapier;matt;Fujifilm;Fotobelichtung / Digitaldruck;Fotografisch;Hochformat;2:3;50;70;50x70;;;ohne (Rollen-/Flachversand);;;;
Poster/FineArt;Fotoposter;1;;Fotopapier (Fujifilm);Fotopapier;matt;Fujifilm;Fotobelichtung / Digitaldruck;Fotografisch;Hochformat;2:3;50;75;50x75;;;ohne (Rollen-/Flachversand);;;;
Poster/FineArt;Fotoposter;1;;Fotopapier (Fujifilm);Fotopapier;matt;Fujifilm;Fotobelichtung / Digitaldruck;Fotografisch;Hochformat;2:3;59.4;84.1;59.4x84.1;A1;;ohne (Rollen-/Flachversand);;;;
Poster/FineArt;Fotoposter;1;;Fotopapier (Fujifilm);Fotopapier;matt;Fujifilm;Fotobelichtung / Digitaldruck;Fotografisch;Hochformat;2:3;60;90;60x90;;;ohne (Rollen-/Flachversand);;;;
Poster/FineArt;Fotoposter;1;;Fotopapier (Fujifilm);Fotopapier;matt;Fujifilm;Fotobelichtung / Digitaldruck;Fotografisch;Hochformat;2:3;70;100;70x100;;;ohne (Rollen-/Flachversand);;;;
Poster/FineArt;Fotoposter;1;;Fotopapier (Fujifilm);Fotopapier;matt;Fujifilm;Fotobelichtung / Digitaldruck;Fotografisch;Hochformat;2:3;70;105;70x105;;;ohne (Rollen-/Flachversand);;;;
Poster/FineArt;Fotoposter;1;;Fotopapier (Fujifilm);Fotopapier;matt;Fujifilm;Fotobelichtung / Digitaldruck;Fotografisch;Hochformat;3:4;18;24;18x24;;;ohne (Rollen-/Flachversand);;;;
Poster/FineArt;Fotoposter;1;;Fotopapier (Fujifilm);Fotopapier;matt;Fujifilm;Fotobelichtung / Digitaldruck;Fotografisch;Hochformat;3:4;30;40;30x40;;;ohne (Rollen-/Flachversand);;;;
Poster/FineArt;Fotoposter;1;;Fotopapier (Fujifilm);Fotopapier;matt;Fujifilm;Fotobelichtung / Digitaldruck;Fotografisch;Hochformat;3:4;60;80;60x80;;;ohne (Rollen-/Flachversand);;;;
Poster/FineArt;Fotoposter;1;;Fotopapier (Fujifilm);Fotopapier;matt;Fujifilm;Fotobelichtung / Digitaldruck;Fotografisch;Hochformat;3:5;70;120;70x120;;;ohne (Rollen-/Flachversand);;;;
Poster/FineArt;Fotoposter;1;;Fotopapier (Fujifilm);Fotopapier;matt;Fujifilm;Fotobelichtung / Digitaldruck;Fotografisch;Hochformat;4:5;10;13;10x13;;;ohne (Rollen-/Flachversand);;;;
Poster/FineArt;Fotoposter;1;;Fotopapier (Fujifilm);Fotopapier;matt;Fujifilm;Fotobelichtung / Digitaldruck;Fotografisch;Hochformat;4:5;40;50;40x50;;;ohne (Rollen-/Flachversand);;;;
Poster/FineArt;Fotoposter;1;;Fotopapier (Fujifilm);Fotopapier;matt;Fujifilm;Fotobelichtung / Digitaldruck;Fotografisch;Hochformat;1:1;15;15;15x15;;;ohne (Rollen-/Flachversand);;;;
Poster/FineArt;Fotoposter;1;;Fotopapier (Fujifilm);Fotopapier;matt;Fujifilm;Fotobelichtung / Digitaldruck;Fotografisch;Hochformat;1:1;20;20;20x20;;;ohne (Rollen-/Flachversand);;;;
Poster/FineArt;Fotoposter;1;;Fotopapier (Fujifilm);Fotopapier;matt;Fujifilm;Fotobelichtung / Digitaldruck;Fotografisch;Hochformat;1:1;30;30;30x30;;;ohne (Rollen-/Flachversand);;;;
Poster/FineArt;Fotoposter;1;;Fotopapier (Fujifilm);Fotopapier;matt;Fujifilm;Fotobelichtung / Digitaldruck;Fotografisch;Hochformat;1:1;40;40;40x40;;;ohne (Rollen-/Flachversand);;;;
Poster/FineArt;Fotoposter;1;;Fotopapier (Fujifilm);Fotopapier;matt;Fujifilm;Fotobelichtung / Digitaldruck;Fotografisch;Hochformat;1:1;50;50;50x50;;;ohne (Rollen-/Flachversand);;;;
Poster/FineArt;Fotoposter;1;;Fotopapier (Fujifilm);Fotopapier;matt;Fujifilm;Fotobelichtung / Digitaldruck;Fotografisch;Hochformat;1:1;60;60;60x60;;;ohne (Rollen-/Flachversand);;;;
Poster/FineArt;Fotoposter;1;;Fotopapier (Fujifilm);Fotopapier;matt;Fujifilm;Fotobelichtung / Digitaldruck;Fotografisch;Hochformat;1:1;70;70;70x70;;;ohne (Rollen-/Flachversand);;;;
Poster/FineArt;Fotoposter;1;;Fotopapier (Fujifilm);Fotopapier;matt;Fujifilm;Fotobelichtung / Digitaldruck;Fotografisch;Hochformat;Panorama;10;20;10x20;;;ohne (Rollen-/Flachversand);;;;
Poster/FineArt;Fotoposter;1;;Fotopapier (Fujifilm);Fotopapier;matt;Fujifilm;Fotobelichtung / Digitaldruck;Fotografisch;Hochformat;Panorama;20;40;20x40;;;ohne (Rollen-/Flachversand);;;;
Poster/FineArt;Fotoposter;1;;Fotopapier (Fujifilm);Fotopapier;matt;Fujifilm;Fotobelichtung / Digitaldruck;Fotografisch;Hochformat;Panorama;20;60;20x60;;;ohne (Rollen-/Flachversand);;;;
Poster/FineArt;Fotoposter;1;;Fotopapier (Fujifilm);Fotopapier;matt;Fujifilm;Fotobelichtung / Digitaldruck;Fotografisch;Hochformat;Panorama;30;60;30x60;;;ohne (Rollen-/Flachversand);;;;
Poster/FineArt;Fotoposter;1;;Fotopapier (Fujifilm);Fotopapier;matt;Fujifilm;Fotobelichtung / Digitaldruck;Fotografisch;Hochformat;Panorama;30;90;30x90;;;ohne (Rollen-/Flachversand);;;;
Poster/FineArt;Fotoposter;1;;Fotopapier (Fujifilm);Fotopapier;matt;Fujifilm;Fotobelichtung / Digitaldruck;Fotografisch;Hochformat;Panorama;40;80;40x80;;;ohne (Rollen-/Flachversand);;;;
Poster/FineArt;Fotoposter;1;;Fotopapier (Fujifilm);Fotopapier;matt;Fujifilm;Fotobelichtung / Digitaldruck;Fotografisch;Hochformat;Panorama;50;100;50x100;;;ohne (Rollen-/Flachversand);;;;
Poster/FineArt;Fotoposter;1;;Fotopapier (Fujifilm);Fotopapier;matt;Fujifilm;Fotobelichtung / Digitaldruck;Fotografisch;Hochformat;Panorama;60;120;60x120;;;ohne (Rollen-/Flachversand);;;;
Poster/FineArt;Fotoposter;1;;Fotopapier (Fujifilm);Fotopapier;matt;Fujifilm;Fotobelichtung / Digitaldruck;Fotografisch;Hochformat;Panorama;60;180;60x180;;;ohne (Rollen-/Flachversand);;;;
Poster/FineArt;Fotoposter;1;;Fotopapier (Fujifilm);Fotopapier;matt;Fujifilm;Fotobelichtung / Digitaldruck;Fotografisch;Hochformat;Panorama;70;180;70x180;;;ohne (Rollen-/Flachversand);;;;
Poster/FineArt;Fotoposter;1;;Fotopapier (Fujifilm);Fotopapier;matt;Fujifilm;Fotobelichtung / Digitaldruck;Fotografisch;Querformat;2:3;10;15;10x15;;;ohne (Rollen-/Flachversand);;;;
Poster/FineArt;Fotoposter;1;;Fotopapier (Fujifilm);Fotopapier;matt;Fujifilm;Fotobelichtung / Digitaldruck;Fotografisch;Querformat;2:3;10.5;14.8;10.5x14.8;A6;;ohne (Rollen-/Flachversand);;;;
Poster/FineArt;Fotoposter;1;;Fotopapier (Fujifilm);Fotopapier;matt;Fujifilm;Fotobelichtung / Digitaldruck;Fotografisch;Querformat;2:3;13;18;13x18;;;ohne (Rollen-/Flachversand);;;;
Poster/FineArt;Fotoposter;1;;Fotopapier (Fujifilm);Fotopapier;matt;Fujifilm;Fotobelichtung / Digitaldruck;Fotografisch;Querformat;2:3;13;19;13x19;;;ohne (Rollen-/Flachversand);;;;
Poster/FineArt;Fotoposter;1;;Fotopapier (Fujifilm);Fotopapier;matt;Fujifilm;Fotobelichtung / Digitaldruck;Fotografisch;Querformat;2:3;14.8;21;14.8x21;A5;;ohne (Rollen-/Flachversand);;;;
Poster/FineArt;Fotoposter;1;;Fotopapier (Fujifilm);Fotopapier;matt;Fujifilm;Fotobelichtung / Digitaldruck;Fotografisch;Querformat;2:3;15;21;15x21;;;ohne (Rollen-/Flachversand);;;;
Poster/FineArt;Fotoposter;1;;Fotopapier (Fujifilm);Fotopapier;matt;Fujifilm;Fotobelichtung / Digitaldruck;Fotografisch;Querformat;2:3;15;22;15x22;;;ohne (Rollen-/Flachversand);;;;
Poster/FineArt;Fotoposter;1;;Fotopapier (Fujifilm);Fotopapier;matt;Fujifilm;Fotobelichtung / Digitaldruck;Fotografisch;Querformat;2:3;20;30;20x30;;;ohne (Rollen-/Flachversand);;;;
Poster/FineArt;Fotoposter;1;;Fotopapier (Fujifilm);Fotopapier;matt;Fujifilm;Fotobelichtung / Digitaldruck;Fotografisch;Querformat;2:3;21;30;21x30;A4;;ohne (Rollen-/Flachversand);;;;
Poster/FineArt;Fotoposter;1;;Fotopapier (Fujifilm);Fotopapier;matt;Fujifilm;Fotobelichtung / Digitaldruck;Fotografisch;Querformat;2:3;29.7;42;29.7x42;A3;;ohne (Rollen-/Flachversand);;;;
Poster/FineArt;Fotoposter;1;;Fotopapier (Fujifilm);Fotopapier;matt;Fujifilm;Fotobelichtung / Digitaldruck;Fotografisch;Querformat;2:3;30;45;30x45;;;ohne (Rollen-/Flachversand);;;;
Poster/FineArt;Fotoposter;1;;Fotopapier (Fujifilm);Fotopapier;matt;Fujifilm;Fotobelichtung / Digitaldruck;Fotografisch;Querformat;2:3;40;60;40x60;;;ohne (Rollen-/Flachversand);;;;
Poster/FineArt;Fotoposter;1;;Fotopapier (Fujifilm);Fotopapier;matt;Fujifilm;Fotobelichtung / Digitaldruck;Fotografisch;Querformat;2:3;42;59.4;42x59.4;A2;;ohne (Rollen-/Flachversand);;;;
Poster/FineArt;Fotoposter;1;;Fotopapier (Fujifilm);Fotopapier;matt;Fujifilm;Fotobelichtung / Digitaldruck;Fotografisch;Querformat;2:3;50;70;50x70;;;ohne (Rollen-/Flachversand);;;;
Poster/FineArt;Fotoposter;1;;Fotopapier (Fujifilm);Fotopapier;matt;Fujifilm;Fotobelichtung / Digitaldruck;Fotografisch;Querformat;2:3;50;75;50x75;;;ohne (Rollen-/Flachversand);;;;
Poster/FineArt;Fotoposter;1;;Fotopapier (Fujifilm);Fotopapier;matt;Fujifilm;Fotobelichtung / Digitaldruck;Fotografisch;Querformat;2:3;59.4;84.1;59.4x84.1;A1;;ohne (Rollen-/Flachversand);;;;
Poster/FineArt;Fotoposter;1;;Fotopapier (Fujifilm);Fotopapier;matt;Fujifilm;Fotobelichtung / Digitaldruck;Fotografisch;Querformat;2:3;60;90;60x90;;;ohne (Rollen-/Flachversand);;;;
Poster/FineArt;Fotoposter;1;;Fotopapier (Fujifilm);Fotopapier;matt;Fujifilm;Fotobelichtung / Digitaldruck;Fotografisch;Querformat;2:3;70;100;70x100;;;ohne (Rollen-/Flachversand);;;;
Poster/FineArt;Fotoposter;1;;Fotopapier (Fujifilm);Fotopapier;matt;Fujifilm;Fotobelichtung / Digitaldruck;Fotografisch;Querformat;2:3;70;105;70x105;;;ohne (Rollen-/Flachversand);;;;
Poster/FineArt;Fotoposter;1;;Fotopapier (Fujifilm);Fotopapier;matt;Fujifilm;Fotobelichtung / Digitaldruck;Fotografisch;Querformat;3:4;18;24;18x24;;;ohne (Rollen-/Flachversand);;;;
Poster/FineArt;Fotoposter;1;;Fotopapier (Fujifilm);Fotopapier;matt;Fujifilm;Fotobelichtung / Digitaldruck;Fotografisch;Querformat;3:4;30;40;30x40;;;ohne (Rollen-/Flachversand);;;;
Poster/FineArt;Fotoposter;1;;Fotopapier (Fujifilm);Fotopapier;matt;Fujifilm;Fotobelichtung / Digitaldruck;Fotografisch;Querformat;3:4;60;80;60x80;;;ohne (Rollen-/Flachversand);;;;
Poster/FineArt;Fotoposter;1;;Fotopapier (Fujifilm);Fotopapier;matt;Fujifilm;Fotobelichtung / Digitaldruck;Fotografisch;Querformat;3:5;70;120;70x120;;;ohne (Rollen-/Flachversand);;;;
Poster/FineArt;Fotoposter;1;;Fotopapier (Fujifilm);Fotopapier;matt;Fujifilm;Fotobelichtung / Digitaldruck;Fotografisch;Querformat;4:5;10;13;10x13;;;ohne (Rollen-/Flachversand);;;;
Poster/FineArt;Fotoposter;1;;Fotopapier (Fujifilm);Fotopapier;matt;Fujifilm;Fotobelichtung / Digitaldruck;Fotografisch;Querformat;4:5;40;50;40x50;;;ohne (Rollen-/Flachversand);;;;
Poster/FineArt;Fotoposter;1;;Fotopapier (Fujifilm);Fotopapier;matt;Fujifilm;Fotobelichtung / Digitaldruck;Fotografisch;Querformat;1:1;15;15;15x15;;;ohne (Rollen-/Flachversand);;;;
Poster/FineArt;Fotoposter;1;;Fotopapier (Fujifilm);Fotopapier;matt;Fujifilm;Fotobelichtung / Digitaldruck;Fotografisch;Querformat;1:1;20;20;20x20;;;ohne (Rollen-/Flachversand);;;;
Poster/FineArt;Fotoposter;1;;Fotopapier (Fujifilm);Fotopapier;matt;Fujifilm;Fotobelichtung / Digitaldruck;Fotografisch;Querformat;1:1;30;30;30x30;;;ohne (Rollen-/Flachversand);;;;
Poster/FineArt;Fotoposter;1;;Fotopapier (Fujifilm);Fotopapier;matt;Fujifilm;Fotobelichtung / Digitaldruck;Fotografisch;Querformat;1:1;40;40;40x40;;;ohne (Rollen-/Flachversand);;;;
Poster/FineArt;Fotoposter;1;;Fotopapier (Fujifilm);Fotopapier;matt;Fujifilm;Fotobelichtung / Digitaldruck;Fotografisch;Querformat;1:1;50;50;50x50;;;ohne (Rollen-/Flachversand);;;;
Poster/FineArt;Fotoposter;1;;Fotopapier (Fujifilm);Fotopapier;matt;Fujifilm;Fotobelichtung / Digitaldruck;Fotografisch;Querformat;1:1;60;60;60x60;;;ohne (Rollen-/Flachversand);;;;
Poster/FineArt;Fotoposter;1;;Fotopapier (Fujifilm);Fotopapier;matt;Fujifilm;Fotobelichtung / Digitaldruck;Fotografisch;Querformat;1:1;70;70;70x70;;;ohne (Rollen-/Flachversand);;;;
Poster/FineArt;Fotoposter;1;;Fotopapier (Fujifilm);Fotopapier;matt;Fujifilm;Fotobelichtung / Digitaldruck;Fotografisch;Querformat;Panorama;10;20;10x20;;;ohne (Rollen-/Flachversand);;;;
Poster/FineArt;Fotoposter;1;;Fotopapier (Fujifilm);Fotopapier;matt;Fujifilm;Fotobelichtung / Digitaldruck;Fotografisch;Querformat;Panorama;20;40;20x40;;;ohne (Rollen-/Flachversand);;;;
Poster/FineArt;Fotoposter;1;;Fotopapier (Fujifilm);Fotopapier;matt;Fujifilm;Fotobelichtung / Digitaldruck;Fotografisch;Querformat;Panorama;20;60;20x60;;;ohne (Rollen-/Flachversand);;;;
Poster/FineArt;Fotoposter;1;;Fotopapier (Fujifilm);Fotopapier;matt;Fujifilm;Fotobelichtung / Digitaldruck;Fotografisch;Querformat;Panorama;30;60;30x60;;;ohne (Rollen-/Flachversand);;;;
Poster/FineArt;Fotoposter;1;;Fotopapier (Fujifilm);Fotopapier;matt;Fujifilm;Fotobelichtung / Digitaldruck;Fotografisch;Querformat;Panorama;30;90;30x90;;;ohne (Rollen-/Flachversand);;;;
Poster/FineArt;Fotoposter;1;;Fotopapier (Fujifilm);Fotopapier;matt;Fujifilm;Fotobelichtung / Digitaldruck;Fotografisch;Querformat;Panorama;40;80;40x80;;;ohne (Rollen-/Flachversand);;;;
Poster/FineArt;Fotoposter;1;;Fotopapier (Fujifilm);Fotopapier;matt;Fujifilm;Fotobelichtung / Digitaldruck;Fotografisch;Querformat;Panorama;50;100;50x100;;;ohne (Rollen-/Flachversand);;;;
Poster/FineArt;Fotoposter;1;;Fotopapier (Fujifilm);Fotopapier;matt;Fujifilm;Fotobelichtung / Digitaldruck;Fotografisch;Querformat;Panorama;60;120;60x120;;;ohne (Rollen-/Flachversand);;;;
Poster/FineArt;Fotoposter;1;;Fotopapier (Fujifilm);Fotopapier;matt;Fujifilm;Fotobelichtung / Digitaldruck;Fotografisch;Querformat;Panorama;60;180;60x180;;;ohne (Rollen-/Flachversand);;;;
Poster/FineArt;Fotoposter;1;;Fotopapier (Fujifilm);Fotopapier;matt;Fujifilm;Fotobelichtung / Digitaldruck;Fotografisch;Querformat;Panorama;70;180;70x180;;;ohne (Rollen-/Flachversand);;;;
Poster/FineArt;Poster/FineArt mit Holzaufhänger;1;;FineArt-Papier (Hahnemühle);Hahnemühle Bamboo Natural Line;;Hahnemühle;FineArt-Inkjetdruck;Pigment / FineArt;Hochformat;2:3;10;15;10x15;;;Holzleisten-Aufhängung (oben/unten);;;;
Poster/FineArt;Poster/FineArt mit Holzaufhänger;1;;FineArt-Papier (Hahnemühle);Hahnemühle Bamboo Natural Line;;Hahnemühle;FineArt-Inkjetdruck;Pigment / FineArt;Hochformat;2:3;10.5;14.8;10.5x14.8;A6;;Holzleisten-Aufhängung (oben/unten);;;;
Poster/FineArt;Poster/FineArt mit Holzaufhänger;1;;FineArt-Papier (Hahnemühle);Hahnemühle Bamboo Natural Line;;Hahnemühle;FineArt-Inkjetdruck;Pigment / FineArt;Hochformat;2:3;13;18;13x18;;;Holzleisten-Aufhängung (oben/unten);;;;
Poster/FineArt;Poster/FineArt mit Holzaufhänger;1;;FineArt-Papier (Hahnemühle);Hahnemühle Bamboo Natural Line;;Hahnemühle;FineArt-Inkjetdruck;Pigment / FineArt;Hochformat;2:3;13;19;13x19;;;Holzleisten-Aufhängung (oben/unten);;;;
Poster/FineArt;Poster/FineArt mit Holzaufhänger;1;;FineArt-Papier (Hahnemühle);Hahnemühle Bamboo Natural Line;;Hahnemühle;FineArt-Inkjetdruck;Pigment / FineArt;Hochformat;2:3;14.8;21;14.8x21;A5;;Holzleisten-Aufhängung (oben/unten);;;;
Poster/FineArt;Poster/FineArt mit Holzaufhänger;1;;FineArt-Papier (Hahnemühle);Hahnemühle Bamboo Natural Line;;Hahnemühle;FineArt-Inkjetdruck;Pigment / FineArt;Hochformat;2:3;15;21;15x21;;;Holzleisten-Aufhängung (oben/unten);;;;
Poster/FineArt;Poster/FineArt mit Holzaufhänger;1;;FineArt-Papier (Hahnemühle);Hahnemühle Bamboo Natural Line;;Hahnemühle;FineArt-Inkjetdruck;Pigment / FineArt;Hochformat;2:3;15;22;15x22;;;Holzleisten-Aufhängung (oben/unten);;;;
Poster/FineArt;Poster/FineArt mit Holzaufhänger;1;;FineArt-Papier (Hahnemühle);Hahnemühle Bamboo Natural Line;;Hahnemühle;FineArt-Inkjetdruck;Pigment / FineArt;Hochformat;2:3;20;30;20x30;;;Holzleisten-Aufhängung (oben/unten);;;;
Poster/FineArt;Poster/FineArt mit Holzaufhänger;1;;FineArt-Papier (Hahnemühle);Hahnemühle Bamboo Natural Line;;Hahnemühle;FineArt-Inkjetdruck;Pigment / FineArt;Hochformat;2:3;21;29.7;21x29.7;A4;;Holzleisten-Aufhängung (oben/unten);;;;
Poster/FineArt;Poster/FineArt mit Holzaufhänger;1;;FineArt-Papier (Hahnemühle);Hahnemühle Bamboo Natural Line;;Hahnemühle;FineArt-Inkjetdruck;Pigment / FineArt;Hochformat;2:3;21;30;21x30;A4;;Holzleisten-Aufhängung (oben/unten);;;;
Poster/FineArt;Poster/FineArt mit Holzaufhänger;1;;FineArt-Papier (Hahnemühle);Hahnemühle Bamboo Natural Line;;Hahnemühle;FineArt-Inkjetdruck;Pigment / FineArt;Hochformat;2:3;29.7;42;29.7x42;A3;;Holzleisten-Aufhängung (oben/unten);;;;
Poster/FineArt;Poster/FineArt mit Holzaufhänger;1;;FineArt-Papier (Hahnemühle);Hahnemühle Bamboo Natural Line;;Hahnemühle;FineArt-Inkjetdruck;Pigment / FineArt;Hochformat;2:3;30;45;30x45;;;Holzleisten-Aufhängung (oben/unten);;;;
Poster/FineArt;Poster/FineArt mit Holzaufhänger;1;;FineArt-Papier (Hahnemühle);Hahnemühle Bamboo Natural Line;;Hahnemühle;FineArt-Inkjetdruck;Pigment / FineArt;Hochformat;2:3;40;60;40x60;;;Holzleisten-Aufhängung (oben/unten);;;;
Poster/FineArt;Poster/FineArt mit Holzaufhänger;1;;FineArt-Papier (Hahnemühle);Hahnemühle Bamboo Natural Line;;Hahnemühle;FineArt-Inkjetdruck;Pigment / FineArt;Hochformat;2:3;42;59.4;42x59.4;A2;;Holzleisten-Aufhängung (oben/unten);;;;
Poster/FineArt;Poster/FineArt mit Holzaufhänger;1;;FineArt-Papier (Hahnemühle);Hahnemühle Bamboo Natural Line;;Hahnemühle;FineArt-Inkjetdruck;Pigment / FineArt;Hochformat;2:3;50;70;50x70;;;Holzleisten-Aufhängung (oben/unten);;;;
Poster/FineArt;Poster/FineArt mit Holzaufhänger;1;;FineArt-Papier (Hahnemühle);Hahnemühle Bamboo Natural Line;;Hahnemühle;FineArt-Inkjetdruck;Pigment / FineArt;Hochformat;2:3;50;75;50x75;;;Holzleisten-Aufhängung (oben/unten);;;;
Poster/FineArt;Poster/FineArt mit Holzaufhänger;1;;FineArt-Papier (Hahnemühle);Hahnemühle Bamboo Natural Line;;Hahnemühle;FineArt-Inkjetdruck;Pigment / FineArt;Hochformat;2:3;59.4;84.1;59.4x84.1;A1;;Holzleisten-Aufhängung (oben/unten);;;;
Poster/FineArt;Poster/FineArt mit Holzaufhänger;1;;FineArt-Papier (Hahnemühle);Hahnemühle Bamboo Natural Line;;Hahnemühle;FineArt-Inkjetdruck;Pigment / FineArt;Hochformat;2:3;60;90;60x90;;;Holzleisten-Aufhängung (oben/unten);;;;
Poster/FineArt;Poster/FineArt mit Holzaufhänger;1;;FineArt-Papier (Hahnemühle);Hahnemühle Bamboo Natural Line;;Hahnemühle;FineArt-Inkjetdruck;Pigment / FineArt;Hochformat;2:3;70;100;70x100;;;Holzleisten-Aufhängung (oben/unten);;;;
Poster/FineArt;Poster/FineArt mit Holzaufhänger;1;;FineArt-Papier (Hahnemühle);Hahnemühle Bamboo Natural Line;;Hahnemühle;FineArt-Inkjetdruck;Pigment / FineArt;Hochformat;2:3;70;105;70x105;;;Holzleisten-Aufhängung (oben/unten);;;;
Poster/FineArt;Poster/FineArt mit Holzaufhänger;1;;FineArt-Papier (Hahnemühle);Hahnemühle Bamboo Natural Line;;Hahnemühle;FineArt-Inkjetdruck;Pigment / FineArt;Hochformat;3:4;18;24;18x24;;;Holzleisten-Aufhängung (oben/unten);;;;
Poster/FineArt;Poster/FineArt mit Holzaufhänger;1;;FineArt-Papier (Hahnemühle);Hahnemühle Bamboo Natural Line;;Hahnemühle;FineArt-Inkjetdruck;Pigment / FineArt;Hochformat;3:4;30;40;30x40;;;Holzleisten-Aufhängung (oben/unten);;;;
Poster/FineArt;Poster/FineArt mit Holzaufhänger;1;;FineArt-Papier (Hahnemühle);Hahnemühle Bamboo Natural Line;;Hahnemühle;FineArt-Inkjetdruck;Pigment / FineArt;Hochformat;3:4;60;80;60x80;;;Holzleisten-Aufhängung (oben/unten);;;;
Poster/FineArt;Poster/FineArt mit Holzaufhänger;1;;FineArt-Papier (Hahnemühle);Hahnemühle Bamboo Natural Line;;Hahnemühle;FineArt-Inkjetdruck;Pigment / FineArt;Hochformat;3:4;75;100;75x100;;;Holzleisten-Aufhängung (oben/unten);;;;
Poster/FineArt;Poster/FineArt mit Holzaufhänger;1;;FineArt-Papier (Hahnemühle);Hahnemühle Bamboo Natural Line;;Hahnemühle;FineArt-Inkjetdruck;Pigment / FineArt;Hochformat;3:5;70;120;70x120;;;Holzleisten-Aufhängung (oben/unten);;;;
Poster/FineArt;Poster/FineArt mit Holzaufhänger;1;;FineArt-Papier (Hahnemühle);Hahnemühle Bamboo Natural Line;;Hahnemühle;FineArt-Inkjetdruck;Pigment / FineArt;Hochformat;4:5;10;13;10x13;;;Holzleisten-Aufhängung (oben/unten);;;;
Poster/FineArt;Poster/FineArt mit Holzaufhänger;1;;FineArt-Papier (Hahnemühle);Hahnemühle Bamboo Natural Line;;Hahnemühle;FineArt-Inkjetdruck;Pigment / FineArt;Hochformat;4:5;40;50;40x50;;;Holzleisten-Aufhängung (oben/unten);;;;
Poster/FineArt;Poster/FineArt mit Holzaufhänger;1;;FineArt-Papier (Hahnemühle);Hahnemühle Bamboo Natural Line;;Hahnemühle;FineArt-Inkjetdruck;Pigment / FineArt;Hochformat;4:5;70;90;70x90;;;Holzleisten-Aufhängung (oben/unten);;;;
Poster/FineArt;Poster/FineArt mit Holzaufhänger;1;;FineArt-Papier (Hahnemühle);Hahnemühle Bamboo Natural Line;;Hahnemühle;FineArt-Inkjetdruck;Pigment / FineArt;Hochformat;4:5;80;100;80x100;;;Holzleisten-Aufhängung (oben/unten);;;;
Poster/FineArt;Poster/FineArt mit Holzaufhänger;1;;FineArt-Papier (Hahnemühle);Hahnemühle Bamboo Natural Line;;Hahnemühle;FineArt-Inkjetdruck;Pigment / FineArt;Hochformat;1:1;15;15;15x15;;;Holzleisten-Aufhängung (oben/unten);;;;
Poster/FineArt;Poster/FineArt mit Holzaufhänger;1;;FineArt-Papier (Hahnemühle);Hahnemühle Bamboo Natural Line;;Hahnemühle;FineArt-Inkjetdruck;Pigment / FineArt;Hochformat;1:1;20;20;20x20;;;Holzleisten-Aufhängung (oben/unten);;;;
Poster/FineArt;Poster/FineArt mit Holzaufhänger;1;;FineArt-Papier (Hahnemühle);Hahnemühle Bamboo Natural Line;;Hahnemühle;FineArt-Inkjetdruck;Pigment / FineArt;Hochformat;1:1;21;21;21x21;;;Holzleisten-Aufhängung (oben/unten);;;;
Poster/FineArt;Poster/FineArt mit Holzaufhänger;1;;FineArt-Papier (Hahnemühle);Hahnemühle Bamboo Natural Line;;Hahnemühle;FineArt-Inkjetdruck;Pigment / FineArt;Hochformat;1:1;30;30;30x30;;;Holzleisten-Aufhängung (oben/unten);;;;
Poster/FineArt;Poster/FineArt mit Holzaufhänger;1;;FineArt-Papier (Hahnemühle);Hahnemühle Bamboo Natural Line;;Hahnemühle;FineArt-Inkjetdruck;Pigment / FineArt;Hochformat;1:1;40;40;40x40;;;Holzleisten-Aufhängung (oben/unten);;;;
Poster/FineArt;Poster/FineArt mit Holzaufhänger;1;;FineArt-Papier (Hahnemühle);Hahnemühle Bamboo Natural Line;;Hahnemühle;FineArt-Inkjetdruck;Pigment / FineArt;Hochformat;1:1;50;50;50x50;;;Holzleisten-Aufhängung (oben/unten);;;;
Poster/FineArt;Poster/FineArt mit Holzaufhänger;1;;FineArt-Papier (Hahnemühle);Hahnemühle Bamboo Natural Line;;Hahnemühle;FineArt-Inkjetdruck;Pigment / FineArt;Hochformat;1:1;60;60;60x60;;;Holzleisten-Aufhängung (oben/unten);;;;
Poster/FineArt;Poster/FineArt mit Holzaufhänger;1;;FineArt-Papier (Hahnemühle);Hahnemühle Bamboo Natural Line;;Hahnemühle;FineArt-Inkjetdruck;Pigment / FineArt;Hochformat;1:1;70;70;70x70;;;Holzleisten-Aufhängung (oben/unten);;;;
Poster/FineArt;Poster/FineArt mit Holzaufhänger;1;;FineArt-Papier (Hahnemühle);Hahnemühle Bamboo Natural Line;;Hahnemühle;FineArt-Inkjetdruck;Pigment / FineArt;Hochformat;Panorama;10;18;10x18;;;Holzleisten-Aufhängung (oben/unten);;;;
Poster/FineArt;Poster/FineArt mit Holzaufhänger;1;;FineArt-Papier (Hahnemühle);Hahnemühle Bamboo Natural Line;;Hahnemühle;FineArt-Inkjetdruck;Pigment / FineArt;Hochformat;Panorama;10;20;10x20;;;Holzleisten-Aufhängung (oben/unten);;;;
Poster/FineArt;Poster/FineArt mit Holzaufhänger;1;;FineArt-Papier (Hahnemühle);Hahnemühle Bamboo Natural Line;;Hahnemühle;FineArt-Inkjetdruck;Pigment / FineArt;Hochformat;Panorama;20;40;20x40;;;Holzleisten-Aufhängung (oben/unten);;;;
Poster/FineArt;Poster/FineArt mit Holzaufhänger;1;;FineArt-Papier (Hahnemühle);Hahnemühle Bamboo Natural Line;;Hahnemühle;FineArt-Inkjetdruck;Pigment / FineArt;Hochformat;Panorama;20;60;20x60;;;Holzleisten-Aufhängung (oben/unten);;;;
Poster/FineArt;Poster/FineArt mit Holzaufhänger;1;;FineArt-Papier (Hahnemühle);Hahnemühle Bamboo Natural Line;;Hahnemühle;FineArt-Inkjetdruck;Pigment / FineArt;Hochformat;Panorama;30;60;30x60;;;Holzleisten-Aufhängung (oben/unten);;;;
Poster/FineArt;Poster/FineArt mit Holzaufhänger;1;;FineArt-Papier (Hahnemühle);Hahnemühle Bamboo Natural Line;;Hahnemühle;FineArt-Inkjetdruck;Pigment / FineArt;Hochformat;Panorama;30;90;30x90;;;Holzleisten-Aufhängung (oben/unten);;;;
Poster/FineArt;Poster/FineArt mit Holzaufhänger;1;;FineArt-Papier (Hahnemühle);Hahnemühle Bamboo Natural Line;;Hahnemühle;FineArt-Inkjetdruck;Pigment / FineArt;Hochformat;Panorama;40;80;40x80;;;Holzleisten-Aufhängung (oben/unten);;;;
Poster/FineArt;Poster/FineArt mit Holzaufhänger;1;;FineArt-Papier (Hahnemühle);Hahnemühle Bamboo Natural Line;;Hahnemühle;FineArt-Inkjetdruck;Pigment / FineArt;Hochformat;Panorama;50;100;50x100;;;Holzleisten-Aufhängung (oben/unten);;;;
Poster/FineArt;Poster/FineArt mit Holzaufhänger;1;;FineArt-Papier (Hahnemühle);Hahnemühle Bamboo Natural Line;;Hahnemühle;FineArt-Inkjetdruck;Pigment / FineArt;Hochformat;Panorama;60;120;60x120;;;Holzleisten-Aufhängung (oben/unten);;;;
Poster/FineArt;Poster/FineArt mit Holzaufhänger;1;;FineArt-Papier (Hahnemühle);Hahnemühle Bamboo Natural Line;;Hahnemühle;FineArt-Inkjetdruck;Pigment / FineArt;Hochformat;Panorama;60;180;60x180;;;Holzleisten-Aufhängung (oben/unten);;;;
Poster/FineArt;Poster/FineArt mit Holzaufhänger;1;;FineArt-Papier (Hahnemühle);Hahnemühle Bamboo Natural Line;;Hahnemühle;FineArt-Inkjetdruck;Pigment / FineArt;Hochformat;Panorama;70;180;70x180;;;Holzleisten-Aufhängung (oben/unten);;;;
Poster/FineArt;Poster/FineArt mit Holzaufhänger;1;;FineArt-Papier (Hahnemühle);Hahnemühle Bamboo Natural Line;;Hahnemühle;FineArt-Inkjetdruck;Pigment / FineArt;Querformat;2:3;10;15;10x15;;;Holzleisten-Aufhängung (oben/unten);;;;
Poster/FineArt;Poster/FineArt mit Holzaufhänger;1;;FineArt-Papier (Hahnemühle);Hahnemühle Bamboo Natural Line;;Hahnemühle;FineArt-Inkjetdruck;Pigment / FineArt;Querformat;2:3;10.5;14.8;10.5x14.8;A6;;Holzleisten-Aufhängung (oben/unten);;;;
Poster/FineArt;Poster/FineArt mit Holzaufhänger;1;;FineArt-Papier (Hahnemühle);Hahnemühle Bamboo Natural Line;;Hahnemühle;FineArt-Inkjetdruck;Pigment / FineArt;Querformat;2:3;13;18;13x18;;;Holzleisten-Aufhängung (oben/unten);;;;
Poster/FineArt;Poster/FineArt mit Holzaufhänger;1;;FineArt-Papier (Hahnemühle);Hahnemühle Bamboo Natural Line;;Hahnemühle;FineArt-Inkjetdruck;Pigment / FineArt;Querformat;2:3;13;19;13x19;;;Holzleisten-Aufhängung (oben/unten);;;;
Poster/FineArt;Poster/FineArt mit Holzaufhänger;1;;FineArt-Papier (Hahnemühle);Hahnemühle Bamboo Natural Line;;Hahnemühle;FineArt-Inkjetdruck;Pigment / FineArt;Querformat;2:3;14.8;21;14.8x21;A5;;Holzleisten-Aufhängung (oben/unten);;;;
Poster/FineArt;Poster/FineArt mit Holzaufhänger;1;;FineArt-Papier (Hahnemühle);Hahnemühle Bamboo Natural Line;;Hahnemühle;FineArt-Inkjetdruck;Pigment / FineArt;Querformat;2:3;15;21;15x21;;;Holzleisten-Aufhängung (oben/unten);;;;
Poster/FineArt;Poster/FineArt mit Holzaufhänger;1;;FineArt-Papier (Hahnemühle);Hahnemühle Bamboo Natural Line;;Hahnemühle;FineArt-Inkjetdruck;Pigment / FineArt;Querformat;2:3;15;22;15x22;;;Holzleisten-Aufhängung (oben/unten);;;;
Poster/FineArt;Poster/FineArt mit Holzaufhänger;1;;FineArt-Papier (Hahnemühle);Hahnemühle Bamboo Natural Line;;Hahnemühle;FineArt-Inkjetdruck;Pigment / FineArt;Querformat;2:3;20;30;20x30;;;Holzleisten-Aufhängung (oben/unten);;;;
Poster/FineArt;Poster/FineArt mit Holzaufhänger;1;;FineArt-Papier (Hahnemühle);Hahnemühle Bamboo Natural Line;;Hahnemühle;FineArt-Inkjetdruck;Pigment / FineArt;Querformat;2:3;21;29.7;21x29.7;A4;;Holzleisten-Aufhängung (oben/unten);;;;
Poster/FineArt;Poster/FineArt mit Holzaufhänger;1;;FineArt-Papier (Hahnemühle);Hahnemühle Bamboo Natural Line;;Hahnemühle;FineArt-Inkjetdruck;Pigment / FineArt;Querformat;2:3;21;30;21x30;A4;;Holzleisten-Aufhängung (oben/unten);;;;
Poster/FineArt;Poster/FineArt mit Holzaufhänger;1;;FineArt-Papier (Hahnemühle);Hahnemühle Bamboo Natural Line;;Hahnemühle;FineArt-Inkjetdruck;Pigment / FineArt;Querformat;2:3;29.7;42;29.7x42;A3;;Holzleisten-Aufhängung (oben/unten);;;;
Poster/FineArt;Poster/FineArt mit Holzaufhänger;1;;FineArt-Papier (Hahnemühle);Hahnemühle Bamboo Natural Line;;Hahnemühle;FineArt-Inkjetdruck;Pigment / FineArt;Querformat;2:3;30;45;30x45;;;Holzleisten-Aufhängung (oben/unten);;;;
Poster/FineArt;Poster/FineArt mit Holzaufhänger;1;;FineArt-Papier (Hahnemühle);Hahnemühle Bamboo Natural Line;;Hahnemühle;FineArt-Inkjetdruck;Pigment / FineArt;Querformat;2:3;40;60;40x60;;;Holzleisten-Aufhängung (oben/unten);;;;
Poster/FineArt;Poster/FineArt mit Holzaufhänger;1;;FineArt-Papier (Hahnemühle);Hahnemühle Bamboo Natural Line;;Hahnemühle;FineArt-Inkjetdruck;Pigment / FineArt;Querformat;2:3;42;59.4;42x59.4;A2;;Holzleisten-Aufhängung (oben/unten);;;;
Poster/FineArt;Poster/FineArt mit Holzaufhänger;1;;FineArt-Papier (Hahnemühle);Hahnemühle Bamboo Natural Line;;Hahnemühle;FineArt-Inkjetdruck;Pigment / FineArt;Querformat;2:3;50;70;50x70;;;Holzleisten-Aufhängung (oben/unten);;;;
Poster/FineArt;Poster/FineArt mit Holzaufhänger;1;;FineArt-Papier (Hahnemühle);Hahnemühle Bamboo Natural Line;;Hahnemühle;FineArt-Inkjetdruck;Pigment / FineArt;Querformat;2:3;50;75;50x75;;;Holzleisten-Aufhängung (oben/unten);;;;
Poster/FineArt;Poster/FineArt mit Holzaufhänger;1;;FineArt-Papier (Hahnemühle);Hahnemühle Bamboo Natural Line;;Hahnemühle;FineArt-Inkjetdruck;Pigment / FineArt;Querformat;2:3;59.4;84.1;59.4x84.1;A1;;Holzleisten-Aufhängung (oben/unten);;;;
Poster/FineArt;Poster/FineArt mit Holzaufhänger;1;;FineArt-Papier (Hahnemühle);Hahnemühle Bamboo Natural Line;;Hahnemühle;FineArt-Inkjetdruck;Pigment / FineArt;Querformat;2:3;60;90;60x90;;;Holzleisten-Aufhängung (oben/unten);;;;
Poster/FineArt;Poster/FineArt mit Holzaufhänger;1;;FineArt-Papier (Hahnemühle);Hahnemühle Bamboo Natural Line;;Hahnemühle;FineArt-Inkjetdruck;Pigment / FineArt;Querformat;2:3;70;100;70x100;;;Holzleisten-Aufhängung (oben/unten);;;;
Poster/FineArt;Poster/FineArt mit Holzaufhänger;1;;FineArt-Papier (Hahnemühle);Hahnemühle Bamboo Natural Line;;Hahnemühle;FineArt-Inkjetdruck;Pigment / FineArt;Querformat;2:3;70;105;70x105;;;Holzleisten-Aufhängung (oben/unten);;;;
Poster/FineArt;Poster/FineArt mit Holzaufhänger;1;;FineArt-Papier (Hahnemühle);Hahnemühle Bamboo Natural Line;;Hahnemühle;FineArt-Inkjetdruck;Pigment / FineArt;Querformat;3:4;18;24;18x24;;;Holzleisten-Aufhängung (oben/unten);;;;
Poster/FineArt;Poster/FineArt mit Holzaufhänger;1;;FineArt-Papier (Hahnemühle);Hahnemühle Bamboo Natural Line;;Hahnemühle;FineArt-Inkjetdruck;Pigment / FineArt;Querformat;3:4;30;40;30x40;;;Holzleisten-Aufhängung (oben/unten);;;;
Poster/FineArt;Poster/FineArt mit Holzaufhänger;1;;FineArt-Papier (Hahnemühle);Hahnemühle Bamboo Natural Line;;Hahnemühle;FineArt-Inkjetdruck;Pigment / FineArt;Querformat;3:4;60;80;60x80;;;Holzleisten-Aufhängung (oben/unten);;;;
Poster/FineArt;Poster/FineArt mit Holzaufhänger;1;;FineArt-Papier (Hahnemühle);Hahnemühle Bamboo Natural Line;;Hahnemühle;FineArt-Inkjetdruck;Pigment / FineArt;Querformat;3:4;75;100;75x100;;;Holzleisten-Aufhängung (oben/unten);;;;
Poster/FineArt;Poster/FineArt mit Holzaufhänger;1;;FineArt-Papier (Hahnemühle);Hahnemühle Bamboo Natural Line;;Hahnemühle;FineArt-Inkjetdruck;Pigment / FineArt;Querformat;3:5;70;120;70x120;;;Holzleisten-Aufhängung (oben/unten);;;;
Poster/FineArt;Poster/FineArt mit Holzaufhänger;1;;FineArt-Papier (Hahnemühle);Hahnemühle Bamboo Natural Line;;Hahnemühle;FineArt-Inkjetdruck;Pigment / FineArt;Querformat;4:5;10;13;10x13;;;Holzleisten-Aufhängung (oben/unten);;;;
Poster/FineArt;Poster/FineArt mit Holzaufhänger;1;;FineArt-Papier (Hahnemühle);Hahnemühle Bamboo Natural Line;;Hahnemühle;FineArt-Inkjetdruck;Pigment / FineArt;Querformat;4:5;40;50;40x50;;;Holzleisten-Aufhängung (oben/unten);;;;
Poster/FineArt;Poster/FineArt mit Holzaufhänger;1;;FineArt-Papier (Hahnemühle);Hahnemühle Bamboo Natural Line;;Hahnemühle;FineArt-Inkjetdruck;Pigment / FineArt;Querformat;4:5;70;90;70x90;;;Holzleisten-Aufhängung (oben/unten);;;;
Poster/FineArt;Poster/FineArt mit Holzaufhänger;1;;FineArt-Papier (Hahnemühle);Hahnemühle Bamboo Natural Line;;Hahnemühle;FineArt-Inkjetdruck;Pigment / FineArt;Querformat;4:5;80;100;80x100;;;Holzleisten-Aufhängung (oben/unten);;;;
Poster/FineArt;Poster/FineArt mit Holzaufhänger;1;;FineArt-Papier (Hahnemühle);Hahnemühle Bamboo Natural Line;;Hahnemühle;FineArt-Inkjetdruck;Pigment / FineArt;Querformat;1:1;15;15;15x15;;;Holzleisten-Aufhängung (oben/unten);;;;
Poster/FineArt;Poster/FineArt mit Holzaufhänger;1;;FineArt-Papier (Hahnemühle);Hahnemühle Bamboo Natural Line;;Hahnemühle;FineArt-Inkjetdruck;Pigment / FineArt;Querformat;1:1;20;20;20x20;;;Holzleisten-Aufhängung (oben/unten);;;;
Poster/FineArt;Poster/FineArt mit Holzaufhänger;1;;FineArt-Papier (Hahnemühle);Hahnemühle Bamboo Natural Line;;Hahnemühle;FineArt-Inkjetdruck;Pigment / FineArt;Querformat;1:1;21;21;21x21;;;Holzleisten-Aufhängung (oben/unten);;;;
Poster/FineArt;Poster/FineArt mit Holzaufhänger;1;;FineArt-Papier (Hahnemühle);Hahnemühle Bamboo Natural Line;;Hahnemühle;FineArt-Inkjetdruck;Pigment / FineArt;Querformat;1:1;30;30;30x30;;;Holzleisten-Aufhängung (oben/unten);;;;
Poster/FineArt;Poster/FineArt mit Holzaufhänger;1;;FineArt-Papier (Hahnemühle);Hahnemühle Bamboo Natural Line;;Hahnemühle;FineArt-Inkjetdruck;Pigment / FineArt;Querformat;1:1;40;40;40x40;;;Holzleisten-Aufhängung (oben/unten);;;;
Poster/FineArt;Poster/FineArt mit Holzaufhänger;1;;FineArt-Papier (Hahnemühle);Hahnemühle Bamboo Natural Line;;Hahnemühle;FineArt-Inkjetdruck;Pigment / FineArt;Querformat;1:1;50;50;50x50;;;Holzleisten-Aufhängung (oben/unten);;;;
Poster/FineArt;Poster/FineArt mit Holzaufhänger;1;;FineArt-Papier (Hahnemühle);Hahnemühle Bamboo Natural Line;;Hahnemühle;FineArt-Inkjetdruck;Pigment / FineArt;Querformat;1:1;60;60;60x60;;;Holzleisten-Aufhängung (oben/unten);;;;
Poster/FineArt;Poster/FineArt mit Holzaufhänger;1;;FineArt-Papier (Hahnemühle);Hahnemühle Bamboo Natural Line;;Hahnemühle;FineArt-Inkjetdruck;Pigment / FineArt;Querformat;1:1;70;70;70x70;;;Holzleisten-Aufhängung (oben/unten);;;;
Poster/FineArt;Poster/FineArt mit Holzaufhänger;1;;FineArt-Papier (Hahnemühle);Hahnemühle Bamboo Natural Line;;Hahnemühle;FineArt-Inkjetdruck;Pigment / FineArt;Querformat;Panorama;10;18;10x18;;;Holzleisten-Aufhängung (oben/unten);;;;
Poster/FineArt;Poster/FineArt mit Holzaufhänger;1;;FineArt-Papier (Hahnemühle);Hahnemühle Bamboo Natural Line;;Hahnemühle;FineArt-Inkjetdruck;Pigment / FineArt;Querformat;Panorama;10;20;10x20;;;Holzleisten-Aufhängung (oben/unten);;;;
Poster/FineArt;Poster/FineArt mit Holzaufhänger;1;;FineArt-Papier (Hahnemühle);Hahnemühle Bamboo Natural Line;;Hahnemühle;FineArt-Inkjetdruck;Pigment / FineArt;Querformat;Panorama;20;40;20x40;;;Holzleisten-Aufhängung (oben/unten);;;;
Poster/FineArt;Poster/FineArt mit Holzaufhänger;1;;FineArt-Papier (Hahnemühle);Hahnemühle Bamboo Natural Line;;Hahnemühle;FineArt-Inkjetdruck;Pigment / FineArt;Querformat;Panorama;20;60;20x60;;;Holzleisten-Aufhängung (oben/unten);;;;
Poster/FineArt;Poster/FineArt mit Holzaufhänger;1;;FineArt-Papier (Hahnemühle);Hahnemühle Bamboo Natural Line;;Hahnemühle;FineArt-Inkjetdruck;Pigment / FineArt;Querformat;Panorama;30;60;30x60;;;Holzleisten-Aufhängung (oben/unten);;;;
Poster/FineArt;Poster/FineArt mit Holzaufhänger;1;;FineArt-Papier (Hahnemühle);Hahnemühle Bamboo Natural Line;;Hahnemühle;FineArt-Inkjetdruck;Pigment / FineArt;Querformat;Panorama;30;90;30x90;;;Holzleisten-Aufhängung (oben/unten);;;;
Poster/FineArt;Poster/FineArt mit Holzaufhänger;1;;FineArt-Papier (Hahnemühle);Hahnemühle Bamboo Natural Line;;Hahnemühle;FineArt-Inkjetdruck;Pigment / FineArt;Querformat;Panorama;40;80;40x80;;;Holzleisten-Aufhängung (oben/unten);;;;
Poster/FineArt;Poster/FineArt mit Holzaufhänger;1;;FineArt-Papier (Hahnemühle);Hahnemühle Bamboo Natural Line;;Hahnemühle;FineArt-Inkjetdruck;Pigment / FineArt;Querformat;Panorama;50;100;50x100;;;Holzleisten-Aufhängung (oben/unten);;;;
Poster/FineArt;Poster/FineArt mit Holzaufhänger;1;;FineArt-Papier (Hahnemühle);Hahnemühle Bamboo Natural Line;;Hahnemühle;FineArt-Inkjetdruck;Pigment / FineArt;Querformat;Panorama;60;120;60x120;;;Holzleisten-Aufhängung (oben/unten);;;;
Poster/FineArt;Poster/FineArt mit Holzaufhänger;1;;FineArt-Papier (Hahnemühle);Hahnemühle Bamboo Natural Line;;Hahnemühle;FineArt-Inkjetdruck;Pigment / FineArt;Querformat;Panorama;60;180;60x180;;;Holzleisten-Aufhängung (oben/unten);;;;
Poster/FineArt;Poster/FineArt mit Holzaufhänger;1;;FineArt-Papier (Hahnemühle);Hahnemühle Bamboo Natural Line;;Hahnemühle;FineArt-Inkjetdruck;Pigment / FineArt;Querformat;Panorama;70;180;70x180;;;Holzleisten-Aufhängung (oben/unten);;;;
Poster/FineArt;Poster/FineArt mit Holzaufhänger;1;;FineArt-Papier (Hahnemühle);Hahnemühle Baryta;;Hahnemühle;FineArt-Inkjetdruck;Pigment / FineArt;Hochformat;2:3;10;15;10x15;;;Holzleisten-Aufhängung (oben/unten);;;;
Poster/FineArt;Poster/FineArt mit Holzaufhänger;1;;FineArt-Papier (Hahnemühle);Hahnemühle Baryta;;Hahnemühle;FineArt-Inkjetdruck;Pigment / FineArt;Hochformat;2:3;10.5;14.8;10.5x14.8;A6;;Holzleisten-Aufhängung (oben/unten);;;;
Poster/FineArt;Poster/FineArt mit Holzaufhänger;1;;FineArt-Papier (Hahnemühle);Hahnemühle Baryta;;Hahnemühle;FineArt-Inkjetdruck;Pigment / FineArt;Hochformat;2:3;13;18;13x18;;;Holzleisten-Aufhängung (oben/unten);;;;
Poster/FineArt;Poster/FineArt mit Holzaufhänger;1;;FineArt-Papier (Hahnemühle);Hahnemühle Baryta;;Hahnemühle;FineArt-Inkjetdruck;Pigment / FineArt;Hochformat;2:3;13;19;13x19;;;Holzleisten-Aufhängung (oben/unten);;;;
Poster/FineArt;Poster/FineArt mit Holzaufhänger;1;;FineArt-Papier (Hahnemühle);Hahnemühle Baryta;;Hahnemühle;FineArt-Inkjetdruck;Pigment / FineArt;Hochformat;2:3;14.8;21;14.8x21;A5;;Holzleisten-Aufhängung (oben/unten);;;;
Poster/FineArt;Poster/FineArt mit Holzaufhänger;1;;FineArt-Papier (Hahnemühle);Hahnemühle Baryta;;Hahnemühle;FineArt-Inkjetdruck;Pigment / FineArt;Hochformat;2:3;15;21;15x21;;;Holzleisten-Aufhängung (oben/unten);;;;
Poster/FineArt;Poster/FineArt mit Holzaufhänger;1;;FineArt-Papier (Hahnemühle);Hahnemühle Baryta;;Hahnemühle;FineArt-Inkjetdruck;Pigment / FineArt;Hochformat;2:3;15;22;15x22;;;Holzleisten-Aufhängung (oben/unten);;;;
Poster/FineArt;Poster/FineArt mit Holzaufhänger;1;;FineArt-Papier (Hahnemühle);Hahnemühle Baryta;;Hahnemühle;FineArt-Inkjetdruck;Pigment / FineArt;Hochformat;2:3;20;30;20x30;;;Holzleisten-Aufhängung (oben/unten);;;;
Poster/FineArt;Poster/FineArt mit Holzaufhänger;1;;FineArt-Papier (Hahnemühle);Hahnemühle Baryta;;Hahnemühle;FineArt-Inkjetdruck;Pigment / FineArt;Hochformat;2:3;21;29.7;21x29.7;A4;;Holzleisten-Aufhängung (oben/unten);;;;
Poster/FineArt;Poster/FineArt mit Holzaufhänger;1;;FineArt-Papier (Hahnemühle);Hahnemühle Baryta;;Hahnemühle;FineArt-Inkjetdruck;Pigment / FineArt;Hochformat;2:3;21;30;21x30;A4;;Holzleisten-Aufhängung (oben/unten);;;;
Poster/FineArt;Poster/FineArt mit Holzaufhänger;1;;FineArt-Papier (Hahnemühle);Hahnemühle Baryta;;Hahnemühle;FineArt-Inkjetdruck;Pigment / FineArt;Hochformat;2:3;29.7;42;29.7x42;A3;;Holzleisten-Aufhängung (oben/unten);;;;
Poster/FineArt;Poster/FineArt mit Holzaufhänger;1;;FineArt-Papier (Hahnemühle);Hahnemühle Baryta;;Hahnemühle;FineArt-Inkjetdruck;Pigment / FineArt;Hochformat;2:3;30;45;30x45;;;Holzleisten-Aufhängung (oben/unten);;;;
Poster/FineArt;Poster/FineArt mit Holzaufhänger;1;;FineArt-Papier (Hahnemühle);Hahnemühle Baryta;;Hahnemühle;FineArt-Inkjetdruck;Pigment / FineArt;Hochformat;2:3;40;60;40x60;;;Holzleisten-Aufhängung (oben/unten);;;;
Poster/FineArt;Poster/FineArt mit Holzaufhänger;1;;FineArt-Papier (Hahnemühle);Hahnemühle Baryta;;Hahnemühle;FineArt-Inkjetdruck;Pigment / FineArt;Hochformat;2:3;42;59.4;42x59.4;A2;;Holzleisten-Aufhängung (oben/unten);;;;
Poster/FineArt;Poster/FineArt mit Holzaufhänger;1;;FineArt-Papier (Hahnemühle);Hahnemühle Baryta;;Hahnemühle;FineArt-Inkjetdruck;Pigment / FineArt;Hochformat;2:3;50;70;50x70;;;Holzleisten-Aufhängung (oben/unten);;;;
Poster/FineArt;Poster/FineArt mit Holzaufhänger;1;;FineArt-Papier (Hahnemühle);Hahnemühle Baryta;;Hahnemühle;FineArt-Inkjetdruck;Pigment / FineArt;Hochformat;2:3;50;75;50x75;;;Holzleisten-Aufhängung (oben/unten);;;;
Poster/FineArt;Poster/FineArt mit Holzaufhänger;1;;FineArt-Papier (Hahnemühle);Hahnemühle Baryta;;Hahnemühle;FineArt-Inkjetdruck;Pigment / FineArt;Hochformat;2:3;59.4;84.1;59.4x84.1;A1;;Holzleisten-Aufhängung (oben/unten);;;;
Poster/FineArt;Poster/FineArt mit Holzaufhänger;1;;FineArt-Papier (Hahnemühle);Hahnemühle Baryta;;Hahnemühle;FineArt-Inkjetdruck;Pigment / FineArt;Hochformat;2:3;60;90;60x90;;;Holzleisten-Aufhängung (oben/unten);;;;
Poster/FineArt;Poster/FineArt mit Holzaufhänger;1;;FineArt-Papier (Hahnemühle);Hahnemühle Baryta;;Hahnemühle;FineArt-Inkjetdruck;Pigment / FineArt;Hochformat;2:3;70;100;70x100;;;Holzleisten-Aufhängung (oben/unten);;;;
Poster/FineArt;Poster/FineArt mit Holzaufhänger;1;;FineArt-Papier (Hahnemühle);Hahnemühle Baryta;;Hahnemühle;FineArt-Inkjetdruck;Pigment / FineArt;Hochformat;2:3;70;105;70x105;;;Holzleisten-Aufhängung (oben/unten);;;;
Poster/FineArt;Poster/FineArt mit Holzaufhänger;1;;FineArt-Papier (Hahnemühle);Hahnemühle Baryta;;Hahnemühle;FineArt-Inkjetdruck;Pigment / FineArt;Hochformat;3:4;18;24;18x24;;;Holzleisten-Aufhängung (oben/unten);;;;
Poster/FineArt;Poster/FineArt mit Holzaufhänger;1;;FineArt-Papier (Hahnemühle);Hahnemühle Baryta;;Hahnemühle;FineArt-Inkjetdruck;Pigment / FineArt;Hochformat;3:4;30;40;30x40;;;Holzleisten-Aufhängung (oben/unten);;;;
Poster/FineArt;Poster/FineArt mit Holzaufhänger;1;;FineArt-Papier (Hahnemühle);Hahnemühle Baryta;;Hahnemühle;FineArt-Inkjetdruck;Pigment / FineArt;Hochformat;3:4;60;80;60x80;;;Holzleisten-Aufhängung (oben/unten);;;;
Poster/FineArt;Poster/FineArt mit Holzaufhänger;1;;FineArt-Papier (Hahnemühle);Hahnemühle Baryta;;Hahnemühle;FineArt-Inkjetdruck;Pigment / FineArt;Hochformat;3:4;75;100;75x100;;;Holzleisten-Aufhängung (oben/unten);;;;
Poster/FineArt;Poster/FineArt mit Holzaufhänger;1;;FineArt-Papier (Hahnemühle);Hahnemühle Baryta;;Hahnemühle;FineArt-Inkjetdruck;Pigment / FineArt;Hochformat;3:5;70;120;70x120;;;Holzleisten-Aufhängung (oben/unten);;;;
Poster/FineArt;Poster/FineArt mit Holzaufhänger;1;;FineArt-Papier (Hahnemühle);Hahnemühle Baryta;;Hahnemühle;FineArt-Inkjetdruck;Pigment / FineArt;Hochformat;4:5;10;13;10x13;;;Holzleisten-Aufhängung (oben/unten);;;;
Poster/FineArt;Poster/FineArt mit Holzaufhänger;1;;FineArt-Papier (Hahnemühle);Hahnemühle Baryta;;Hahnemühle;FineArt-Inkjetdruck;Pigment / FineArt;Hochformat;4:5;40;50;40x50;;;Holzleisten-Aufhängung (oben/unten);;;;
Poster/FineArt;Poster/FineArt mit Holzaufhänger;1;;FineArt-Papier (Hahnemühle);Hahnemühle Baryta;;Hahnemühle;FineArt-Inkjetdruck;Pigment / FineArt;Hochformat;4:5;70;90;70x90;;;Holzleisten-Aufhängung (oben/unten);;;;
Poster/FineArt;Poster/FineArt mit Holzaufhänger;1;;FineArt-Papier (Hahnemühle);Hahnemühle Baryta;;Hahnemühle;FineArt-Inkjetdruck;Pigment / FineArt;Hochformat;4:5;80;100;80x100;;;Holzleisten-Aufhängung (oben/unten);;;;
Poster/FineArt;Poster/FineArt mit Holzaufhänger;1;;FineArt-Papier (Hahnemühle);Hahnemühle Baryta;;Hahnemühle;FineArt-Inkjetdruck;Pigment / FineArt;Hochformat;1:1;15;15;15x15;;;Holzleisten-Aufhängung (oben/unten);;;;
Poster/FineArt;Poster/FineArt mit Holzaufhänger;1;;FineArt-Papier (Hahnemühle);Hahnemühle Baryta;;Hahnemühle;FineArt-Inkjetdruck;Pigment / FineArt;Hochformat;1:1;20;20;20x20;;;Holzleisten-Aufhängung (oben/unten);;;;
Poster/FineArt;Poster/FineArt mit Holzaufhänger;1;;FineArt-Papier (Hahnemühle);Hahnemühle Baryta;;Hahnemühle;FineArt-Inkjetdruck;Pigment / FineArt;Hochformat;1:1;21;21;21x21;;;Holzleisten-Aufhängung (oben/unten);;;;
Poster/FineArt;Poster/FineArt mit Holzaufhänger;1;;FineArt-Papier (Hahnemühle);Hahnemühle Baryta;;Hahnemühle;FineArt-Inkjetdruck;Pigment / FineArt;Hochformat;1:1;30;30;30x30;;;Holzleisten-Aufhängung (oben/unten);;;;
Poster/FineArt;Poster/FineArt mit Holzaufhänger;1;;FineArt-Papier (Hahnemühle);Hahnemühle Baryta;;Hahnemühle;FineArt-Inkjetdruck;Pigment / FineArt;Hochformat;1:1;40;40;40x40;;;Holzleisten-Aufhängung (oben/unten);;;;
Poster/FineArt;Poster/FineArt mit Holzaufhänger;1;;FineArt-Papier (Hahnemühle);Hahnemühle Baryta;;Hahnemühle;FineArt-Inkjetdruck;Pigment / FineArt;Hochformat;1:1;50;50;50x50;;;Holzleisten-Aufhängung (oben/unten);;;;
Poster/FineArt;Poster/FineArt mit Holzaufhänger;1;;FineArt-Papier (Hahnemühle);Hahnemühle Baryta;;Hahnemühle;FineArt-Inkjetdruck;Pigment / FineArt;Hochformat;1:1;60;60;60x60;;;Holzleisten-Aufhängung (oben/unten);;;;
Poster/FineArt;Poster/FineArt mit Holzaufhänger;1;;FineArt-Papier (Hahnemühle);Hahnemühle Baryta;;Hahnemühle;FineArt-Inkjetdruck;Pigment / FineArt;Hochformat;1:1;70;70;70x70;;;Holzleisten-Aufhängung (oben/unten);;;;
Poster/FineArt;Poster/FineArt mit Holzaufhänger;1;;FineArt-Papier (Hahnemühle);Hahnemühle Baryta;;Hahnemühle;FineArt-Inkjetdruck;Pigment / FineArt;Hochformat;Panorama;10;18;10x18;;;Holzleisten-Aufhängung (oben/unten);;;;
Poster/FineArt;Poster/FineArt mit Holzaufhänger;1;;FineArt-Papier (Hahnemühle);Hahnemühle Baryta;;Hahnemühle;FineArt-Inkjetdruck;Pigment / FineArt;Hochformat;Panorama;10;20;10x20;;;Holzleisten-Aufhängung (oben/unten);;;;
Poster/FineArt;Poster/FineArt mit Holzaufhänger;1;;FineArt-Papier (Hahnemühle);Hahnemühle Baryta;;Hahnemühle;FineArt-Inkjetdruck;Pigment / FineArt;Hochformat;Panorama;20;40;20x40;;;Holzleisten-Aufhängung (oben/unten);;;;
Poster/FineArt;Poster/FineArt mit Holzaufhänger;1;;FineArt-Papier (Hahnemühle);Hahnemühle Baryta;;Hahnemühle;FineArt-Inkjetdruck;Pigment / FineArt;Hochformat;Panorama;20;60;20x60;;;Holzleisten-Aufhängung (oben/unten);;;;
Poster/FineArt;Poster/FineArt mit Holzaufhänger;1;;FineArt-Papier (Hahnemühle);Hahnemühle Baryta;;Hahnemühle;FineArt-Inkjetdruck;Pigment / FineArt;Hochformat;Panorama;30;60;30x60;;;Holzleisten-Aufhängung (oben/unten);;;;
Poster/FineArt;Poster/FineArt mit Holzaufhänger;1;;FineArt-Papier (Hahnemühle);Hahnemühle Baryta;;Hahnemühle;FineArt-Inkjetdruck;Pigment / FineArt;Hochformat;Panorama;30;90;30x90;;;Holzleisten-Aufhängung (oben/unten);;;;
Poster/FineArt;Poster/FineArt mit Holzaufhänger;1;;FineArt-Papier (Hahnemühle);Hahnemühle Baryta;;Hahnemühle;FineArt-Inkjetdruck;Pigment / FineArt;Hochformat;Panorama;40;80;40x80;;;Holzleisten-Aufhängung (oben/unten);;;;
Poster/FineArt;Poster/FineArt mit Holzaufhänger;1;;FineArt-Papier (Hahnemühle);Hahnemühle Baryta;;Hahnemühle;FineArt-Inkjetdruck;Pigment / FineArt;Hochformat;Panorama;50;100;50x100;;;Holzleisten-Aufhängung (oben/unten);;;;
Poster/FineArt;Poster/FineArt mit Holzaufhänger;1;;FineArt-Papier (Hahnemühle);Hahnemühle Baryta;;Hahnemühle;FineArt-Inkjetdruck;Pigment / FineArt;Hochformat;Panorama;60;120;60x120;;;Holzleisten-Aufhängung (oben/unten);;;;
Poster/FineArt;Poster/FineArt mit Holzaufhänger;1;;FineArt-Papier (Hahnemühle);Hahnemühle Baryta;;Hahnemühle;FineArt-Inkjetdruck;Pigment / FineArt;Hochformat;Panorama;60;180;60x180;;;Holzleisten-Aufhängung (oben/unten);;;;
Poster/FineArt;Poster/FineArt mit Holzaufhänger;1;;FineArt-Papier (Hahnemühle);Hahnemühle Baryta;;Hahnemühle;FineArt-Inkjetdruck;Pigment / FineArt;Hochformat;Panorama;70;180;70x180;;;Holzleisten-Aufhängung (oben/unten);;;;
Poster/FineArt;Poster/FineArt mit Holzaufhänger;1;;FineArt-Papier (Hahnemühle);Hahnemühle Baryta;;Hahnemühle;FineArt-Inkjetdruck;Pigment / FineArt;Querformat;2:3;10;15;10x15;;;Holzleisten-Aufhängung (oben/unten);;;;
Poster/FineArt;Poster/FineArt mit Holzaufhänger;1;;FineArt-Papier (Hahnemühle);Hahnemühle Baryta;;Hahnemühle;FineArt-Inkjetdruck;Pigment / FineArt;Querformat;2:3;10.5;14.8;10.5x14.8;A6;;Holzleisten-Aufhängung (oben/unten);;;;
Poster/FineArt;Poster/FineArt mit Holzaufhänger;1;;FineArt-Papier (Hahnemühle);Hahnemühle Baryta;;Hahnemühle;FineArt-Inkjetdruck;Pigment / FineArt;Querformat;2:3;13;18;13x18;;;Holzleisten-Aufhängung (oben/unten);;;;
Poster/FineArt;Poster/FineArt mit Holzaufhänger;1;;FineArt-Papier (Hahnemühle);Hahnemühle Baryta;;Hahnemühle;FineArt-Inkjetdruck;Pigment / FineArt;Querformat;2:3;13;19;13x19;;;Holzleisten-Aufhängung (oben/unten);;;;
Poster/FineArt;Poster/FineArt mit Holzaufhänger;1;;FineArt-Papier (Hahnemühle);Hahnemühle Baryta;;Hahnemühle;FineArt-Inkjetdruck;Pigment / FineArt;Querformat;2:3;14.8;21;14.8x21;A5;;Holzleisten-Aufhängung (oben/unten);;;;
Poster/FineArt;Poster/FineArt mit Holzaufhänger;1;;FineArt-Papier (Hahnemühle);Hahnemühle Baryta;;Hahnemühle;FineArt-Inkjetdruck;Pigment / FineArt;Querformat;2:3;15;21;15x21;;;Holzleisten-Aufhängung (oben/unten);;;;
Poster/FineArt;Poster/FineArt mit Holzaufhänger;1;;FineArt-Papier (Hahnemühle);Hahnemühle Baryta;;Hahnemühle;FineArt-Inkjetdruck;Pigment / FineArt;Querformat;2:3;15;22;15x22;;;Holzleisten-Aufhängung (oben/unten);;;;
Poster/FineArt;Poster/FineArt mit Holzaufhänger;1;;FineArt-Papier (Hahnemühle);Hahnemühle Baryta;;Hahnemühle;FineArt-Inkjetdruck;Pigment / FineArt;Querformat;2:3;20;30;20x30;;;Holzleisten-Aufhängung (oben/unten);;;;
Poster/FineArt;Poster/FineArt mit Holzaufhänger;1;;FineArt-Papier (Hahnemühle);Hahnemühle Baryta;;Hahnemühle;FineArt-Inkjetdruck;Pigment / FineArt;Querformat;2:3;21;29.7;21x29.7;A4;;Holzleisten-Aufhängung (oben/unten);;;;
Poster/FineArt;Poster/FineArt mit Holzaufhänger;1;;FineArt-Papier (Hahnemühle);Hahnemühle Baryta;;Hahnemühle;FineArt-Inkjetdruck;Pigment / FineArt;Querformat;2:3;21;30;21x30;A4;;Holzleisten-Aufhängung (oben/unten);;;;
Poster/FineArt;Poster/FineArt mit Holzaufhänger;1;;FineArt-Papier (Hahnemühle);Hahnemühle Baryta;;Hahnemühle;FineArt-Inkjetdruck;Pigment / FineArt;Querformat;2:3;29.7;42;29.7x42;A3;;Holzleisten-Aufhängung (oben/unten);;;;
Poster/FineArt;Poster/FineArt mit Holzaufhänger;1;;FineArt-Papier (Hahnemühle);Hahnemühle Baryta;;Hahnemühle;FineArt-Inkjetdruck;Pigment / FineArt;Querformat;2:3;30;45;30x45;;;Holzleisten-Aufhängung (oben/unten);;;;
Poster/FineArt;Poster/FineArt mit Holzaufhänger;1;;FineArt-Papier (Hahnemühle);Hahnemühle Baryta;;Hahnemühle;FineArt-Inkjetdruck;Pigment / FineArt;Querformat;2:3;40;60;40x60;;;Holzleisten-Aufhängung (oben/unten);;;;
Poster/FineArt;Poster/FineArt mit Holzaufhänger;1;;FineArt-Papier (Hahnemühle);Hahnemühle Baryta;;Hahnemühle;FineArt-Inkjetdruck;Pigment / FineArt;Querformat;2:3;42;59.4;42x59.4;A2;;Holzleisten-Aufhängung (oben/unten);;;;
Poster/FineArt;Poster/FineArt mit Holzaufhänger;1;;FineArt-Papier (Hahnemühle);Hahnemühle Baryta;;Hahnemühle;FineArt-Inkjetdruck;Pigment / FineArt;Querformat;2:3;50;70;50x70;;;Holzleisten-Aufhängung (oben/unten);;;;
Poster/FineArt;Poster/FineArt mit Holzaufhänger;1;;FineArt-Papier (Hahnemühle);Hahnemühle Baryta;;Hahnemühle;FineArt-Inkjetdruck;Pigment / FineArt;Querformat;2:3;50;75;50x75;;;Holzleisten-Aufhängung (oben/unten);;;;
Poster/FineArt;Poster/FineArt mit Holzaufhänger;1;;FineArt-Papier (Hahnemühle);Hahnemühle Baryta;;Hahnemühle;FineArt-Inkjetdruck;Pigment / FineArt;Querformat;2:3;59.4;84.1;59.4x84.1;A1;;Holzleisten-Aufhängung (oben/unten);;;;
Poster/FineArt;Poster/FineArt mit Holzaufhänger;1;;FineArt-Papier (Hahnemühle);Hahnemühle Baryta;;Hahnemühle;FineArt-Inkjetdruck;Pigment / FineArt;Querformat;2:3;60;90;60x90;;;Holzleisten-Aufhängung (oben/unten);;;;
Poster/FineArt;Poster/FineArt mit Holzaufhänger;1;;FineArt-Papier (Hahnemühle);Hahnemühle Baryta;;Hahnemühle;FineArt-Inkjetdruck;Pigment / FineArt;Querformat;2:3;70;100;70x100;;;Holzleisten-Aufhängung (oben/unten);;;;
Poster/FineArt;Poster/FineArt mit Holzaufhänger;1;;FineArt-Papier (Hahnemühle);Hahnemühle Baryta;;Hahnemühle;FineArt-Inkjetdruck;Pigment / FineArt;Querformat;2:3;70;105;70x105;;;Holzleisten-Aufhängung (oben/unten);;;;
Poster/FineArt;Poster/FineArt mit Holzaufhänger;1;;FineArt-Papier (Hahnemühle);Hahnemühle Baryta;;Hahnemühle;FineArt-Inkjetdruck;Pigment / FineArt;Querformat;3:4;18;24;18x24;;;Holzleisten-Aufhängung (oben/unten);;;;
Poster/FineArt;Poster/FineArt mit Holzaufhänger;1;;FineArt-Papier (Hahnemühle);Hahnemühle Baryta;;Hahnemühle;FineArt-Inkjetdruck;Pigment / FineArt;Querformat;3:4;30;40;30x40;;;Holzleisten-Aufhängung (oben/unten);;;;
Poster/FineArt;Poster/FineArt mit Holzaufhänger;1;;FineArt-Papier (Hahnemühle);Hahnemühle Baryta;;Hahnemühle;FineArt-Inkjetdruck;Pigment / FineArt;Querformat;3:4;60;80;60x80;;;Holzleisten-Aufhängung (oben/unten);;;;
Poster/FineArt;Poster/FineArt mit Holzaufhänger;1;;FineArt-Papier (Hahnemühle);Hahnemühle Baryta;;Hahnemühle;FineArt-Inkjetdruck;Pigment / FineArt;Querformat;3:4;75;100;75x100;;;Holzleisten-Aufhängung (oben/unten);;;;
Poster/FineArt;Poster/FineArt mit Holzaufhänger;1;;FineArt-Papier (Hahnemühle);Hahnemühle Baryta;;Hahnemühle;FineArt-Inkjetdruck;Pigment / FineArt;Querformat;3:5;70;120;70x120;;;Holzleisten-Aufhängung (oben/unten);;;;
Poster/FineArt;Poster/FineArt mit Holzaufhänger;1;;FineArt-Papier (Hahnemühle);Hahnemühle Baryta;;Hahnemühle;FineArt-Inkjetdruck;Pigment / FineArt;Querformat;4:5;10;13;10x13;;;Holzleisten-Aufhängung (oben/unten);;;;
Poster/FineArt;Poster/FineArt mit Holzaufhänger;1;;FineArt-Papier (Hahnemühle);Hahnemühle Baryta;;Hahnemühle;FineArt-Inkjetdruck;Pigment / FineArt;Querformat;4:5;40;50;40x50;;;Holzleisten-Aufhängung (oben/unten);;;;
Poster/FineArt;Poster/FineArt mit Holzaufhänger;1;;FineArt-Papier (Hahnemühle);Hahnemühle Baryta;;Hahnemühle;FineArt-Inkjetdruck;Pigment / FineArt;Querformat;4:5;70;90;70x90;;;Holzleisten-Aufhängung (oben/unten);;;;
Poster/FineArt;Poster/FineArt mit Holzaufhänger;1;;FineArt-Papier (Hahnemühle);Hahnemühle Baryta;;Hahnemühle;FineArt-Inkjetdruck;Pigment / FineArt;Querformat;4:5;80;100;80x100;;;Holzleisten-Aufhängung (oben/unten);;;;
Poster/FineArt;Poster/FineArt mit Holzaufhänger;1;;FineArt-Papier (Hahnemühle);Hahnemühle Baryta;;Hahnemühle;FineArt-Inkjetdruck;Pigment / FineArt;Querformat;1:1;15;15;15x15;;;Holzleisten-Aufhängung (oben/unten);;;;
Poster/FineArt;Poster/FineArt mit Holzaufhänger;1;;FineArt-Papier (Hahnemühle);Hahnemühle Baryta;;Hahnemühle;FineArt-Inkjetdruck;Pigment / FineArt;Querformat;1:1;20;20;20x20;;;Holzleisten-Aufhängung (oben/unten);;;;
Poster/FineArt;Poster/FineArt mit Holzaufhänger;1;;FineArt-Papier (Hahnemühle);Hahnemühle Baryta;;Hahnemühle;FineArt-Inkjetdruck;Pigment / FineArt;Querformat;1:1;21;21;21x21;;;Holzleisten-Aufhängung (oben/unten);;;;
Poster/FineArt;Poster/FineArt mit Holzaufhänger;1;;FineArt-Papier (Hahnemühle);Hahnemühle Baryta;;Hahnemühle;FineArt-Inkjetdruck;Pigment / FineArt;Querformat;1:1;30;30;30x30;;;Holzleisten-Aufhängung (oben/unten);;;;
Poster/FineArt;Poster/FineArt mit Holzaufhänger;1;;FineArt-Papier (Hahnemühle);Hahnemühle Baryta;;Hahnemühle;FineArt-Inkjetdruck;Pigment / FineArt;Querformat;1:1;40;40;40x40;;;Holzleisten-Aufhängung (oben/unten);;;;
Poster/FineArt;Poster/FineArt mit Holzaufhänger;1;;FineArt-Papier (Hahnemühle);Hahnemühle Baryta;;Hahnemühle;FineArt-Inkjetdruck;Pigment / FineArt;Querformat;1:1;50;50;50x50;;;Holzleisten-Aufhängung (oben/unten);;;;
Poster/FineArt;Poster/FineArt mit Holzaufhänger;1;;FineArt-Papier (Hahnemühle);Hahnemühle Baryta;;Hahnemühle;FineArt-Inkjetdruck;Pigment / FineArt;Querformat;1:1;60;60;60x60;;;Holzleisten-Aufhängung (oben/unten);;;;
Poster/FineArt;Poster/FineArt mit Holzaufhänger;1;;FineArt-Papier (Hahnemühle);Hahnemühle Baryta;;Hahnemühle;FineArt-Inkjetdruck;Pigment / FineArt;Querformat;1:1;70;70;70x70;;;Holzleisten-Aufhängung (oben/unten);;;;
Poster/FineArt;Poster/FineArt mit Holzaufhänger;1;;FineArt-Papier (Hahnemühle);Hahnemühle Baryta;;Hahnemühle;FineArt-Inkjetdruck;Pigment / FineArt;Querformat;Panorama;10;18;10x18;;;Holzleisten-Aufhängung (oben/unten);;;;
Poster/FineArt;Poster/FineArt mit Holzaufhänger;1;;FineArt-Papier (Hahnemühle);Hahnemühle Baryta;;Hahnemühle;FineArt-Inkjetdruck;Pigment / FineArt;Querformat;Panorama;10;20;10x20;;;Holzleisten-Aufhängung (oben/unten);;;;
Poster/FineArt;Poster/FineArt mit Holzaufhänger;1;;FineArt-Papier (Hahnemühle);Hahnemühle Baryta;;Hahnemühle;FineArt-Inkjetdruck;Pigment / FineArt;Querformat;Panorama;20;40;20x40;;;Holzleisten-Aufhängung (oben/unten);;;;
Poster/FineArt;Poster/FineArt mit Holzaufhänger;1;;FineArt-Papier (Hahnemühle);Hahnemühle Baryta;;Hahnemühle;FineArt-Inkjetdruck;Pigment / FineArt;Querformat;Panorama;20;60;20x60;;;Holzleisten-Aufhängung (oben/unten);;;;
Poster/FineArt;Poster/FineArt mit Holzaufhänger;1;;FineArt-Papier (Hahnemühle);Hahnemühle Baryta;;Hahnemühle;FineArt-Inkjetdruck;Pigment / FineArt;Querformat;Panorama;30;60;30x60;;;Holzleisten-Aufhängung (oben/unten);;;;
Poster/FineArt;Poster/FineArt mit Holzaufhänger;1;;FineArt-Papier (Hahnemühle);Hahnemühle Baryta;;Hahnemühle;FineArt-Inkjetdruck;Pigment / FineArt;Querformat;Panorama;30;90;30x90;;;Holzleisten-Aufhängung (oben/unten);;;;
Poster/FineArt;Poster/FineArt mit Holzaufhänger;1;;FineArt-Papier (Hahnemühle);Hahnemühle Baryta;;Hahnemühle;FineArt-Inkjetdruck;Pigment / FineArt;Querformat;Panorama;40;80;40x80;;;Holzleisten-Aufhängung (oben/unten);;;;
Poster/FineArt;Poster/FineArt mit Holzaufhänger;1;;FineArt-Papier (Hahnemühle);Hahnemühle Baryta;;Hahnemühle;FineArt-Inkjetdruck;Pigment / FineArt;Querformat;Panorama;50;100;50x100;;;Holzleisten-Aufhängung (oben/unten);;;;
Poster/FineArt;Poster/FineArt mit Holzaufhänger;1;;FineArt-Papier (Hahnemühle);Hahnemühle Baryta;;Hahnemühle;FineArt-Inkjetdruck;Pigment / FineArt;Querformat;Panorama;60;120;60x120;;;Holzleisten-Aufhängung (oben/unten);;;;
Poster/FineArt;Poster/FineArt mit Holzaufhänger;1;;FineArt-Papier (Hahnemühle);Hahnemühle Baryta;;Hahnemühle;FineArt-Inkjetdruck;Pigment / FineArt;Querformat;Panorama;60;180;60x180;;;Holzleisten-Aufhängung (oben/unten);;;;
Poster/FineArt;Poster/FineArt mit Holzaufhänger;1;;FineArt-Papier (Hahnemühle);Hahnemühle Baryta;;Hahnemühle;FineArt-Inkjetdruck;Pigment / FineArt;Querformat;Panorama;70;180;70x180;;;Holzleisten-Aufhängung (oben/unten);;;;
Poster/FineArt;Poster/FineArt mit Holzaufhänger;1;;FineArt-Papier (Hahnemühle);Hahnemühle Hemp Natural Line;;Hahnemühle;FineArt-Inkjetdruck;Pigment / FineArt;Hochformat;2:3;10;15;10x15;;;Holzleisten-Aufhängung (oben/unten);;;;
Poster/FineArt;Poster/FineArt mit Holzaufhänger;1;;FineArt-Papier (Hahnemühle);Hahnemühle Hemp Natural Line;;Hahnemühle;FineArt-Inkjetdruck;Pigment / FineArt;Hochformat;2:3;10.5;14.8;10.5x14.8;A6;;Holzleisten-Aufhängung (oben/unten);;;;
Poster/FineArt;Poster/FineArt mit Holzaufhänger;1;;FineArt-Papier (Hahnemühle);Hahnemühle Hemp Natural Line;;Hahnemühle;FineArt-Inkjetdruck;Pigment / FineArt;Hochformat;2:3;13;18;13x18;;;Holzleisten-Aufhängung (oben/unten);;;;
Poster/FineArt;Poster/FineArt mit Holzaufhänger;1;;FineArt-Papier (Hahnemühle);Hahnemühle Hemp Natural Line;;Hahnemühle;FineArt-Inkjetdruck;Pigment / FineArt;Hochformat;2:3;13;19;13x19;;;Holzleisten-Aufhängung (oben/unten);;;;
Poster/FineArt;Poster/FineArt mit Holzaufhänger;1;;FineArt-Papier (Hahnemühle);Hahnemühle Hemp Natural Line;;Hahnemühle;FineArt-Inkjetdruck;Pigment / FineArt;Hochformat;2:3;14.8;21;14.8x21;A5;;Holzleisten-Aufhängung (oben/unten);;;;
Poster/FineArt;Poster/FineArt mit Holzaufhänger;1;;FineArt-Papier (Hahnemühle);Hahnemühle Hemp Natural Line;;Hahnemühle;FineArt-Inkjetdruck;Pigment / FineArt;Hochformat;2:3;15;21;15x21;;;Holzleisten-Aufhängung (oben/unten);;;;
Poster/FineArt;Poster/FineArt mit Holzaufhänger;1;;FineArt-Papier (Hahnemühle);Hahnemühle Hemp Natural Line;;Hahnemühle;FineArt-Inkjetdruck;Pigment / FineArt;Hochformat;2:3;15;22;15x22;;;Holzleisten-Aufhängung (oben/unten);;;;
Poster/FineArt;Poster/FineArt mit Holzaufhänger;1;;FineArt-Papier (Hahnemühle);Hahnemühle Hemp Natural Line;;Hahnemühle;FineArt-Inkjetdruck;Pigment / FineArt;Hochformat;2:3;20;30;20x30;;;Holzleisten-Aufhängung (oben/unten);;;;
Poster/FineArt;Poster/FineArt mit Holzaufhänger;1;;FineArt-Papier (Hahnemühle);Hahnemühle Hemp Natural Line;;Hahnemühle;FineArt-Inkjetdruck;Pigment / FineArt;Hochformat;2:3;21;29.7;21x29.7;A4;;Holzleisten-Aufhängung (oben/unten);;;;
Poster/FineArt;Poster/FineArt mit Holzaufhänger;1;;FineArt-Papier (Hahnemühle);Hahnemühle Hemp Natural Line;;Hahnemühle;FineArt-Inkjetdruck;Pigment / FineArt;Hochformat;2:3;21;30;21x30;A4;;Holzleisten-Aufhängung (oben/unten);;;;
Poster/FineArt;Poster/FineArt mit Holzaufhänger;1;;FineArt-Papier (Hahnemühle);Hahnemühle Hemp Natural Line;;Hahnemühle;FineArt-Inkjetdruck;Pigment / FineArt;Hochformat;2:3;29.7;42;29.7x42;A3;;Holzleisten-Aufhängung (oben/unten);;;;
Poster/FineArt;Poster/FineArt mit Holzaufhänger;1;;FineArt-Papier (Hahnemühle);Hahnemühle Hemp Natural Line;;Hahnemühle;FineArt-Inkjetdruck;Pigment / FineArt;Hochformat;2:3;30;45;30x45;;;Holzleisten-Aufhängung (oben/unten);;;;
Poster/FineArt;Poster/FineArt mit Holzaufhänger;1;;FineArt-Papier (Hahnemühle);Hahnemühle Hemp Natural Line;;Hahnemühle;FineArt-Inkjetdruck;Pigment / FineArt;Hochformat;2:3;40;60;40x60;;;Holzleisten-Aufhängung (oben/unten);;;;
Poster/FineArt;Poster/FineArt mit Holzaufhänger;1;;FineArt-Papier (Hahnemühle);Hahnemühle Hemp Natural Line;;Hahnemühle;FineArt-Inkjetdruck;Pigment / FineArt;Hochformat;2:3;42;59.4;42x59.4;A2;;Holzleisten-Aufhängung (oben/unten);;;;
Poster/FineArt;Poster/FineArt mit Holzaufhänger;1;;FineArt-Papier (Hahnemühle);Hahnemühle Hemp Natural Line;;Hahnemühle;FineArt-Inkjetdruck;Pigment / FineArt;Hochformat;2:3;50;70;50x70;;;Holzleisten-Aufhängung (oben/unten);;;;
Poster/FineArt;Poster/FineArt mit Holzaufhänger;1;;FineArt-Papier (Hahnemühle);Hahnemühle Hemp Natural Line;;Hahnemühle;FineArt-Inkjetdruck;Pigment / FineArt;Hochformat;2:3;50;75;50x75;;;Holzleisten-Aufhängung (oben/unten);;;;
Poster/FineArt;Poster/FineArt mit Holzaufhänger;1;;FineArt-Papier (Hahnemühle);Hahnemühle Hemp Natural Line;;Hahnemühle;FineArt-Inkjetdruck;Pigment / FineArt;Hochformat;2:3;59.4;84.1;59.4x84.1;A1;;Holzleisten-Aufhängung (oben/unten);;;;
Poster/FineArt;Poster/FineArt mit Holzaufhänger;1;;FineArt-Papier (Hahnemühle);Hahnemühle Hemp Natural Line;;Hahnemühle;FineArt-Inkjetdruck;Pigment / FineArt;Hochformat;2:3;60;90;60x90;;;Holzleisten-Aufhängung (oben/unten);;;;
Poster/FineArt;Poster/FineArt mit Holzaufhänger;1;;FineArt-Papier (Hahnemühle);Hahnemühle Hemp Natural Line;;Hahnemühle;FineArt-Inkjetdruck;Pigment / FineArt;Hochformat;2:3;70;100;70x100;;;Holzleisten-Aufhängung (oben/unten);;;;
Poster/FineArt;Poster/FineArt mit Holzaufhänger;1;;FineArt-Papier (Hahnemühle);Hahnemühle Hemp Natural Line;;Hahnemühle;FineArt-Inkjetdruck;Pigment / FineArt;Hochformat;2:3;70;105;70x105;;;Holzleisten-Aufhängung (oben/unten);;;;
Poster/FineArt;Poster/FineArt mit Holzaufhänger;1;;FineArt-Papier (Hahnemühle);Hahnemühle Hemp Natural Line;;Hahnemühle;FineArt-Inkjetdruck;Pigment / FineArt;Hochformat;3:4;18;24;18x24;;;Holzleisten-Aufhängung (oben/unten);;;;
Poster/FineArt;Poster/FineArt mit Holzaufhänger;1;;FineArt-Papier (Hahnemühle);Hahnemühle Hemp Natural Line;;Hahnemühle;FineArt-Inkjetdruck;Pigment / FineArt;Hochformat;3:4;30;40;30x40;;;Holzleisten-Aufhängung (oben/unten);;;;
Poster/FineArt;Poster/FineArt mit Holzaufhänger;1;;FineArt-Papier (Hahnemühle);Hahnemühle Hemp Natural Line;;Hahnemühle;FineArt-Inkjetdruck;Pigment / FineArt;Hochformat;3:4;60;80;60x80;;;Holzleisten-Aufhängung (oben/unten);;;;
Poster/FineArt;Poster/FineArt mit Holzaufhänger;1;;FineArt-Papier (Hahnemühle);Hahnemühle Hemp Natural Line;;Hahnemühle;FineArt-Inkjetdruck;Pigment / FineArt;Hochformat;3:4;75;100;75x100;;;Holzleisten-Aufhängung (oben/unten);;;;
Poster/FineArt;Poster/FineArt mit Holzaufhänger;1;;FineArt-Papier (Hahnemühle);Hahnemühle Hemp Natural Line;;Hahnemühle;FineArt-Inkjetdruck;Pigment / FineArt;Hochformat;3:5;70;120;70x120;;;Holzleisten-Aufhängung (oben/unten);;;;
Poster/FineArt;Poster/FineArt mit Holzaufhänger;1;;FineArt-Papier (Hahnemühle);Hahnemühle Hemp Natural Line;;Hahnemühle;FineArt-Inkjetdruck;Pigment / FineArt;Hochformat;4:5;10;13;10x13;;;Holzleisten-Aufhängung (oben/unten);;;;
Poster/FineArt;Poster/FineArt mit Holzaufhänger;1;;FineArt-Papier (Hahnemühle);Hahnemühle Hemp Natural Line;;Hahnemühle;FineArt-Inkjetdruck;Pigment / FineArt;Hochformat;4:5;40;50;40x50;;;Holzleisten-Aufhängung (oben/unten);;;;
Poster/FineArt;Poster/FineArt mit Holzaufhänger;1;;FineArt-Papier (Hahnemühle);Hahnemühle Hemp Natural Line;;Hahnemühle;FineArt-Inkjetdruck;Pigment / FineArt;Hochformat;4:5;70;90;70x90;;;Holzleisten-Aufhängung (oben/unten);;;;
Poster/FineArt;Poster/FineArt mit Holzaufhänger;1;;FineArt-Papier (Hahnemühle);Hahnemühle Hemp Natural Line;;Hahnemühle;FineArt-Inkjetdruck;Pigment / FineArt;Hochformat;4:5;80;100;80x100;;;Holzleisten-Aufhängung (oben/unten);;;;
Poster/FineArt;Poster/FineArt mit Holzaufhänger;1;;FineArt-Papier (Hahnemühle);Hahnemühle Hemp Natural Line;;Hahnemühle;FineArt-Inkjetdruck;Pigment / FineArt;Hochformat;1:1;15;15;15x15;;;Holzleisten-Aufhängung (oben/unten);;;;
Poster/FineArt;Poster/FineArt mit Holzaufhänger;1;;FineArt-Papier (Hahnemühle);Hahnemühle Hemp Natural Line;;Hahnemühle;FineArt-Inkjetdruck;Pigment / FineArt;Hochformat;1:1;20;20;20x20;;;Holzleisten-Aufhängung (oben/unten);;;;
Poster/FineArt;Poster/FineArt mit Holzaufhänger;1;;FineArt-Papier (Hahnemühle);Hahnemühle Hemp Natural Line;;Hahnemühle;FineArt-Inkjetdruck;Pigment / FineArt;Hochformat;1:1;21;21;21x21;;;Holzleisten-Aufhängung (oben/unten);;;;
Poster/FineArt;Poster/FineArt mit Holzaufhänger;1;;FineArt-Papier (Hahnemühle);Hahnemühle Hemp Natural Line;;Hahnemühle;FineArt-Inkjetdruck;Pigment / FineArt;Hochformat;1:1;30;30;30x30;;;Holzleisten-Aufhängung (oben/unten);;;;
Poster/FineArt;Poster/FineArt mit Holzaufhänger;1;;FineArt-Papier (Hahnemühle);Hahnemühle Hemp Natural Line;;Hahnemühle;FineArt-Inkjetdruck;Pigment / FineArt;Hochformat;1:1;40;40;40x40;;;Holzleisten-Aufhängung (oben/unten);;;;
Poster/FineArt;Poster/FineArt mit Holzaufhänger;1;;FineArt-Papier (Hahnemühle);Hahnemühle Hemp Natural Line;;Hahnemühle;FineArt-Inkjetdruck;Pigment / FineArt;Hochformat;1:1;50;50;50x50;;;Holzleisten-Aufhängung (oben/unten);;;;
Poster/FineArt;Poster/FineArt mit Holzaufhänger;1;;FineArt-Papier (Hahnemühle);Hahnemühle Hemp Natural Line;;Hahnemühle;FineArt-Inkjetdruck;Pigment / FineArt;Hochformat;1:1;60;60;60x60;;;Holzleisten-Aufhängung (oben/unten);;;;
Poster/FineArt;Poster/FineArt mit Holzaufhänger;1;;FineArt-Papier (Hahnemühle);Hahnemühle Hemp Natural Line;;Hahnemühle;FineArt-Inkjetdruck;Pigment / FineArt;Hochformat;1:1;70;70;70x70;;;Holzleisten-Aufhängung (oben/unten);;;;
Poster/FineArt;Poster/FineArt mit Holzaufhänger;1;;FineArt-Papier (Hahnemühle);Hahnemühle Hemp Natural Line;;Hahnemühle;FineArt-Inkjetdruck;Pigment / FineArt;Hochformat;Panorama;10;18;10x18;;;Holzleisten-Aufhängung (oben/unten);;;;
Poster/FineArt;Poster/FineArt mit Holzaufhänger;1;;FineArt-Papier (Hahnemühle);Hahnemühle Hemp Natural Line;;Hahnemühle;FineArt-Inkjetdruck;Pigment / FineArt;Hochformat;Panorama;10;20;10x20;;;Holzleisten-Aufhängung (oben/unten);;;;
Poster/FineArt;Poster/FineArt mit Holzaufhänger;1;;FineArt-Papier (Hahnemühle);Hahnemühle Hemp Natural Line;;Hahnemühle;FineArt-Inkjetdruck;Pigment / FineArt;Hochformat;Panorama;20;40;20x40;;;Holzleisten-Aufhängung (oben/unten);;;;
Poster/FineArt;Poster/FineArt mit Holzaufhänger;1;;FineArt-Papier (Hahnemühle);Hahnemühle Hemp Natural Line;;Hahnemühle;FineArt-Inkjetdruck;Pigment / FineArt;Hochformat;Panorama;20;60;20x60;;;Holzleisten-Aufhängung (oben/unten);;;;
Poster/FineArt;Poster/FineArt mit Holzaufhänger;1;;FineArt-Papier (Hahnemühle);Hahnemühle Hemp Natural Line;;Hahnemühle;FineArt-Inkjetdruck;Pigment / FineArt;Hochformat;Panorama;30;60;30x60;;;Holzleisten-Aufhängung (oben/unten);;;;
Poster/FineArt;Poster/FineArt mit Holzaufhänger;1;;FineArt-Papier (Hahnemühle);Hahnemühle Hemp Natural Line;;Hahnemühle;FineArt-Inkjetdruck;Pigment / FineArt;Hochformat;Panorama;30;90;30x90;;;Holzleisten-Aufhängung (oben/unten);;;;
Poster/FineArt;Poster/FineArt mit Holzaufhänger;1;;FineArt-Papier (Hahnemühle);Hahnemühle Hemp Natural Line;;Hahnemühle;FineArt-Inkjetdruck;Pigment / FineArt;Hochformat;Panorama;40;80;40x80;;;Holzleisten-Aufhängung (oben/unten);;;;
Poster/FineArt;Poster/FineArt mit Holzaufhänger;1;;FineArt-Papier (Hahnemühle);Hahnemühle Hemp Natural Line;;Hahnemühle;FineArt-Inkjetdruck;Pigment / FineArt;Hochformat;Panorama;50;100;50x100;;;Holzleisten-Aufhängung (oben/unten);;;;
Poster/FineArt;Poster/FineArt mit Holzaufhänger;1;;FineArt-Papier (Hahnemühle);Hahnemühle Hemp Natural Line;;Hahnemühle;FineArt-Inkjetdruck;Pigment / FineArt;Hochformat;Panorama;60;120;60x120;;;Holzleisten-Aufhängung (oben/unten);;;;
Poster/FineArt;Poster/FineArt mit Holzaufhänger;1;;FineArt-Papier (Hahnemühle);Hahnemühle Hemp Natural Line;;Hahnemühle;FineArt-Inkjetdruck;Pigment / FineArt;Hochformat;Panorama;60;180;60x180;;;Holzleisten-Aufhängung (oben/unten);;;;
Poster/FineArt;Poster/FineArt mit Holzaufhänger;1;;FineArt-Papier (Hahnemühle);Hahnemühle Hemp Natural Line;;Hahnemühle;FineArt-Inkjetdruck;Pigment / FineArt;Hochformat;Panorama;70;180;70x180;;;Holzleisten-Aufhängung (oben/unten);;;;
Poster/FineArt;Poster/FineArt mit Holzaufhänger;1;;FineArt-Papier (Hahnemühle);Hahnemühle Hemp Natural Line;;Hahnemühle;FineArt-Inkjetdruck;Pigment / FineArt;Querformat;2:3;10;15;10x15;;;Holzleisten-Aufhängung (oben/unten);;;;
Poster/FineArt;Poster/FineArt mit Holzaufhänger;1;;FineArt-Papier (Hahnemühle);Hahnemühle Hemp Natural Line;;Hahnemühle;FineArt-Inkjetdruck;Pigment / FineArt;Querformat;2:3;10.5;14.8;10.5x14.8;A6;;Holzleisten-Aufhängung (oben/unten);;;;
Poster/FineArt;Poster/FineArt mit Holzaufhänger;1;;FineArt-Papier (Hahnemühle);Hahnemühle Hemp Natural Line;;Hahnemühle;FineArt-Inkjetdruck;Pigment / FineArt;Querformat;2:3;13;18;13x18;;;Holzleisten-Aufhängung (oben/unten);;;;
Poster/FineArt;Poster/FineArt mit Holzaufhänger;1;;FineArt-Papier (Hahnemühle);Hahnemühle Hemp Natural Line;;Hahnemühle;FineArt-Inkjetdruck;Pigment / FineArt;Querformat;2:3;13;19;13x19;;;Holzleisten-Aufhängung (oben/unten);;;;
Poster/FineArt;Poster/FineArt mit Holzaufhänger;1;;FineArt-Papier (Hahnemühle);Hahnemühle Hemp Natural Line;;Hahnemühle;FineArt-Inkjetdruck;Pigment / FineArt;Querformat;2:3;14.8;21;14.8x21;A5;;Holzleisten-Aufhängung (oben/unten);;;;
Poster/FineArt;Poster/FineArt mit Holzaufhänger;1;;FineArt-Papier (Hahnemühle);Hahnemühle Hemp Natural Line;;Hahnemühle;FineArt-Inkjetdruck;Pigment / FineArt;Querformat;2:3;15;21;15x21;;;Holzleisten-Aufhängung (oben/unten);;;;
Poster/FineArt;Poster/FineArt mit Holzaufhänger;1;;FineArt-Papier (Hahnemühle);Hahnemühle Hemp Natural Line;;Hahnemühle;FineArt-Inkjetdruck;Pigment / FineArt;Querformat;2:3;15;22;15x22;;;Holzleisten-Aufhängung (oben/unten);;;;
Poster/FineArt;Poster/FineArt mit Holzaufhänger;1;;FineArt-Papier (Hahnemühle);Hahnemühle Hemp Natural Line;;Hahnemühle;FineArt-Inkjetdruck;Pigment / FineArt;Querformat;2:3;20;30;20x30;;;Holzleisten-Aufhängung (oben/unten);;;;
Poster/FineArt;Poster/FineArt mit Holzaufhänger;1;;FineArt-Papier (Hahnemühle);Hahnemühle Hemp Natural Line;;Hahnemühle;FineArt-Inkjetdruck;Pigment / FineArt;Querformat;2:3;21;29.7;21x29.7;A4;;Holzleisten-Aufhängung (oben/unten);;;;
Poster/FineArt;Poster/FineArt mit Holzaufhänger;1;;FineArt-Papier (Hahnemühle);Hahnemühle Hemp Natural Line;;Hahnemühle;FineArt-Inkjetdruck;Pigment / FineArt;Querformat;2:3;21;30;21x30;A4;;Holzleisten-Aufhängung (oben/unten);;;;
Poster/FineArt;Poster/FineArt mit Holzaufhänger;1;;FineArt-Papier (Hahnemühle);Hahnemühle Hemp Natural Line;;Hahnemühle;FineArt-Inkjetdruck;Pigment / FineArt;Querformat;2:3;29.7;42;29.7x42;A3;;Holzleisten-Aufhängung (oben/unten);;;;
Poster/FineArt;Poster/FineArt mit Holzaufhänger;1;;FineArt-Papier (Hahnemühle);Hahnemühle Hemp Natural Line;;Hahnemühle;FineArt-Inkjetdruck;Pigment / FineArt;Querformat;2:3;30;45;30x45;;;Holzleisten-Aufhängung (oben/unten);;;;
Poster/FineArt;Poster/FineArt mit Holzaufhänger;1;;FineArt-Papier (Hahnemühle);Hahnemühle Hemp Natural Line;;Hahnemühle;FineArt-Inkjetdruck;Pigment / FineArt;Querformat;2:3;40;60;40x60;;;Holzleisten-Aufhängung (oben/unten);;;;
Poster/FineArt;Poster/FineArt mit Holzaufhänger;1;;FineArt-Papier (Hahnemühle);Hahnemühle Hemp Natural Line;;Hahnemühle;FineArt-Inkjetdruck;Pigment / FineArt;Querformat;2:3;42;59.4;42x59.4;A2;;Holzleisten-Aufhängung (oben/unten);;;;
Poster/FineArt;Poster/FineArt mit Holzaufhänger;1;;FineArt-Papier (Hahnemühle);Hahnemühle Hemp Natural Line;;Hahnemühle;FineArt-Inkjetdruck;Pigment / FineArt;Querformat;2:3;50;70;50x70;;;Holzleisten-Aufhängung (oben/unten);;;;
Poster/FineArt;Poster/FineArt mit Holzaufhänger;1;;FineArt-Papier (Hahnemühle);Hahnemühle Hemp Natural Line;;Hahnemühle;FineArt-Inkjetdruck;Pigment / FineArt;Querformat;2:3;50;75;50x75;;;Holzleisten-Aufhängung (oben/unten);;;;
Poster/FineArt;Poster/FineArt mit Holzaufhänger;1;;FineArt-Papier (Hahnemühle);Hahnemühle Hemp Natural Line;;Hahnemühle;FineArt-Inkjetdruck;Pigment / FineArt;Querformat;2:3;59.4;84.1;59.4x84.1;A1;;Holzleisten-Aufhängung (oben/unten);;;;
Poster/FineArt;Poster/FineArt mit Holzaufhänger;1;;FineArt-Papier (Hahnemühle);Hahnemühle Hemp Natural Line;;Hahnemühle;FineArt-Inkjetdruck;Pigment / FineArt;Querformat;2:3;60;90;60x90;;;Holzleisten-Aufhängung (oben/unten);;;;
Poster/FineArt;Poster/FineArt mit Holzaufhänger;1;;FineArt-Papier (Hahnemühle);Hahnemühle Hemp Natural Line;;Hahnemühle;FineArt-Inkjetdruck;Pigment / FineArt;Querformat;2:3;70;100;70x100;;;Holzleisten-Aufhängung (oben/unten);;;;
Poster/FineArt;Poster/FineArt mit Holzaufhänger;1;;FineArt-Papier (Hahnemühle);Hahnemühle Hemp Natural Line;;Hahnemühle;FineArt-Inkjetdruck;Pigment / FineArt;Querformat;2:3;70;105;70x105;;;Holzleisten-Aufhängung (oben/unten);;;;
Poster/FineArt;Poster/FineArt mit Holzaufhänger;1;;FineArt-Papier (Hahnemühle);Hahnemühle Hemp Natural Line;;Hahnemühle;FineArt-Inkjetdruck;Pigment / FineArt;Querformat;3:4;18;24;18x24;;;Holzleisten-Aufhängung (oben/unten);;;;
Poster/FineArt;Poster/FineArt mit Holzaufhänger;1;;FineArt-Papier (Hahnemühle);Hahnemühle Hemp Natural Line;;Hahnemühle;FineArt-Inkjetdruck;Pigment / FineArt;Querformat;3:4;30;40;30x40;;;Holzleisten-Aufhängung (oben/unten);;;;
Poster/FineArt;Poster/FineArt mit Holzaufhänger;1;;FineArt-Papier (Hahnemühle);Hahnemühle Hemp Natural Line;;Hahnemühle;FineArt-Inkjetdruck;Pigment / FineArt;Querformat;3:4;60;80;60x80;;;Holzleisten-Aufhängung (oben/unten);;;;
Poster/FineArt;Poster/FineArt mit Holzaufhänger;1;;FineArt-Papier (Hahnemühle);Hahnemühle Hemp Natural Line;;Hahnemühle;FineArt-Inkjetdruck;Pigment / FineArt;Querformat;3:4;75;100;75x100;;;Holzleisten-Aufhängung (oben/unten);;;;
Poster/FineArt;Poster/FineArt mit Holzaufhänger;1;;FineArt-Papier (Hahnemühle);Hahnemühle Hemp Natural Line;;Hahnemühle;FineArt-Inkjetdruck;Pigment / FineArt;Querformat;3:5;70;120;70x120;;;Holzleisten-Aufhängung (oben/unten);;;;
Poster/FineArt;Poster/FineArt mit Holzaufhänger;1;;FineArt-Papier (Hahnemühle);Hahnemühle Hemp Natural Line;;Hahnemühle;FineArt-Inkjetdruck;Pigment / FineArt;Querformat;4:5;10;13;10x13;;;Holzleisten-Aufhängung (oben/unten);;;;
Poster/FineArt;Poster/FineArt mit Holzaufhänger;1;;FineArt-Papier (Hahnemühle);Hahnemühle Hemp Natural Line;;Hahnemühle;FineArt-Inkjetdruck;Pigment / FineArt;Querformat;4:5;40;50;40x50;;;Holzleisten-Aufhängung (oben/unten);;;;
Poster/FineArt;Poster/FineArt mit Holzaufhänger;1;;FineArt-Papier (Hahnemühle);Hahnemühle Hemp Natural Line;;Hahnemühle;FineArt-Inkjetdruck;Pigment / FineArt;Querformat;4:5;70;90;70x90;;;Holzleisten-Aufhängung (oben/unten);;;;
Poster/FineArt;Poster/FineArt mit Holzaufhänger;1;;FineArt-Papier (Hahnemühle);Hahnemühle Hemp Natural Line;;Hahnemühle;FineArt-Inkjetdruck;Pigment / FineArt;Querformat;4:5;80;100;80x100;;;Holzleisten-Aufhängung (oben/unten);;;;
Poster/FineArt;Poster/FineArt mit Holzaufhänger;1;;FineArt-Papier (Hahnemühle);Hahnemühle Hemp Natural Line;;Hahnemühle;FineArt-Inkjetdruck;Pigment / FineArt;Querformat;1:1;15;15;15x15;;;Holzleisten-Aufhängung (oben/unten);;;;
Poster/FineArt;Poster/FineArt mit Holzaufhänger;1;;FineArt-Papier (Hahnemühle);Hahnemühle Hemp Natural Line;;Hahnemühle;FineArt-Inkjetdruck;Pigment / FineArt;Querformat;1:1;20;20;20x20;;;Holzleisten-Aufhängung (oben/unten);;;;
Poster/FineArt;Poster/FineArt mit Holzaufhänger;1;;FineArt-Papier (Hahnemühle);Hahnemühle Hemp Natural Line;;Hahnemühle;FineArt-Inkjetdruck;Pigment / FineArt;Querformat;1:1;21;21;21x21;;;Holzleisten-Aufhängung (oben/unten);;;;
Poster/FineArt;Poster/FineArt mit Holzaufhänger;1;;FineArt-Papier (Hahnemühle);Hahnemühle Hemp Natural Line;;Hahnemühle;FineArt-Inkjetdruck;Pigment / FineArt;Querformat;1:1;30;30;30x30;;;Holzleisten-Aufhängung (oben/unten);;;;
Poster/FineArt;Poster/FineArt mit Holzaufhänger;1;;FineArt-Papier (Hahnemühle);Hahnemühle Hemp Natural Line;;Hahnemühle;FineArt-Inkjetdruck;Pigment / FineArt;Querformat;1:1;40;40;40x40;;;Holzleisten-Aufhängung (oben/unten);;;;
Poster/FineArt;Poster/FineArt mit Holzaufhänger;1;;FineArt-Papier (Hahnemühle);Hahnemühle Hemp Natural Line;;Hahnemühle;FineArt-Inkjetdruck;Pigment / FineArt;Querformat;1:1;50;50;50x50;;;Holzleisten-Aufhängung (oben/unten);;;;
Poster/FineArt;Poster/FineArt mit Holzaufhänger;1;;FineArt-Papier (Hahnemühle);Hahnemühle Hemp Natural Line;;Hahnemühle;FineArt-Inkjetdruck;Pigment / FineArt;Querformat;1:1;60;60;60x60;;;Holzleisten-Aufhängung (oben/unten);;;;
Poster/FineArt;Poster/FineArt mit Holzaufhänger;1;;FineArt-Papier (Hahnemühle);Hahnemühle Hemp Natural Line;;Hahnemühle;FineArt-Inkjetdruck;Pigment / FineArt;Querformat;1:1;70;70;70x70;;;Holzleisten-Aufhängung (oben/unten);;;;
Poster/FineArt;Poster/FineArt mit Holzaufhänger;1;;FineArt-Papier (Hahnemühle);Hahnemühle Hemp Natural Line;;Hahnemühle;FineArt-Inkjetdruck;Pigment / FineArt;Querformat;Panorama;10;18;10x18;;;Holzleisten-Aufhängung (oben/unten);;;;
Poster/FineArt;Poster/FineArt mit Holzaufhänger;1;;FineArt-Papier (Hahnemühle);Hahnemühle Hemp Natural Line;;Hahnemühle;FineArt-Inkjetdruck;Pigment / FineArt;Querformat;Panorama;10;20;10x20;;;Holzleisten-Aufhängung (oben/unten);;;;
Poster/FineArt;Poster/FineArt mit Holzaufhänger;1;;FineArt-Papier (Hahnemühle);Hahnemühle Hemp Natural Line;;Hahnemühle;FineArt-Inkjetdruck;Pigment / FineArt;Querformat;Panorama;20;40;20x40;;;Holzleisten-Aufhängung (oben/unten);;;;
Poster/FineArt;Poster/FineArt mit Holzaufhänger;1;;FineArt-Papier (Hahnemühle);Hahnemühle Hemp Natural Line;;Hahnemühle;FineArt-Inkjetdruck;Pigment / FineArt;Querformat;Panorama;20;60;20x60;;;Holzleisten-Aufhängung (oben/unten);;;;
Poster/FineArt;Poster/FineArt mit Holzaufhänger;1;;FineArt-Papier (Hahnemühle);Hahnemühle Hemp Natural Line;;Hahnemühle;FineArt-Inkjetdruck;Pigment / FineArt;Querformat;Panorama;30;60;30x60;;;Holzleisten-Aufhängung (oben/unten);;;;
Poster/FineArt;Poster/FineArt mit Holzaufhänger;1;;FineArt-Papier (Hahnemühle);Hahnemühle Hemp Natural Line;;Hahnemühle;FineArt-Inkjetdruck;Pigment / FineArt;Querformat;Panorama;30;90;30x90;;;Holzleisten-Aufhängung (oben/unten);;;;
Poster/FineArt;Poster/FineArt mit Holzaufhänger;1;;FineArt-Papier (Hahnemühle);Hahnemühle Hemp Natural Line;;Hahnemühle;FineArt-Inkjetdruck;Pigment / FineArt;Querformat;Panorama;40;80;40x80;;;Holzleisten-Aufhängung (oben/unten);;;;
Poster/FineArt;Poster/FineArt mit Holzaufhänger;1;;FineArt-Papier (Hahnemühle);Hahnemühle Hemp Natural Line;;Hahnemühle;FineArt-Inkjetdruck;Pigment / FineArt;Querformat;Panorama;50;100;50x100;;;Holzleisten-Aufhängung (oben/unten);;;;
Poster/FineArt;Poster/FineArt mit Holzaufhänger;1;;FineArt-Papier (Hahnemühle);Hahnemühle Hemp Natural Line;;Hahnemühle;FineArt-Inkjetdruck;Pigment / FineArt;Querformat;Panorama;60;120;60x120;;;Holzleisten-Aufhängung (oben/unten);;;;
Poster/FineArt;Poster/FineArt mit Holzaufhänger;1;;FineArt-Papier (Hahnemühle);Hahnemühle Hemp Natural Line;;Hahnemühle;FineArt-Inkjetdruck;Pigment / FineArt;Querformat;Panorama;60;180;60x180;;;Holzleisten-Aufhängung (oben/unten);;;;
Poster/FineArt;Poster/FineArt mit Holzaufhänger;1;;FineArt-Papier (Hahnemühle);Hahnemühle Hemp Natural Line;;Hahnemühle;FineArt-Inkjetdruck;Pigment / FineArt;Querformat;Panorama;70;180;70x180;;;Holzleisten-Aufhängung (oben/unten);;;;
Poster/FineArt;Poster/FineArt mit Holzaufhänger;1;;FineArt-Papier (Hahnemühle);Hahnemühle Museum Etching;;Hahnemühle;FineArt-Inkjetdruck;Pigment / FineArt;Hochformat;2:3;10;15;10x15;;;Holzleisten-Aufhängung (oben/unten);;;;
Poster/FineArt;Poster/FineArt mit Holzaufhänger;1;;FineArt-Papier (Hahnemühle);Hahnemühle Museum Etching;;Hahnemühle;FineArt-Inkjetdruck;Pigment / FineArt;Hochformat;2:3;10.5;14.8;10.5x14.8;A6;;Holzleisten-Aufhängung (oben/unten);;;;
Poster/FineArt;Poster/FineArt mit Holzaufhänger;1;;FineArt-Papier (Hahnemühle);Hahnemühle Museum Etching;;Hahnemühle;FineArt-Inkjetdruck;Pigment / FineArt;Hochformat;2:3;13;18;13x18;;;Holzleisten-Aufhängung (oben/unten);;;;
Poster/FineArt;Poster/FineArt mit Holzaufhänger;1;;FineArt-Papier (Hahnemühle);Hahnemühle Museum Etching;;Hahnemühle;FineArt-Inkjetdruck;Pigment / FineArt;Hochformat;2:3;13;19;13x19;;;Holzleisten-Aufhängung (oben/unten);;;;
Poster/FineArt;Poster/FineArt mit Holzaufhänger;1;;FineArt-Papier (Hahnemühle);Hahnemühle Museum Etching;;Hahnemühle;FineArt-Inkjetdruck;Pigment / FineArt;Hochformat;2:3;14.8;21;14.8x21;A5;;Holzleisten-Aufhängung (oben/unten);;;;
Poster/FineArt;Poster/FineArt mit Holzaufhänger;1;;FineArt-Papier (Hahnemühle);Hahnemühle Museum Etching;;Hahnemühle;FineArt-Inkjetdruck;Pigment / FineArt;Hochformat;2:3;15;21;15x21;;;Holzleisten-Aufhängung (oben/unten);;;;
Poster/FineArt;Poster/FineArt mit Holzaufhänger;1;;FineArt-Papier (Hahnemühle);Hahnemühle Museum Etching;;Hahnemühle;FineArt-Inkjetdruck;Pigment / FineArt;Hochformat;2:3;15;22;15x22;;;Holzleisten-Aufhängung (oben/unten);;;;
Poster/FineArt;Poster/FineArt mit Holzaufhänger;1;;FineArt-Papier (Hahnemühle);Hahnemühle Museum Etching;;Hahnemühle;FineArt-Inkjetdruck;Pigment / FineArt;Hochformat;2:3;20;30;20x30;;;Holzleisten-Aufhängung (oben/unten);;;;
Poster/FineArt;Poster/FineArt mit Holzaufhänger;1;;FineArt-Papier (Hahnemühle);Hahnemühle Museum Etching;;Hahnemühle;FineArt-Inkjetdruck;Pigment / FineArt;Hochformat;2:3;21;29.7;21x29.7;A4;;Holzleisten-Aufhängung (oben/unten);;;;
Poster/FineArt;Poster/FineArt mit Holzaufhänger;1;;FineArt-Papier (Hahnemühle);Hahnemühle Museum Etching;;Hahnemühle;FineArt-Inkjetdruck;Pigment / FineArt;Hochformat;2:3;21;30;21x30;A4;;Holzleisten-Aufhängung (oben/unten);;;;
Poster/FineArt;Poster/FineArt mit Holzaufhänger;1;;FineArt-Papier (Hahnemühle);Hahnemühle Museum Etching;;Hahnemühle;FineArt-Inkjetdruck;Pigment / FineArt;Hochformat;2:3;29.7;42;29.7x42;A3;;Holzleisten-Aufhängung (oben/unten);;;;
Poster/FineArt;Poster/FineArt mit Holzaufhänger;1;;FineArt-Papier (Hahnemühle);Hahnemühle Museum Etching;;Hahnemühle;FineArt-Inkjetdruck;Pigment / FineArt;Hochformat;2:3;30;45;30x45;;;Holzleisten-Aufhängung (oben/unten);;;;
Poster/FineArt;Poster/FineArt mit Holzaufhänger;1;;FineArt-Papier (Hahnemühle);Hahnemühle Museum Etching;;Hahnemühle;FineArt-Inkjetdruck;Pigment / FineArt;Hochformat;2:3;40;60;40x60;;;Holzleisten-Aufhängung (oben/unten);;;;
Poster/FineArt;Poster/FineArt mit Holzaufhänger;1;;FineArt-Papier (Hahnemühle);Hahnemühle Museum Etching;;Hahnemühle;FineArt-Inkjetdruck;Pigment / FineArt;Hochformat;2:3;42;59.4;42x59.4;A2;;Holzleisten-Aufhängung (oben/unten);;;;
Poster/FineArt;Poster/FineArt mit Holzaufhänger;1;;FineArt-Papier (Hahnemühle);Hahnemühle Museum Etching;;Hahnemühle;FineArt-Inkjetdruck;Pigment / FineArt;Hochformat;2:3;50;70;50x70;;;Holzleisten-Aufhängung (oben/unten);;;;
Poster/FineArt;Poster/FineArt mit Holzaufhänger;1;;FineArt-Papier (Hahnemühle);Hahnemühle Museum Etching;;Hahnemühle;FineArt-Inkjetdruck;Pigment / FineArt;Hochformat;2:3;50;75;50x75;;;Holzleisten-Aufhängung (oben/unten);;;;
Poster/FineArt;Poster/FineArt mit Holzaufhänger;1;;FineArt-Papier (Hahnemühle);Hahnemühle Museum Etching;;Hahnemühle;FineArt-Inkjetdruck;Pigment / FineArt;Hochformat;2:3;59.4;84.1;59.4x84.1;A1;;Holzleisten-Aufhängung (oben/unten);;;;
Poster/FineArt;Poster/FineArt mit Holzaufhänger;1;;FineArt-Papier (Hahnemühle);Hahnemühle Museum Etching;;Hahnemühle;FineArt-Inkjetdruck;Pigment / FineArt;Hochformat;2:3;60;90;60x90;;;Holzleisten-Aufhängung (oben/unten);;;;
Poster/FineArt;Poster/FineArt mit Holzaufhänger;1;;FineArt-Papier (Hahnemühle);Hahnemühle Museum Etching;;Hahnemühle;FineArt-Inkjetdruck;Pigment / FineArt;Hochformat;2:3;70;100;70x100;;;Holzleisten-Aufhängung (oben/unten);;;;
Poster/FineArt;Poster/FineArt mit Holzaufhänger;1;;FineArt-Papier (Hahnemühle);Hahnemühle Museum Etching;;Hahnemühle;FineArt-Inkjetdruck;Pigment / FineArt;Hochformat;2:3;70;105;70x105;;;Holzleisten-Aufhängung (oben/unten);;;;
Poster/FineArt;Poster/FineArt mit Holzaufhänger;1;;FineArt-Papier (Hahnemühle);Hahnemühle Museum Etching;;Hahnemühle;FineArt-Inkjetdruck;Pigment / FineArt;Hochformat;3:4;18;24;18x24;;;Holzleisten-Aufhängung (oben/unten);;;;
Poster/FineArt;Poster/FineArt mit Holzaufhänger;1;;FineArt-Papier (Hahnemühle);Hahnemühle Museum Etching;;Hahnemühle;FineArt-Inkjetdruck;Pigment / FineArt;Hochformat;3:4;30;40;30x40;;;Holzleisten-Aufhängung (oben/unten);;;;
Poster/FineArt;Poster/FineArt mit Holzaufhänger;1;;FineArt-Papier (Hahnemühle);Hahnemühle Museum Etching;;Hahnemühle;FineArt-Inkjetdruck;Pigment / FineArt;Hochformat;3:4;60;80;60x80;;;Holzleisten-Aufhängung (oben/unten);;;;
Poster/FineArt;Poster/FineArt mit Holzaufhänger;1;;FineArt-Papier (Hahnemühle);Hahnemühle Museum Etching;;Hahnemühle;FineArt-Inkjetdruck;Pigment / FineArt;Hochformat;3:4;75;100;75x100;;;Holzleisten-Aufhängung (oben/unten);;;;
Poster/FineArt;Poster/FineArt mit Holzaufhänger;1;;FineArt-Papier (Hahnemühle);Hahnemühle Museum Etching;;Hahnemühle;FineArt-Inkjetdruck;Pigment / FineArt;Hochformat;3:5;70;120;70x120;;;Holzleisten-Aufhängung (oben/unten);;;;
Poster/FineArt;Poster/FineArt mit Holzaufhänger;1;;FineArt-Papier (Hahnemühle);Hahnemühle Museum Etching;;Hahnemühle;FineArt-Inkjetdruck;Pigment / FineArt;Hochformat;4:5;10;13;10x13;;;Holzleisten-Aufhängung (oben/unten);;;;
Poster/FineArt;Poster/FineArt mit Holzaufhänger;1;;FineArt-Papier (Hahnemühle);Hahnemühle Museum Etching;;Hahnemühle;FineArt-Inkjetdruck;Pigment / FineArt;Hochformat;4:5;40;50;40x50;;;Holzleisten-Aufhängung (oben/unten);;;;
Poster/FineArt;Poster/FineArt mit Holzaufhänger;1;;FineArt-Papier (Hahnemühle);Hahnemühle Museum Etching;;Hahnemühle;FineArt-Inkjetdruck;Pigment / FineArt;Hochformat;4:5;70;90;70x90;;;Holzleisten-Aufhängung (oben/unten);;;;
Poster/FineArt;Poster/FineArt mit Holzaufhänger;1;;FineArt-Papier (Hahnemühle);Hahnemühle Museum Etching;;Hahnemühle;FineArt-Inkjetdruck;Pigment / FineArt;Hochformat;4:5;80;100;80x100;;;Holzleisten-Aufhängung (oben/unten);;;;
Poster/FineArt;Poster/FineArt mit Holzaufhänger;1;;FineArt-Papier (Hahnemühle);Hahnemühle Museum Etching;;Hahnemühle;FineArt-Inkjetdruck;Pigment / FineArt;Hochformat;1:1;15;15;15x15;;;Holzleisten-Aufhängung (oben/unten);;;;
Poster/FineArt;Poster/FineArt mit Holzaufhänger;1;;FineArt-Papier (Hahnemühle);Hahnemühle Museum Etching;;Hahnemühle;FineArt-Inkjetdruck;Pigment / FineArt;Hochformat;1:1;20;20;20x20;;;Holzleisten-Aufhängung (oben/unten);;;;
Poster/FineArt;Poster/FineArt mit Holzaufhänger;1;;FineArt-Papier (Hahnemühle);Hahnemühle Museum Etching;;Hahnemühle;FineArt-Inkjetdruck;Pigment / FineArt;Hochformat;1:1;21;21;21x21;;;Holzleisten-Aufhängung (oben/unten);;;;
Poster/FineArt;Poster/FineArt mit Holzaufhänger;1;;FineArt-Papier (Hahnemühle);Hahnemühle Museum Etching;;Hahnemühle;FineArt-Inkjetdruck;Pigment / FineArt;Hochformat;1:1;30;30;30x30;;;Holzleisten-Aufhängung (oben/unten);;;;
Poster/FineArt;Poster/FineArt mit Holzaufhänger;1;;FineArt-Papier (Hahnemühle);Hahnemühle Museum Etching;;Hahnemühle;FineArt-Inkjetdruck;Pigment / FineArt;Hochformat;1:1;40;40;40x40;;;Holzleisten-Aufhängung (oben/unten);;;;
Poster/FineArt;Poster/FineArt mit Holzaufhänger;1;;FineArt-Papier (Hahnemühle);Hahnemühle Museum Etching;;Hahnemühle;FineArt-Inkjetdruck;Pigment / FineArt;Hochformat;1:1;50;50;50x50;;;Holzleisten-Aufhängung (oben/unten);;;;
Poster/FineArt;Poster/FineArt mit Holzaufhänger;1;;FineArt-Papier (Hahnemühle);Hahnemühle Museum Etching;;Hahnemühle;FineArt-Inkjetdruck;Pigment / FineArt;Hochformat;1:1;60;60;60x60;;;Holzleisten-Aufhängung (oben/unten);;;;
Poster/FineArt;Poster/FineArt mit Holzaufhänger;1;;FineArt-Papier (Hahnemühle);Hahnemühle Museum Etching;;Hahnemühle;FineArt-Inkjetdruck;Pigment / FineArt;Hochformat;1:1;70;70;70x70;;;Holzleisten-Aufhängung (oben/unten);;;;
Poster/FineArt;Poster/FineArt mit Holzaufhänger;1;;FineArt-Papier (Hahnemühle);Hahnemühle Museum Etching;;Hahnemühle;FineArt-Inkjetdruck;Pigment / FineArt;Hochformat;Panorama;10;18;10x18;;;Holzleisten-Aufhängung (oben/unten);;;;
Poster/FineArt;Poster/FineArt mit Holzaufhänger;1;;FineArt-Papier (Hahnemühle);Hahnemühle Museum Etching;;Hahnemühle;FineArt-Inkjetdruck;Pigment / FineArt;Hochformat;Panorama;10;20;10x20;;;Holzleisten-Aufhängung (oben/unten);;;;
Poster/FineArt;Poster/FineArt mit Holzaufhänger;1;;FineArt-Papier (Hahnemühle);Hahnemühle Museum Etching;;Hahnemühle;FineArt-Inkjetdruck;Pigment / FineArt;Hochformat;Panorama;20;40;20x40;;;Holzleisten-Aufhängung (oben/unten);;;;
Poster/FineArt;Poster/FineArt mit Holzaufhänger;1;;FineArt-Papier (Hahnemühle);Hahnemühle Museum Etching;;Hahnemühle;FineArt-Inkjetdruck;Pigment / FineArt;Hochformat;Panorama;20;60;20x60;;;Holzleisten-Aufhängung (oben/unten);;;;
Poster/FineArt;Poster/FineArt mit Holzaufhänger;1;;FineArt-Papier (Hahnemühle);Hahnemühle Museum Etching;;Hahnemühle;FineArt-Inkjetdruck;Pigment / FineArt;Hochformat;Panorama;30;60;30x60;;;Holzleisten-Aufhängung (oben/unten);;;;
Poster/FineArt;Poster/FineArt mit Holzaufhänger;1;;FineArt-Papier (Hahnemühle);Hahnemühle Museum Etching;;Hahnemühle;FineArt-Inkjetdruck;Pigment / FineArt;Hochformat;Panorama;30;90;30x90;;;Holzleisten-Aufhängung (oben/unten);;;;
Poster/FineArt;Poster/FineArt mit Holzaufhänger;1;;FineArt-Papier (Hahnemühle);Hahnemühle Museum Etching;;Hahnemühle;FineArt-Inkjetdruck;Pigment / FineArt;Hochformat;Panorama;40;80;40x80;;;Holzleisten-Aufhängung (oben/unten);;;;
Poster/FineArt;Poster/FineArt mit Holzaufhänger;1;;FineArt-Papier (Hahnemühle);Hahnemühle Museum Etching;;Hahnemühle;FineArt-Inkjetdruck;Pigment / FineArt;Hochformat;Panorama;50;100;50x100;;;Holzleisten-Aufhängung (oben/unten);;;;
Poster/FineArt;Poster/FineArt mit Holzaufhänger;1;;FineArt-Papier (Hahnemühle);Hahnemühle Museum Etching;;Hahnemühle;FineArt-Inkjetdruck;Pigment / FineArt;Hochformat;Panorama;60;120;60x120;;;Holzleisten-Aufhängung (oben/unten);;;;
Poster/FineArt;Poster/FineArt mit Holzaufhänger;1;;FineArt-Papier (Hahnemühle);Hahnemühle Museum Etching;;Hahnemühle;FineArt-Inkjetdruck;Pigment / FineArt;Hochformat;Panorama;60;180;60x180;;;Holzleisten-Aufhängung (oben/unten);;;;
Poster/FineArt;Poster/FineArt mit Holzaufhänger;1;;FineArt-Papier (Hahnemühle);Hahnemühle Museum Etching;;Hahnemühle;FineArt-Inkjetdruck;Pigment / FineArt;Hochformat;Panorama;70;180;70x180;;;Holzleisten-Aufhängung (oben/unten);;;;
Poster/FineArt;Poster/FineArt mit Holzaufhänger;1;;FineArt-Papier (Hahnemühle);Hahnemühle Museum Etching;;Hahnemühle;FineArt-Inkjetdruck;Pigment / FineArt;Querformat;2:3;10;15;10x15;;;Holzleisten-Aufhängung (oben/unten);;;;
Poster/FineArt;Poster/FineArt mit Holzaufhänger;1;;FineArt-Papier (Hahnemühle);Hahnemühle Museum Etching;;Hahnemühle;FineArt-Inkjetdruck;Pigment / FineArt;Querformat;2:3;10.5;14.8;10.5x14.8;A6;;Holzleisten-Aufhängung (oben/unten);;;;
Poster/FineArt;Poster/FineArt mit Holzaufhänger;1;;FineArt-Papier (Hahnemühle);Hahnemühle Museum Etching;;Hahnemühle;FineArt-Inkjetdruck;Pigment / FineArt;Querformat;2:3;13;18;13x18;;;Holzleisten-Aufhängung (oben/unten);;;;
Poster/FineArt;Poster/FineArt mit Holzaufhänger;1;;FineArt-Papier (Hahnemühle);Hahnemühle Museum Etching;;Hahnemühle;FineArt-Inkjetdruck;Pigment / FineArt;Querformat;2:3;13;19;13x19;;;Holzleisten-Aufhängung (oben/unten);;;;
Poster/FineArt;Poster/FineArt mit Holzaufhänger;1;;FineArt-Papier (Hahnemühle);Hahnemühle Museum Etching;;Hahnemühle;FineArt-Inkjetdruck;Pigment / FineArt;Querformat;2:3;14.8;21;14.8x21;A5;;Holzleisten-Aufhängung (oben/unten);;;;
Poster/FineArt;Poster/FineArt mit Holzaufhänger;1;;FineArt-Papier (Hahnemühle);Hahnemühle Museum Etching;;Hahnemühle;FineArt-Inkjetdruck;Pigment / FineArt;Querformat;2:3;15;21;15x21;;;Holzleisten-Aufhängung (oben/unten);;;;
Poster/FineArt;Poster/FineArt mit Holzaufhänger;1;;FineArt-Papier (Hahnemühle);Hahnemühle Museum Etching;;Hahnemühle;FineArt-Inkjetdruck;Pigment / FineArt;Querformat;2:3;15;22;15x22;;;Holzleisten-Aufhängung (oben/unten);;;;
Poster/FineArt;Poster/FineArt mit Holzaufhänger;1;;FineArt-Papier (Hahnemühle);Hahnemühle Museum Etching;;Hahnemühle;FineArt-Inkjetdruck;Pigment / FineArt;Querformat;2:3;20;30;20x30;;;Holzleisten-Aufhängung (oben/unten);;;;
Poster/FineArt;Poster/FineArt mit Holzaufhänger;1;;FineArt-Papier (Hahnemühle);Hahnemühle Museum Etching;;Hahnemühle;FineArt-Inkjetdruck;Pigment / FineArt;Querformat;2:3;21;29.7;21x29.7;A4;;Holzleisten-Aufhängung (oben/unten);;;;
Poster/FineArt;Poster/FineArt mit Holzaufhänger;1;;FineArt-Papier (Hahnemühle);Hahnemühle Museum Etching;;Hahnemühle;FineArt-Inkjetdruck;Pigment / FineArt;Querformat;2:3;21;30;21x30;A4;;Holzleisten-Aufhängung (oben/unten);;;;
Poster/FineArt;Poster/FineArt mit Holzaufhänger;1;;FineArt-Papier (Hahnemühle);Hahnemühle Museum Etching;;Hahnemühle;FineArt-Inkjetdruck;Pigment / FineArt;Querformat;2:3;29.7;42;29.7x42;A3;;Holzleisten-Aufhängung (oben/unten);;;;
Poster/FineArt;Poster/FineArt mit Holzaufhänger;1;;FineArt-Papier (Hahnemühle);Hahnemühle Museum Etching;;Hahnemühle;FineArt-Inkjetdruck;Pigment / FineArt;Querformat;2:3;30;45;30x45;;;Holzleisten-Aufhängung (oben/unten);;;;
Poster/FineArt;Poster/FineArt mit Holzaufhänger;1;;FineArt-Papier (Hahnemühle);Hahnemühle Museum Etching;;Hahnemühle;FineArt-Inkjetdruck;Pigment / FineArt;Querformat;2:3;40;60;40x60;;;Holzleisten-Aufhängung (oben/unten);;;;
Poster/FineArt;Poster/FineArt mit Holzaufhänger;1;;FineArt-Papier (Hahnemühle);Hahnemühle Museum Etching;;Hahnemühle;FineArt-Inkjetdruck;Pigment / FineArt;Querformat;2:3;42;59.4;42x59.4;A2;;Holzleisten-Aufhängung (oben/unten);;;;
Poster/FineArt;Poster/FineArt mit Holzaufhänger;1;;FineArt-Papier (Hahnemühle);Hahnemühle Museum Etching;;Hahnemühle;FineArt-Inkjetdruck;Pigment / FineArt;Querformat;2:3;50;70;50x70;;;Holzleisten-Aufhängung (oben/unten);;;;
Poster/FineArt;Poster/FineArt mit Holzaufhänger;1;;FineArt-Papier (Hahnemühle);Hahnemühle Museum Etching;;Hahnemühle;FineArt-Inkjetdruck;Pigment / FineArt;Querformat;2:3;50;75;50x75;;;Holzleisten-Aufhängung (oben/unten);;;;
Poster/FineArt;Poster/FineArt mit Holzaufhänger;1;;FineArt-Papier (Hahnemühle);Hahnemühle Museum Etching;;Hahnemühle;FineArt-Inkjetdruck;Pigment / FineArt;Querformat;2:3;59.4;84.1;59.4x84.1;A1;;Holzleisten-Aufhängung (oben/unten);;;;
Poster/FineArt;Poster/FineArt mit Holzaufhänger;1;;FineArt-Papier (Hahnemühle);Hahnemühle Museum Etching;;Hahnemühle;FineArt-Inkjetdruck;Pigment / FineArt;Querformat;2:3;60;90;60x90;;;Holzleisten-Aufhängung (oben/unten);;;;
Poster/FineArt;Poster/FineArt mit Holzaufhänger;1;;FineArt-Papier (Hahnemühle);Hahnemühle Museum Etching;;Hahnemühle;FineArt-Inkjetdruck;Pigment / FineArt;Querformat;2:3;70;100;70x100;;;Holzleisten-Aufhängung (oben/unten);;;;
Poster/FineArt;Poster/FineArt mit Holzaufhänger;1;;FineArt-Papier (Hahnemühle);Hahnemühle Museum Etching;;Hahnemühle;FineArt-Inkjetdruck;Pigment / FineArt;Querformat;2:3;70;105;70x105;;;Holzleisten-Aufhängung (oben/unten);;;;
Poster/FineArt;Poster/FineArt mit Holzaufhänger;1;;FineArt-Papier (Hahnemühle);Hahnemühle Museum Etching;;Hahnemühle;FineArt-Inkjetdruck;Pigment / FineArt;Querformat;3:4;18;24;18x24;;;Holzleisten-Aufhängung (oben/unten);;;;
Poster/FineArt;Poster/FineArt mit Holzaufhänger;1;;FineArt-Papier (Hahnemühle);Hahnemühle Museum Etching;;Hahnemühle;FineArt-Inkjetdruck;Pigment / FineArt;Querformat;3:4;30;40;30x40;;;Holzleisten-Aufhängung (oben/unten);;;;
Poster/FineArt;Poster/FineArt mit Holzaufhänger;1;;FineArt-Papier (Hahnemühle);Hahnemühle Museum Etching;;Hahnemühle;FineArt-Inkjetdruck;Pigment / FineArt;Querformat;3:4;60;80;60x80;;;Holzleisten-Aufhängung (oben/unten);;;;
Poster/FineArt;Poster/FineArt mit Holzaufhänger;1;;FineArt-Papier (Hahnemühle);Hahnemühle Museum Etching;;Hahnemühle;FineArt-Inkjetdruck;Pigment / FineArt;Querformat;3:4;75;100;75x100;;;Holzleisten-Aufhängung (oben/unten);;;;
Poster/FineArt;Poster/FineArt mit Holzaufhänger;1;;FineArt-Papier (Hahnemühle);Hahnemühle Museum Etching;;Hahnemühle;FineArt-Inkjetdruck;Pigment / FineArt;Querformat;3:5;70;120;70x120;;;Holzleisten-Aufhängung (oben/unten);;;;
Poster/FineArt;Poster/FineArt mit Holzaufhänger;1;;FineArt-Papier (Hahnemühle);Hahnemühle Museum Etching;;Hahnemühle;FineArt-Inkjetdruck;Pigment / FineArt;Querformat;4:5;10;13;10x13;;;Holzleisten-Aufhängung (oben/unten);;;;
Poster/FineArt;Poster/FineArt mit Holzaufhänger;1;;FineArt-Papier (Hahnemühle);Hahnemühle Museum Etching;;Hahnemühle;FineArt-Inkjetdruck;Pigment / FineArt;Querformat;4:5;40;50;40x50;;;Holzleisten-Aufhängung (oben/unten);;;;
Poster/FineArt;Poster/FineArt mit Holzaufhänger;1;;FineArt-Papier (Hahnemühle);Hahnemühle Museum Etching;;Hahnemühle;FineArt-Inkjetdruck;Pigment / FineArt;Querformat;4:5;70;90;70x90;;;Holzleisten-Aufhängung (oben/unten);;;;
Poster/FineArt;Poster/FineArt mit Holzaufhänger;1;;FineArt-Papier (Hahnemühle);Hahnemühle Museum Etching;;Hahnemühle;FineArt-Inkjetdruck;Pigment / FineArt;Querformat;4:5;80;100;80x100;;;Holzleisten-Aufhängung (oben/unten);;;;
Poster/FineArt;Poster/FineArt mit Holzaufhänger;1;;FineArt-Papier (Hahnemühle);Hahnemühle Museum Etching;;Hahnemühle;FineArt-Inkjetdruck;Pigment / FineArt;Querformat;1:1;15;15;15x15;;;Holzleisten-Aufhängung (oben/unten);;;;
Poster/FineArt;Poster/FineArt mit Holzaufhänger;1;;FineArt-Papier (Hahnemühle);Hahnemühle Museum Etching;;Hahnemühle;FineArt-Inkjetdruck;Pigment / FineArt;Querformat;1:1;20;20;20x20;;;Holzleisten-Aufhängung (oben/unten);;;;
Poster/FineArt;Poster/FineArt mit Holzaufhänger;1;;FineArt-Papier (Hahnemühle);Hahnemühle Museum Etching;;Hahnemühle;FineArt-Inkjetdruck;Pigment / FineArt;Querformat;1:1;21;21;21x21;;;Holzleisten-Aufhängung (oben/unten);;;;
Poster/FineArt;Poster/FineArt mit Holzaufhänger;1;;FineArt-Papier (Hahnemühle);Hahnemühle Museum Etching;;Hahnemühle;FineArt-Inkjetdruck;Pigment / FineArt;Querformat;1:1;30;30;30x30;;;Holzleisten-Aufhängung (oben/unten);;;;
Poster/FineArt;Poster/FineArt mit Holzaufhänger;1;;FineArt-Papier (Hahnemühle);Hahnemühle Museum Etching;;Hahnemühle;FineArt-Inkjetdruck;Pigment / FineArt;Querformat;1:1;40;40;40x40;;;Holzleisten-Aufhängung (oben/unten);;;;
Poster/FineArt;Poster/FineArt mit Holzaufhänger;1;;FineArt-Papier (Hahnemühle);Hahnemühle Museum Etching;;Hahnemühle;FineArt-Inkjetdruck;Pigment / FineArt;Querformat;1:1;50;50;50x50;;;Holzleisten-Aufhängung (oben/unten);;;;
Poster/FineArt;Poster/FineArt mit Holzaufhänger;1;;FineArt-Papier (Hahnemühle);Hahnemühle Museum Etching;;Hahnemühle;FineArt-Inkjetdruck;Pigment / FineArt;Querformat;1:1;60;60;60x60;;;Holzleisten-Aufhängung (oben/unten);;;;
Poster/FineArt;Poster/FineArt mit Holzaufhänger;1;;FineArt-Papier (Hahnemühle);Hahnemühle Museum Etching;;Hahnemühle;FineArt-Inkjetdruck;Pigment / FineArt;Querformat;1:1;70;70;70x70;;;Holzleisten-Aufhängung (oben/unten);;;;
Poster/FineArt;Poster/FineArt mit Holzaufhänger;1;;FineArt-Papier (Hahnemühle);Hahnemühle Museum Etching;;Hahnemühle;FineArt-Inkjetdruck;Pigment / FineArt;Querformat;Panorama;10;18;10x18;;;Holzleisten-Aufhängung (oben/unten);;;;
Poster/FineArt;Poster/FineArt mit Holzaufhänger;1;;FineArt-Papier (Hahnemühle);Hahnemühle Museum Etching;;Hahnemühle;FineArt-Inkjetdruck;Pigment / FineArt;Querformat;Panorama;10;20;10x20;;;Holzleisten-Aufhängung (oben/unten);;;;
Poster/FineArt;Poster/FineArt mit Holzaufhänger;1;;FineArt-Papier (Hahnemühle);Hahnemühle Museum Etching;;Hahnemühle;FineArt-Inkjetdruck;Pigment / FineArt;Querformat;Panorama;20;40;20x40;;;Holzleisten-Aufhängung (oben/unten);;;;
Poster/FineArt;Poster/FineArt mit Holzaufhänger;1;;FineArt-Papier (Hahnemühle);Hahnemühle Museum Etching;;Hahnemühle;FineArt-Inkjetdruck;Pigment / FineArt;Querformat;Panorama;20;60;20x60;;;Holzleisten-Aufhängung (oben/unten);;;;
Poster/FineArt;Poster/FineArt mit Holzaufhänger;1;;FineArt-Papier (Hahnemühle);Hahnemühle Museum Etching;;Hahnemühle;FineArt-Inkjetdruck;Pigment / FineArt;Querformat;Panorama;30;60;30x60;;;Holzleisten-Aufhängung (oben/unten);;;;
Poster/FineArt;Poster/FineArt mit Holzaufhänger;1;;FineArt-Papier (Hahnemühle);Hahnemühle Museum Etching;;Hahnemühle;FineArt-Inkjetdruck;Pigment / FineArt;Querformat;Panorama;30;90;30x90;;;Holzleisten-Aufhängung (oben/unten);;;;
Poster/FineArt;Poster/FineArt mit Holzaufhänger;1;;FineArt-Papier (Hahnemühle);Hahnemühle Museum Etching;;Hahnemühle;FineArt-Inkjetdruck;Pigment / FineArt;Querformat;Panorama;40;80;40x80;;;Holzleisten-Aufhängung (oben/unten);;;;
Poster/FineArt;Poster/FineArt mit Holzaufhänger;1;;FineArt-Papier (Hahnemühle);Hahnemühle Museum Etching;;Hahnemühle;FineArt-Inkjetdruck;Pigment / FineArt;Querformat;Panorama;50;100;50x100;;;Holzleisten-Aufhängung (oben/unten);;;;
Poster/FineArt;Poster/FineArt mit Holzaufhänger;1;;FineArt-Papier (Hahnemühle);Hahnemühle Museum Etching;;Hahnemühle;FineArt-Inkjetdruck;Pigment / FineArt;Querformat;Panorama;60;120;60x120;;;Holzleisten-Aufhängung (oben/unten);;;;
Poster/FineArt;Poster/FineArt mit Holzaufhänger;1;;FineArt-Papier (Hahnemühle);Hahnemühle Museum Etching;;Hahnemühle;FineArt-Inkjetdruck;Pigment / FineArt;Querformat;Panorama;60;180;60x180;;;Holzleisten-Aufhängung (oben/unten);;;;
Poster/FineArt;Poster/FineArt mit Holzaufhänger;1;;FineArt-Papier (Hahnemühle);Hahnemühle Museum Etching;;Hahnemühle;FineArt-Inkjetdruck;Pigment / FineArt;Querformat;Panorama;70;180;70x180;;;Holzleisten-Aufhängung (oben/unten);;;;
Poster/FineArt;Poster/FineArt mit Holzaufhänger;1;;FineArt-Papier (Hahnemühle);Hahnemühle Photo Rag;;Hahnemühle;FineArt-Inkjetdruck;Pigment / FineArt;Hochformat;2:3;10;15;10x15;;;Holzleisten-Aufhängung (oben/unten);;;;
Poster/FineArt;Poster/FineArt mit Holzaufhänger;1;;FineArt-Papier (Hahnemühle);Hahnemühle Photo Rag;;Hahnemühle;FineArt-Inkjetdruck;Pigment / FineArt;Hochformat;2:3;10.5;14.8;10.5x14.8;A6;;Holzleisten-Aufhängung (oben/unten);;;;
Poster/FineArt;Poster/FineArt mit Holzaufhänger;1;;FineArt-Papier (Hahnemühle);Hahnemühle Photo Rag;;Hahnemühle;FineArt-Inkjetdruck;Pigment / FineArt;Hochformat;2:3;13;18;13x18;;;Holzleisten-Aufhängung (oben/unten);;;;
Poster/FineArt;Poster/FineArt mit Holzaufhänger;1;;FineArt-Papier (Hahnemühle);Hahnemühle Photo Rag;;Hahnemühle;FineArt-Inkjetdruck;Pigment / FineArt;Hochformat;2:3;13;19;13x19;;;Holzleisten-Aufhängung (oben/unten);;;;
Poster/FineArt;Poster/FineArt mit Holzaufhänger;1;;FineArt-Papier (Hahnemühle);Hahnemühle Photo Rag;;Hahnemühle;FineArt-Inkjetdruck;Pigment / FineArt;Hochformat;2:3;14.8;21;14.8x21;A5;;Holzleisten-Aufhängung (oben/unten);;;;
Poster/FineArt;Poster/FineArt mit Holzaufhänger;1;;FineArt-Papier (Hahnemühle);Hahnemühle Photo Rag;;Hahnemühle;FineArt-Inkjetdruck;Pigment / FineArt;Hochformat;2:3;15;21;15x21;;;Holzleisten-Aufhängung (oben/unten);;;;
Poster/FineArt;Poster/FineArt mit Holzaufhänger;1;;FineArt-Papier (Hahnemühle);Hahnemühle Photo Rag;;Hahnemühle;FineArt-Inkjetdruck;Pigment / FineArt;Hochformat;2:3;15;22;15x22;;;Holzleisten-Aufhängung (oben/unten);;;;
Poster/FineArt;Poster/FineArt mit Holzaufhänger;1;;FineArt-Papier (Hahnemühle);Hahnemühle Photo Rag;;Hahnemühle;FineArt-Inkjetdruck;Pigment / FineArt;Hochformat;2:3;20;30;20x30;;;Holzleisten-Aufhängung (oben/unten);;;;
Poster/FineArt;Poster/FineArt mit Holzaufhänger;1;;FineArt-Papier (Hahnemühle);Hahnemühle Photo Rag;;Hahnemühle;FineArt-Inkjetdruck;Pigment / FineArt;Hochformat;2:3;21;29.7;21x29.7;A4;;Holzleisten-Aufhängung (oben/unten);;;;
Poster/FineArt;Poster/FineArt mit Holzaufhänger;1;;FineArt-Papier (Hahnemühle);Hahnemühle Photo Rag;;Hahnemühle;FineArt-Inkjetdruck;Pigment / FineArt;Hochformat;2:3;21;30;21x30;A4;;Holzleisten-Aufhängung (oben/unten);;;;
Poster/FineArt;Poster/FineArt mit Holzaufhänger;1;;FineArt-Papier (Hahnemühle);Hahnemühle Photo Rag;;Hahnemühle;FineArt-Inkjetdruck;Pigment / FineArt;Hochformat;2:3;29.7;42;29.7x42;A3;;Holzleisten-Aufhängung (oben/unten);;;;
Poster/FineArt;Poster/FineArt mit Holzaufhänger;1;;FineArt-Papier (Hahnemühle);Hahnemühle Photo Rag;;Hahnemühle;FineArt-Inkjetdruck;Pigment / FineArt;Hochformat;2:3;30;45;30x45;;;Holzleisten-Aufhängung (oben/unten);;;;
Poster/FineArt;Poster/FineArt mit Holzaufhänger;1;;FineArt-Papier (Hahnemühle);Hahnemühle Photo Rag;;Hahnemühle;FineArt-Inkjetdruck;Pigment / FineArt;Hochformat;2:3;40;60;40x60;;;Holzleisten-Aufhängung (oben/unten);;;;
Poster/FineArt;Poster/FineArt mit Holzaufhänger;1;;FineArt-Papier (Hahnemühle);Hahnemühle Photo Rag;;Hahnemühle;FineArt-Inkjetdruck;Pigment / FineArt;Hochformat;2:3;42;59.4;42x59.4;A2;;Holzleisten-Aufhängung (oben/unten);;;;
Poster/FineArt;Poster/FineArt mit Holzaufhänger;1;;FineArt-Papier (Hahnemühle);Hahnemühle Photo Rag;;Hahnemühle;FineArt-Inkjetdruck;Pigment / FineArt;Hochformat;2:3;50;70;50x70;;;Holzleisten-Aufhängung (oben/unten);;;;
Poster/FineArt;Poster/FineArt mit Holzaufhänger;1;;FineArt-Papier (Hahnemühle);Hahnemühle Photo Rag;;Hahnemühle;FineArt-Inkjetdruck;Pigment / FineArt;Hochformat;2:3;50;75;50x75;;;Holzleisten-Aufhängung (oben/unten);;;;
Poster/FineArt;Poster/FineArt mit Holzaufhänger;1;;FineArt-Papier (Hahnemühle);Hahnemühle Photo Rag;;Hahnemühle;FineArt-Inkjetdruck;Pigment / FineArt;Hochformat;2:3;59.4;84.1;59.4x84.1;A1;;Holzleisten-Aufhängung (oben/unten);;;;
Poster/FineArt;Poster/FineArt mit Holzaufhänger;1;;FineArt-Papier (Hahnemühle);Hahnemühle Photo Rag;;Hahnemühle;FineArt-Inkjetdruck;Pigment / FineArt;Hochformat;2:3;60;90;60x90;;;Holzleisten-Aufhängung (oben/unten);;;;
Poster/FineArt;Poster/FineArt mit Holzaufhänger;1;;FineArt-Papier (Hahnemühle);Hahnemühle Photo Rag;;Hahnemühle;FineArt-Inkjetdruck;Pigment / FineArt;Hochformat;2:3;70;100;70x100;;;Holzleisten-Aufhängung (oben/unten);;;;
Poster/FineArt;Poster/FineArt mit Holzaufhänger;1;;FineArt-Papier (Hahnemühle);Hahnemühle Photo Rag;;Hahnemühle;FineArt-Inkjetdruck;Pigment / FineArt;Hochformat;2:3;70;105;70x105;;;Holzleisten-Aufhängung (oben/unten);;;;
Poster/FineArt;Poster/FineArt mit Holzaufhänger;1;;FineArt-Papier (Hahnemühle);Hahnemühle Photo Rag;;Hahnemühle;FineArt-Inkjetdruck;Pigment / FineArt;Hochformat;3:4;18;24;18x24;;;Holzleisten-Aufhängung (oben/unten);;;;
Poster/FineArt;Poster/FineArt mit Holzaufhänger;1;;FineArt-Papier (Hahnemühle);Hahnemühle Photo Rag;;Hahnemühle;FineArt-Inkjetdruck;Pigment / FineArt;Hochformat;3:4;30;40;30x40;;;Holzleisten-Aufhängung (oben/unten);;;;
Poster/FineArt;Poster/FineArt mit Holzaufhänger;1;;FineArt-Papier (Hahnemühle);Hahnemühle Photo Rag;;Hahnemühle;FineArt-Inkjetdruck;Pigment / FineArt;Hochformat;3:4;60;80;60x80;;;Holzleisten-Aufhängung (oben/unten);;;;
Poster/FineArt;Poster/FineArt mit Holzaufhänger;1;;FineArt-Papier (Hahnemühle);Hahnemühle Photo Rag;;Hahnemühle;FineArt-Inkjetdruck;Pigment / FineArt;Hochformat;3:4;75;100;75x100;;;Holzleisten-Aufhängung (oben/unten);;;;
Poster/FineArt;Poster/FineArt mit Holzaufhänger;1;;FineArt-Papier (Hahnemühle);Hahnemühle Photo Rag;;Hahnemühle;FineArt-Inkjetdruck;Pigment / FineArt;Hochformat;3:5;70;120;70x120;;;Holzleisten-Aufhängung (oben/unten);;;;
Poster/FineArt;Poster/FineArt mit Holzaufhänger;1;;FineArt-Papier (Hahnemühle);Hahnemühle Photo Rag;;Hahnemühle;FineArt-Inkjetdruck;Pigment / FineArt;Hochformat;4:5;10;13;10x13;;;Holzleisten-Aufhängung (oben/unten);;;;
Poster/FineArt;Poster/FineArt mit Holzaufhänger;1;;FineArt-Papier (Hahnemühle);Hahnemühle Photo Rag;;Hahnemühle;FineArt-Inkjetdruck;Pigment / FineArt;Hochformat;4:5;40;50;40x50;;;Holzleisten-Aufhängung (oben/unten);;;;
Poster/FineArt;Poster/FineArt mit Holzaufhänger;1;;FineArt-Papier (Hahnemühle);Hahnemühle Photo Rag;;Hahnemühle;FineArt-Inkjetdruck;Pigment / FineArt;Hochformat;4:5;70;90;70x90;;;Holzleisten-Aufhängung (oben/unten);;;;
Poster/FineArt;Poster/FineArt mit Holzaufhänger;1;;FineArt-Papier (Hahnemühle);Hahnemühle Photo Rag;;Hahnemühle;FineArt-Inkjetdruck;Pigment / FineArt;Hochformat;4:5;80;100;80x100;;;Holzleisten-Aufhängung (oben/unten);;;;
Poster/FineArt;Poster/FineArt mit Holzaufhänger;1;;FineArt-Papier (Hahnemühle);Hahnemühle Photo Rag;;Hahnemühle;FineArt-Inkjetdruck;Pigment / FineArt;Hochformat;1:1;15;15;15x15;;;Holzleisten-Aufhängung (oben/unten);;;;
Poster/FineArt;Poster/FineArt mit Holzaufhänger;1;;FineArt-Papier (Hahnemühle);Hahnemühle Photo Rag;;Hahnemühle;FineArt-Inkjetdruck;Pigment / FineArt;Hochformat;1:1;20;20;20x20;;;Holzleisten-Aufhängung (oben/unten);;;;
Poster/FineArt;Poster/FineArt mit Holzaufhänger;1;;FineArt-Papier (Hahnemühle);Hahnemühle Photo Rag;;Hahnemühle;FineArt-Inkjetdruck;Pigment / FineArt;Hochformat;1:1;21;21;21x21;;;Holzleisten-Aufhängung (oben/unten);;;;
Poster/FineArt;Poster/FineArt mit Holzaufhänger;1;;FineArt-Papier (Hahnemühle);Hahnemühle Photo Rag;;Hahnemühle;FineArt-Inkjetdruck;Pigment / FineArt;Hochformat;1:1;30;30;30x30;;;Holzleisten-Aufhängung (oben/unten);;;;
Poster/FineArt;Poster/FineArt mit Holzaufhänger;1;;FineArt-Papier (Hahnemühle);Hahnemühle Photo Rag;;Hahnemühle;FineArt-Inkjetdruck;Pigment / FineArt;Hochformat;1:1;40;40;40x40;;;Holzleisten-Aufhängung (oben/unten);;;;
Poster/FineArt;Poster/FineArt mit Holzaufhänger;1;;FineArt-Papier (Hahnemühle);Hahnemühle Photo Rag;;Hahnemühle;FineArt-Inkjetdruck;Pigment / FineArt;Hochformat;1:1;50;50;50x50;;;Holzleisten-Aufhängung (oben/unten);;;;
Poster/FineArt;Poster/FineArt mit Holzaufhänger;1;;FineArt-Papier (Hahnemühle);Hahnemühle Photo Rag;;Hahnemühle;FineArt-Inkjetdruck;Pigment / FineArt;Hochformat;1:1;60;60;60x60;;;Holzleisten-Aufhängung (oben/unten);;;;
Poster/FineArt;Poster/FineArt mit Holzaufhänger;1;;FineArt-Papier (Hahnemühle);Hahnemühle Photo Rag;;Hahnemühle;FineArt-Inkjetdruck;Pigment / FineArt;Hochformat;1:1;70;70;70x70;;;Holzleisten-Aufhängung (oben/unten);;;;
Poster/FineArt;Poster/FineArt mit Holzaufhänger;1;;FineArt-Papier (Hahnemühle);Hahnemühle Photo Rag;;Hahnemühle;FineArt-Inkjetdruck;Pigment / FineArt;Hochformat;Panorama;10;18;10x18;;;Holzleisten-Aufhängung (oben/unten);;;;
Poster/FineArt;Poster/FineArt mit Holzaufhänger;1;;FineArt-Papier (Hahnemühle);Hahnemühle Photo Rag;;Hahnemühle;FineArt-Inkjetdruck;Pigment / FineArt;Hochformat;Panorama;10;20;10x20;;;Holzleisten-Aufhängung (oben/unten);;;;
Poster/FineArt;Poster/FineArt mit Holzaufhänger;1;;FineArt-Papier (Hahnemühle);Hahnemühle Photo Rag;;Hahnemühle;FineArt-Inkjetdruck;Pigment / FineArt;Hochformat;Panorama;20;40;20x40;;;Holzleisten-Aufhängung (oben/unten);;;;
Poster/FineArt;Poster/FineArt mit Holzaufhänger;1;;FineArt-Papier (Hahnemühle);Hahnemühle Photo Rag;;Hahnemühle;FineArt-Inkjetdruck;Pigment / FineArt;Hochformat;Panorama;20;60;20x60;;;Holzleisten-Aufhängung (oben/unten);;;;
Poster/FineArt;Poster/FineArt mit Holzaufhänger;1;;FineArt-Papier (Hahnemühle);Hahnemühle Photo Rag;;Hahnemühle;FineArt-Inkjetdruck;Pigment / FineArt;Hochformat;Panorama;30;60;30x60;;;Holzleisten-Aufhängung (oben/unten);;;;
Poster/FineArt;Poster/FineArt mit Holzaufhänger;1;;FineArt-Papier (Hahnemühle);Hahnemühle Photo Rag;;Hahnemühle;FineArt-Inkjetdruck;Pigment / FineArt;Hochformat;Panorama;30;90;30x90;;;Holzleisten-Aufhängung (oben/unten);;;;
Poster/FineArt;Poster/FineArt mit Holzaufhänger;1;;FineArt-Papier (Hahnemühle);Hahnemühle Photo Rag;;Hahnemühle;FineArt-Inkjetdruck;Pigment / FineArt;Hochformat;Panorama;40;80;40x80;;;Holzleisten-Aufhängung (oben/unten);;;;
Poster/FineArt;Poster/FineArt mit Holzaufhänger;1;;FineArt-Papier (Hahnemühle);Hahnemühle Photo Rag;;Hahnemühle;FineArt-Inkjetdruck;Pigment / FineArt;Hochformat;Panorama;50;100;50x100;;;Holzleisten-Aufhängung (oben/unten);;;;
Poster/FineArt;Poster/FineArt mit Holzaufhänger;1;;FineArt-Papier (Hahnemühle);Hahnemühle Photo Rag;;Hahnemühle;FineArt-Inkjetdruck;Pigment / FineArt;Hochformat;Panorama;60;120;60x120;;;Holzleisten-Aufhängung (oben/unten);;;;
Poster/FineArt;Poster/FineArt mit Holzaufhänger;1;;FineArt-Papier (Hahnemühle);Hahnemühle Photo Rag;;Hahnemühle;FineArt-Inkjetdruck;Pigment / FineArt;Hochformat;Panorama;60;180;60x180;;;Holzleisten-Aufhängung (oben/unten);;;;
Poster/FineArt;Poster/FineArt mit Holzaufhänger;1;;FineArt-Papier (Hahnemühle);Hahnemühle Photo Rag;;Hahnemühle;FineArt-Inkjetdruck;Pigment / FineArt;Hochformat;Panorama;70;180;70x180;;;Holzleisten-Aufhängung (oben/unten);;;;
Poster/FineArt;Poster/FineArt mit Holzaufhänger;1;;FineArt-Papier (Hahnemühle);Hahnemühle Photo Rag;;Hahnemühle;FineArt-Inkjetdruck;Pigment / FineArt;Querformat;2:3;10;15;10x15;;;Holzleisten-Aufhängung (oben/unten);;;;
Poster/FineArt;Poster/FineArt mit Holzaufhänger;1;;FineArt-Papier (Hahnemühle);Hahnemühle Photo Rag;;Hahnemühle;FineArt-Inkjetdruck;Pigment / FineArt;Querformat;2:3;10.5;14.8;10.5x14.8;A6;;Holzleisten-Aufhängung (oben/unten);;;;
Poster/FineArt;Poster/FineArt mit Holzaufhänger;1;;FineArt-Papier (Hahnemühle);Hahnemühle Photo Rag;;Hahnemühle;FineArt-Inkjetdruck;Pigment / FineArt;Querformat;2:3;13;18;13x18;;;Holzleisten-Aufhängung (oben/unten);;;;
Poster/FineArt;Poster/FineArt mit Holzaufhänger;1;;FineArt-Papier (Hahnemühle);Hahnemühle Photo Rag;;Hahnemühle;FineArt-Inkjetdruck;Pigment / FineArt;Querformat;2:3;13;19;13x19;;;Holzleisten-Aufhängung (oben/unten);;;;
Poster/FineArt;Poster/FineArt mit Holzaufhänger;1;;FineArt-Papier (Hahnemühle);Hahnemühle Photo Rag;;Hahnemühle;FineArt-Inkjetdruck;Pigment / FineArt;Querformat;2:3;14.8;21;14.8x21;A5;;Holzleisten-Aufhängung (oben/unten);;;;
Poster/FineArt;Poster/FineArt mit Holzaufhänger;1;;FineArt-Papier (Hahnemühle);Hahnemühle Photo Rag;;Hahnemühle;FineArt-Inkjetdruck;Pigment / FineArt;Querformat;2:3;15;21;15x21;;;Holzleisten-Aufhängung (oben/unten);;;;
Poster/FineArt;Poster/FineArt mit Holzaufhänger;1;;FineArt-Papier (Hahnemühle);Hahnemühle Photo Rag;;Hahnemühle;FineArt-Inkjetdruck;Pigment / FineArt;Querformat;2:3;15;22;15x22;;;Holzleisten-Aufhängung (oben/unten);;;;
Poster/FineArt;Poster/FineArt mit Holzaufhänger;1;;FineArt-Papier (Hahnemühle);Hahnemühle Photo Rag;;Hahnemühle;FineArt-Inkjetdruck;Pigment / FineArt;Querformat;2:3;20;30;20x30;;;Holzleisten-Aufhängung (oben/unten);;;;
Poster/FineArt;Poster/FineArt mit Holzaufhänger;1;;FineArt-Papier (Hahnemühle);Hahnemühle Photo Rag;;Hahnemühle;FineArt-Inkjetdruck;Pigment / FineArt;Querformat;2:3;21;29.7;21x29.7;A4;;Holzleisten-Aufhängung (oben/unten);;;;
Poster/FineArt;Poster/FineArt mit Holzaufhänger;1;;FineArt-Papier (Hahnemühle);Hahnemühle Photo Rag;;Hahnemühle;FineArt-Inkjetdruck;Pigment / FineArt;Querformat;2:3;21;30;21x30;A4;;Holzleisten-Aufhängung (oben/unten);;;;
Poster/FineArt;Poster/FineArt mit Holzaufhänger;1;;FineArt-Papier (Hahnemühle);Hahnemühle Photo Rag;;Hahnemühle;FineArt-Inkjetdruck;Pigment / FineArt;Querformat;2:3;29.7;42;29.7x42;A3;;Holzleisten-Aufhängung (oben/unten);;;;
Poster/FineArt;Poster/FineArt mit Holzaufhänger;1;;FineArt-Papier (Hahnemühle);Hahnemühle Photo Rag;;Hahnemühle;FineArt-Inkjetdruck;Pigment / FineArt;Querformat;2:3;30;45;30x45;;;Holzleisten-Aufhängung (oben/unten);;;;
Poster/FineArt;Poster/FineArt mit Holzaufhänger;1;;FineArt-Papier (Hahnemühle);Hahnemühle Photo Rag;;Hahnemühle;FineArt-Inkjetdruck;Pigment / FineArt;Querformat;2:3;40;60;40x60;;;Holzleisten-Aufhängung (oben/unten);;;;
Poster/FineArt;Poster/FineArt mit Holzaufhänger;1;;FineArt-Papier (Hahnemühle);Hahnemühle Photo Rag;;Hahnemühle;FineArt-Inkjetdruck;Pigment / FineArt;Querformat;2:3;42;59.4;42x59.4;A2;;Holzleisten-Aufhängung (oben/unten);;;;
Poster/FineArt;Poster/FineArt mit Holzaufhänger;1;;FineArt-Papier (Hahnemühle);Hahnemühle Photo Rag;;Hahnemühle;FineArt-Inkjetdruck;Pigment / FineArt;Querformat;2:3;50;70;50x70;;;Holzleisten-Aufhängung (oben/unten);;;;
Poster/FineArt;Poster/FineArt mit Holzaufhänger;1;;FineArt-Papier (Hahnemühle);Hahnemühle Photo Rag;;Hahnemühle;FineArt-Inkjetdruck;Pigment / FineArt;Querformat;2:3;50;75;50x75;;;Holzleisten-Aufhängung (oben/unten);;;;
Poster/FineArt;Poster/FineArt mit Holzaufhänger;1;;FineArt-Papier (Hahnemühle);Hahnemühle Photo Rag;;Hahnemühle;FineArt-Inkjetdruck;Pigment / FineArt;Querformat;2:3;59.4;84.1;59.4x84.1;A1;;Holzleisten-Aufhängung (oben/unten);;;;
Poster/FineArt;Poster/FineArt mit Holzaufhänger;1;;FineArt-Papier (Hahnemühle);Hahnemühle Photo Rag;;Hahnemühle;FineArt-Inkjetdruck;Pigment / FineArt;Querformat;2:3;60;90;60x90;;;Holzleisten-Aufhängung (oben/unten);;;;
Poster/FineArt;Poster/FineArt mit Holzaufhänger;1;;FineArt-Papier (Hahnemühle);Hahnemühle Photo Rag;;Hahnemühle;FineArt-Inkjetdruck;Pigment / FineArt;Querformat;2:3;70;100;70x100;;;Holzleisten-Aufhängung (oben/unten);;;;
Poster/FineArt;Poster/FineArt mit Holzaufhänger;1;;FineArt-Papier (Hahnemühle);Hahnemühle Photo Rag;;Hahnemühle;FineArt-Inkjetdruck;Pigment / FineArt;Querformat;2:3;70;105;70x105;;;Holzleisten-Aufhängung (oben/unten);;;;
Poster/FineArt;Poster/FineArt mit Holzaufhänger;1;;FineArt-Papier (Hahnemühle);Hahnemühle Photo Rag;;Hahnemühle;FineArt-Inkjetdruck;Pigment / FineArt;Querformat;3:4;18;24;18x24;;;Holzleisten-Aufhängung (oben/unten);;;;
Poster/FineArt;Poster/FineArt mit Holzaufhänger;1;;FineArt-Papier (Hahnemühle);Hahnemühle Photo Rag;;Hahnemühle;FineArt-Inkjetdruck;Pigment / FineArt;Querformat;3:4;30;40;30x40;;;Holzleisten-Aufhängung (oben/unten);;;;
Poster/FineArt;Poster/FineArt mit Holzaufhänger;1;;FineArt-Papier (Hahnemühle);Hahnemühle Photo Rag;;Hahnemühle;FineArt-Inkjetdruck;Pigment / FineArt;Querformat;3:4;60;80;60x80;;;Holzleisten-Aufhängung (oben/unten);;;;
Poster/FineArt;Poster/FineArt mit Holzaufhänger;1;;FineArt-Papier (Hahnemühle);Hahnemühle Photo Rag;;Hahnemühle;FineArt-Inkjetdruck;Pigment / FineArt;Querformat;3:4;75;100;75x100;;;Holzleisten-Aufhängung (oben/unten);;;;
Poster/FineArt;Poster/FineArt mit Holzaufhänger;1;;FineArt-Papier (Hahnemühle);Hahnemühle Photo Rag;;Hahnemühle;FineArt-Inkjetdruck;Pigment / FineArt;Querformat;3:5;70;120;70x120;;;Holzleisten-Aufhängung (oben/unten);;;;
Poster/FineArt;Poster/FineArt mit Holzaufhänger;1;;FineArt-Papier (Hahnemühle);Hahnemühle Photo Rag;;Hahnemühle;FineArt-Inkjetdruck;Pigment / FineArt;Querformat;4:5;10;13;10x13;;;Holzleisten-Aufhängung (oben/unten);;;;
Poster/FineArt;Poster/FineArt mit Holzaufhänger;1;;FineArt-Papier (Hahnemühle);Hahnemühle Photo Rag;;Hahnemühle;FineArt-Inkjetdruck;Pigment / FineArt;Querformat;4:5;40;50;40x50;;;Holzleisten-Aufhängung (oben/unten);;;;
Poster/FineArt;Poster/FineArt mit Holzaufhänger;1;;FineArt-Papier (Hahnemühle);Hahnemühle Photo Rag;;Hahnemühle;FineArt-Inkjetdruck;Pigment / FineArt;Querformat;4:5;70;90;70x90;;;Holzleisten-Aufhängung (oben/unten);;;;
Poster/FineArt;Poster/FineArt mit Holzaufhänger;1;;FineArt-Papier (Hahnemühle);Hahnemühle Photo Rag;;Hahnemühle;FineArt-Inkjetdruck;Pigment / FineArt;Querformat;4:5;80;100;80x100;;;Holzleisten-Aufhängung (oben/unten);;;;
Poster/FineArt;Poster/FineArt mit Holzaufhänger;1;;FineArt-Papier (Hahnemühle);Hahnemühle Photo Rag;;Hahnemühle;FineArt-Inkjetdruck;Pigment / FineArt;Querformat;1:1;15;15;15x15;;;Holzleisten-Aufhängung (oben/unten);;;;
Poster/FineArt;Poster/FineArt mit Holzaufhänger;1;;FineArt-Papier (Hahnemühle);Hahnemühle Photo Rag;;Hahnemühle;FineArt-Inkjetdruck;Pigment / FineArt;Querformat;1:1;20;20;20x20;;;Holzleisten-Aufhängung (oben/unten);;;;
Poster/FineArt;Poster/FineArt mit Holzaufhänger;1;;FineArt-Papier (Hahnemühle);Hahnemühle Photo Rag;;Hahnemühle;FineArt-Inkjetdruck;Pigment / FineArt;Querformat;1:1;21;21;21x21;;;Holzleisten-Aufhängung (oben/unten);;;;
Poster/FineArt;Poster/FineArt mit Holzaufhänger;1;;FineArt-Papier (Hahnemühle);Hahnemühle Photo Rag;;Hahnemühle;FineArt-Inkjetdruck;Pigment / FineArt;Querformat;1:1;30;30;30x30;;;Holzleisten-Aufhängung (oben/unten);;;;
Poster/FineArt;Poster/FineArt mit Holzaufhänger;1;;FineArt-Papier (Hahnemühle);Hahnemühle Photo Rag;;Hahnemühle;FineArt-Inkjetdruck;Pigment / FineArt;Querformat;1:1;40;40;40x40;;;Holzleisten-Aufhängung (oben/unten);;;;
Poster/FineArt;Poster/FineArt mit Holzaufhänger;1;;FineArt-Papier (Hahnemühle);Hahnemühle Photo Rag;;Hahnemühle;FineArt-Inkjetdruck;Pigment / FineArt;Querformat;1:1;50;50;50x50;;;Holzleisten-Aufhängung (oben/unten);;;;
Poster/FineArt;Poster/FineArt mit Holzaufhänger;1;;FineArt-Papier (Hahnemühle);Hahnemühle Photo Rag;;Hahnemühle;FineArt-Inkjetdruck;Pigment / FineArt;Querformat;1:1;60;60;60x60;;;Holzleisten-Aufhängung (oben/unten);;;;
Poster/FineArt;Poster/FineArt mit Holzaufhänger;1;;FineArt-Papier (Hahnemühle);Hahnemühle Photo Rag;;Hahnemühle;FineArt-Inkjetdruck;Pigment / FineArt;Querformat;1:1;70;70;70x70;;;Holzleisten-Aufhängung (oben/unten);;;;
Poster/FineArt;Poster/FineArt mit Holzaufhänger;1;;FineArt-Papier (Hahnemühle);Hahnemühle Photo Rag;;Hahnemühle;FineArt-Inkjetdruck;Pigment / FineArt;Querformat;Panorama;10;18;10x18;;;Holzleisten-Aufhängung (oben/unten);;;;
Poster/FineArt;Poster/FineArt mit Holzaufhänger;1;;FineArt-Papier (Hahnemühle);Hahnemühle Photo Rag;;Hahnemühle;FineArt-Inkjetdruck;Pigment / FineArt;Querformat;Panorama;10;20;10x20;;;Holzleisten-Aufhängung (oben/unten);;;;
Poster/FineArt;Poster/FineArt mit Holzaufhänger;1;;FineArt-Papier (Hahnemühle);Hahnemühle Photo Rag;;Hahnemühle;FineArt-Inkjetdruck;Pigment / FineArt;Querformat;Panorama;20;40;20x40;;;Holzleisten-Aufhängung (oben/unten);;;;
Poster/FineArt;Poster/FineArt mit Holzaufhänger;1;;FineArt-Papier (Hahnemühle);Hahnemühle Photo Rag;;Hahnemühle;FineArt-Inkjetdruck;Pigment / FineArt;Querformat;Panorama;20;60;20x60;;;Holzleisten-Aufhängung (oben/unten);;;;
Poster/FineArt;Poster/FineArt mit Holzaufhänger;1;;FineArt-Papier (Hahnemühle);Hahnemühle Photo Rag;;Hahnemühle;FineArt-Inkjetdruck;Pigment / FineArt;Querformat;Panorama;30;60;30x60;;;Holzleisten-Aufhängung (oben/unten);;;;
Poster/FineArt;Poster/FineArt mit Holzaufhänger;1;;FineArt-Papier (Hahnemühle);Hahnemühle Photo Rag;;Hahnemühle;FineArt-Inkjetdruck;Pigment / FineArt;Querformat;Panorama;30;90;30x90;;;Holzleisten-Aufhängung (oben/unten);;;;
Poster/FineArt;Poster/FineArt mit Holzaufhänger;1;;FineArt-Papier (Hahnemühle);Hahnemühle Photo Rag;;Hahnemühle;FineArt-Inkjetdruck;Pigment / FineArt;Querformat;Panorama;40;80;40x80;;;Holzleisten-Aufhängung (oben/unten);;;;
Poster/FineArt;Poster/FineArt mit Holzaufhänger;1;;FineArt-Papier (Hahnemühle);Hahnemühle Photo Rag;;Hahnemühle;FineArt-Inkjetdruck;Pigment / FineArt;Querformat;Panorama;50;100;50x100;;;Holzleisten-Aufhängung (oben/unten);;;;
Poster/FineArt;Poster/FineArt mit Holzaufhänger;1;;FineArt-Papier (Hahnemühle);Hahnemühle Photo Rag;;Hahnemühle;FineArt-Inkjetdruck;Pigment / FineArt;Querformat;Panorama;60;120;60x120;;;Holzleisten-Aufhängung (oben/unten);;;;
Poster/FineArt;Poster/FineArt mit Holzaufhänger;1;;FineArt-Papier (Hahnemühle);Hahnemühle Photo Rag;;Hahnemühle;FineArt-Inkjetdruck;Pigment / FineArt;Querformat;Panorama;60;180;60x180;;;Holzleisten-Aufhängung (oben/unten);;;;
Poster/FineArt;Poster/FineArt mit Holzaufhänger;1;;FineArt-Papier (Hahnemühle);Hahnemühle Photo Rag;;Hahnemühle;FineArt-Inkjetdruck;Pigment / FineArt;Querformat;Panorama;70;180;70x180;;;Holzleisten-Aufhängung (oben/unten);;;;
Poster/FineArt;Poster/FineArt mit Holzaufhänger;1;;Fotopapier (Fujifilm);Fotopapier;Silk;Fujifilm;Fotobelichtung / Digitaldruck;Fotografisch;Hochformat;2:3;10;15;10x15;;;Holzleisten-Aufhängung (oben/unten);;;;
Poster/FineArt;Poster/FineArt mit Holzaufhänger;1;;Fotopapier (Fujifilm);Fotopapier;Silk;Fujifilm;Fotobelichtung / Digitaldruck;Fotografisch;Hochformat;2:3;10.5;14.8;10.5x14.8;A6;;Holzleisten-Aufhängung (oben/unten);;;;
Poster/FineArt;Poster/FineArt mit Holzaufhänger;1;;Fotopapier (Fujifilm);Fotopapier;Silk;Fujifilm;Fotobelichtung / Digitaldruck;Fotografisch;Hochformat;2:3;13;18;13x18;;;Holzleisten-Aufhängung (oben/unten);;;;
Poster/FineArt;Poster/FineArt mit Holzaufhänger;1;;Fotopapier (Fujifilm);Fotopapier;Silk;Fujifilm;Fotobelichtung / Digitaldruck;Fotografisch;Hochformat;2:3;13;19;13x19;;;Holzleisten-Aufhängung (oben/unten);;;;
Poster/FineArt;Poster/FineArt mit Holzaufhänger;1;;Fotopapier (Fujifilm);Fotopapier;Silk;Fujifilm;Fotobelichtung / Digitaldruck;Fotografisch;Hochformat;2:3;14.8;21;14.8x21;A5;;Holzleisten-Aufhängung (oben/unten);;;;
Poster/FineArt;Poster/FineArt mit Holzaufhänger;1;;Fotopapier (Fujifilm);Fotopapier;Silk;Fujifilm;Fotobelichtung / Digitaldruck;Fotografisch;Hochformat;2:3;15;21;15x21;;;Holzleisten-Aufhängung (oben/unten);;;;
Poster/FineArt;Poster/FineArt mit Holzaufhänger;1;;Fotopapier (Fujifilm);Fotopapier;Silk;Fujifilm;Fotobelichtung / Digitaldruck;Fotografisch;Hochformat;2:3;15;22;15x22;;;Holzleisten-Aufhängung (oben/unten);;;;
Poster/FineArt;Poster/FineArt mit Holzaufhänger;1;;Fotopapier (Fujifilm);Fotopapier;Silk;Fujifilm;Fotobelichtung / Digitaldruck;Fotografisch;Hochformat;2:3;20;30;20x30;;;Holzleisten-Aufhängung (oben/unten);;;;
Poster/FineArt;Poster/FineArt mit Holzaufhänger;1;;Fotopapier (Fujifilm);Fotopapier;Silk;Fujifilm;Fotobelichtung / Digitaldruck;Fotografisch;Hochformat;2:3;21;29.7;21x29.7;A4;;Holzleisten-Aufhängung (oben/unten);;;;
Poster/FineArt;Poster/FineArt mit Holzaufhänger;1;;Fotopapier (Fujifilm);Fotopapier;Silk;Fujifilm;Fotobelichtung / Digitaldruck;Fotografisch;Hochformat;2:3;21;30;21x30;A4;;Holzleisten-Aufhängung (oben/unten);;;;
Poster/FineArt;Poster/FineArt mit Holzaufhänger;1;;Fotopapier (Fujifilm);Fotopapier;Silk;Fujifilm;Fotobelichtung / Digitaldruck;Fotografisch;Hochformat;2:3;29.7;42;29.7x42;A3;;Holzleisten-Aufhängung (oben/unten);;;;
Poster/FineArt;Poster/FineArt mit Holzaufhänger;1;;Fotopapier (Fujifilm);Fotopapier;Silk;Fujifilm;Fotobelichtung / Digitaldruck;Fotografisch;Hochformat;2:3;30;45;30x45;;;Holzleisten-Aufhängung (oben/unten);;;;
Poster/FineArt;Poster/FineArt mit Holzaufhänger;1;;Fotopapier (Fujifilm);Fotopapier;Silk;Fujifilm;Fotobelichtung / Digitaldruck;Fotografisch;Hochformat;2:3;40;60;40x60;;;Holzleisten-Aufhängung (oben/unten);;;;
Poster/FineArt;Poster/FineArt mit Holzaufhänger;1;;Fotopapier (Fujifilm);Fotopapier;Silk;Fujifilm;Fotobelichtung / Digitaldruck;Fotografisch;Hochformat;2:3;42;59.4;42x59.4;A2;;Holzleisten-Aufhängung (oben/unten);;;;
Poster/FineArt;Poster/FineArt mit Holzaufhänger;1;;Fotopapier (Fujifilm);Fotopapier;Silk;Fujifilm;Fotobelichtung / Digitaldruck;Fotografisch;Hochformat;2:3;50;70;50x70;;;Holzleisten-Aufhängung (oben/unten);;;;
Poster/FineArt;Poster/FineArt mit Holzaufhänger;1;;Fotopapier (Fujifilm);Fotopapier;Silk;Fujifilm;Fotobelichtung / Digitaldruck;Fotografisch;Hochformat;2:3;50;75;50x75;;;Holzleisten-Aufhängung (oben/unten);;;;
Poster/FineArt;Poster/FineArt mit Holzaufhänger;1;;Fotopapier (Fujifilm);Fotopapier;Silk;Fujifilm;Fotobelichtung / Digitaldruck;Fotografisch;Hochformat;2:3;59.4;84.1;59.4x84.1;A1;;Holzleisten-Aufhängung (oben/unten);;;;
Poster/FineArt;Poster/FineArt mit Holzaufhänger;1;;Fotopapier (Fujifilm);Fotopapier;Silk;Fujifilm;Fotobelichtung / Digitaldruck;Fotografisch;Hochformat;2:3;60;90;60x90;;;Holzleisten-Aufhängung (oben/unten);;;;
Poster/FineArt;Poster/FineArt mit Holzaufhänger;1;;Fotopapier (Fujifilm);Fotopapier;Silk;Fujifilm;Fotobelichtung / Digitaldruck;Fotografisch;Hochformat;2:3;70;100;70x100;;;Holzleisten-Aufhängung (oben/unten);;;;
Poster/FineArt;Poster/FineArt mit Holzaufhänger;1;;Fotopapier (Fujifilm);Fotopapier;Silk;Fujifilm;Fotobelichtung / Digitaldruck;Fotografisch;Hochformat;2:3;70;105;70x105;;;Holzleisten-Aufhängung (oben/unten);;;;
Poster/FineArt;Poster/FineArt mit Holzaufhänger;1;;Fotopapier (Fujifilm);Fotopapier;Silk;Fujifilm;Fotobelichtung / Digitaldruck;Fotografisch;Hochformat;3:4;18;24;18x24;;;Holzleisten-Aufhängung (oben/unten);;;;
Poster/FineArt;Poster/FineArt mit Holzaufhänger;1;;Fotopapier (Fujifilm);Fotopapier;Silk;Fujifilm;Fotobelichtung / Digitaldruck;Fotografisch;Hochformat;3:4;30;40;30x40;;;Holzleisten-Aufhängung (oben/unten);;;;
Poster/FineArt;Poster/FineArt mit Holzaufhänger;1;;Fotopapier (Fujifilm);Fotopapier;Silk;Fujifilm;Fotobelichtung / Digitaldruck;Fotografisch;Hochformat;3:4;60;80;60x80;;;Holzleisten-Aufhängung (oben/unten);;;;
Poster/FineArt;Poster/FineArt mit Holzaufhänger;1;;Fotopapier (Fujifilm);Fotopapier;Silk;Fujifilm;Fotobelichtung / Digitaldruck;Fotografisch;Hochformat;3:4;75;100;75x100;;;Holzleisten-Aufhängung (oben/unten);;;;
Poster/FineArt;Poster/FineArt mit Holzaufhänger;1;;Fotopapier (Fujifilm);Fotopapier;Silk;Fujifilm;Fotobelichtung / Digitaldruck;Fotografisch;Hochformat;3:5;70;120;70x120;;;Holzleisten-Aufhängung (oben/unten);;;;
Poster/FineArt;Poster/FineArt mit Holzaufhänger;1;;Fotopapier (Fujifilm);Fotopapier;Silk;Fujifilm;Fotobelichtung / Digitaldruck;Fotografisch;Hochformat;4:5;10;13;10x13;;;Holzleisten-Aufhängung (oben/unten);;;;
Poster/FineArt;Poster/FineArt mit Holzaufhänger;1;;Fotopapier (Fujifilm);Fotopapier;Silk;Fujifilm;Fotobelichtung / Digitaldruck;Fotografisch;Hochformat;4:5;40;50;40x50;;;Holzleisten-Aufhängung (oben/unten);;;;
Poster/FineArt;Poster/FineArt mit Holzaufhänger;1;;Fotopapier (Fujifilm);Fotopapier;Silk;Fujifilm;Fotobelichtung / Digitaldruck;Fotografisch;Hochformat;4:5;70;90;70x90;;;Holzleisten-Aufhängung (oben/unten);;;;
Poster/FineArt;Poster/FineArt mit Holzaufhänger;1;;Fotopapier (Fujifilm);Fotopapier;Silk;Fujifilm;Fotobelichtung / Digitaldruck;Fotografisch;Hochformat;4:5;80;100;80x100;;;Holzleisten-Aufhängung (oben/unten);;;;
Poster/FineArt;Poster/FineArt mit Holzaufhänger;1;;Fotopapier (Fujifilm);Fotopapier;Silk;Fujifilm;Fotobelichtung / Digitaldruck;Fotografisch;Hochformat;1:1;15;15;15x15;;;Holzleisten-Aufhängung (oben/unten);;;;
Poster/FineArt;Poster/FineArt mit Holzaufhänger;1;;Fotopapier (Fujifilm);Fotopapier;Silk;Fujifilm;Fotobelichtung / Digitaldruck;Fotografisch;Hochformat;1:1;20;20;20x20;;;Holzleisten-Aufhängung (oben/unten);;;;
Poster/FineArt;Poster/FineArt mit Holzaufhänger;1;;Fotopapier (Fujifilm);Fotopapier;Silk;Fujifilm;Fotobelichtung / Digitaldruck;Fotografisch;Hochformat;1:1;21;21;21x21;;;Holzleisten-Aufhängung (oben/unten);;;;
Poster/FineArt;Poster/FineArt mit Holzaufhänger;1;;Fotopapier (Fujifilm);Fotopapier;Silk;Fujifilm;Fotobelichtung / Digitaldruck;Fotografisch;Hochformat;1:1;30;30;30x30;;;Holzleisten-Aufhängung (oben/unten);;;;
Poster/FineArt;Poster/FineArt mit Holzaufhänger;1;;Fotopapier (Fujifilm);Fotopapier;Silk;Fujifilm;Fotobelichtung / Digitaldruck;Fotografisch;Hochformat;1:1;40;40;40x40;;;Holzleisten-Aufhängung (oben/unten);;;;
Poster/FineArt;Poster/FineArt mit Holzaufhänger;1;;Fotopapier (Fujifilm);Fotopapier;Silk;Fujifilm;Fotobelichtung / Digitaldruck;Fotografisch;Hochformat;1:1;50;50;50x50;;;Holzleisten-Aufhängung (oben/unten);;;;
Poster/FineArt;Poster/FineArt mit Holzaufhänger;1;;Fotopapier (Fujifilm);Fotopapier;Silk;Fujifilm;Fotobelichtung / Digitaldruck;Fotografisch;Hochformat;1:1;60;60;60x60;;;Holzleisten-Aufhängung (oben/unten);;;;
Poster/FineArt;Poster/FineArt mit Holzaufhänger;1;;Fotopapier (Fujifilm);Fotopapier;Silk;Fujifilm;Fotobelichtung / Digitaldruck;Fotografisch;Hochformat;1:1;70;70;70x70;;;Holzleisten-Aufhängung (oben/unten);;;;
Poster/FineArt;Poster/FineArt mit Holzaufhänger;1;;Fotopapier (Fujifilm);Fotopapier;Silk;Fujifilm;Fotobelichtung / Digitaldruck;Fotografisch;Hochformat;Panorama;10;18;10x18;;;Holzleisten-Aufhängung (oben/unten);;;;
Poster/FineArt;Poster/FineArt mit Holzaufhänger;1;;Fotopapier (Fujifilm);Fotopapier;Silk;Fujifilm;Fotobelichtung / Digitaldruck;Fotografisch;Hochformat;Panorama;10;20;10x20;;;Holzleisten-Aufhängung (oben/unten);;;;
Poster/FineArt;Poster/FineArt mit Holzaufhänger;1;;Fotopapier (Fujifilm);Fotopapier;Silk;Fujifilm;Fotobelichtung / Digitaldruck;Fotografisch;Hochformat;Panorama;20;40;20x40;;;Holzleisten-Aufhängung (oben/unten);;;;
Poster/FineArt;Poster/FineArt mit Holzaufhänger;1;;Fotopapier (Fujifilm);Fotopapier;Silk;Fujifilm;Fotobelichtung / Digitaldruck;Fotografisch;Hochformat;Panorama;20;60;20x60;;;Holzleisten-Aufhängung (oben/unten);;;;
Poster/FineArt;Poster/FineArt mit Holzaufhänger;1;;Fotopapier (Fujifilm);Fotopapier;Silk;Fujifilm;Fotobelichtung / Digitaldruck;Fotografisch;Hochformat;Panorama;30;60;30x60;;;Holzleisten-Aufhängung (oben/unten);;;;
Poster/FineArt;Poster/FineArt mit Holzaufhänger;1;;Fotopapier (Fujifilm);Fotopapier;Silk;Fujifilm;Fotobelichtung / Digitaldruck;Fotografisch;Hochformat;Panorama;30;90;30x90;;;Holzleisten-Aufhängung (oben/unten);;;;
Poster/FineArt;Poster/FineArt mit Holzaufhänger;1;;Fotopapier (Fujifilm);Fotopapier;Silk;Fujifilm;Fotobelichtung / Digitaldruck;Fotografisch;Hochformat;Panorama;40;80;40x80;;;Holzleisten-Aufhängung (oben/unten);;;;
Poster/FineArt;Poster/FineArt mit Holzaufhänger;1;;Fotopapier (Fujifilm);Fotopapier;Silk;Fujifilm;Fotobelichtung / Digitaldruck;Fotografisch;Hochformat;Panorama;50;100;50x100;;;Holzleisten-Aufhängung (oben/unten);;;;
Poster/FineArt;Poster/FineArt mit Holzaufhänger;1;;Fotopapier (Fujifilm);Fotopapier;Silk;Fujifilm;Fotobelichtung / Digitaldruck;Fotografisch;Hochformat;Panorama;60;120;60x120;;;Holzleisten-Aufhängung (oben/unten);;;;
Poster/FineArt;Poster/FineArt mit Holzaufhänger;1;;Fotopapier (Fujifilm);Fotopapier;Silk;Fujifilm;Fotobelichtung / Digitaldruck;Fotografisch;Hochformat;Panorama;60;180;60x180;;;Holzleisten-Aufhängung (oben/unten);;;;
Poster/FineArt;Poster/FineArt mit Holzaufhänger;1;;Fotopapier (Fujifilm);Fotopapier;Silk;Fujifilm;Fotobelichtung / Digitaldruck;Fotografisch;Hochformat;Panorama;70;180;70x180;;;Holzleisten-Aufhängung (oben/unten);;;;
Poster/FineArt;Poster/FineArt mit Holzaufhänger;1;;Fotopapier (Fujifilm);Fotopapier;Silk;Fujifilm;Fotobelichtung / Digitaldruck;Fotografisch;Querformat;2:3;10;15;10x15;;;Holzleisten-Aufhängung (oben/unten);;;;
Poster/FineArt;Poster/FineArt mit Holzaufhänger;1;;Fotopapier (Fujifilm);Fotopapier;Silk;Fujifilm;Fotobelichtung / Digitaldruck;Fotografisch;Querformat;2:3;10.5;14.8;10.5x14.8;A6;;Holzleisten-Aufhängung (oben/unten);;;;
Poster/FineArt;Poster/FineArt mit Holzaufhänger;1;;Fotopapier (Fujifilm);Fotopapier;Silk;Fujifilm;Fotobelichtung / Digitaldruck;Fotografisch;Querformat;2:3;13;18;13x18;;;Holzleisten-Aufhängung (oben/unten);;;;
Poster/FineArt;Poster/FineArt mit Holzaufhänger;1;;Fotopapier (Fujifilm);Fotopapier;Silk;Fujifilm;Fotobelichtung / Digitaldruck;Fotografisch;Querformat;2:3;13;19;13x19;;;Holzleisten-Aufhängung (oben/unten);;;;
Poster/FineArt;Poster/FineArt mit Holzaufhänger;1;;Fotopapier (Fujifilm);Fotopapier;Silk;Fujifilm;Fotobelichtung / Digitaldruck;Fotografisch;Querformat;2:3;14.8;21;14.8x21;A5;;Holzleisten-Aufhängung (oben/unten);;;;
Poster/FineArt;Poster/FineArt mit Holzaufhänger;1;;Fotopapier (Fujifilm);Fotopapier;Silk;Fujifilm;Fotobelichtung / Digitaldruck;Fotografisch;Querformat;2:3;15;21;15x21;;;Holzleisten-Aufhängung (oben/unten);;;;
Poster/FineArt;Poster/FineArt mit Holzaufhänger;1;;Fotopapier (Fujifilm);Fotopapier;Silk;Fujifilm;Fotobelichtung / Digitaldruck;Fotografisch;Querformat;2:3;15;22;15x22;;;Holzleisten-Aufhängung (oben/unten);;;;
Poster/FineArt;Poster/FineArt mit Holzaufhänger;1;;Fotopapier (Fujifilm);Fotopapier;Silk;Fujifilm;Fotobelichtung / Digitaldruck;Fotografisch;Querformat;2:3;20;30;20x30;;;Holzleisten-Aufhängung (oben/unten);;;;
Poster/FineArt;Poster/FineArt mit Holzaufhänger;1;;Fotopapier (Fujifilm);Fotopapier;Silk;Fujifilm;Fotobelichtung / Digitaldruck;Fotografisch;Querformat;2:3;21;29.7;21x29.7;A4;;Holzleisten-Aufhängung (oben/unten);;;;
Poster/FineArt;Poster/FineArt mit Holzaufhänger;1;;Fotopapier (Fujifilm);Fotopapier;Silk;Fujifilm;Fotobelichtung / Digitaldruck;Fotografisch;Querformat;2:3;21;30;21x30;A4;;Holzleisten-Aufhängung (oben/unten);;;;
Poster/FineArt;Poster/FineArt mit Holzaufhänger;1;;Fotopapier (Fujifilm);Fotopapier;Silk;Fujifilm;Fotobelichtung / Digitaldruck;Fotografisch;Querformat;2:3;29.7;42;29.7x42;A3;;Holzleisten-Aufhängung (oben/unten);;;;
Poster/FineArt;Poster/FineArt mit Holzaufhänger;1;;Fotopapier (Fujifilm);Fotopapier;Silk;Fujifilm;Fotobelichtung / Digitaldruck;Fotografisch;Querformat;2:3;30;45;30x45;;;Holzleisten-Aufhängung (oben/unten);;;;
Poster/FineArt;Poster/FineArt mit Holzaufhänger;1;;Fotopapier (Fujifilm);Fotopapier;Silk;Fujifilm;Fotobelichtung / Digitaldruck;Fotografisch;Querformat;2:3;40;60;40x60;;;Holzleisten-Aufhängung (oben/unten);;;;
Poster/FineArt;Poster/FineArt mit Holzaufhänger;1;;Fotopapier (Fujifilm);Fotopapier;Silk;Fujifilm;Fotobelichtung / Digitaldruck;Fotografisch;Querformat;2:3;42;59.4;42x59.4;A2;;Holzleisten-Aufhängung (oben/unten);;;;
Poster/FineArt;Poster/FineArt mit Holzaufhänger;1;;Fotopapier (Fujifilm);Fotopapier;Silk;Fujifilm;Fotobelichtung / Digitaldruck;Fotografisch;Querformat;2:3;50;70;50x70;;;Holzleisten-Aufhängung (oben/unten);;;;
Poster/FineArt;Poster/FineArt mit Holzaufhänger;1;;Fotopapier (Fujifilm);Fotopapier;Silk;Fujifilm;Fotobelichtung / Digitaldruck;Fotografisch;Querformat;2:3;50;75;50x75;;;Holzleisten-Aufhängung (oben/unten);;;;
Poster/FineArt;Poster/FineArt mit Holzaufhänger;1;;Fotopapier (Fujifilm);Fotopapier;Silk;Fujifilm;Fotobelichtung / Digitaldruck;Fotografisch;Querformat;2:3;59.4;84.1;59.4x84.1;A1;;Holzleisten-Aufhängung (oben/unten);;;;
Poster/FineArt;Poster/FineArt mit Holzaufhänger;1;;Fotopapier (Fujifilm);Fotopapier;Silk;Fujifilm;Fotobelichtung / Digitaldruck;Fotografisch;Querformat;2:3;60;90;60x90;;;Holzleisten-Aufhängung (oben/unten);;;;
Poster/FineArt;Poster/FineArt mit Holzaufhänger;1;;Fotopapier (Fujifilm);Fotopapier;Silk;Fujifilm;Fotobelichtung / Digitaldruck;Fotografisch;Querformat;2:3;70;100;70x100;;;Holzleisten-Aufhängung (oben/unten);;;;
Poster/FineArt;Poster/FineArt mit Holzaufhänger;1;;Fotopapier (Fujifilm);Fotopapier;Silk;Fujifilm;Fotobelichtung / Digitaldruck;Fotografisch;Querformat;2:3;70;105;70x105;;;Holzleisten-Aufhängung (oben/unten);;;;
Poster/FineArt;Poster/FineArt mit Holzaufhänger;1;;Fotopapier (Fujifilm);Fotopapier;Silk;Fujifilm;Fotobelichtung / Digitaldruck;Fotografisch;Querformat;3:4;18;24;18x24;;;Holzleisten-Aufhängung (oben/unten);;;;
Poster/FineArt;Poster/FineArt mit Holzaufhänger;1;;Fotopapier (Fujifilm);Fotopapier;Silk;Fujifilm;Fotobelichtung / Digitaldruck;Fotografisch;Querformat;3:4;30;40;30x40;;;Holzleisten-Aufhängung (oben/unten);;;;
Poster/FineArt;Poster/FineArt mit Holzaufhänger;1;;Fotopapier (Fujifilm);Fotopapier;Silk;Fujifilm;Fotobelichtung / Digitaldruck;Fotografisch;Querformat;3:4;60;80;60x80;;;Holzleisten-Aufhängung (oben/unten);;;;
Poster/FineArt;Poster/FineArt mit Holzaufhänger;1;;Fotopapier (Fujifilm);Fotopapier;Silk;Fujifilm;Fotobelichtung / Digitaldruck;Fotografisch;Querformat;3:4;75;100;75x100;;;Holzleisten-Aufhängung (oben/unten);;;;
Poster/FineArt;Poster/FineArt mit Holzaufhänger;1;;Fotopapier (Fujifilm);Fotopapier;Silk;Fujifilm;Fotobelichtung / Digitaldruck;Fotografisch;Querformat;3:5;70;120;70x120;;;Holzleisten-Aufhängung (oben/unten);;;;
Poster/FineArt;Poster/FineArt mit Holzaufhänger;1;;Fotopapier (Fujifilm);Fotopapier;Silk;Fujifilm;Fotobelichtung / Digitaldruck;Fotografisch;Querformat;4:5;10;13;10x13;;;Holzleisten-Aufhängung (oben/unten);;;;
Poster/FineArt;Poster/FineArt mit Holzaufhänger;1;;Fotopapier (Fujifilm);Fotopapier;Silk;Fujifilm;Fotobelichtung / Digitaldruck;Fotografisch;Querformat;4:5;40;50;40x50;;;Holzleisten-Aufhängung (oben/unten);;;;
Poster/FineArt;Poster/FineArt mit Holzaufhänger;1;;Fotopapier (Fujifilm);Fotopapier;Silk;Fujifilm;Fotobelichtung / Digitaldruck;Fotografisch;Querformat;4:5;70;90;70x90;;;Holzleisten-Aufhängung (oben/unten);;;;
Poster/FineArt;Poster/FineArt mit Holzaufhänger;1;;Fotopapier (Fujifilm);Fotopapier;Silk;Fujifilm;Fotobelichtung / Digitaldruck;Fotografisch;Querformat;4:5;80;100;80x100;;;Holzleisten-Aufhängung (oben/unten);;;;
Poster/FineArt;Poster/FineArt mit Holzaufhänger;1;;Fotopapier (Fujifilm);Fotopapier;Silk;Fujifilm;Fotobelichtung / Digitaldruck;Fotografisch;Querformat;1:1;15;15;15x15;;;Holzleisten-Aufhängung (oben/unten);;;;
Poster/FineArt;Poster/FineArt mit Holzaufhänger;1;;Fotopapier (Fujifilm);Fotopapier;Silk;Fujifilm;Fotobelichtung / Digitaldruck;Fotografisch;Querformat;1:1;20;20;20x20;;;Holzleisten-Aufhängung (oben/unten);;;;
Poster/FineArt;Poster/FineArt mit Holzaufhänger;1;;Fotopapier (Fujifilm);Fotopapier;Silk;Fujifilm;Fotobelichtung / Digitaldruck;Fotografisch;Querformat;1:1;21;21;21x21;;;Holzleisten-Aufhängung (oben/unten);;;;
Poster/FineArt;Poster/FineArt mit Holzaufhänger;1;;Fotopapier (Fujifilm);Fotopapier;Silk;Fujifilm;Fotobelichtung / Digitaldruck;Fotografisch;Querformat;1:1;30;30;30x30;;;Holzleisten-Aufhängung (oben/unten);;;;
Poster/FineArt;Poster/FineArt mit Holzaufhänger;1;;Fotopapier (Fujifilm);Fotopapier;Silk;Fujifilm;Fotobelichtung / Digitaldruck;Fotografisch;Querformat;1:1;40;40;40x40;;;Holzleisten-Aufhängung (oben/unten);;;;
Poster/FineArt;Poster/FineArt mit Holzaufhänger;1;;Fotopapier (Fujifilm);Fotopapier;Silk;Fujifilm;Fotobelichtung / Digitaldruck;Fotografisch;Querformat;1:1;50;50;50x50;;;Holzleisten-Aufhängung (oben/unten);;;;
Poster/FineArt;Poster/FineArt mit Holzaufhänger;1;;Fotopapier (Fujifilm);Fotopapier;Silk;Fujifilm;Fotobelichtung / Digitaldruck;Fotografisch;Querformat;1:1;60;60;60x60;;;Holzleisten-Aufhängung (oben/unten);;;;
Poster/FineArt;Poster/FineArt mit Holzaufhänger;1;;Fotopapier (Fujifilm);Fotopapier;Silk;Fujifilm;Fotobelichtung / Digitaldruck;Fotografisch;Querformat;1:1;70;70;70x70;;;Holzleisten-Aufhängung (oben/unten);;;;
Poster/FineArt;Poster/FineArt mit Holzaufhänger;1;;Fotopapier (Fujifilm);Fotopapier;Silk;Fujifilm;Fotobelichtung / Digitaldruck;Fotografisch;Querformat;Panorama;10;18;10x18;;;Holzleisten-Aufhängung (oben/unten);;;;
Poster/FineArt;Poster/FineArt mit Holzaufhänger;1;;Fotopapier (Fujifilm);Fotopapier;Silk;Fujifilm;Fotobelichtung / Digitaldruck;Fotografisch;Querformat;Panorama;10;20;10x20;;;Holzleisten-Aufhängung (oben/unten);;;;
Poster/FineArt;Poster/FineArt mit Holzaufhänger;1;;Fotopapier (Fujifilm);Fotopapier;Silk;Fujifilm;Fotobelichtung / Digitaldruck;Fotografisch;Querformat;Panorama;20;40;20x40;;;Holzleisten-Aufhängung (oben/unten);;;;
Poster/FineArt;Poster/FineArt mit Holzaufhänger;1;;Fotopapier (Fujifilm);Fotopapier;Silk;Fujifilm;Fotobelichtung / Digitaldruck;Fotografisch;Querformat;Panorama;20;60;20x60;;;Holzleisten-Aufhängung (oben/unten);;;;
Poster/FineArt;Poster/FineArt mit Holzaufhänger;1;;Fotopapier (Fujifilm);Fotopapier;Silk;Fujifilm;Fotobelichtung / Digitaldruck;Fotografisch;Querformat;Panorama;30;60;30x60;;;Holzleisten-Aufhängung (oben/unten);;;;
Poster/FineArt;Poster/FineArt mit Holzaufhänger;1;;Fotopapier (Fujifilm);Fotopapier;Silk;Fujifilm;Fotobelichtung / Digitaldruck;Fotografisch;Querformat;Panorama;30;90;30x90;;;Holzleisten-Aufhängung (oben/unten);;;;
Poster/FineArt;Poster/FineArt mit Holzaufhänger;1;;Fotopapier (Fujifilm);Fotopapier;Silk;Fujifilm;Fotobelichtung / Digitaldruck;Fotografisch;Querformat;Panorama;40;80;40x80;;;Holzleisten-Aufhängung (oben/unten);;;;
Poster/FineArt;Poster/FineArt mit Holzaufhänger;1;;Fotopapier (Fujifilm);Fotopapier;Silk;Fujifilm;Fotobelichtung / Digitaldruck;Fotografisch;Querformat;Panorama;50;100;50x100;;;Holzleisten-Aufhängung (oben/unten);;;;
Poster/FineArt;Poster/FineArt mit Holzaufhänger;1;;Fotopapier (Fujifilm);Fotopapier;Silk;Fujifilm;Fotobelichtung / Digitaldruck;Fotografisch;Querformat;Panorama;60;120;60x120;;;Holzleisten-Aufhängung (oben/unten);;;;
Poster/FineArt;Poster/FineArt mit Holzaufhänger;1;;Fotopapier (Fujifilm);Fotopapier;Silk;Fujifilm;Fotobelichtung / Digitaldruck;Fotografisch;Querformat;Panorama;60;180;60x180;;;Holzleisten-Aufhängung (oben/unten);;;;
Poster/FineArt;Poster/FineArt mit Holzaufhänger;1;;Fotopapier (Fujifilm);Fotopapier;Silk;Fujifilm;Fotobelichtung / Digitaldruck;Fotografisch;Querformat;Panorama;70;180;70x180;;;Holzleisten-Aufhängung (oben/unten);;;;
Poster/FineArt;Poster/FineArt mit Holzaufhänger;1;;Fotopapier (Fujifilm);Fotopapier;glänzend;Fujifilm;Fotobelichtung / Digitaldruck;Fotografisch;Hochformat;2:3;10;15;10x15;;;Holzleisten-Aufhängung (oben/unten);;;;
Poster/FineArt;Poster/FineArt mit Holzaufhänger;1;;Fotopapier (Fujifilm);Fotopapier;glänzend;Fujifilm;Fotobelichtung / Digitaldruck;Fotografisch;Hochformat;2:3;10.5;14.8;10.5x14.8;A6;;Holzleisten-Aufhängung (oben/unten);;;;
Poster/FineArt;Poster/FineArt mit Holzaufhänger;1;;Fotopapier (Fujifilm);Fotopapier;glänzend;Fujifilm;Fotobelichtung / Digitaldruck;Fotografisch;Hochformat;2:3;13;18;13x18;;;Holzleisten-Aufhängung (oben/unten);;;;
Poster/FineArt;Poster/FineArt mit Holzaufhänger;1;;Fotopapier (Fujifilm);Fotopapier;glänzend;Fujifilm;Fotobelichtung / Digitaldruck;Fotografisch;Hochformat;2:3;13;19;13x19;;;Holzleisten-Aufhängung (oben/unten);;;;
Poster/FineArt;Poster/FineArt mit Holzaufhänger;1;;Fotopapier (Fujifilm);Fotopapier;glänzend;Fujifilm;Fotobelichtung / Digitaldruck;Fotografisch;Hochformat;2:3;14.8;21;14.8x21;A5;;Holzleisten-Aufhängung (oben/unten);;;;
Poster/FineArt;Poster/FineArt mit Holzaufhänger;1;;Fotopapier (Fujifilm);Fotopapier;glänzend;Fujifilm;Fotobelichtung / Digitaldruck;Fotografisch;Hochformat;2:3;15;21;15x21;;;Holzleisten-Aufhängung (oben/unten);;;;
Poster/FineArt;Poster/FineArt mit Holzaufhänger;1;;Fotopapier (Fujifilm);Fotopapier;glänzend;Fujifilm;Fotobelichtung / Digitaldruck;Fotografisch;Hochformat;2:3;15;22;15x22;;;Holzleisten-Aufhängung (oben/unten);;;;
Poster/FineArt;Poster/FineArt mit Holzaufhänger;1;;Fotopapier (Fujifilm);Fotopapier;glänzend;Fujifilm;Fotobelichtung / Digitaldruck;Fotografisch;Hochformat;2:3;20;30;20x30;;;Holzleisten-Aufhängung (oben/unten);;;;
Poster/FineArt;Poster/FineArt mit Holzaufhänger;1;;Fotopapier (Fujifilm);Fotopapier;glänzend;Fujifilm;Fotobelichtung / Digitaldruck;Fotografisch;Hochformat;2:3;21;29.7;21x29.7;A4;;Holzleisten-Aufhängung (oben/unten);;;;
Poster/FineArt;Poster/FineArt mit Holzaufhänger;1;;Fotopapier (Fujifilm);Fotopapier;glänzend;Fujifilm;Fotobelichtung / Digitaldruck;Fotografisch;Hochformat;2:3;21;30;21x30;A4;;Holzleisten-Aufhängung (oben/unten);;;;
Poster/FineArt;Poster/FineArt mit Holzaufhänger;1;;Fotopapier (Fujifilm);Fotopapier;glänzend;Fujifilm;Fotobelichtung / Digitaldruck;Fotografisch;Hochformat;2:3;29.7;42;29.7x42;A3;;Holzleisten-Aufhängung (oben/unten);;;;
Poster/FineArt;Poster/FineArt mit Holzaufhänger;1;;Fotopapier (Fujifilm);Fotopapier;glänzend;Fujifilm;Fotobelichtung / Digitaldruck;Fotografisch;Hochformat;2:3;30;45;30x45;;;Holzleisten-Aufhängung (oben/unten);;;;
Poster/FineArt;Poster/FineArt mit Holzaufhänger;1;;Fotopapier (Fujifilm);Fotopapier;glänzend;Fujifilm;Fotobelichtung / Digitaldruck;Fotografisch;Hochformat;2:3;40;60;40x60;;;Holzleisten-Aufhängung (oben/unten);;;;
Poster/FineArt;Poster/FineArt mit Holzaufhänger;1;;Fotopapier (Fujifilm);Fotopapier;glänzend;Fujifilm;Fotobelichtung / Digitaldruck;Fotografisch;Hochformat;2:3;42;59.4;42x59.4;A2;;Holzleisten-Aufhängung (oben/unten);;;;
Poster/FineArt;Poster/FineArt mit Holzaufhänger;1;;Fotopapier (Fujifilm);Fotopapier;glänzend;Fujifilm;Fotobelichtung / Digitaldruck;Fotografisch;Hochformat;2:3;50;70;50x70;;;Holzleisten-Aufhängung (oben/unten);;;;
Poster/FineArt;Poster/FineArt mit Holzaufhänger;1;;Fotopapier (Fujifilm);Fotopapier;glänzend;Fujifilm;Fotobelichtung / Digitaldruck;Fotografisch;Hochformat;2:3;50;75;50x75;;;Holzleisten-Aufhängung (oben/unten);;;;
Poster/FineArt;Poster/FineArt mit Holzaufhänger;1;;Fotopapier (Fujifilm);Fotopapier;glänzend;Fujifilm;Fotobelichtung / Digitaldruck;Fotografisch;Hochformat;2:3;59.4;84.1;59.4x84.1;A1;;Holzleisten-Aufhängung (oben/unten);;;;
Poster/FineArt;Poster/FineArt mit Holzaufhänger;1;;Fotopapier (Fujifilm);Fotopapier;glänzend;Fujifilm;Fotobelichtung / Digitaldruck;Fotografisch;Hochformat;2:3;60;90;60x90;;;Holzleisten-Aufhängung (oben/unten);;;;
Poster/FineArt;Poster/FineArt mit Holzaufhänger;1;;Fotopapier (Fujifilm);Fotopapier;glänzend;Fujifilm;Fotobelichtung / Digitaldruck;Fotografisch;Hochformat;2:3;70;100;70x100;;;Holzleisten-Aufhängung (oben/unten);;;;
Poster/FineArt;Poster/FineArt mit Holzaufhänger;1;;Fotopapier (Fujifilm);Fotopapier;glänzend;Fujifilm;Fotobelichtung / Digitaldruck;Fotografisch;Hochformat;2:3;70;105;70x105;;;Holzleisten-Aufhängung (oben/unten);;;;
Poster/FineArt;Poster/FineArt mit Holzaufhänger;1;;Fotopapier (Fujifilm);Fotopapier;glänzend;Fujifilm;Fotobelichtung / Digitaldruck;Fotografisch;Hochformat;3:4;18;24;18x24;;;Holzleisten-Aufhängung (oben/unten);;;;
Poster/FineArt;Poster/FineArt mit Holzaufhänger;1;;Fotopapier (Fujifilm);Fotopapier;glänzend;Fujifilm;Fotobelichtung / Digitaldruck;Fotografisch;Hochformat;3:4;30;40;30x40;;;Holzleisten-Aufhängung (oben/unten);;;;
Poster/FineArt;Poster/FineArt mit Holzaufhänger;1;;Fotopapier (Fujifilm);Fotopapier;glänzend;Fujifilm;Fotobelichtung / Digitaldruck;Fotografisch;Hochformat;3:4;60;80;60x80;;;Holzleisten-Aufhängung (oben/unten);;;;
Poster/FineArt;Poster/FineArt mit Holzaufhänger;1;;Fotopapier (Fujifilm);Fotopapier;glänzend;Fujifilm;Fotobelichtung / Digitaldruck;Fotografisch;Hochformat;3:4;75;100;75x100;;;Holzleisten-Aufhängung (oben/unten);;;;
Poster/FineArt;Poster/FineArt mit Holzaufhänger;1;;Fotopapier (Fujifilm);Fotopapier;glänzend;Fujifilm;Fotobelichtung / Digitaldruck;Fotografisch;Hochformat;3:5;70;120;70x120;;;Holzleisten-Aufhängung (oben/unten);;;;
Poster/FineArt;Poster/FineArt mit Holzaufhänger;1;;Fotopapier (Fujifilm);Fotopapier;glänzend;Fujifilm;Fotobelichtung / Digitaldruck;Fotografisch;Hochformat;4:5;10;13;10x13;;;Holzleisten-Aufhängung (oben/unten);;;;
Poster/FineArt;Poster/FineArt mit Holzaufhänger;1;;Fotopapier (Fujifilm);Fotopapier;glänzend;Fujifilm;Fotobelichtung / Digitaldruck;Fotografisch;Hochformat;4:5;40;50;40x50;;;Holzleisten-Aufhängung (oben/unten);;;;
Poster/FineArt;Poster/FineArt mit Holzaufhänger;1;;Fotopapier (Fujifilm);Fotopapier;glänzend;Fujifilm;Fotobelichtung / Digitaldruck;Fotografisch;Hochformat;4:5;70;90;70x90;;;Holzleisten-Aufhängung (oben/unten);;;;
Poster/FineArt;Poster/FineArt mit Holzaufhänger;1;;Fotopapier (Fujifilm);Fotopapier;glänzend;Fujifilm;Fotobelichtung / Digitaldruck;Fotografisch;Hochformat;4:5;80;100;80x100;;;Holzleisten-Aufhängung (oben/unten);;;;
Poster/FineArt;Poster/FineArt mit Holzaufhänger;1;;Fotopapier (Fujifilm);Fotopapier;glänzend;Fujifilm;Fotobelichtung / Digitaldruck;Fotografisch;Hochformat;1:1;15;15;15x15;;;Holzleisten-Aufhängung (oben/unten);;;;
Poster/FineArt;Poster/FineArt mit Holzaufhänger;1;;Fotopapier (Fujifilm);Fotopapier;glänzend;Fujifilm;Fotobelichtung / Digitaldruck;Fotografisch;Hochformat;1:1;20;20;20x20;;;Holzleisten-Aufhängung (oben/unten);;;;
Poster/FineArt;Poster/FineArt mit Holzaufhänger;1;;Fotopapier (Fujifilm);Fotopapier;glänzend;Fujifilm;Fotobelichtung / Digitaldruck;Fotografisch;Hochformat;1:1;21;21;21x21;;;Holzleisten-Aufhängung (oben/unten);;;;
Poster/FineArt;Poster/FineArt mit Holzaufhänger;1;;Fotopapier (Fujifilm);Fotopapier;glänzend;Fujifilm;Fotobelichtung / Digitaldruck;Fotografisch;Hochformat;1:1;30;30;30x30;;;Holzleisten-Aufhängung (oben/unten);;;;
Poster/FineArt;Poster/FineArt mit Holzaufhänger;1;;Fotopapier (Fujifilm);Fotopapier;glänzend;Fujifilm;Fotobelichtung / Digitaldruck;Fotografisch;Hochformat;1:1;40;40;40x40;;;Holzleisten-Aufhängung (oben/unten);;;;
Poster/FineArt;Poster/FineArt mit Holzaufhänger;1;;Fotopapier (Fujifilm);Fotopapier;glänzend;Fujifilm;Fotobelichtung / Digitaldruck;Fotografisch;Hochformat;1:1;50;50;50x50;;;Holzleisten-Aufhängung (oben/unten);;;;
Poster/FineArt;Poster/FineArt mit Holzaufhänger;1;;Fotopapier (Fujifilm);Fotopapier;glänzend;Fujifilm;Fotobelichtung / Digitaldruck;Fotografisch;Hochformat;1:1;60;60;60x60;;;Holzleisten-Aufhängung (oben/unten);;;;
Poster/FineArt;Poster/FineArt mit Holzaufhänger;1;;Fotopapier (Fujifilm);Fotopapier;glänzend;Fujifilm;Fotobelichtung / Digitaldruck;Fotografisch;Hochformat;1:1;70;70;70x70;;;Holzleisten-Aufhängung (oben/unten);;;;
Poster/FineArt;Poster/FineArt mit Holzaufhänger;1;;Fotopapier (Fujifilm);Fotopapier;glänzend;Fujifilm;Fotobelichtung / Digitaldruck;Fotografisch;Hochformat;Panorama;10;18;10x18;;;Holzleisten-Aufhängung (oben/unten);;;;
Poster/FineArt;Poster/FineArt mit Holzaufhänger;1;;Fotopapier (Fujifilm);Fotopapier;glänzend;Fujifilm;Fotobelichtung / Digitaldruck;Fotografisch;Hochformat;Panorama;10;20;10x20;;;Holzleisten-Aufhängung (oben/unten);;;;
Poster/FineArt;Poster/FineArt mit Holzaufhänger;1;;Fotopapier (Fujifilm);Fotopapier;glänzend;Fujifilm;Fotobelichtung / Digitaldruck;Fotografisch;Hochformat;Panorama;20;40;20x40;;;Holzleisten-Aufhängung (oben/unten);;;;
Poster/FineArt;Poster/FineArt mit Holzaufhänger;1;;Fotopapier (Fujifilm);Fotopapier;glänzend;Fujifilm;Fotobelichtung / Digitaldruck;Fotografisch;Hochformat;Panorama;20;60;20x60;;;Holzleisten-Aufhängung (oben/unten);;;;
Poster/FineArt;Poster/FineArt mit Holzaufhänger;1;;Fotopapier (Fujifilm);Fotopapier;glänzend;Fujifilm;Fotobelichtung / Digitaldruck;Fotografisch;Hochformat;Panorama;30;60;30x60;;;Holzleisten-Aufhängung (oben/unten);;;;
Poster/FineArt;Poster/FineArt mit Holzaufhänger;1;;Fotopapier (Fujifilm);Fotopapier;glänzend;Fujifilm;Fotobelichtung / Digitaldruck;Fotografisch;Hochformat;Panorama;30;90;30x90;;;Holzleisten-Aufhängung (oben/unten);;;;
Poster/FineArt;Poster/FineArt mit Holzaufhänger;1;;Fotopapier (Fujifilm);Fotopapier;glänzend;Fujifilm;Fotobelichtung / Digitaldruck;Fotografisch;Hochformat;Panorama;40;80;40x80;;;Holzleisten-Aufhängung (oben/unten);;;;
Poster/FineArt;Poster/FineArt mit Holzaufhänger;1;;Fotopapier (Fujifilm);Fotopapier;glänzend;Fujifilm;Fotobelichtung / Digitaldruck;Fotografisch;Hochformat;Panorama;50;100;50x100;;;Holzleisten-Aufhängung (oben/unten);;;;
Poster/FineArt;Poster/FineArt mit Holzaufhänger;1;;Fotopapier (Fujifilm);Fotopapier;glänzend;Fujifilm;Fotobelichtung / Digitaldruck;Fotografisch;Hochformat;Panorama;60;120;60x120;;;Holzleisten-Aufhängung (oben/unten);;;;
Poster/FineArt;Poster/FineArt mit Holzaufhänger;1;;Fotopapier (Fujifilm);Fotopapier;glänzend;Fujifilm;Fotobelichtung / Digitaldruck;Fotografisch;Hochformat;Panorama;60;180;60x180;;;Holzleisten-Aufhängung (oben/unten);;;;
Poster/FineArt;Poster/FineArt mit Holzaufhänger;1;;Fotopapier (Fujifilm);Fotopapier;glänzend;Fujifilm;Fotobelichtung / Digitaldruck;Fotografisch;Hochformat;Panorama;70;180;70x180;;;Holzleisten-Aufhängung (oben/unten);;;;
Poster/FineArt;Poster/FineArt mit Holzaufhänger;1;;Fotopapier (Fujifilm);Fotopapier;glänzend;Fujifilm;Fotobelichtung / Digitaldruck;Fotografisch;Querformat;2:3;10;15;10x15;;;Holzleisten-Aufhängung (oben/unten);;;;
Poster/FineArt;Poster/FineArt mit Holzaufhänger;1;;Fotopapier (Fujifilm);Fotopapier;glänzend;Fujifilm;Fotobelichtung / Digitaldruck;Fotografisch;Querformat;2:3;10.5;14.8;10.5x14.8;A6;;Holzleisten-Aufhängung (oben/unten);;;;
Poster/FineArt;Poster/FineArt mit Holzaufhänger;1;;Fotopapier (Fujifilm);Fotopapier;glänzend;Fujifilm;Fotobelichtung / Digitaldruck;Fotografisch;Querformat;2:3;13;18;13x18;;;Holzleisten-Aufhängung (oben/unten);;;;
Poster/FineArt;Poster/FineArt mit Holzaufhänger;1;;Fotopapier (Fujifilm);Fotopapier;glänzend;Fujifilm;Fotobelichtung / Digitaldruck;Fotografisch;Querformat;2:3;13;19;13x19;;;Holzleisten-Aufhängung (oben/unten);;;;
Poster/FineArt;Poster/FineArt mit Holzaufhänger;1;;Fotopapier (Fujifilm);Fotopapier;glänzend;Fujifilm;Fotobelichtung / Digitaldruck;Fotografisch;Querformat;2:3;14.8;21;14.8x21;A5;;Holzleisten-Aufhängung (oben/unten);;;;
Poster/FineArt;Poster/FineArt mit Holzaufhänger;1;;Fotopapier (Fujifilm);Fotopapier;glänzend;Fujifilm;Fotobelichtung / Digitaldruck;Fotografisch;Querformat;2:3;15;21;15x21;;;Holzleisten-Aufhängung (oben/unten);;;;
Poster/FineArt;Poster/FineArt mit Holzaufhänger;1;;Fotopapier (Fujifilm);Fotopapier;glänzend;Fujifilm;Fotobelichtung / Digitaldruck;Fotografisch;Querformat;2:3;15;22;15x22;;;Holzleisten-Aufhängung (oben/unten);;;;
Poster/FineArt;Poster/FineArt mit Holzaufhänger;1;;Fotopapier (Fujifilm);Fotopapier;glänzend;Fujifilm;Fotobelichtung / Digitaldruck;Fotografisch;Querformat;2:3;20;30;20x30;;;Holzleisten-Aufhängung (oben/unten);;;;
Poster/FineArt;Poster/FineArt mit Holzaufhänger;1;;Fotopapier (Fujifilm);Fotopapier;glänzend;Fujifilm;Fotobelichtung / Digitaldruck;Fotografisch;Querformat;2:3;21;29.7;21x29.7;A4;;Holzleisten-Aufhängung (oben/unten);;;;
Poster/FineArt;Poster/FineArt mit Holzaufhänger;1;;Fotopapier (Fujifilm);Fotopapier;glänzend;Fujifilm;Fotobelichtung / Digitaldruck;Fotografisch;Querformat;2:3;21;30;21x30;A4;;Holzleisten-Aufhängung (oben/unten);;;;
Poster/FineArt;Poster/FineArt mit Holzaufhänger;1;;Fotopapier (Fujifilm);Fotopapier;glänzend;Fujifilm;Fotobelichtung / Digitaldruck;Fotografisch;Querformat;2:3;29.7;42;29.7x42;A3;;Holzleisten-Aufhängung (oben/unten);;;;
Poster/FineArt;Poster/FineArt mit Holzaufhänger;1;;Fotopapier (Fujifilm);Fotopapier;glänzend;Fujifilm;Fotobelichtung / Digitaldruck;Fotografisch;Querformat;2:3;30;45;30x45;;;Holzleisten-Aufhängung (oben/unten);;;;
Poster/FineArt;Poster/FineArt mit Holzaufhänger;1;;Fotopapier (Fujifilm);Fotopapier;glänzend;Fujifilm;Fotobelichtung / Digitaldruck;Fotografisch;Querformat;2:3;40;60;40x60;;;Holzleisten-Aufhängung (oben/unten);;;;
Poster/FineArt;Poster/FineArt mit Holzaufhänger;1;;Fotopapier (Fujifilm);Fotopapier;glänzend;Fujifilm;Fotobelichtung / Digitaldruck;Fotografisch;Querformat;2:3;42;59.4;42x59.4;A2;;Holzleisten-Aufhängung (oben/unten);;;;
Poster/FineArt;Poster/FineArt mit Holzaufhänger;1;;Fotopapier (Fujifilm);Fotopapier;glänzend;Fujifilm;Fotobelichtung / Digitaldruck;Fotografisch;Querformat;2:3;50;70;50x70;;;Holzleisten-Aufhängung (oben/unten);;;;
Poster/FineArt;Poster/FineArt mit Holzaufhänger;1;;Fotopapier (Fujifilm);Fotopapier;glänzend;Fujifilm;Fotobelichtung / Digitaldruck;Fotografisch;Querformat;2:3;50;75;50x75;;;Holzleisten-Aufhängung (oben/unten);;;;
Poster/FineArt;Poster/FineArt mit Holzaufhänger;1;;Fotopapier (Fujifilm);Fotopapier;glänzend;Fujifilm;Fotobelichtung / Digitaldruck;Fotografisch;Querformat;2:3;59.4;84.1;59.4x84.1;A1;;Holzleisten-Aufhängung (oben/unten);;;;
Poster/FineArt;Poster/FineArt mit Holzaufhänger;1;;Fotopapier (Fujifilm);Fotopapier;glänzend;Fujifilm;Fotobelichtung / Digitaldruck;Fotografisch;Querformat;2:3;60;90;60x90;;;Holzleisten-Aufhängung (oben/unten);;;;
Poster/FineArt;Poster/FineArt mit Holzaufhänger;1;;Fotopapier (Fujifilm);Fotopapier;glänzend;Fujifilm;Fotobelichtung / Digitaldruck;Fotografisch;Querformat;2:3;70;100;70x100;;;Holzleisten-Aufhängung (oben/unten);;;;
Poster/FineArt;Poster/FineArt mit Holzaufhänger;1;;Fotopapier (Fujifilm);Fotopapier;glänzend;Fujifilm;Fotobelichtung / Digitaldruck;Fotografisch;Querformat;2:3;70;105;70x105;;;Holzleisten-Aufhängung (oben/unten);;;;
Poster/FineArt;Poster/FineArt mit Holzaufhänger;1;;Fotopapier (Fujifilm);Fotopapier;glänzend;Fujifilm;Fotobelichtung / Digitaldruck;Fotografisch;Querformat;3:4;18;24;18x24;;;Holzleisten-Aufhängung (oben/unten);;;;
Poster/FineArt;Poster/FineArt mit Holzaufhänger;1;;Fotopapier (Fujifilm);Fotopapier;glänzend;Fujifilm;Fotobelichtung / Digitaldruck;Fotografisch;Querformat;3:4;30;40;30x40;;;Holzleisten-Aufhängung (oben/unten);;;;
Poster/FineArt;Poster/FineArt mit Holzaufhänger;1;;Fotopapier (Fujifilm);Fotopapier;glänzend;Fujifilm;Fotobelichtung / Digitaldruck;Fotografisch;Querformat;3:4;60;80;60x80;;;Holzleisten-Aufhängung (oben/unten);;;;
Poster/FineArt;Poster/FineArt mit Holzaufhänger;1;;Fotopapier (Fujifilm);Fotopapier;glänzend;Fujifilm;Fotobelichtung / Digitaldruck;Fotografisch;Querformat;3:4;75;100;75x100;;;Holzleisten-Aufhängung (oben/unten);;;;
Poster/FineArt;Poster/FineArt mit Holzaufhänger;1;;Fotopapier (Fujifilm);Fotopapier;glänzend;Fujifilm;Fotobelichtung / Digitaldruck;Fotografisch;Querformat;3:5;70;120;70x120;;;Holzleisten-Aufhängung (oben/unten);;;;
Poster/FineArt;Poster/FineArt mit Holzaufhänger;1;;Fotopapier (Fujifilm);Fotopapier;glänzend;Fujifilm;Fotobelichtung / Digitaldruck;Fotografisch;Querformat;4:5;10;13;10x13;;;Holzleisten-Aufhängung (oben/unten);;;;
Poster/FineArt;Poster/FineArt mit Holzaufhänger;1;;Fotopapier (Fujifilm);Fotopapier;glänzend;Fujifilm;Fotobelichtung / Digitaldruck;Fotografisch;Querformat;4:5;40;50;40x50;;;Holzleisten-Aufhängung (oben/unten);;;;
Poster/FineArt;Poster/FineArt mit Holzaufhänger;1;;Fotopapier (Fujifilm);Fotopapier;glänzend;Fujifilm;Fotobelichtung / Digitaldruck;Fotografisch;Querformat;4:5;70;90;70x90;;;Holzleisten-Aufhängung (oben/unten);;;;
Poster/FineArt;Poster/FineArt mit Holzaufhänger;1;;Fotopapier (Fujifilm);Fotopapier;glänzend;Fujifilm;Fotobelichtung / Digitaldruck;Fotografisch;Querformat;4:5;80;100;80x100;;;Holzleisten-Aufhängung (oben/unten);;;;
Poster/FineArt;Poster/FineArt mit Holzaufhänger;1;;Fotopapier (Fujifilm);Fotopapier;glänzend;Fujifilm;Fotobelichtung / Digitaldruck;Fotografisch;Querformat;1:1;15;15;15x15;;;Holzleisten-Aufhängung (oben/unten);;;;
Poster/FineArt;Poster/FineArt mit Holzaufhänger;1;;Fotopapier (Fujifilm);Fotopapier;glänzend;Fujifilm;Fotobelichtung / Digitaldruck;Fotografisch;Querformat;1:1;20;20;20x20;;;Holzleisten-Aufhängung (oben/unten);;;;
Poster/FineArt;Poster/FineArt mit Holzaufhänger;1;;Fotopapier (Fujifilm);Fotopapier;glänzend;Fujifilm;Fotobelichtung / Digitaldruck;Fotografisch;Querformat;1:1;21;21;21x21;;;Holzleisten-Aufhängung (oben/unten);;;;
Poster/FineArt;Poster/FineArt mit Holzaufhänger;1;;Fotopapier (Fujifilm);Fotopapier;glänzend;Fujifilm;Fotobelichtung / Digitaldruck;Fotografisch;Querformat;1:1;30;30;30x30;;;Holzleisten-Aufhängung (oben/unten);;;;
Poster/FineArt;Poster/FineArt mit Holzaufhänger;1;;Fotopapier (Fujifilm);Fotopapier;glänzend;Fujifilm;Fotobelichtung / Digitaldruck;Fotografisch;Querformat;1:1;40;40;40x40;;;Holzleisten-Aufhängung (oben/unten);;;;
Poster/FineArt;Poster/FineArt mit Holzaufhänger;1;;Fotopapier (Fujifilm);Fotopapier;glänzend;Fujifilm;Fotobelichtung / Digitaldruck;Fotografisch;Querformat;1:1;50;50;50x50;;;Holzleisten-Aufhängung (oben/unten);;;;
Poster/FineArt;Poster/FineArt mit Holzaufhänger;1;;Fotopapier (Fujifilm);Fotopapier;glänzend;Fujifilm;Fotobelichtung / Digitaldruck;Fotografisch;Querformat;1:1;60;60;60x60;;;Holzleisten-Aufhängung (oben/unten);;;;
Poster/FineArt;Poster/FineArt mit Holzaufhänger;1;;Fotopapier (Fujifilm);Fotopapier;glänzend;Fujifilm;Fotobelichtung / Digitaldruck;Fotografisch;Querformat;1:1;70;70;70x70;;;Holzleisten-Aufhängung (oben/unten);;;;
Poster/FineArt;Poster/FineArt mit Holzaufhänger;1;;Fotopapier (Fujifilm);Fotopapier;glänzend;Fujifilm;Fotobelichtung / Digitaldruck;Fotografisch;Querformat;Panorama;10;18;10x18;;;Holzleisten-Aufhängung (oben/unten);;;;
Poster/FineArt;Poster/FineArt mit Holzaufhänger;1;;Fotopapier (Fujifilm);Fotopapier;glänzend;Fujifilm;Fotobelichtung / Digitaldruck;Fotografisch;Querformat;Panorama;10;20;10x20;;;Holzleisten-Aufhängung (oben/unten);;;;
Poster/FineArt;Poster/FineArt mit Holzaufhänger;1;;Fotopapier (Fujifilm);Fotopapier;glänzend;Fujifilm;Fotobelichtung / Digitaldruck;Fotografisch;Querformat;Panorama;20;40;20x40;;;Holzleisten-Aufhängung (oben/unten);;;;
Poster/FineArt;Poster/FineArt mit Holzaufhänger;1;;Fotopapier (Fujifilm);Fotopapier;glänzend;Fujifilm;Fotobelichtung / Digitaldruck;Fotografisch;Querformat;Panorama;20;60;20x60;;;Holzleisten-Aufhängung (oben/unten);;;;
Poster/FineArt;Poster/FineArt mit Holzaufhänger;1;;Fotopapier (Fujifilm);Fotopapier;glänzend;Fujifilm;Fotobelichtung / Digitaldruck;Fotografisch;Querformat;Panorama;30;60;30x60;;;Holzleisten-Aufhängung (oben/unten);;;;
Poster/FineArt;Poster/FineArt mit Holzaufhänger;1;;Fotopapier (Fujifilm);Fotopapier;glänzend;Fujifilm;Fotobelichtung / Digitaldruck;Fotografisch;Querformat;Panorama;30;90;30x90;;;Holzleisten-Aufhängung (oben/unten);;;;
Poster/FineArt;Poster/FineArt mit Holzaufhänger;1;;Fotopapier (Fujifilm);Fotopapier;glänzend;Fujifilm;Fotobelichtung / Digitaldruck;Fotografisch;Querformat;Panorama;40;80;40x80;;;Holzleisten-Aufhängung (oben/unten);;;;
Poster/FineArt;Poster/FineArt mit Holzaufhänger;1;;Fotopapier (Fujifilm);Fotopapier;glänzend;Fujifilm;Fotobelichtung / Digitaldruck;Fotografisch;Querformat;Panorama;50;100;50x100;;;Holzleisten-Aufhängung (oben/unten);;;;
Poster/FineArt;Poster/FineArt mit Holzaufhänger;1;;Fotopapier (Fujifilm);Fotopapier;glänzend;Fujifilm;Fotobelichtung / Digitaldruck;Fotografisch;Querformat;Panorama;60;120;60x120;;;Holzleisten-Aufhängung (oben/unten);;;;
Poster/FineArt;Poster/FineArt mit Holzaufhänger;1;;Fotopapier (Fujifilm);Fotopapier;glänzend;Fujifilm;Fotobelichtung / Digitaldruck;Fotografisch;Querformat;Panorama;60;180;60x180;;;Holzleisten-Aufhängung (oben/unten);;;;
Poster/FineArt;Poster/FineArt mit Holzaufhänger;1;;Fotopapier (Fujifilm);Fotopapier;glänzend;Fujifilm;Fotobelichtung / Digitaldruck;Fotografisch;Querformat;Panorama;70;180;70x180;;;Holzleisten-Aufhängung (oben/unten);;;;
Poster/FineArt;Poster/FineArt mit Holzaufhänger;1;;Fotopapier (Fujifilm);Fotopapier;matt;Fujifilm;Fotobelichtung / Digitaldruck;Fotografisch;Hochformat;2:3;10;15;10x15;;;Holzleisten-Aufhängung (oben/unten);;;;
Poster/FineArt;Poster/FineArt mit Holzaufhänger;1;;Fotopapier (Fujifilm);Fotopapier;matt;Fujifilm;Fotobelichtung / Digitaldruck;Fotografisch;Hochformat;2:3;10.5;14.8;10.5x14.8;A6;;Holzleisten-Aufhängung (oben/unten);;;;
Poster/FineArt;Poster/FineArt mit Holzaufhänger;1;;Fotopapier (Fujifilm);Fotopapier;matt;Fujifilm;Fotobelichtung / Digitaldruck;Fotografisch;Hochformat;2:3;13;18;13x18;;;Holzleisten-Aufhängung (oben/unten);;;;
Poster/FineArt;Poster/FineArt mit Holzaufhänger;1;;Fotopapier (Fujifilm);Fotopapier;matt;Fujifilm;Fotobelichtung / Digitaldruck;Fotografisch;Hochformat;2:3;13;19;13x19;;;Holzleisten-Aufhängung (oben/unten);;;;
Poster/FineArt;Poster/FineArt mit Holzaufhänger;1;;Fotopapier (Fujifilm);Fotopapier;matt;Fujifilm;Fotobelichtung / Digitaldruck;Fotografisch;Hochformat;2:3;14.8;21;14.8x21;A5;;Holzleisten-Aufhängung (oben/unten);;;;
Poster/FineArt;Poster/FineArt mit Holzaufhänger;1;;Fotopapier (Fujifilm);Fotopapier;matt;Fujifilm;Fotobelichtung / Digitaldruck;Fotografisch;Hochformat;2:3;15;21;15x21;;;Holzleisten-Aufhängung (oben/unten);;;;
Poster/FineArt;Poster/FineArt mit Holzaufhänger;1;;Fotopapier (Fujifilm);Fotopapier;matt;Fujifilm;Fotobelichtung / Digitaldruck;Fotografisch;Hochformat;2:3;15;22;15x22;;;Holzleisten-Aufhängung (oben/unten);;;;
Poster/FineArt;Poster/FineArt mit Holzaufhänger;1;;Fotopapier (Fujifilm);Fotopapier;matt;Fujifilm;Fotobelichtung / Digitaldruck;Fotografisch;Hochformat;2:3;20;30;20x30;;;Holzleisten-Aufhängung (oben/unten);;;;
Poster/FineArt;Poster/FineArt mit Holzaufhänger;1;;Fotopapier (Fujifilm);Fotopapier;matt;Fujifilm;Fotobelichtung / Digitaldruck;Fotografisch;Hochformat;2:3;21;29.7;21x29.7;A4;;Holzleisten-Aufhängung (oben/unten);;;;
Poster/FineArt;Poster/FineArt mit Holzaufhänger;1;;Fotopapier (Fujifilm);Fotopapier;matt;Fujifilm;Fotobelichtung / Digitaldruck;Fotografisch;Hochformat;2:3;21;30;21x30;A4;;Holzleisten-Aufhängung (oben/unten);;;;
Poster/FineArt;Poster/FineArt mit Holzaufhänger;1;;Fotopapier (Fujifilm);Fotopapier;matt;Fujifilm;Fotobelichtung / Digitaldruck;Fotografisch;Hochformat;2:3;29.7;42;29.7x42;A3;;Holzleisten-Aufhängung (oben/unten);;;;
Poster/FineArt;Poster/FineArt mit Holzaufhänger;1;;Fotopapier (Fujifilm);Fotopapier;matt;Fujifilm;Fotobelichtung / Digitaldruck;Fotografisch;Hochformat;2:3;30;45;30x45;;;Holzleisten-Aufhängung (oben/unten);;;;
Poster/FineArt;Poster/FineArt mit Holzaufhänger;1;;Fotopapier (Fujifilm);Fotopapier;matt;Fujifilm;Fotobelichtung / Digitaldruck;Fotografisch;Hochformat;2:3;40;60;40x60;;;Holzleisten-Aufhängung (oben/unten);;;;
Poster/FineArt;Poster/FineArt mit Holzaufhänger;1;;Fotopapier (Fujifilm);Fotopapier;matt;Fujifilm;Fotobelichtung / Digitaldruck;Fotografisch;Hochformat;2:3;42;59.4;42x59.4;A2;;Holzleisten-Aufhängung (oben/unten);;;;
Poster/FineArt;Poster/FineArt mit Holzaufhänger;1;;Fotopapier (Fujifilm);Fotopapier;matt;Fujifilm;Fotobelichtung / Digitaldruck;Fotografisch;Hochformat;2:3;50;70;50x70;;;Holzleisten-Aufhängung (oben/unten);;;;
Poster/FineArt;Poster/FineArt mit Holzaufhänger;1;;Fotopapier (Fujifilm);Fotopapier;matt;Fujifilm;Fotobelichtung / Digitaldruck;Fotografisch;Hochformat;2:3;50;75;50x75;;;Holzleisten-Aufhängung (oben/unten);;;;
Poster/FineArt;Poster/FineArt mit Holzaufhänger;1;;Fotopapier (Fujifilm);Fotopapier;matt;Fujifilm;Fotobelichtung / Digitaldruck;Fotografisch;Hochformat;2:3;59.4;84.1;59.4x84.1;A1;;Holzleisten-Aufhängung (oben/unten);;;;
Poster/FineArt;Poster/FineArt mit Holzaufhänger;1;;Fotopapier (Fujifilm);Fotopapier;matt;Fujifilm;Fotobelichtung / Digitaldruck;Fotografisch;Hochformat;2:3;60;90;60x90;;;Holzleisten-Aufhängung (oben/unten);;;;
Poster/FineArt;Poster/FineArt mit Holzaufhänger;1;;Fotopapier (Fujifilm);Fotopapier;matt;Fujifilm;Fotobelichtung / Digitaldruck;Fotografisch;Hochformat;2:3;70;100;70x100;;;Holzleisten-Aufhängung (oben/unten);;;;
Poster/FineArt;Poster/FineArt mit Holzaufhänger;1;;Fotopapier (Fujifilm);Fotopapier;matt;Fujifilm;Fotobelichtung / Digitaldruck;Fotografisch;Hochformat;2:3;70;105;70x105;;;Holzleisten-Aufhängung (oben/unten);;;;
Poster/FineArt;Poster/FineArt mit Holzaufhänger;1;;Fotopapier (Fujifilm);Fotopapier;matt;Fujifilm;Fotobelichtung / Digitaldruck;Fotografisch;Hochformat;3:4;18;24;18x24;;;Holzleisten-Aufhängung (oben/unten);;;;
Poster/FineArt;Poster/FineArt mit Holzaufhänger;1;;Fotopapier (Fujifilm);Fotopapier;matt;Fujifilm;Fotobelichtung / Digitaldruck;Fotografisch;Hochformat;3:4;30;40;30x40;;;Holzleisten-Aufhängung (oben/unten);;;;
Poster/FineArt;Poster/FineArt mit Holzaufhänger;1;;Fotopapier (Fujifilm);Fotopapier;matt;Fujifilm;Fotobelichtung / Digitaldruck;Fotografisch;Hochformat;3:4;60;80;60x80;;;Holzleisten-Aufhängung (oben/unten);;;;
Poster/FineArt;Poster/FineArt mit Holzaufhänger;1;;Fotopapier (Fujifilm);Fotopapier;matt;Fujifilm;Fotobelichtung / Digitaldruck;Fotografisch;Hochformat;3:4;75;100;75x100;;;Holzleisten-Aufhängung (oben/unten);;;;
Poster/FineArt;Poster/FineArt mit Holzaufhänger;1;;Fotopapier (Fujifilm);Fotopapier;matt;Fujifilm;Fotobelichtung / Digitaldruck;Fotografisch;Hochformat;3:5;70;120;70x120;;;Holzleisten-Aufhängung (oben/unten);;;;
Poster/FineArt;Poster/FineArt mit Holzaufhänger;1;;Fotopapier (Fujifilm);Fotopapier;matt;Fujifilm;Fotobelichtung / Digitaldruck;Fotografisch;Hochformat;4:5;10;13;10x13;;;Holzleisten-Aufhängung (oben/unten);;;;
Poster/FineArt;Poster/FineArt mit Holzaufhänger;1;;Fotopapier (Fujifilm);Fotopapier;matt;Fujifilm;Fotobelichtung / Digitaldruck;Fotografisch;Hochformat;4:5;40;50;40x50;;;Holzleisten-Aufhängung (oben/unten);;;;
Poster/FineArt;Poster/FineArt mit Holzaufhänger;1;;Fotopapier (Fujifilm);Fotopapier;matt;Fujifilm;Fotobelichtung / Digitaldruck;Fotografisch;Hochformat;4:5;70;90;70x90;;;Holzleisten-Aufhängung (oben/unten);;;;
Poster/FineArt;Poster/FineArt mit Holzaufhänger;1;;Fotopapier (Fujifilm);Fotopapier;matt;Fujifilm;Fotobelichtung / Digitaldruck;Fotografisch;Hochformat;4:5;80;100;80x100;;;Holzleisten-Aufhängung (oben/unten);;;;
Poster/FineArt;Poster/FineArt mit Holzaufhänger;1;;Fotopapier (Fujifilm);Fotopapier;matt;Fujifilm;Fotobelichtung / Digitaldruck;Fotografisch;Hochformat;1:1;15;15;15x15;;;Holzleisten-Aufhängung (oben/unten);;;;
Poster/FineArt;Poster/FineArt mit Holzaufhänger;1;;Fotopapier (Fujifilm);Fotopapier;matt;Fujifilm;Fotobelichtung / Digitaldruck;Fotografisch;Hochformat;1:1;20;20;20x20;;;Holzleisten-Aufhängung (oben/unten);;;;
Poster/FineArt;Poster/FineArt mit Holzaufhänger;1;;Fotopapier (Fujifilm);Fotopapier;matt;Fujifilm;Fotobelichtung / Digitaldruck;Fotografisch;Hochformat;1:1;21;21;21x21;;;Holzleisten-Aufhängung (oben/unten);;;;
Poster/FineArt;Poster/FineArt mit Holzaufhänger;1;;Fotopapier (Fujifilm);Fotopapier;matt;Fujifilm;Fotobelichtung / Digitaldruck;Fotografisch;Hochformat;1:1;30;30;30x30;;;Holzleisten-Aufhängung (oben/unten);;;;
Poster/FineArt;Poster/FineArt mit Holzaufhänger;1;;Fotopapier (Fujifilm);Fotopapier;matt;Fujifilm;Fotobelichtung / Digitaldruck;Fotografisch;Hochformat;1:1;40;40;40x40;;;Holzleisten-Aufhängung (oben/unten);;;;
Poster/FineArt;Poster/FineArt mit Holzaufhänger;1;;Fotopapier (Fujifilm);Fotopapier;matt;Fujifilm;Fotobelichtung / Digitaldruck;Fotografisch;Hochformat;1:1;50;50;50x50;;;Holzleisten-Aufhängung (oben/unten);;;;
Poster/FineArt;Poster/FineArt mit Holzaufhänger;1;;Fotopapier (Fujifilm);Fotopapier;matt;Fujifilm;Fotobelichtung / Digitaldruck;Fotografisch;Hochformat;1:1;60;60;60x60;;;Holzleisten-Aufhängung (oben/unten);;;;
Poster/FineArt;Poster/FineArt mit Holzaufhänger;1;;Fotopapier (Fujifilm);Fotopapier;matt;Fujifilm;Fotobelichtung / Digitaldruck;Fotografisch;Hochformat;1:1;70;70;70x70;;;Holzleisten-Aufhängung (oben/unten);;;;
Poster/FineArt;Poster/FineArt mit Holzaufhänger;1;;Fotopapier (Fujifilm);Fotopapier;matt;Fujifilm;Fotobelichtung / Digitaldruck;Fotografisch;Hochformat;Panorama;10;18;10x18;;;Holzleisten-Aufhängung (oben/unten);;;;
Poster/FineArt;Poster/FineArt mit Holzaufhänger;1;;Fotopapier (Fujifilm);Fotopapier;matt;Fujifilm;Fotobelichtung / Digitaldruck;Fotografisch;Hochformat;Panorama;10;20;10x20;;;Holzleisten-Aufhängung (oben/unten);;;;
Poster/FineArt;Poster/FineArt mit Holzaufhänger;1;;Fotopapier (Fujifilm);Fotopapier;matt;Fujifilm;Fotobelichtung / Digitaldruck;Fotografisch;Hochformat;Panorama;20;40;20x40;;;Holzleisten-Aufhängung (oben/unten);;;;
Poster/FineArt;Poster/FineArt mit Holzaufhänger;1;;Fotopapier (Fujifilm);Fotopapier;matt;Fujifilm;Fotobelichtung / Digitaldruck;Fotografisch;Hochformat;Panorama;20;60;20x60;;;Holzleisten-Aufhängung (oben/unten);;;;
Poster/FineArt;Poster/FineArt mit Holzaufhänger;1;;Fotopapier (Fujifilm);Fotopapier;matt;Fujifilm;Fotobelichtung / Digitaldruck;Fotografisch;Hochformat;Panorama;30;60;30x60;;;Holzleisten-Aufhängung (oben/unten);;;;
Poster/FineArt;Poster/FineArt mit Holzaufhänger;1;;Fotopapier (Fujifilm);Fotopapier;matt;Fujifilm;Fotobelichtung / Digitaldruck;Fotografisch;Hochformat;Panorama;30;90;30x90;;;Holzleisten-Aufhängung (oben/unten);;;;
Poster/FineArt;Poster/FineArt mit Holzaufhänger;1;;Fotopapier (Fujifilm);Fotopapier;matt;Fujifilm;Fotobelichtung / Digitaldruck;Fotografisch;Hochformat;Panorama;40;80;40x80;;;Holzleisten-Aufhängung (oben/unten);;;;
Poster/FineArt;Poster/FineArt mit Holzaufhänger;1;;Fotopapier (Fujifilm);Fotopapier;matt;Fujifilm;Fotobelichtung / Digitaldruck;Fotografisch;Hochformat;Panorama;50;100;50x100;;;Holzleisten-Aufhängung (oben/unten);;;;
Poster/FineArt;Poster/FineArt mit Holzaufhänger;1;;Fotopapier (Fujifilm);Fotopapier;matt;Fujifilm;Fotobelichtung / Digitaldruck;Fotografisch;Hochformat;Panorama;60;120;60x120;;;Holzleisten-Aufhängung (oben/unten);;;;
Poster/FineArt;Poster/FineArt mit Holzaufhänger;1;;Fotopapier (Fujifilm);Fotopapier;matt;Fujifilm;Fotobelichtung / Digitaldruck;Fotografisch;Hochformat;Panorama;60;180;60x180;;;Holzleisten-Aufhängung (oben/unten);;;;
Poster/FineArt;Poster/FineArt mit Holzaufhänger;1;;Fotopapier (Fujifilm);Fotopapier;matt;Fujifilm;Fotobelichtung / Digitaldruck;Fotografisch;Hochformat;Panorama;70;180;70x180;;;Holzleisten-Aufhängung (oben/unten);;;;
Poster/FineArt;Poster/FineArt mit Holzaufhänger;1;;Fotopapier (Fujifilm);Fotopapier;matt;Fujifilm;Fotobelichtung / Digitaldruck;Fotografisch;Querformat;2:3;10;15;10x15;;;Holzleisten-Aufhängung (oben/unten);;;;
Poster/FineArt;Poster/FineArt mit Holzaufhänger;1;;Fotopapier (Fujifilm);Fotopapier;matt;Fujifilm;Fotobelichtung / Digitaldruck;Fotografisch;Querformat;2:3;10.5;14.8;10.5x14.8;A6;;Holzleisten-Aufhängung (oben/unten);;;;
Poster/FineArt;Poster/FineArt mit Holzaufhänger;1;;Fotopapier (Fujifilm);Fotopapier;matt;Fujifilm;Fotobelichtung / Digitaldruck;Fotografisch;Querformat;2:3;13;18;13x18;;;Holzleisten-Aufhängung (oben/unten);;;;
Poster/FineArt;Poster/FineArt mit Holzaufhänger;1;;Fotopapier (Fujifilm);Fotopapier;matt;Fujifilm;Fotobelichtung / Digitaldruck;Fotografisch;Querformat;2:3;13;19;13x19;;;Holzleisten-Aufhängung (oben/unten);;;;
Poster/FineArt;Poster/FineArt mit Holzaufhänger;1;;Fotopapier (Fujifilm);Fotopapier;matt;Fujifilm;Fotobelichtung / Digitaldruck;Fotografisch;Querformat;2:3;14.8;21;14.8x21;A5;;Holzleisten-Aufhängung (oben/unten);;;;
Poster/FineArt;Poster/FineArt mit Holzaufhänger;1;;Fotopapier (Fujifilm);Fotopapier;matt;Fujifilm;Fotobelichtung / Digitaldruck;Fotografisch;Querformat;2:3;15;21;15x21;;;Holzleisten-Aufhängung (oben/unten);;;;
Poster/FineArt;Poster/FineArt mit Holzaufhänger;1;;Fotopapier (Fujifilm);Fotopapier;matt;Fujifilm;Fotobelichtung / Digitaldruck;Fotografisch;Querformat;2:3;15;22;15x22;;;Holzleisten-Aufhängung (oben/unten);;;;
Poster/FineArt;Poster/FineArt mit Holzaufhänger;1;;Fotopapier (Fujifilm);Fotopapier;matt;Fujifilm;Fotobelichtung / Digitaldruck;Fotografisch;Querformat;2:3;20;30;20x30;;;Holzleisten-Aufhängung (oben/unten);;;;
Poster/FineArt;Poster/FineArt mit Holzaufhänger;1;;Fotopapier (Fujifilm);Fotopapier;matt;Fujifilm;Fotobelichtung / Digitaldruck;Fotografisch;Querformat;2:3;21;29.7;21x29.7;A4;;Holzleisten-Aufhängung (oben/unten);;;;
Poster/FineArt;Poster/FineArt mit Holzaufhänger;1;;Fotopapier (Fujifilm);Fotopapier;matt;Fujifilm;Fotobelichtung / Digitaldruck;Fotografisch;Querformat;2:3;21;30;21x30;A4;;Holzleisten-Aufhängung (oben/unten);;;;
Poster/FineArt;Poster/FineArt mit Holzaufhänger;1;;Fotopapier (Fujifilm);Fotopapier;matt;Fujifilm;Fotobelichtung / Digitaldruck;Fotografisch;Querformat;2:3;29.7;42;29.7x42;A3;;Holzleisten-Aufhängung (oben/unten);;;;
Poster/FineArt;Poster/FineArt mit Holzaufhänger;1;;Fotopapier (Fujifilm);Fotopapier;matt;Fujifilm;Fotobelichtung / Digitaldruck;Fotografisch;Querformat;2:3;30;45;30x45;;;Holzleisten-Aufhängung (oben/unten);;;;
Poster/FineArt;Poster/FineArt mit Holzaufhänger;1;;Fotopapier (Fujifilm);Fotopapier;matt;Fujifilm;Fotobelichtung / Digitaldruck;Fotografisch;Querformat;2:3;40;60;40x60;;;Holzleisten-Aufhängung (oben/unten);;;;
Poster/FineArt;Poster/FineArt mit Holzaufhänger;1;;Fotopapier (Fujifilm);Fotopapier;matt;Fujifilm;Fotobelichtung / Digitaldruck;Fotografisch;Querformat;2:3;42;59.4;42x59.4;A2;;Holzleisten-Aufhängung (oben/unten);;;;
Poster/FineArt;Poster/FineArt mit Holzaufhänger;1;;Fotopapier (Fujifilm);Fotopapier;matt;Fujifilm;Fotobelichtung / Digitaldruck;Fotografisch;Querformat;2:3;50;70;50x70;;;Holzleisten-Aufhängung (oben/unten);;;;
Poster/FineArt;Poster/FineArt mit Holzaufhänger;1;;Fotopapier (Fujifilm);Fotopapier;matt;Fujifilm;Fotobelichtung / Digitaldruck;Fotografisch;Querformat;2:3;50;75;50x75;;;Holzleisten-Aufhängung (oben/unten);;;;
Poster/FineArt;Poster/FineArt mit Holzaufhänger;1;;Fotopapier (Fujifilm);Fotopapier;matt;Fujifilm;Fotobelichtung / Digitaldruck;Fotografisch;Querformat;2:3;59.4;84.1;59.4x84.1;A1;;Holzleisten-Aufhängung (oben/unten);;;;
Poster/FineArt;Poster/FineArt mit Holzaufhänger;1;;Fotopapier (Fujifilm);Fotopapier;matt;Fujifilm;Fotobelichtung / Digitaldruck;Fotografisch;Querformat;2:3;60;90;60x90;;;Holzleisten-Aufhängung (oben/unten);;;;
Poster/FineArt;Poster/FineArt mit Holzaufhänger;1;;Fotopapier (Fujifilm);Fotopapier;matt;Fujifilm;Fotobelichtung / Digitaldruck;Fotografisch;Querformat;2:3;70;100;70x100;;;Holzleisten-Aufhängung (oben/unten);;;;
Poster/FineArt;Poster/FineArt mit Holzaufhänger;1;;Fotopapier (Fujifilm);Fotopapier;matt;Fujifilm;Fotobelichtung / Digitaldruck;Fotografisch;Querformat;2:3;70;105;70x105;;;Holzleisten-Aufhängung (oben/unten);;;;
Poster/FineArt;Poster/FineArt mit Holzaufhänger;1;;Fotopapier (Fujifilm);Fotopapier;matt;Fujifilm;Fotobelichtung / Digitaldruck;Fotografisch;Querformat;3:4;18;24;18x24;;;Holzleisten-Aufhängung (oben/unten);;;;
Poster/FineArt;Poster/FineArt mit Holzaufhänger;1;;Fotopapier (Fujifilm);Fotopapier;matt;Fujifilm;Fotobelichtung / Digitaldruck;Fotografisch;Querformat;3:4;30;40;30x40;;;Holzleisten-Aufhängung (oben/unten);;;;
Poster/FineArt;Poster/FineArt mit Holzaufhänger;1;;Fotopapier (Fujifilm);Fotopapier;matt;Fujifilm;Fotobelichtung / Digitaldruck;Fotografisch;Querformat;3:4;60;80;60x80;;;Holzleisten-Aufhängung (oben/unten);;;;
Poster/FineArt;Poster/FineArt mit Holzaufhänger;1;;Fotopapier (Fujifilm);Fotopapier;matt;Fujifilm;Fotobelichtung / Digitaldruck;Fotografisch;Querformat;3:4;75;100;75x100;;;Holzleisten-Aufhängung (oben/unten);;;;
Poster/FineArt;Poster/FineArt mit Holzaufhänger;1;;Fotopapier (Fujifilm);Fotopapier;matt;Fujifilm;Fotobelichtung / Digitaldruck;Fotografisch;Querformat;3:5;70;120;70x120;;;Holzleisten-Aufhängung (oben/unten);;;;
Poster/FineArt;Poster/FineArt mit Holzaufhänger;1;;Fotopapier (Fujifilm);Fotopapier;matt;Fujifilm;Fotobelichtung / Digitaldruck;Fotografisch;Querformat;4:5;10;13;10x13;;;Holzleisten-Aufhängung (oben/unten);;;;
Poster/FineArt;Poster/FineArt mit Holzaufhänger;1;;Fotopapier (Fujifilm);Fotopapier;matt;Fujifilm;Fotobelichtung / Digitaldruck;Fotografisch;Querformat;4:5;40;50;40x50;;;Holzleisten-Aufhängung (oben/unten);;;;
Poster/FineArt;Poster/FineArt mit Holzaufhänger;1;;Fotopapier (Fujifilm);Fotopapier;matt;Fujifilm;Fotobelichtung / Digitaldruck;Fotografisch;Querformat;4:5;70;90;70x90;;;Holzleisten-Aufhängung (oben/unten);;;;
Poster/FineArt;Poster/FineArt mit Holzaufhänger;1;;Fotopapier (Fujifilm);Fotopapier;matt;Fujifilm;Fotobelichtung / Digitaldruck;Fotografisch;Querformat;4:5;80;100;80x100;;;Holzleisten-Aufhängung (oben/unten);;;;
Poster/FineArt;Poster/FineArt mit Holzaufhänger;1;;Fotopapier (Fujifilm);Fotopapier;matt;Fujifilm;Fotobelichtung / Digitaldruck;Fotografisch;Querformat;1:1;15;15;15x15;;;Holzleisten-Aufhängung (oben/unten);;;;
Poster/FineArt;Poster/FineArt mit Holzaufhänger;1;;Fotopapier (Fujifilm);Fotopapier;matt;Fujifilm;Fotobelichtung / Digitaldruck;Fotografisch;Querformat;1:1;20;20;20x20;;;Holzleisten-Aufhängung (oben/unten);;;;
Poster/FineArt;Poster/FineArt mit Holzaufhänger;1;;Fotopapier (Fujifilm);Fotopapier;matt;Fujifilm;Fotobelichtung / Digitaldruck;Fotografisch;Querformat;1:1;21;21;21x21;;;Holzleisten-Aufhängung (oben/unten);;;;
Poster/FineArt;Poster/FineArt mit Holzaufhänger;1;;Fotopapier (Fujifilm);Fotopapier;matt;Fujifilm;Fotobelichtung / Digitaldruck;Fotografisch;Querformat;1:1;30;30;30x30;;;Holzleisten-Aufhängung (oben/unten);;;;
Poster/FineArt;Poster/FineArt mit Holzaufhänger;1;;Fotopapier (Fujifilm);Fotopapier;matt;Fujifilm;Fotobelichtung / Digitaldruck;Fotografisch;Querformat;1:1;40;40;40x40;;;Holzleisten-Aufhängung (oben/unten);;;;
Poster/FineArt;Poster/FineArt mit Holzaufhänger;1;;Fotopapier (Fujifilm);Fotopapier;matt;Fujifilm;Fotobelichtung / Digitaldruck;Fotografisch;Querformat;1:1;50;50;50x50;;;Holzleisten-Aufhängung (oben/unten);;;;
Poster/FineArt;Poster/FineArt mit Holzaufhänger;1;;Fotopapier (Fujifilm);Fotopapier;matt;Fujifilm;Fotobelichtung / Digitaldruck;Fotografisch;Querformat;1:1;60;60;60x60;;;Holzleisten-Aufhängung (oben/unten);;;;
Poster/FineArt;Poster/FineArt mit Holzaufhänger;1;;Fotopapier (Fujifilm);Fotopapier;matt;Fujifilm;Fotobelichtung / Digitaldruck;Fotografisch;Querformat;1:1;70;70;70x70;;;Holzleisten-Aufhängung (oben/unten);;;;
Poster/FineArt;Poster/FineArt mit Holzaufhänger;1;;Fotopapier (Fujifilm);Fotopapier;matt;Fujifilm;Fotobelichtung / Digitaldruck;Fotografisch;Querformat;Panorama;10;18;10x18;;;Holzleisten-Aufhängung (oben/unten);;;;
Poster/FineArt;Poster/FineArt mit Holzaufhänger;1;;Fotopapier (Fujifilm);Fotopapier;matt;Fujifilm;Fotobelichtung / Digitaldruck;Fotografisch;Querformat;Panorama;10;20;10x20;;;Holzleisten-Aufhängung (oben/unten);;;;
Poster/FineArt;Poster/FineArt mit Holzaufhänger;1;;Fotopapier (Fujifilm);Fotopapier;matt;Fujifilm;Fotobelichtung / Digitaldruck;Fotografisch;Querformat;Panorama;20;40;20x40;;;Holzleisten-Aufhängung (oben/unten);;;;
Poster/FineArt;Poster/FineArt mit Holzaufhänger;1;;Fotopapier (Fujifilm);Fotopapier;matt;Fujifilm;Fotobelichtung / Digitaldruck;Fotografisch;Querformat;Panorama;20;60;20x60;;;Holzleisten-Aufhängung (oben/unten);;;;
Poster/FineArt;Poster/FineArt mit Holzaufhänger;1;;Fotopapier (Fujifilm);Fotopapier;matt;Fujifilm;Fotobelichtung / Digitaldruck;Fotografisch;Querformat;Panorama;30;60;30x60;;;Holzleisten-Aufhängung (oben/unten);;;;
Poster/FineArt;Poster/FineArt mit Holzaufhänger;1;;Fotopapier (Fujifilm);Fotopapier;matt;Fujifilm;Fotobelichtung / Digitaldruck;Fotografisch;Querformat;Panorama;30;90;30x90;;;Holzleisten-Aufhängung (oben/unten);;;;
Poster/FineArt;Poster/FineArt mit Holzaufhänger;1;;Fotopapier (Fujifilm);Fotopapier;matt;Fujifilm;Fotobelichtung / Digitaldruck;Fotografisch;Querformat;Panorama;40;80;40x80;;;Holzleisten-Aufhängung (oben/unten);;;;
Poster/FineArt;Poster/FineArt mit Holzaufhänger;1;;Fotopapier (Fujifilm);Fotopapier;matt;Fujifilm;Fotobelichtung / Digitaldruck;Fotografisch;Querformat;Panorama;50;100;50x100;;;Holzleisten-Aufhängung (oben/unten);;;;
Poster/FineArt;Poster/FineArt mit Holzaufhänger;1;;Fotopapier (Fujifilm);Fotopapier;matt;Fujifilm;Fotobelichtung / Digitaldruck;Fotografisch;Querformat;Panorama;60;120;60x120;;;Holzleisten-Aufhängung (oben/unten);;;;
Poster/FineArt;Poster/FineArt mit Holzaufhänger;1;;Fotopapier (Fujifilm);Fotopapier;matt;Fujifilm;Fotobelichtung / Digitaldruck;Fotografisch;Querformat;Panorama;60;180;60x180;;;Holzleisten-Aufhängung (oben/unten);;;;
Poster/FineArt;Poster/FineArt mit Holzaufhänger;1;;Fotopapier (Fujifilm);Fotopapier;matt;Fujifilm;Fotobelichtung / Digitaldruck;Fotografisch;Querformat;Panorama;70;180;70x180;;;Holzleisten-Aufhängung (oben/unten);;;;
