Kategorie;Produktlinie;Material/Papier (Oberflaeche);Druckverfahren;Ausrichtung;Formatgruppe (Seitenverhaeltnis);Format (cm);Weitere Optionen (Aufhaengung/Rahmen/Farbe/Staerke/Form)
Wandbild;Acrylglas;Acrylglas (mit Fotoabzug hinterklebt);Direktdruck HD;Hochformat;diverse;10x10;ohne Aufhaengung, weitere Aufhaengungen wie bei Alu-Verbund moeglich
Wandbild;Acrylglas;Acrylglas (mit Fotoabzug hinterklebt);Direktdruck HD;Hochformat;diverse;10x15;ohne Aufhaengung, weitere Aufhaengungen wie bei Alu-Verbund moeglich
Wandbild;Acrylglas;Acrylglas (mit Fotoabzug hinterklebt);Direktdruck HD;Hochformat;diverse;10x20;ohne Aufhaengung, weitere Aufhaengungen wie bei Alu-Verbund moeglich
Wandbild;Acrylglas;Acrylglas (mit Fotoabzug hinterklebt);Direktdruck HD;Hochformat;diverse;13x18;ohne Aufhaengung, weitere Aufhaengungen wie bei Alu-Verbund moeglich
Wandbild;Acrylglas;Acrylglas (mit Fotoabzug hinterklebt);Direktdruck HD;Hochformat;diverse;15x15;ohne Aufhaengung, weitere Aufhaengungen wie bei Alu-Verbund moeglich
Wandbild;Acrylglas;Acrylglas (mit Fotoabzug hinterklebt);Direktdruck HD;Hochformat;diverse;20x20;ohne Aufhaengung, weitere Aufhaengungen wie bei Alu-Verbund moeglich
Wandbild;Acrylglas;Acrylglas (mit Fotoabzug hinterklebt);Direktdruck HD;Hochformat;diverse;20x30;ohne Aufhaengung, weitere Aufhaengungen wie bei Alu-Verbund moeglich
Wandbild;Acrylglas;Acrylglas (mit Fotoabzug hinterklebt);Direktdruck HD;Hochformat;diverse;20x40;ohne Aufhaengung, weitere Aufhaengungen wie bei Alu-Verbund moeglich
Wandbild;Acrylglas;Acrylglas (mit Fotoabzug hinterklebt);Direktdruck HD;Hochformat;diverse;20x60;ohne Aufhaengung, weitere Aufhaengungen wie bei Alu-Verbund moeglich
Wandbild;Acrylglas;Acrylglas (mit Fotoabzug hinterklebt);Direktdruck HD;Hochformat;diverse;20x80;ohne Aufhaengung, weitere Aufhaengungen wie bei Alu-Verbund moeglich
Wandbild;Acrylglas;Acrylglas (mit Fotoabzug hinterklebt);Direktdruck HD;Hochformat;diverse;30x30;ohne Aufhaengung, weitere Aufhaengungen wie bei Alu-Verbund moeglich
Wandbild;Acrylglas;Acrylglas (mit Fotoabzug hinterklebt);Direktdruck HD;Hochformat;diverse;30x40;ohne Aufhaengung, weitere Aufhaengungen wie bei Alu-Verbund moeglich
Wandbild;Acrylglas;Acrylglas (mit Fotoabzug hinterklebt);Direktdruck HD;Hochformat;diverse;30x45;ohne Aufhaengung, weitere Aufhaengungen wie bei Alu-Verbund moeglich
Wandbild;Acrylglas;Acrylglas (mit Fotoabzug hinterklebt);Direktdruck HD;Hochformat;diverse;30x60;ohne Aufhaengung, weitere Aufhaengungen wie bei Alu-Verbund moeglich
Wandbild;Acrylglas;Acrylglas (mit Fotoabzug hinterklebt);Direktdruck HD;Hochformat;diverse;30x90;ohne Aufhaengung, weitere Aufhaengungen wie bei Alu-Verbund moeglich
Wandbild;Acrylglas;Acrylglas (mit Fotoabzug hinterklebt);Direktdruck HD;Hochformat;diverse;40x40;ohne Aufhaengung, weitere Aufhaengungen wie bei Alu-Verbund moeglich
Wandbild;Acrylglas;Acrylglas (mit Fotoabzug hinterklebt);Direktdruck HD;Hochformat;diverse;40x50;ohne Aufhaengung, weitere Aufhaengungen wie bei Alu-Verbund moeglich
Wandbild;Acrylglas;Acrylglas (mit Fotoabzug hinterklebt);Direktdruck HD;Hochformat;diverse;40x60;ohne Aufhaengung, weitere Aufhaengungen wie bei Alu-Verbund moeglich
Wandbild;Acrylglas;Acrylglas (mit Fotoabzug hinterklebt);Direktdruck HD;Hochformat;diverse;40x70;ohne Aufhaengung, weitere Aufhaengungen wie bei Alu-Verbund moeglich
Wandbild;Acrylglas;Acrylglas (mit Fotoabzug hinterklebt);Direktdruck HD;Hochformat;diverse;40x80;ohne Aufhaengung, weitere Aufhaengungen wie bei Alu-Verbund moeglich
Wandbild;Acrylglas;Acrylglas (mit Fotoabzug hinterklebt);Direktdruck HD;Hochformat;diverse;50x50;ohne Aufhaengung, weitere Aufhaengungen wie bei Alu-Verbund moeglich
Wandbild;Acrylglas;Acrylglas (mit Fotoabzug hinterklebt);Direktdruck HD;Hochformat;diverse;50x70;ohne Aufhaengung, weitere Aufhaengungen wie bei Alu-Verbund moeglich
Wandbild;Acrylglas;Acrylglas (mit Fotoabzug hinterklebt);Direktdruck HD;Hochformat;diverse;50x75;ohne Aufhaengung, weitere Aufhaengungen wie bei Alu-Verbund moeglich
Wandbild;Acrylglas;Acrylglas (mit Fotoabzug hinterklebt);Direktdruck HD;Hochformat;diverse;50x100;ohne Aufhaengung, weitere Aufhaengungen wie bei Alu-Verbund moeglich
Wandbild;Acrylglas;Acrylglas (mit Fotoabzug hinterklebt);Direktdruck HD;Querformat;diverse;10x10;ohne Aufhaengung, weitere Aufhaengungen wie bei Alu-Verbund moeglich
Wandbild;Acrylglas;Acrylglas (mit Fotoabzug hinterklebt);Direktdruck HD;Querformat;diverse;10x15;ohne Aufhaengung, weitere Aufhaengungen wie bei Alu-Verbund moeglich
Wandbild;Acrylglas;Acrylglas (mit Fotoabzug hinterklebt);Direktdruck HD;Querformat;diverse;10x20;ohne Aufhaengung, weitere Aufhaengungen wie bei Alu-Verbund moeglich
Wandbild;Acrylglas;Acrylglas (mit Fotoabzug hinterklebt);Direktdruck HD;Querformat;diverse;13x18;ohne Aufhaengung, weitere Aufhaengungen wie bei Alu-Verbund moeglich
Wandbild;Acrylglas;Acrylglas (mit Fotoabzug hinterklebt);Direktdruck HD;Querformat;diverse;15x15;ohne Aufhaengung, weitere Aufhaengungen wie bei Alu-Verbund moeglich
Wandbild;Acrylglas;Acrylglas (mit Fotoabzug hinterklebt);Direktdruck HD;Querformat;diverse;20x20;ohne Aufhaengung, weitere Aufhaengungen wie bei Alu-Verbund moeglich
Wandbild;Acrylglas;Acrylglas (mit Fotoabzug hinterklebt);Direktdruck HD;Querformat;diverse;20x30;ohne Aufhaengung, weitere Aufhaengungen wie bei Alu-Verbund moeglich
Wandbild;Acrylglas;Acrylglas (mit Fotoabzug hinterklebt);Direktdruck HD;Querformat;diverse;20x40;ohne Aufhaengung, weitere Aufhaengungen wie bei Alu-Verbund moeglich
Wandbild;Acrylglas;Acrylglas (mit Fotoabzug hinterklebt);Direktdruck HD;Querformat;diverse;20x60;ohne Aufhaengung, weitere Aufhaengungen wie bei Alu-Verbund moeglich
Wandbild;Acrylglas;Acrylglas (mit Fotoabzug hinterklebt);Direktdruck HD;Querformat;diverse;20x80;ohne Aufhaengung, weitere Aufhaengungen wie bei Alu-Verbund moeglich
Wandbild;Acrylglas;Acrylglas (mit Fotoabzug hinterklebt);Direktdruck HD;Querformat;diverse;30x30;ohne Aufhaengung, weitere Aufhaengungen wie bei Alu-Verbund moeglich
Wandbild;Acrylglas;Acrylglas (mit Fotoabzug hinterklebt);Direktdruck HD;Querformat;diverse;30x40;ohne Aufhaengung, weitere Aufhaengungen wie bei Alu-Verbund moeglich
Wandbild;Acrylglas;Acrylglas (mit Fotoabzug hinterklebt);Direktdruck HD;Querformat;diverse;30x45;ohne Aufhaengung, weitere Aufhaengungen wie bei Alu-Verbund moeglich
Wandbild;Acrylglas;Acrylglas (mit Fotoabzug hinterklebt);Direktdruck HD;Querformat;diverse;30x60;ohne Aufhaengung, weitere Aufhaengungen wie bei Alu-Verbund moeglich
Wandbild;Acrylglas;Acrylglas (mit Fotoabzug hinterklebt);Direktdruck HD;Querformat;diverse;30x90;ohne Aufhaengung, weitere Aufhaengungen wie bei Alu-Verbund moeglich
Wandbild;Acrylglas;Acrylglas (mit Fotoabzug hinterklebt);Direktdruck HD;Querformat;diverse;40x40;ohne Aufhaengung, weitere Aufhaengungen wie bei Alu-Verbund moeglich
Wandbild;Acrylglas;Acrylglas (mit Fotoabzug hinterklebt);Direktdruck HD;Querformat;diverse;40x50;ohne Aufhaengung, weitere Aufhaengungen wie bei Alu-Verbund moeglich
Wandbild;Acrylglas;Acrylglas (mit Fotoabzug hinterklebt);Direktdruck HD;Querformat;diverse;40x60;ohne Aufhaengung, weitere Aufhaengungen wie bei Alu-Verbund moeglich
Wandbild;Acrylglas;Acrylglas (mit Fotoabzug hinterklebt);Direktdruck HD;Querformat;diverse;40x70;ohne Aufhaengung, weitere Aufhaengungen wie bei Alu-Verbund moeglich
Wandbild;Acrylglas;Acrylglas (mit Fotoabzug hinterklebt);Direktdruck HD;Querformat;diverse;40x80;ohne Aufhaengung, weitere Aufhaengungen wie bei Alu-Verbund moeglich
Wandbild;Acrylglas;Acrylglas (mit Fotoabzug hinterklebt);Direktdruck HD;Querformat;diverse;50x50;ohne Aufhaengung, weitere Aufhaengungen wie bei Alu-Verbund moeglich
Wandbild;Acrylglas;Acrylglas (mit Fotoabzug hinterklebt);Direktdruck HD;Querformat;diverse;50x70;ohne Aufhaengung, weitere Aufhaengungen wie bei Alu-Verbund moeglich
Wandbild;Acrylglas;Acrylglas (mit Fotoabzug hinterklebt);Direktdruck HD;Querformat;diverse;50x75;ohne Aufhaengung, weitere Aufhaengungen wie bei Alu-Verbund moeglich
Wandbild;Acrylglas;Acrylglas (mit Fotoabzug hinterklebt);Direktdruck HD;Querformat;diverse;50x100;ohne Aufhaengung, weitere Aufhaengungen wie bei Alu-Verbund moeglich
Wandbild;Acrylglas;Acrylglas (mit Fotoabzug hinterklebt);Direktdruck Standard;Hochformat;diverse;10x10;ohne Aufhaengung, weitere Aufhaengungen wie bei Alu-Verbund moeglich
Wandbild;Acrylglas;Acrylglas (mit Fotoabzug hinterklebt);Direktdruck Standard;Hochformat;diverse;10x15;ohne Aufhaengung, weitere Aufhaengungen wie bei Alu-Verbund moeglich
Wandbild;Acrylglas;Acrylglas (mit Fotoabzug hinterklebt);Direktdruck Standard;Hochformat;diverse;10x20;ohne Aufhaengung, weitere Aufhaengungen wie bei Alu-Verbund moeglich
Wandbild;Acrylglas;Acrylglas (mit Fotoabzug hinterklebt);Direktdruck Standard;Hochformat;diverse;13x18;ohne Aufhaengung, weitere Aufhaengungen wie bei Alu-Verbund moeglich
Wandbild;Acrylglas;Acrylglas (mit Fotoabzug hinterklebt);Direktdruck Standard;Hochformat;diverse;15x15;ohne Aufhaengung, weitere Aufhaengungen wie bei Alu-Verbund moeglich
Wandbild;Acrylglas;Acrylglas (mit Fotoabzug hinterklebt);Direktdruck Standard;Hochformat;diverse;20x20;ohne Aufhaengung, weitere Aufhaengungen wie bei Alu-Verbund moeglich
Wandbild;Acrylglas;Acrylglas (mit Fotoabzug hinterklebt);Direktdruck Standard;Hochformat;diverse;20x30;ohne Aufhaengung, weitere Aufhaengungen wie bei Alu-Verbund moeglich
Wandbild;Acrylglas;Acrylglas (mit Fotoabzug hinterklebt);Direktdruck Standard;Hochformat;diverse;20x40;ohne Aufhaengung, weitere Aufhaengungen wie bei Alu-Verbund moeglich
Wandbild;Acrylglas;Acrylglas (mit Fotoabzug hinterklebt);Direktdruck Standard;Hochformat;diverse;20x60;ohne Aufhaengung, weitere Aufhaengungen wie bei Alu-Verbund moeglich
Wandbild;Acrylglas;Acrylglas (mit Fotoabzug hinterklebt);Direktdruck Standard;Hochformat;diverse;20x80;ohne Aufhaengung, weitere Aufhaengungen wie bei Alu-Verbund moeglich
Wandbild;Acrylglas;Acrylglas (mit Fotoabzug hinterklebt);Direktdruck Standard;Hochformat;diverse;30x30;ohne Aufhaengung, weitere Aufhaengungen wie bei Alu-Verbund moeglich
Wandbild;Acrylglas;Acrylglas (mit Fotoabzug hinterklebt);Direktdruck Standard;Hochformat;diverse;30x40;ohne Aufhaengung, weitere Aufhaengungen wie bei Alu-Verbund moeglich
Wandbild;Acrylglas;Acrylglas (mit Fotoabzug hinterklebt);Direktdruck Standard;Hochformat;diverse;30x45;ohne Aufhaengung, weitere Aufhaengungen wie bei Alu-Verbund moeglich
Wandbild;Acrylglas;Acrylglas (mit Fotoabzug hinterklebt);Direktdruck Standard;Hochformat;diverse;30x60;ohne Aufhaengung, weitere Aufhaengungen wie bei Alu-Verbund moeglich
Wandbild;Acrylglas;Acrylglas (mit Fotoabzug hinterklebt);Direktdruck Standard;Hochformat;diverse;30x90;ohne Aufhaengung, weitere Aufhaengungen wie bei Alu-Verbund moeglich
Wandbild;Acrylglas;Acrylglas (mit Fotoabzug hinterklebt);Direktdruck Standard;Hochformat;diverse;40x40;ohne Aufhaengung, weitere Aufhaengungen wie bei Alu-Verbund moeglich
Wandbild;Acrylglas;Acrylglas (mit Fotoabzug hinterklebt);Direktdruck Standard;Hochformat;diverse;40x50;ohne Aufhaengung, weitere Aufhaengungen wie bei Alu-Verbund moeglich
Wandbild;Acrylglas;Acrylglas (mit Fotoabzug hinterklebt);Direktdruck Standard;Hochformat;diverse;40x60;ohne Aufhaengung, weitere Aufhaengungen wie bei Alu-Verbund moeglich
Wandbild;Acrylglas;Acrylglas (mit Fotoabzug hinterklebt);Direktdruck Standard;Hochformat;diverse;40x70;ohne Aufhaengung, weitere Aufhaengungen wie bei Alu-Verbund moeglich
Wandbild;Acrylglas;Acrylglas (mit Fotoabzug hinterklebt);Direktdruck Standard;Hochformat;diverse;40x80;ohne Aufhaengung, weitere Aufhaengungen wie bei Alu-Verbund moeglich
Wandbild;Acrylglas;Acrylglas (mit Fotoabzug hinterklebt);Direktdruck Standard;Hochformat;diverse;50x50;ohne Aufhaengung, weitere Aufhaengungen wie bei Alu-Verbund moeglich
Wandbild;Acrylglas;Acrylglas (mit Fotoabzug hinterklebt);Direktdruck Standard;Hochformat;diverse;50x70;ohne Aufhaengung, weitere Aufhaengungen wie bei Alu-Verbund moeglich
Wandbild;Acrylglas;Acrylglas (mit Fotoabzug hinterklebt);Direktdruck Standard;Hochformat;diverse;50x75;ohne Aufhaengung, weitere Aufhaengungen wie bei Alu-Verbund moeglich
Wandbild;Acrylglas;Acrylglas (mit Fotoabzug hinterklebt);Direktdruck Standard;Hochformat;diverse;50x100;ohne Aufhaengung, weitere Aufhaengungen wie bei Alu-Verbund moeglich
Wandbild;Acrylglas;Acrylglas (mit Fotoabzug hinterklebt);Direktdruck Standard;Querformat;diverse;10x10;ohne Aufhaengung, weitere Aufhaengungen wie bei Alu-Verbund moeglich
Wandbild;Acrylglas;Acrylglas (mit Fotoabzug hinterklebt);Direktdruck Standard;Querformat;diverse;10x15;ohne Aufhaengung, weitere Aufhaengungen wie bei Alu-Verbund moeglich
Wandbild;Acrylglas;Acrylglas (mit Fotoabzug hinterklebt);Direktdruck Standard;Querformat;diverse;10x20;ohne Aufhaengung, weitere Aufhaengungen wie bei Alu-Verbund moeglich
Wandbild;Acrylglas;Acrylglas (mit Fotoabzug hinterklebt);Direktdruck Standard;Querformat;diverse;13x18;ohne Aufhaengung, weitere Aufhaengungen wie bei Alu-Verbund moeglich
Wandbild;Acrylglas;Acrylglas (mit Fotoabzug hinterklebt);Direktdruck Standard;Querformat;diverse;15x15;ohne Aufhaengung, weitere Aufhaengungen wie bei Alu-Verbund moeglich
Wandbild;Acrylglas;Acrylglas (mit Fotoabzug hinterklebt);Direktdruck Standard;Querformat;diverse;20x20;ohne Aufhaengung, weitere Aufhaengungen wie bei Alu-Verbund moeglich
Wandbild;Acrylglas;Acrylglas (mit Fotoabzug hinterklebt);Direktdruck Standard;Querformat;diverse;20x30;ohne Aufhaengung, weitere Aufhaengungen wie bei Alu-Verbund moeglich
Wandbild;Acrylglas;Acrylglas (mit Fotoabzug hinterklebt);Direktdruck Standard;Querformat;diverse;20x40;ohne Aufhaengung, weitere Aufhaengungen wie bei Alu-Verbund moeglich
Wandbild;Acrylglas;Acrylglas (mit Fotoabzug hinterklebt);Direktdruck Standard;Querformat;diverse;20x60;ohne Aufhaengung, weitere Aufhaengungen wie bei Alu-Verbund moeglich
Wandbild;Acrylglas;Acrylglas (mit Fotoabzug hinterklebt);Direktdruck Standard;Querformat;diverse;20x80;ohne Aufhaengung, weitere Aufhaengungen wie bei Alu-Verbund moeglich
Wandbild;Acrylglas;Acrylglas (mit Fotoabzug hinterklebt);Direktdruck Standard;Querformat;diverse;30x30;ohne Aufhaengung, weitere Aufhaengungen wie bei Alu-Verbund moeglich
Wandbild;Acrylglas;Acrylglas (mit Fotoabzug hinterklebt);Direktdruck Standard;Querformat;diverse;30x40;ohne Aufhaengung, weitere Aufhaengungen wie bei Alu-Verbund moeglich
Wandbild;Acrylglas;Acrylglas (mit Fotoabzug hinterklebt);Direktdruck Standard;Querformat;diverse;30x45;ohne Aufhaengung, weitere Aufhaengungen wie bei Alu-Verbund moeglich
Wandbild;Acrylglas;Acrylglas (mit Fotoabzug hinterklebt);Direktdruck Standard;Querformat;diverse;30x60;ohne Aufhaengung, weitere Aufhaengungen wie bei Alu-Verbund moeglich
Wandbild;Acrylglas;Acrylglas (mit Fotoabzug hinterklebt);Direktdruck Standard;Querformat;diverse;30x90;ohne Aufhaengung, weitere Aufhaengungen wie bei Alu-Verbund moeglich
Wandbild;Acrylglas;Acrylglas (mit Fotoabzug hinterklebt);Direktdruck Standard;Querformat;diverse;40x40;ohne Aufhaengung, weitere Aufhaengungen wie bei Alu-Verbund moeglich
Wandbild;Acrylglas;Acrylglas (mit Fotoabzug hinterklebt);Direktdruck Standard;Querformat;diverse;40x50;ohne Aufhaengung, weitere Aufhaengungen wie bei Alu-Verbund moeglich
Wandbild;Acrylglas;Acrylglas (mit Fotoabzug hinterklebt);Direktdruck Standard;Querformat;diverse;40x60;ohne Aufhaengung, weitere Aufhaengungen wie bei Alu-Verbund moeglich
Wandbild;Acrylglas;Acrylglas (mit Fotoabzug hinterklebt);Direktdruck Standard;Querformat;diverse;40x70;ohne Aufhaengung, weitere Aufhaengungen wie bei Alu-Verbund moeglich
Wandbild;Acrylglas;Acrylglas (mit Fotoabzug hinterklebt);Direktdruck Standard;Querformat;diverse;40x80;ohne Aufhaengung, weitere Aufhaengungen wie bei Alu-Verbund moeglich
Wandbild;Acrylglas;Acrylglas (mit Fotoabzug hinterklebt);Direktdruck Standard;Querformat;diverse;50x50;ohne Aufhaengung, weitere Aufhaengungen wie bei Alu-Verbund moeglich
Wandbild;Acrylglas;Acrylglas (mit Fotoabzug hinterklebt);Direktdruck Standard;Querformat;diverse;50x70;ohne Aufhaengung, weitere Aufhaengungen wie bei Alu-Verbund moeglich
Wandbild;Acrylglas;Acrylglas (mit Fotoabzug hinterklebt);Direktdruck Standard;Querformat;diverse;50x75;ohne Aufhaengung, weitere Aufhaengungen wie bei Alu-Verbund moeglich
Wandbild;Acrylglas;Acrylglas (mit Fotoabzug hinterklebt);Direktdruck Standard;Querformat;diverse;50x100;ohne Aufhaengung, weitere Aufhaengungen wie bei Alu-Verbund moeglich
Wandbild;Alu-Verbund;Alu-Verbund (Aluminium-Verbundplatte);Direktdruck HD;Hochformat;diverse (alle Seitenverhaeltnisse);10x10;ohne Aufhaengung, Standard-Aufhaengung, Profil-Aufhaengung, Schraubhalterung, Schattenfuge weiss, Schattenfuge schwarz, Schattenfuge Esche, Schattenfuge Eiche, Galerie-Profil-Aufhaengung
Wandbild;Alu-Verbund;Alu-Verbund (Aluminium-Verbundplatte);Direktdruck HD;Hochformat;diverse (alle Seitenverhaeltnisse);10x15;ohne Aufhaengung, Standard-Aufhaengung, Profil-Aufhaengung, Schraubhalterung, Schattenfuge weiss, Schattenfuge schwarz, Schattenfuge Esche, Schattenfuge Eiche, Galerie-Profil-Aufhaengung
Wandbild;Alu-Verbund;Alu-Verbund (Aluminium-Verbundplatte);Direktdruck HD;Hochformat;diverse (alle Seitenverhaeltnisse);10x20;ohne Aufhaengung, Standard-Aufhaengung, Profil-Aufhaengung, Schraubhalterung, Schattenfuge weiss, Schattenfuge schwarz, Schattenfuge Esche, Schattenfuge Eiche, Galerie-Profil-Aufhaengung
Wandbild;Alu-Verbund;Alu-Verbund (Aluminium-Verbundplatte);Direktdruck HD;Hochformat;diverse (alle Seitenverhaeltnisse);13x18;ohne Aufhaengung, Standard-Aufhaengung, Profil-Aufhaengung, Schraubhalterung, Schattenfuge weiss, Schattenfuge schwarz, Schattenfuge Esche, Schattenfuge Eiche, Galerie-Profil-Aufhaengung
Wandbild;Alu-Verbund;Alu-Verbund (Aluminium-Verbundplatte);Direktdruck HD;Hochformat;diverse (alle Seitenverhaeltnisse);15x15;ohne Aufhaengung, Standard-Aufhaengung, Profil-Aufhaengung, Schraubhalterung, Schattenfuge weiss, Schattenfuge schwarz, Schattenfuge Esche, Schattenfuge Eiche, Galerie-Profil-Aufhaengung
Wandbild;Alu-Verbund;Alu-Verbund (Aluminium-Verbundplatte);Direktdruck HD;Hochformat;diverse (alle Seitenverhaeltnisse);20x20;ohne Aufhaengung, Standard-Aufhaengung, Profil-Aufhaengung, Schraubhalterung, Schattenfuge weiss, Schattenfuge schwarz, Schattenfuge Esche, Schattenfuge Eiche, Galerie-Profil-Aufhaengung
Wandbild;Alu-Verbund;Alu-Verbund (Aluminium-Verbundplatte);Direktdruck HD;Hochformat;diverse (alle Seitenverhaeltnisse);20x30;ohne Aufhaengung, Standard-Aufhaengung, Profil-Aufhaengung, Schraubhalterung, Schattenfuge weiss, Schattenfuge schwarz, Schattenfuge Esche, Schattenfuge Eiche, Galerie-Profil-Aufhaengung
Wandbild;Alu-Verbund;Alu-Verbund (Aluminium-Verbundplatte);Direktdruck HD;Hochformat;diverse (alle Seitenverhaeltnisse);20x40;ohne Aufhaengung, Standard-Aufhaengung, Profil-Aufhaengung, Schraubhalterung, Schattenfuge weiss, Schattenfuge schwarz, Schattenfuge Esche, Schattenfuge Eiche, Galerie-Profil-Aufhaengung
Wandbild;Alu-Verbund;Alu-Verbund (Aluminium-Verbundplatte);Direktdruck HD;Hochformat;diverse (alle Seitenverhaeltnisse);20x60;ohne Aufhaengung, Standard-Aufhaengung, Profil-Aufhaengung, Schraubhalterung, Schattenfuge weiss, Schattenfuge schwarz, Schattenfuge Esche, Schattenfuge Eiche, Galerie-Profil-Aufhaengung
Wandbild;Alu-Verbund;Alu-Verbund (Aluminium-Verbundplatte);Direktdruck HD;Hochformat;diverse (alle Seitenverhaeltnisse);20x80;ohne Aufhaengung, Standard-Aufhaengung, Profil-Aufhaengung, Schraubhalterung, Schattenfuge weiss, Schattenfuge schwarz, Schattenfuge Esche, Schattenfuge Eiche, Galerie-Profil-Aufhaengung
Wandbild;Alu-Verbund;Alu-Verbund (Aluminium-Verbundplatte);Direktdruck HD;Hochformat;diverse (alle Seitenverhaeltnisse);30x30;ohne Aufhaengung, Standard-Aufhaengung, Profil-Aufhaengung, Schraubhalterung, Schattenfuge weiss, Schattenfuge schwarz, Schattenfuge Esche, Schattenfuge Eiche, Galerie-Profil-Aufhaengung
Wandbild;Alu-Verbund;Alu-Verbund (Aluminium-Verbundplatte);Direktdruck HD;Hochformat;diverse (alle Seitenverhaeltnisse);30x40;ohne Aufhaengung, Standard-Aufhaengung, Profil-Aufhaengung, Schraubhalterung, Schattenfuge weiss, Schattenfuge schwarz, Schattenfuge Esche, Schattenfuge Eiche, Galerie-Profil-Aufhaengung
Wandbild;Alu-Verbund;Alu-Verbund (Aluminium-Verbundplatte);Direktdruck HD;Hochformat;diverse (alle Seitenverhaeltnisse);30x45;ohne Aufhaengung, Standard-Aufhaengung, Profil-Aufhaengung, Schraubhalterung, Schattenfuge weiss, Schattenfuge schwarz, Schattenfuge Esche, Schattenfuge Eiche, Galerie-Profil-Aufhaengung
Wandbild;Alu-Verbund;Alu-Verbund (Aluminium-Verbundplatte);Direktdruck HD;Hochformat;diverse (alle Seitenverhaeltnisse);30x50;ohne Aufhaengung, Standard-Aufhaengung, Profil-Aufhaengung, Schraubhalterung, Schattenfuge weiss, Schattenfuge schwarz, Schattenfuge Esche, Schattenfuge Eiche, Galerie-Profil-Aufhaengung
Wandbild;Alu-Verbund;Alu-Verbund (Aluminium-Verbundplatte);Direktdruck HD;Hochformat;diverse (alle Seitenverhaeltnisse);30x60;ohne Aufhaengung, Standard-Aufhaengung, Profil-Aufhaengung, Schraubhalterung, Schattenfuge weiss, Schattenfuge schwarz, Schattenfuge Esche, Schattenfuge Eiche, Galerie-Profil-Aufhaengung
Wandbild;Alu-Verbund;Alu-Verbund (Aluminium-Verbundplatte);Direktdruck HD;Hochformat;diverse (alle Seitenverhaeltnisse);30x90;ohne Aufhaengung, Standard-Aufhaengung, Profil-Aufhaengung, Schraubhalterung, Schattenfuge weiss, Schattenfuge schwarz, Schattenfuge Esche, Schattenfuge Eiche, Galerie-Profil-Aufhaengung
Wandbild;Alu-Verbund;Alu-Verbund (Aluminium-Verbundplatte);Direktdruck HD;Hochformat;diverse (alle Seitenverhaeltnisse);30x120;ohne Aufhaengung, Standard-Aufhaengung, Profil-Aufhaengung, Schraubhalterung, Schattenfuge weiss, Schattenfuge schwarz, Schattenfuge Esche, Schattenfuge Eiche, Galerie-Profil-Aufhaengung
Wandbild;Alu-Verbund;Alu-Verbund (Aluminium-Verbundplatte);Direktdruck HD;Hochformat;diverse (alle Seitenverhaeltnisse);40x40;ohne Aufhaengung, Standard-Aufhaengung, Profil-Aufhaengung, Schraubhalterung, Schattenfuge weiss, Schattenfuge schwarz, Schattenfuge Esche, Schattenfuge Eiche, Galerie-Profil-Aufhaengung
Wandbild;Alu-Verbund;Alu-Verbund (Aluminium-Verbundplatte);Direktdruck HD;Hochformat;diverse (alle Seitenverhaeltnisse);40x50;ohne Aufhaengung, Standard-Aufhaengung, Profil-Aufhaengung, Schraubhalterung, Schattenfuge weiss, Schattenfuge schwarz, Schattenfuge Esche, Schattenfuge Eiche, Galerie-Profil-Aufhaengung
Wandbild;Alu-Verbund;Alu-Verbund (Aluminium-Verbundplatte);Direktdruck HD;Hochformat;diverse (alle Seitenverhaeltnisse);40x60;ohne Aufhaengung, Standard-Aufhaengung, Profil-Aufhaengung, Schraubhalterung, Schattenfuge weiss, Schattenfuge schwarz, Schattenfuge Esche, Schattenfuge Eiche, Galerie-Profil-Aufhaengung
Wandbild;Alu-Verbund;Alu-Verbund (Aluminium-Verbundplatte);Direktdruck HD;Hochformat;diverse (alle Seitenverhaeltnisse);40x70;ohne Aufhaengung, Standard-Aufhaengung, Profil-Aufhaengung, Schraubhalterung, Schattenfuge weiss, Schattenfuge schwarz, Schattenfuge Esche, Schattenfuge Eiche, Galerie-Profil-Aufhaengung
Wandbild;Alu-Verbund;Alu-Verbund (Aluminium-Verbundplatte);Direktdruck HD;Hochformat;diverse (alle Seitenverhaeltnisse);40x80;ohne Aufhaengung, Standard-Aufhaengung, Profil-Aufhaengung, Schraubhalterung, Schattenfuge weiss, Schattenfuge schwarz, Schattenfuge Esche, Schattenfuge Eiche, Galerie-Profil-Aufhaengung
Wandbild;Alu-Verbund;Alu-Verbund (Aluminium-Verbundplatte);Direktdruck HD;Hochformat;diverse (alle Seitenverhaeltnisse);40x120;ohne Aufhaengung, Standard-Aufhaengung, Profil-Aufhaengung, Schraubhalterung, Schattenfuge weiss, Schattenfuge schwarz, Schattenfuge Esche, Schattenfuge Eiche, Galerie-Profil-Aufhaengung
Wandbild;Alu-Verbund;Alu-Verbund (Aluminium-Verbundplatte);Direktdruck HD;Hochformat;diverse (alle Seitenverhaeltnisse);40x160;ohne Aufhaengung, Standard-Aufhaengung, Profil-Aufhaengung, Schraubhalterung, Schattenfuge weiss, Schattenfuge schwarz, Schattenfuge Esche, Schattenfuge Eiche, Galerie-Profil-Aufhaengung
Wandbild;Alu-Verbund;Alu-Verbund (Aluminium-Verbundplatte);Direktdruck HD;Hochformat;diverse (alle Seitenverhaeltnisse);45x60;ohne Aufhaengung, Standard-Aufhaengung, Profil-Aufhaengung, Schraubhalterung, Schattenfuge weiss, Schattenfuge schwarz, Schattenfuge Esche, Schattenfuge Eiche, Galerie-Profil-Aufhaengung
Wandbild;Alu-Verbund;Alu-Verbund (Aluminium-Verbundplatte);Direktdruck HD;Hochformat;diverse (alle Seitenverhaeltnisse);50x50;ohne Aufhaengung, Standard-Aufhaengung, Profil-Aufhaengung, Schraubhalterung, Schattenfuge weiss, Schattenfuge schwarz, Schattenfuge Esche, Schattenfuge Eiche, Galerie-Profil-Aufhaengung
Wandbild;Alu-Verbund;Alu-Verbund (Aluminium-Verbundplatte);Direktdruck HD;Hochformat;diverse (alle Seitenverhaeltnisse);50x70;ohne Aufhaengung, Standard-Aufhaengung, Profil-Aufhaengung, Schraubhalterung, Schattenfuge weiss, Schattenfuge schwarz, Schattenfuge Esche, Schattenfuge Eiche, Galerie-Profil-Aufhaengung
Wandbild;Alu-Verbund;Alu-Verbund (Aluminium-Verbundplatte);Direktdruck HD;Hochformat;diverse (alle Seitenverhaeltnisse);50x75;ohne Aufhaengung, Standard-Aufhaengung, Profil-Aufhaengung, Schraubhalterung, Schattenfuge weiss, Schattenfuge schwarz, Schattenfuge Esche, Schattenfuge Eiche, Galerie-Profil-Aufhaengung
Wandbild;Alu-Verbund;Alu-Verbund (Aluminium-Verbundplatte);Direktdruck HD;Hochformat;diverse (alle Seitenverhaeltnisse);50x100;ohne Aufhaengung, Standard-Aufhaengung, Profil-Aufhaengung, Schraubhalterung, Schattenfuge weiss, Schattenfuge schwarz, Schattenfuge Esche, Schattenfuge Eiche, Galerie-Profil-Aufhaengung
Wandbild;Alu-Verbund;Alu-Verbund (Aluminium-Verbundplatte);Direktdruck HD;Hochformat;diverse (alle Seitenverhaeltnisse);50x120;ohne Aufhaengung, Standard-Aufhaengung, Profil-Aufhaengung, Schraubhalterung, Schattenfuge weiss, Schattenfuge schwarz, Schattenfuge Esche, Schattenfuge Eiche, Galerie-Profil-Aufhaengung
Wandbild;Alu-Verbund;Alu-Verbund (Aluminium-Verbundplatte);Direktdruck HD;Hochformat;diverse (alle Seitenverhaeltnisse);50x140;ohne Aufhaengung, Standard-Aufhaengung, Profil-Aufhaengung, Schraubhalterung, Schattenfuge weiss, Schattenfuge schwarz, Schattenfuge Esche, Schattenfuge Eiche, Galerie-Profil-Aufhaengung
Wandbild;Alu-Verbund;Alu-Verbund (Aluminium-Verbundplatte);Direktdruck HD;Hochformat;diverse (alle Seitenverhaeltnisse);50x160;ohne Aufhaengung, Standard-Aufhaengung, Profil-Aufhaengung, Schraubhalterung, Schattenfuge weiss, Schattenfuge schwarz, Schattenfuge Esche, Schattenfuge Eiche, Galerie-Profil-Aufhaengung
Wandbild;Alu-Verbund;Alu-Verbund (Aluminium-Verbundplatte);Direktdruck HD;Hochformat;diverse (alle Seitenverhaeltnisse);60x60;ohne Aufhaengung, Standard-Aufhaengung, Profil-Aufhaengung, Schraubhalterung, Schattenfuge weiss, Schattenfuge schwarz, Schattenfuge Esche, Schattenfuge Eiche, Galerie-Profil-Aufhaengung
Wandbild;Alu-Verbund;Alu-Verbund (Aluminium-Verbundplatte);Direktdruck HD;Hochformat;diverse (alle Seitenverhaeltnisse);60x80;ohne Aufhaengung, Standard-Aufhaengung, Profil-Aufhaengung, Schraubhalterung, Schattenfuge weiss, Schattenfuge schwarz, Schattenfuge Esche, Schattenfuge Eiche, Galerie-Profil-Aufhaengung
Wandbild;Alu-Verbund;Alu-Verbund (Aluminium-Verbundplatte);Direktdruck HD;Hochformat;diverse (alle Seitenverhaeltnisse);60x90;ohne Aufhaengung, Standard-Aufhaengung, Profil-Aufhaengung, Schraubhalterung, Schattenfuge weiss, Schattenfuge schwarz, Schattenfuge Esche, Schattenfuge Eiche, Galerie-Profil-Aufhaengung
Wandbild;Alu-Verbund;Alu-Verbund (Aluminium-Verbundplatte);Direktdruck HD;Hochformat;diverse (alle Seitenverhaeltnisse);60x120;ohne Aufhaengung, Standard-Aufhaengung, Profil-Aufhaengung, Schraubhalterung, Schattenfuge weiss, Schattenfuge schwarz, Schattenfuge Esche, Schattenfuge Eiche, Galerie-Profil-Aufhaengung
Wandbild;Alu-Verbund;Alu-Verbund (Aluminium-Verbundplatte);Direktdruck HD;Hochformat;diverse (alle Seitenverhaeltnisse);60x140;ohne Aufhaengung, Standard-Aufhaengung, Profil-Aufhaengung, Schraubhalterung, Schattenfuge weiss, Schattenfuge schwarz, Schattenfuge Esche, Schattenfuge Eiche, Galerie-Profil-Aufhaengung
Wandbild;Alu-Verbund;Alu-Verbund (Aluminium-Verbundplatte);Direktdruck HD;Hochformat;diverse (alle Seitenverhaeltnisse);70x70;ohne Aufhaengung, Standard-Aufhaengung, Profil-Aufhaengung, Schraubhalterung, Schattenfuge weiss, Schattenfuge schwarz, Schattenfuge Esche, Schattenfuge Eiche, Galerie-Profil-Aufhaengung
Wandbild;Alu-Verbund;Alu-Verbund (Aluminium-Verbundplatte);Direktdruck HD;Hochformat;diverse (alle Seitenverhaeltnisse);70x120;ohne Aufhaengung, Standard-Aufhaengung, Profil-Aufhaengung, Schraubhalterung, Schattenfuge weiss, Schattenfuge schwarz, Schattenfuge Esche, Schattenfuge Eiche, Galerie-Profil-Aufhaengung
Wandbild;Alu-Verbund;Alu-Verbund (Aluminium-Verbundplatte);Direktdruck HD;Hochformat;diverse (alle Seitenverhaeltnisse);75x75;ohne Aufhaengung, Standard-Aufhaengung, Profil-Aufhaengung, Schraubhalterung, Schattenfuge weiss, Schattenfuge schwarz, Schattenfuge Esche, Schattenfuge Eiche, Galerie-Profil-Aufhaengung
Wandbild;Alu-Verbund;Alu-Verbund (Aluminium-Verbundplatte);Direktdruck HD;Hochformat;diverse (alle Seitenverhaeltnisse);75x100;ohne Aufhaengung, Standard-Aufhaengung, Profil-Aufhaengung, Schraubhalterung, Schattenfuge weiss, Schattenfuge schwarz, Schattenfuge Esche, Schattenfuge Eiche, Galerie-Profil-Aufhaengung
Wandbild;Alu-Verbund;Alu-Verbund (Aluminium-Verbundplatte);Direktdruck HD;Hochformat;diverse (alle Seitenverhaeltnisse);80x80;ohne Aufhaengung, Standard-Aufhaengung, Profil-Aufhaengung, Schraubhalterung, Schattenfuge weiss, Schattenfuge schwarz, Schattenfuge Esche, Schattenfuge Eiche, Galerie-Profil-Aufhaengung
Wandbild;Alu-Verbund;Alu-Verbund (Aluminium-Verbundplatte);Direktdruck HD;Hochformat;diverse (alle Seitenverhaeltnisse);80x100;ohne Aufhaengung, Standard-Aufhaengung, Profil-Aufhaengung, Schraubhalterung, Schattenfuge weiss, Schattenfuge schwarz, Schattenfuge Esche, Schattenfuge Eiche, Galerie-Profil-Aufhaengung
Wandbild;Alu-Verbund;Alu-Verbund (Aluminium-Verbundplatte);Direktdruck HD;Hochformat;diverse (alle Seitenverhaeltnisse);80x120;ohne Aufhaengung, Standard-Aufhaengung, Profil-Aufhaengung, Schraubhalterung, Schattenfuge weiss, Schattenfuge schwarz, Schattenfuge Esche, Schattenfuge Eiche, Galerie-Profil-Aufhaengung
Wandbild;Alu-Verbund;Alu-Verbund (Aluminium-Verbundplatte);Direktdruck HD;Hochformat;diverse (alle Seitenverhaeltnisse);90x90;ohne Aufhaengung, Standard-Aufhaengung, Profil-Aufhaengung, Schraubhalterung, Schattenfuge weiss, Schattenfuge schwarz, Schattenfuge Esche, Schattenfuge Eiche, Galerie-Profil-Aufhaengung
Wandbild;Alu-Verbund;Alu-Verbund (Aluminium-Verbundplatte);Direktdruck HD;Hochformat;diverse (alle Seitenverhaeltnisse);90x120;ohne Aufhaengung, Standard-Aufhaengung, Profil-Aufhaengung, Schraubhalterung, Schattenfuge weiss, Schattenfuge schwarz, Schattenfuge Esche, Schattenfuge Eiche, Galerie-Profil-Aufhaengung
Wandbild;Alu-Verbund;Alu-Verbund (Aluminium-Verbundplatte);Direktdruck HD;Hochformat;diverse (alle Seitenverhaeltnisse);90x160;ohne Aufhaengung, Standard-Aufhaengung, Profil-Aufhaengung, Schraubhalterung, Schattenfuge weiss, Schattenfuge schwarz, Schattenfuge Esche, Schattenfuge Eiche, Galerie-Profil-Aufhaengung
Wandbild;Alu-Verbund;Alu-Verbund (Aluminium-Verbundplatte);Direktdruck HD;Hochformat;diverse (alle Seitenverhaeltnisse);100x100;ohne Aufhaengung, Standard-Aufhaengung, Profil-Aufhaengung, Schraubhalterung, Schattenfuge weiss, Schattenfuge schwarz, Schattenfuge Esche, Schattenfuge Eiche, Galerie-Profil-Aufhaengung
Wandbild;Alu-Verbund;Alu-Verbund (Aluminium-Verbundplatte);Direktdruck HD;Hochformat;diverse (alle Seitenverhaeltnisse);100x120;ohne Aufhaengung, Standard-Aufhaengung, Profil-Aufhaengung, Schraubhalterung, Schattenfuge weiss, Schattenfuge schwarz, Schattenfuge Esche, Schattenfuge Eiche, Galerie-Profil-Aufhaengung
Wandbild;Alu-Verbund;Alu-Verbund (Aluminium-Verbundplatte);Direktdruck HD;Hochformat;diverse (alle Seitenverhaeltnisse);100x140;ohne Aufhaengung, Standard-Aufhaengung, Profil-Aufhaengung, Schraubhalterung, Schattenfuge weiss, Schattenfuge schwarz, Schattenfuge Esche, Schattenfuge Eiche, Galerie-Profil-Aufhaengung
Wandbild;Alu-Verbund;Alu-Verbund (Aluminium-Verbundplatte);Direktdruck HD;Hochformat;diverse (alle Seitenverhaeltnisse);100x160;ohne Aufhaengung, Standard-Aufhaengung, Profil-Aufhaengung, Schraubhalterung, Schattenfuge weiss, Schattenfuge schwarz, Schattenfuge Esche, Schattenfuge Eiche, Galerie-Profil-Aufhaengung
Wandbild;Alu-Verbund;Alu-Verbund (Aluminium-Verbundplatte);Direktdruck HD;Hochformat;diverse (alle Seitenverhaeltnisse);100x180;ohne Aufhaengung, Standard-Aufhaengung, Profil-Aufhaengung, Schraubhalterung, Schattenfuge weiss, Schattenfuge schwarz, Schattenfuge Esche, Schattenfuge Eiche, Galerie-Profil-Aufhaengung
Wandbild;Alu-Verbund;Alu-Verbund (Aluminium-Verbundplatte);Direktdruck HD;Hochformat;diverse (alle Seitenverhaeltnisse);100x200;ohne Aufhaengung, Standard-Aufhaengung, Profil-Aufhaengung, Schraubhalterung, Schattenfuge weiss, Schattenfuge schwarz, Schattenfuge Esche, Schattenfuge Eiche, Galerie-Profil-Aufhaengung
Wandbild;Alu-Verbund;Alu-Verbund (Aluminium-Verbundplatte);Direktdruck HD;Hochformat;diverse (alle Seitenverhaeltnisse);100x220;ohne Aufhaengung, Standard-Aufhaengung, Profil-Aufhaengung, Schraubhalterung, Schattenfuge weiss, Schattenfuge schwarz, Schattenfuge Esche, Schattenfuge Eiche, Galerie-Profil-Aufhaengung
Wandbild;Alu-Verbund;Alu-Verbund (Aluminium-Verbundplatte);Direktdruck HD;Hochformat;diverse (alle Seitenverhaeltnisse);100x240;ohne Aufhaengung, Standard-Aufhaengung, Profil-Aufhaengung, Schraubhalterung, Schattenfuge weiss, Schattenfuge schwarz, Schattenfuge Esche, Schattenfuge Eiche, Galerie-Profil-Aufhaengung
Wandbild;Alu-Verbund;Alu-Verbund (Aluminium-Verbundplatte);Direktdruck HD;Hochformat;diverse (alle Seitenverhaeltnisse);110x120;ohne Aufhaengung, Standard-Aufhaengung, Profil-Aufhaengung, Schraubhalterung, Schattenfuge weiss, Schattenfuge schwarz, Schattenfuge Esche, Schattenfuge Eiche, Galerie-Profil-Aufhaengung
Wandbild;Alu-Verbund;Alu-Verbund (Aluminium-Verbundplatte);Direktdruck HD;Hochformat;diverse (alle Seitenverhaeltnisse);110x160;ohne Aufhaengung, Standard-Aufhaengung, Profil-Aufhaengung, Schraubhalterung, Schattenfuge weiss, Schattenfuge schwarz, Schattenfuge Esche, Schattenfuge Eiche, Galerie-Profil-Aufhaengung
Wandbild;Alu-Verbund;Alu-Verbund (Aluminium-Verbundplatte);Direktdruck HD;Hochformat;diverse (alle Seitenverhaeltnisse);110x180;ohne Aufhaengung, Standard-Aufhaengung, Profil-Aufhaengung, Schraubhalterung, Schattenfuge weiss, Schattenfuge schwarz, Schattenfuge Esche, Schattenfuge Eiche, Galerie-Profil-Aufhaengung
Wandbild;Alu-Verbund;Alu-Verbund (Aluminium-Verbundplatte);Direktdruck HD;Hochformat;diverse (alle Seitenverhaeltnisse);110x200;ohne Aufhaengung, Standard-Aufhaengung, Profil-Aufhaengung, Schraubhalterung, Schattenfuge weiss, Schattenfuge schwarz, Schattenfuge Esche, Schattenfuge Eiche, Galerie-Profil-Aufhaengung
Wandbild;Alu-Verbund;Alu-Verbund (Aluminium-Verbundplatte);Direktdruck HD;Hochformat;diverse (alle Seitenverhaeltnisse);110x220;ohne Aufhaengung, Standard-Aufhaengung, Profil-Aufhaengung, Schraubhalterung, Schattenfuge weiss, Schattenfuge schwarz, Schattenfuge Esche, Schattenfuge Eiche, Galerie-Profil-Aufhaengung
Wandbild;Alu-Verbund;Alu-Verbund (Aluminium-Verbundplatte);Direktdruck HD;Hochformat;diverse (alle Seitenverhaeltnisse);110x240;ohne Aufhaengung, Standard-Aufhaengung, Profil-Aufhaengung, Schraubhalterung, Schattenfuge weiss, Schattenfuge schwarz, Schattenfuge Esche, Schattenfuge Eiche, Galerie-Profil-Aufhaengung
Wandbild;Alu-Verbund;Alu-Verbund (Aluminium-Verbundplatte);Direktdruck HD;Querformat;diverse (alle Seitenverhaeltnisse);10x10;ohne Aufhaengung, Standard-Aufhaengung, Profil-Aufhaengung, Schraubhalterung, Schattenfuge weiss, Schattenfuge schwarz, Schattenfuge Esche, Schattenfuge Eiche, Galerie-Profil-Aufhaengung
Wandbild;Alu-Verbund;Alu-Verbund (Aluminium-Verbundplatte);Direktdruck HD;Querformat;diverse (alle Seitenverhaeltnisse);10x15;ohne Aufhaengung, Standard-Aufhaengung, Profil-Aufhaengung, Schraubhalterung, Schattenfuge weiss, Schattenfuge schwarz, Schattenfuge Esche, Schattenfuge Eiche, Galerie-Profil-Aufhaengung
Wandbild;Alu-Verbund;Alu-Verbund (Aluminium-Verbundplatte);Direktdruck HD;Querformat;diverse (alle Seitenverhaeltnisse);10x20;ohne Aufhaengung, Standard-Aufhaengung, Profil-Aufhaengung, Schraubhalterung, Schattenfuge weiss, Schattenfuge schwarz, Schattenfuge Esche, Schattenfuge Eiche, Galerie-Profil-Aufhaengung
Wandbild;Alu-Verbund;Alu-Verbund (Aluminium-Verbundplatte);Direktdruck HD;Querformat;diverse (alle Seitenverhaeltnisse);13x18;ohne Aufhaengung, Standard-Aufhaengung, Profil-Aufhaengung, Schraubhalterung, Schattenfuge weiss, Schattenfuge schwarz, Schattenfuge Esche, Schattenfuge Eiche, Galerie-Profil-Aufhaengung
Wandbild;Alu-Verbund;Alu-Verbund (Aluminium-Verbundplatte);Direktdruck HD;Querformat;diverse (alle Seitenverhaeltnisse);15x15;ohne Aufhaengung, Standard-Aufhaengung, Profil-Aufhaengung, Schraubhalterung, Schattenfuge weiss, Schattenfuge schwarz, Schattenfuge Esche, Schattenfuge Eiche, Galerie-Profil-Aufhaengung
Wandbild;Alu-Verbund;Alu-Verbund (Aluminium-Verbundplatte);Direktdruck HD;Querformat;diverse (alle Seitenverhaeltnisse);20x20;ohne Aufhaengung, Standard-Aufhaengung, Profil-Aufhaengung, Schraubhalterung, Schattenfuge weiss, Schattenfuge schwarz, Schattenfuge Esche, Schattenfuge Eiche, Galerie-Profil-Aufhaengung
Wandbild;Alu-Verbund;Alu-Verbund (Aluminium-Verbundplatte);Direktdruck HD;Querformat;diverse (alle Seitenverhaeltnisse);20x30;ohne Aufhaengung, Standard-Aufhaengung, Profil-Aufhaengung, Schraubhalterung, Schattenfuge weiss, Schattenfuge schwarz, Schattenfuge Esche, Schattenfuge Eiche, Galerie-Profil-Aufhaengung
Wandbild;Alu-Verbund;Alu-Verbund (Aluminium-Verbundplatte);Direktdruck HD;Querformat;diverse (alle Seitenverhaeltnisse);20x40;ohne Aufhaengung, Standard-Aufhaengung, Profil-Aufhaengung, Schraubhalterung, Schattenfuge weiss, Schattenfuge schwarz, Schattenfuge Esche, Schattenfuge Eiche, Galerie-Profil-Aufhaengung
Wandbild;Alu-Verbund;Alu-Verbund (Aluminium-Verbundplatte);Direktdruck HD;Querformat;diverse (alle Seitenverhaeltnisse);20x60;ohne Aufhaengung, Standard-Aufhaengung, Profil-Aufhaengung, Schraubhalterung, Schattenfuge weiss, Schattenfuge schwarz, Schattenfuge Esche, Schattenfuge Eiche, Galerie-Profil-Aufhaengung
Wandbild;Alu-Verbund;Alu-Verbund (Aluminium-Verbundplatte);Direktdruck HD;Querformat;diverse (alle Seitenverhaeltnisse);20x80;ohne Aufhaengung, Standard-Aufhaengung, Profil-Aufhaengung, Schraubhalterung, Schattenfuge weiss, Schattenfuge schwarz, Schattenfuge Esche, Schattenfuge Eiche, Galerie-Profil-Aufhaengung
Wandbild;Alu-Verbund;Alu-Verbund (Aluminium-Verbundplatte);Direktdruck HD;Querformat;diverse (alle Seitenverhaeltnisse);30x30;ohne Aufhaengung, Standard-Aufhaengung, Profil-Aufhaengung, Schraubhalterung, Schattenfuge weiss, Schattenfuge schwarz, Schattenfuge Esche, Schattenfuge Eiche, Galerie-Profil-Aufhaengung
Wandbild;Alu-Verbund;Alu-Verbund (Aluminium-Verbundplatte);Direktdruck HD;Querformat;diverse (alle Seitenverhaeltnisse);30x40;ohne Aufhaengung, Standard-Aufhaengung, Profil-Aufhaengung, Schraubhalterung, Schattenfuge weiss, Schattenfuge schwarz, Schattenfuge Esche, Schattenfuge Eiche, Galerie-Profil-Aufhaengung
Wandbild;Alu-Verbund;Alu-Verbund (Aluminium-Verbundplatte);Direktdruck HD;Querformat;diverse (alle Seitenverhaeltnisse);30x45;ohne Aufhaengung, Standard-Aufhaengung, Profil-Aufhaengung, Schraubhalterung, Schattenfuge weiss, Schattenfuge schwarz, Schattenfuge Esche, Schattenfuge Eiche, Galerie-Profil-Aufhaengung
Wandbild;Alu-Verbund;Alu-Verbund (Aluminium-Verbundplatte);Direktdruck HD;Querformat;diverse (alle Seitenverhaeltnisse);30x50;ohne Aufhaengung, Standard-Aufhaengung, Profil-Aufhaengung, Schraubhalterung, Schattenfuge weiss, Schattenfuge schwarz, Schattenfuge Esche, Schattenfuge Eiche, Galerie-Profil-Aufhaengung
Wandbild;Alu-Verbund;Alu-Verbund (Aluminium-Verbundplatte);Direktdruck HD;Querformat;diverse (alle Seitenverhaeltnisse);30x60;ohne Aufhaengung, Standard-Aufhaengung, Profil-Aufhaengung, Schraubhalterung, Schattenfuge weiss, Schattenfuge schwarz, Schattenfuge Esche, Schattenfuge Eiche, Galerie-Profil-Aufhaengung
Wandbild;Alu-Verbund;Alu-Verbund (Aluminium-Verbundplatte);Direktdruck HD;Querformat;diverse (alle Seitenverhaeltnisse);30x90;ohne Aufhaengung, Standard-Aufhaengung, Profil-Aufhaengung, Schraubhalterung, Schattenfuge weiss, Schattenfuge schwarz, Schattenfuge Esche, Schattenfuge Eiche, Galerie-Profil-Aufhaengung
Wandbild;Alu-Verbund;Alu-Verbund (Aluminium-Verbundplatte);Direktdruck HD;Querformat;diverse (alle Seitenverhaeltnisse);30x120;ohne Aufhaengung, Standard-Aufhaengung, Profil-Aufhaengung, Schraubhalterung, Schattenfuge weiss, Schattenfuge schwarz, Schattenfuge Esche, Schattenfuge Eiche, Galerie-Profil-Aufhaengung
Wandbild;Alu-Verbund;Alu-Verbund (Aluminium-Verbundplatte);Direktdruck HD;Querformat;diverse (alle Seitenverhaeltnisse);40x40;ohne Aufhaengung, Standard-Aufhaengung, Profil-Aufhaengung, Schraubhalterung, Schattenfuge weiss, Schattenfuge schwarz, Schattenfuge Esche, Schattenfuge Eiche, Galerie-Profil-Aufhaengung
Wandbild;Alu-Verbund;Alu-Verbund (Aluminium-Verbundplatte);Direktdruck HD;Querformat;diverse (alle Seitenverhaeltnisse);40x50;ohne Aufhaengung, Standard-Aufhaengung, Profil-Aufhaengung, Schraubhalterung, Schattenfuge weiss, Schattenfuge schwarz, Schattenfuge Esche, Schattenfuge Eiche, Galerie-Profil-Aufhaengung
Wandbild;Alu-Verbund;Alu-Verbund (Aluminium-Verbundplatte);Direktdruck HD;Querformat;diverse (alle Seitenverhaeltnisse);40x60;ohne Aufhaengung, Standard-Aufhaengung, Profil-Aufhaengung, Schraubhalterung, Schattenfuge weiss, Schattenfuge schwarz, Schattenfuge Esche, Schattenfuge Eiche, Galerie-Profil-Aufhaengung
Wandbild;Alu-Verbund;Alu-Verbund (Aluminium-Verbundplatte);Direktdruck HD;Querformat;diverse (alle Seitenverhaeltnisse);40x70;ohne Aufhaengung, Standard-Aufhaengung, Profil-Aufhaengung, Schraubhalterung, Schattenfuge weiss, Schattenfuge schwarz, Schattenfuge Esche, Schattenfuge Eiche, Galerie-Profil-Aufhaengung
Wandbild;Alu-Verbund;Alu-Verbund (Aluminium-Verbundplatte);Direktdruck HD;Querformat;diverse (alle Seitenverhaeltnisse);40x80;ohne Aufhaengung, Standard-Aufhaengung, Profil-Aufhaengung, Schraubhalterung, Schattenfuge weiss, Schattenfuge schwarz, Schattenfuge Esche, Schattenfuge Eiche, Galerie-Profil-Aufhaengung
Wandbild;Alu-Verbund;Alu-Verbund (Aluminium-Verbundplatte);Direktdruck HD;Querformat;diverse (alle Seitenverhaeltnisse);40x120;ohne Aufhaengung, Standard-Aufhaengung, Profil-Aufhaengung, Schraubhalterung, Schattenfuge weiss, Schattenfuge schwarz, Schattenfuge Esche, Schattenfuge Eiche, Galerie-Profil-Aufhaengung
Wandbild;Alu-Verbund;Alu-Verbund (Aluminium-Verbundplatte);Direktdruck HD;Querformat;diverse (alle Seitenverhaeltnisse);40x160;ohne Aufhaengung, Standard-Aufhaengung, Profil-Aufhaengung, Schraubhalterung, Schattenfuge weiss, Schattenfuge schwarz, Schattenfuge Esche, Schattenfuge Eiche, Galerie-Profil-Aufhaengung
Wandbild;Alu-Verbund;Alu-Verbund (Aluminium-Verbundplatte);Direktdruck HD;Querformat;diverse (alle Seitenverhaeltnisse);45x60;ohne Aufhaengung, Standard-Aufhaengung, Profil-Aufhaengung, Schraubhalterung, Schattenfuge weiss, Schattenfuge schwarz, Schattenfuge Esche, Schattenfuge Eiche, Galerie-Profil-Aufhaengung
Wandbild;Alu-Verbund;Alu-Verbund (Aluminium-Verbundplatte);Direktdruck HD;Querformat;diverse (alle Seitenverhaeltnisse);50x50;ohne Aufhaengung, Standard-Aufhaengung, Profil-Aufhaengung, Schraubhalterung, Schattenfuge weiss, Schattenfuge schwarz, Schattenfuge Esche, Schattenfuge Eiche, Galerie-Profil-Aufhaengung
Wandbild;Alu-Verbund;Alu-Verbund (Aluminium-Verbundplatte);Direktdruck HD;Querformat;diverse (alle Seitenverhaeltnisse);50x70;ohne Aufhaengung, Standard-Aufhaengung, Profil-Aufhaengung, Schraubhalterung, Schattenfuge weiss, Schattenfuge schwarz, Schattenfuge Esche, Schattenfuge Eiche, Galerie-Profil-Aufhaengung
Wandbild;Alu-Verbund;Alu-Verbund (Aluminium-Verbundplatte);Direktdruck HD;Querformat;diverse (alle Seitenverhaeltnisse);50x75;ohne Aufhaengung, Standard-Aufhaengung, Profil-Aufhaengung, Schraubhalterung, Schattenfuge weiss, Schattenfuge schwarz, Schattenfuge Esche, Schattenfuge Eiche, Galerie-Profil-Aufhaengung
Wandbild;Alu-Verbund;Alu-Verbund (Aluminium-Verbundplatte);Direktdruck HD;Querformat;diverse (alle Seitenverhaeltnisse);50x100;ohne Aufhaengung, Standard-Aufhaengung, Profil-Aufhaengung, Schraubhalterung, Schattenfuge weiss, Schattenfuge schwarz, Schattenfuge Esche, Schattenfuge Eiche, Galerie-Profil-Aufhaengung
Wandbild;Alu-Verbund;Alu-Verbund (Aluminium-Verbundplatte);Direktdruck HD;Querformat;diverse (alle Seitenverhaeltnisse);50x120;ohne Aufhaengung, Standard-Aufhaengung, Profil-Aufhaengung, Schraubhalterung, Schattenfuge weiss, Schattenfuge schwarz, Schattenfuge Esche, Schattenfuge Eiche, Galerie-Profil-Aufhaengung
Wandbild;Alu-Verbund;Alu-Verbund (Aluminium-Verbundplatte);Direktdruck HD;Querformat;diverse (alle Seitenverhaeltnisse);50x140;ohne Aufhaengung, Standard-Aufhaengung, Profil-Aufhaengung, Schraubhalterung, Schattenfuge weiss, Schattenfuge schwarz, Schattenfuge Esche, Schattenfuge Eiche, Galerie-Profil-Aufhaengung
Wandbild;Alu-Verbund;Alu-Verbund (Aluminium-Verbundplatte);Direktdruck HD;Querformat;diverse (alle Seitenverhaeltnisse);50x160;ohne Aufhaengung, Standard-Aufhaengung, Profil-Aufhaengung, Schraubhalterung, Schattenfuge weiss, Schattenfuge schwarz, Schattenfuge Esche, Schattenfuge Eiche, Galerie-Profil-Aufhaengung
Wandbild;Alu-Verbund;Alu-Verbund (Aluminium-Verbundplatte);Direktdruck HD;Querformat;diverse (alle Seitenverhaeltnisse);60x60;ohne Aufhaengung, Standard-Aufhaengung, Profil-Aufhaengung, Schraubhalterung, Schattenfuge weiss, Schattenfuge schwarz, Schattenfuge Esche, Schattenfuge Eiche, Galerie-Profil-Aufhaengung
Wandbild;Alu-Verbund;Alu-Verbund (Aluminium-Verbundplatte);Direktdruck HD;Querformat;diverse (alle Seitenverhaeltnisse);60x80;ohne Aufhaengung, Standard-Aufhaengung, Profil-Aufhaengung, Schraubhalterung, Schattenfuge weiss, Schattenfuge schwarz, Schattenfuge Esche, Schattenfuge Eiche, Galerie-Profil-Aufhaengung
Wandbild;Alu-Verbund;Alu-Verbund (Aluminium-Verbundplatte);Direktdruck HD;Querformat;diverse (alle Seitenverhaeltnisse);60x90;ohne Aufhaengung, Standard-Aufhaengung, Profil-Aufhaengung, Schraubhalterung, Schattenfuge weiss, Schattenfuge schwarz, Schattenfuge Esche, Schattenfuge Eiche, Galerie-Profil-Aufhaengung
Wandbild;Alu-Verbund;Alu-Verbund (Aluminium-Verbundplatte);Direktdruck HD;Querformat;diverse (alle Seitenverhaeltnisse);60x120;ohne Aufhaengung, Standard-Aufhaengung, Profil-Aufhaengung, Schraubhalterung, Schattenfuge weiss, Schattenfuge schwarz, Schattenfuge Esche, Schattenfuge Eiche, Galerie-Profil-Aufhaengung
Wandbild;Alu-Verbund;Alu-Verbund (Aluminium-Verbundplatte);Direktdruck HD;Querformat;diverse (alle Seitenverhaeltnisse);60x140;ohne Aufhaengung, Standard-Aufhaengung, Profil-Aufhaengung, Schraubhalterung, Schattenfuge weiss, Schattenfuge schwarz, Schattenfuge Esche, Schattenfuge Eiche, Galerie-Profil-Aufhaengung
Wandbild;Alu-Verbund;Alu-Verbund (Aluminium-Verbundplatte);Direktdruck HD;Querformat;diverse (alle Seitenverhaeltnisse);70x70;ohne Aufhaengung, Standard-Aufhaengung, Profil-Aufhaengung, Schraubhalterung, Schattenfuge weiss, Schattenfuge schwarz, Schattenfuge Esche, Schattenfuge Eiche, Galerie-Profil-Aufhaengung
Wandbild;Alu-Verbund;Alu-Verbund (Aluminium-Verbundplatte);Direktdruck HD;Querformat;diverse (alle Seitenverhaeltnisse);70x120;ohne Aufhaengung, Standard-Aufhaengung, Profil-Aufhaengung, Schraubhalterung, Schattenfuge weiss, Schattenfuge schwarz, Schattenfuge Esche, Schattenfuge Eiche, Galerie-Profil-Aufhaengung
Wandbild;Alu-Verbund;Alu-Verbund (Aluminium-Verbundplatte);Direktdruck HD;Querformat;diverse (alle Seitenverhaeltnisse);75x75;ohne Aufhaengung, Standard-Aufhaengung, Profil-Aufhaengung, Schraubhalterung, Schattenfuge weiss, Schattenfuge schwarz, Schattenfuge Esche, Schattenfuge Eiche, Galerie-Profil-Aufhaengung
Wandbild;Alu-Verbund;Alu-Verbund (Aluminium-Verbundplatte);Direktdruck HD;Querformat;diverse (alle Seitenverhaeltnisse);75x100;ohne Aufhaengung, Standard-Aufhaengung, Profil-Aufhaengung, Schraubhalterung, Schattenfuge weiss, Schattenfuge schwarz, Schattenfuge Esche, Schattenfuge Eiche, Galerie-Profil-Aufhaengung
Wandbild;Alu-Verbund;Alu-Verbund (Aluminium-Verbundplatte);Direktdruck HD;Querformat;diverse (alle Seitenverhaeltnisse);80x80;ohne Aufhaengung, Standard-Aufhaengung, Profil-Aufhaengung, Schraubhalterung, Schattenfuge weiss, Schattenfuge schwarz, Schattenfuge Esche, Schattenfuge Eiche, Galerie-Profil-Aufhaengung
Wandbild;Alu-Verbund;Alu-Verbund (Aluminium-Verbundplatte);Direktdruck HD;Querformat;diverse (alle Seitenverhaeltnisse);80x100;ohne Aufhaengung, Standard-Aufhaengung, Profil-Aufhaengung, Schraubhalterung, Schattenfuge weiss, Schattenfuge schwarz, Schattenfuge Esche, Schattenfuge Eiche, Galerie-Profil-Aufhaengung
Wandbild;Alu-Verbund;Alu-Verbund (Aluminium-Verbundplatte);Direktdruck HD;Querformat;diverse (alle Seitenverhaeltnisse);80x120;ohne Aufhaengung, Standard-Aufhaengung, Profil-Aufhaengung, Schraubhalterung, Schattenfuge weiss, Schattenfuge schwarz, Schattenfuge Esche, Schattenfuge Eiche, Galerie-Profil-Aufhaengung
Wandbild;Alu-Verbund;Alu-Verbund (Aluminium-Verbundplatte);Direktdruck HD;Querformat;diverse (alle Seitenverhaeltnisse);90x90;ohne Aufhaengung, Standard-Aufhaengung, Profil-Aufhaengung, Schraubhalterung, Schattenfuge weiss, Schattenfuge schwarz, Schattenfuge Esche, Schattenfuge Eiche, Galerie-Profil-Aufhaengung
Wandbild;Alu-Verbund;Alu-Verbund (Aluminium-Verbundplatte);Direktdruck HD;Querformat;diverse (alle Seitenverhaeltnisse);90x120;ohne Aufhaengung, Standard-Aufhaengung, Profil-Aufhaengung, Schraubhalterung, Schattenfuge weiss, Schattenfuge schwarz, Schattenfuge Esche, Schattenfuge Eiche, Galerie-Profil-Aufhaengung
Wandbild;Alu-Verbund;Alu-Verbund (Aluminium-Verbundplatte);Direktdruck HD;Querformat;diverse (alle Seitenverhaeltnisse);90x160;ohne Aufhaengung, Standard-Aufhaengung, Profil-Aufhaengung, Schraubhalterung, Schattenfuge weiss, Schattenfuge schwarz, Schattenfuge Esche, Schattenfuge Eiche, Galerie-Profil-Aufhaengung
Wandbild;Alu-Verbund;Alu-Verbund (Aluminium-Verbundplatte);Direktdruck HD;Querformat;diverse (alle Seitenverhaeltnisse);100x100;ohne Aufhaengung, Standard-Aufhaengung, Profil-Aufhaengung, Schraubhalterung, Schattenfuge weiss, Schattenfuge schwarz, Schattenfuge Esche, Schattenfuge Eiche, Galerie-Profil-Aufhaengung
Wandbild;Alu-Verbund;Alu-Verbund (Aluminium-Verbundplatte);Direktdruck HD;Querformat;diverse (alle Seitenverhaeltnisse);100x120;ohne Aufhaengung, Standard-Aufhaengung, Profil-Aufhaengung, Schraubhalterung, Schattenfuge weiss, Schattenfuge schwarz, Schattenfuge Esche, Schattenfuge Eiche, Galerie-Profil-Aufhaengung
Wandbild;Alu-Verbund;Alu-Verbund (Aluminium-Verbundplatte);Direktdruck HD;Querformat;diverse (alle Seitenverhaeltnisse);100x140;ohne Aufhaengung, Standard-Aufhaengung, Profil-Aufhaengung, Schraubhalterung, Schattenfuge weiss, Schattenfuge schwarz, Schattenfuge Esche, Schattenfuge Eiche, Galerie-Profil-Aufhaengung
Wandbild;Alu-Verbund;Alu-Verbund (Aluminium-Verbundplatte);Direktdruck HD;Querformat;diverse (alle Seitenverhaeltnisse);100x160;ohne Aufhaengung, Standard-Aufhaengung, Profil-Aufhaengung, Schraubhalterung, Schattenfuge weiss, Schattenfuge schwarz, Schattenfuge Esche, Schattenfuge Eiche, Galerie-Profil-Aufhaengung
Wandbild;Alu-Verbund;Alu-Verbund (Aluminium-Verbundplatte);Direktdruck HD;Querformat;diverse (alle Seitenverhaeltnisse);100x180;ohne Aufhaengung, Standard-Aufhaengung, Profil-Aufhaengung, Schraubhalterung, Schattenfuge weiss, Schattenfuge schwarz, Schattenfuge Esche, Schattenfuge Eiche, Galerie-Profil-Aufhaengung
Wandbild;Alu-Verbund;Alu-Verbund (Aluminium-Verbundplatte);Direktdruck HD;Querformat;diverse (alle Seitenverhaeltnisse);100x200;ohne Aufhaengung, Standard-Aufhaengung, Profil-Aufhaengung, Schraubhalterung, Schattenfuge weiss, Schattenfuge schwarz, Schattenfuge Esche, Schattenfuge Eiche, Galerie-Profil-Aufhaengung
Wandbild;Alu-Verbund;Alu-Verbund (Aluminium-Verbundplatte);Direktdruck HD;Querformat;diverse (alle Seitenverhaeltnisse);100x220;ohne Aufhaengung, Standard-Aufhaengung, Profil-Aufhaengung, Schraubhalterung, Schattenfuge weiss, Schattenfuge schwarz, Schattenfuge Esche, Schattenfuge Eiche, Galerie-Profil-Aufhaengung
Wandbild;Alu-Verbund;Alu-Verbund (Aluminium-Verbundplatte);Direktdruck HD;Querformat;diverse (alle Seitenverhaeltnisse);100x240;ohne Aufhaengung, Standard-Aufhaengung, Profil-Aufhaengung, Schraubhalterung, Schattenfuge weiss, Schattenfuge schwarz, Schattenfuge Esche, Schattenfuge Eiche, Galerie-Profil-Aufhaengung
Wandbild;Alu-Verbund;Alu-Verbund (Aluminium-Verbundplatte);Direktdruck HD;Querformat;diverse (alle Seitenverhaeltnisse);110x120;ohne Aufhaengung, Standard-Aufhaengung, Profil-Aufhaengung, Schraubhalterung, Schattenfuge weiss, Schattenfuge schwarz, Schattenfuge Esche, Schattenfuge Eiche, Galerie-Profil-Aufhaengung
Wandbild;Alu-Verbund;Alu-Verbund (Aluminium-Verbundplatte);Direktdruck HD;Querformat;diverse (alle Seitenverhaeltnisse);110x160;ohne Aufhaengung, Standard-Aufhaengung, Profil-Aufhaengung, Schraubhalterung, Schattenfuge weiss, Schattenfuge schwarz, Schattenfuge Esche, Schattenfuge Eiche, Galerie-Profil-Aufhaengung
Wandbild;Alu-Verbund;Alu-Verbund (Aluminium-Verbundplatte);Direktdruck HD;Querformat;diverse (alle Seitenverhaeltnisse);110x180;ohne Aufhaengung, Standard-Aufhaengung, Profil-Aufhaengung, Schraubhalterung, Schattenfuge weiss, Schattenfuge schwarz, Schattenfuge Esche, Schattenfuge Eiche, Galerie-Profil-Aufhaengung
Wandbild;Alu-Verbund;Alu-Verbund (Aluminium-Verbundplatte);Direktdruck HD;Querformat;diverse (alle Seitenverhaeltnisse);110x200;ohne Aufhaengung, Standard-Aufhaengung, Profil-Aufhaengung, Schraubhalterung, Schattenfuge weiss, Schattenfuge schwarz, Schattenfuge Esche, Schattenfuge Eiche, Galerie-Profil-Aufhaengung
Wandbild;Alu-Verbund;Alu-Verbund (Aluminium-Verbundplatte);Direktdruck HD;Querformat;diverse (alle Seitenverhaeltnisse);110x220;ohne Aufhaengung, Standard-Aufhaengung, Profil-Aufhaengung, Schraubhalterung, Schattenfuge weiss, Schattenfuge schwarz, Schattenfuge Esche, Schattenfuge Eiche, Galerie-Profil-Aufhaengung
Wandbild;Alu-Verbund;Alu-Verbund (Aluminium-Verbundplatte);Direktdruck HD;Querformat;diverse (alle Seitenverhaeltnisse);110x240;ohne Aufhaengung, Standard-Aufhaengung, Profil-Aufhaengung, Schraubhalterung, Schattenfuge weiss, Schattenfuge schwarz, Schattenfuge Esche, Schattenfuge Eiche, Galerie-Profil-Aufhaengung
Wandbild;Alu-Verbund;Alu-Verbund (Aluminium-Verbundplatte);Direktdruck Standard;Hochformat;diverse (alle Seitenverhaeltnisse);10x10;ohne Aufhaengung, Standard-Aufhaengung, Profil-Aufhaengung, Schraubhalterung, Schattenfuge weiss, Schattenfuge schwarz, Schattenfuge Esche, Schattenfuge Eiche, Galerie-Profil-Aufhaengung
Wandbild;Alu-Verbund;Alu-Verbund (Aluminium-Verbundplatte);Direktdruck Standard;Hochformat;diverse (alle Seitenverhaeltnisse);10x15;ohne Aufhaengung, Standard-Aufhaengung, Profil-Aufhaengung, Schraubhalterung, Schattenfuge weiss, Schattenfuge schwarz, Schattenfuge Esche, Schattenfuge Eiche, Galerie-Profil-Aufhaengung
Wandbild;Alu-Verbund;Alu-Verbund (Aluminium-Verbundplatte);Direktdruck Standard;Hochformat;diverse (alle Seitenverhaeltnisse);10x20;ohne Aufhaengung, Standard-Aufhaengung, Profil-Aufhaengung, Schraubhalterung, Schattenfuge weiss, Schattenfuge schwarz, Schattenfuge Esche, Schattenfuge Eiche, Galerie-Profil-Aufhaengung
Wandbild;Alu-Verbund;Alu-Verbund (Aluminium-Verbundplatte);Direktdruck Standard;Hochformat;diverse (alle Seitenverhaeltnisse);13x18;ohne Aufhaengung, Standard-Aufhaengung, Profil-Aufhaengung, Schraubhalterung, Schattenfuge weiss, Schattenfuge schwarz, Schattenfuge Esche, Schattenfuge Eiche, Galerie-Profil-Aufhaengung
Wandbild;Alu-Verbund;Alu-Verbund (Aluminium-Verbundplatte);Direktdruck Standard;Hochformat;diverse (alle Seitenverhaeltnisse);15x15;ohne Aufhaengung, Standard-Aufhaengung, Profil-Aufhaengung, Schraubhalterung, Schattenfuge weiss, Schattenfuge schwarz, Schattenfuge Esche, Schattenfuge Eiche, Galerie-Profil-Aufhaengung
Wandbild;Alu-Verbund;Alu-Verbund (Aluminium-Verbundplatte);Direktdruck Standard;Hochformat;diverse (alle Seitenverhaeltnisse);20x20;ohne Aufhaengung, Standard-Aufhaengung, Profil-Aufhaengung, Schraubhalterung, Schattenfuge weiss, Schattenfuge schwarz, Schattenfuge Esche, Schattenfuge Eiche, Galerie-Profil-Aufhaengung
Wandbild;Alu-Verbund;Alu-Verbund (Aluminium-Verbundplatte);Direktdruck Standard;Hochformat;diverse (alle Seitenverhaeltnisse);20x30;ohne Aufhaengung, Standard-Aufhaengung, Profil-Aufhaengung, Schraubhalterung, Schattenfuge weiss, Schattenfuge schwarz, Schattenfuge Esche, Schattenfuge Eiche, Galerie-Profil-Aufhaengung
Wandbild;Alu-Verbund;Alu-Verbund (Aluminium-Verbundplatte);Direktdruck Standard;Hochformat;diverse (alle Seitenverhaeltnisse);20x40;ohne Aufhaengung, Standard-Aufhaengung, Profil-Aufhaengung, Schraubhalterung, Schattenfuge weiss, Schattenfuge schwarz, Schattenfuge Esche, Schattenfuge Eiche, Galerie-Profil-Aufhaengung
Wandbild;Alu-Verbund;Alu-Verbund (Aluminium-Verbundplatte);Direktdruck Standard;Hochformat;diverse (alle Seitenverhaeltnisse);20x60;ohne Aufhaengung, Standard-Aufhaengung, Profil-Aufhaengung, Schraubhalterung, Schattenfuge weiss, Schattenfuge schwarz, Schattenfuge Esche, Schattenfuge Eiche, Galerie-Profil-Aufhaengung
Wandbild;Alu-Verbund;Alu-Verbund (Aluminium-Verbundplatte);Direktdruck Standard;Hochformat;diverse (alle Seitenverhaeltnisse);20x80;ohne Aufhaengung, Standard-Aufhaengung, Profil-Aufhaengung, Schraubhalterung, Schattenfuge weiss, Schattenfuge schwarz, Schattenfuge Esche, Schattenfuge Eiche, Galerie-Profil-Aufhaengung
Wandbild;Alu-Verbund;Alu-Verbund (Aluminium-Verbundplatte);Direktdruck Standard;Hochformat;diverse (alle Seitenverhaeltnisse);30x30;ohne Aufhaengung, Standard-Aufhaengung, Profil-Aufhaengung, Schraubhalterung, Schattenfuge weiss, Schattenfuge schwarz, Schattenfuge Esche, Schattenfuge Eiche, Galerie-Profil-Aufhaengung
Wandbild;Alu-Verbund;Alu-Verbund (Aluminium-Verbundplatte);Direktdruck Standard;Hochformat;diverse (alle Seitenverhaeltnisse);30x40;ohne Aufhaengung, Standard-Aufhaengung, Profil-Aufhaengung, Schraubhalterung, Schattenfuge weiss, Schattenfuge schwarz, Schattenfuge Esche, Schattenfuge Eiche, Galerie-Profil-Aufhaengung
Wandbild;Alu-Verbund;Alu-Verbund (Aluminium-Verbundplatte);Direktdruck Standard;Hochformat;diverse (alle Seitenverhaeltnisse);30x45;ohne Aufhaengung, Standard-Aufhaengung, Profil-Aufhaengung, Schraubhalterung, Schattenfuge weiss, Schattenfuge schwarz, Schattenfuge Esche, Schattenfuge Eiche, Galerie-Profil-Aufhaengung
Wandbild;Alu-Verbund;Alu-Verbund (Aluminium-Verbundplatte);Direktdruck Standard;Hochformat;diverse (alle Seitenverhaeltnisse);30x50;ohne Aufhaengung, Standard-Aufhaengung, Profil-Aufhaengung, Schraubhalterung, Schattenfuge weiss, Schattenfuge schwarz, Schattenfuge Esche, Schattenfuge Eiche, Galerie-Profil-Aufhaengung
Wandbild;Alu-Verbund;Alu-Verbund (Aluminium-Verbundplatte);Direktdruck Standard;Hochformat;diverse (alle Seitenverhaeltnisse);30x60;ohne Aufhaengung, Standard-Aufhaengung, Profil-Aufhaengung, Schraubhalterung, Schattenfuge weiss, Schattenfuge schwarz, Schattenfuge Esche, Schattenfuge Eiche, Galerie-Profil-Aufhaengung
Wandbild;Alu-Verbund;Alu-Verbund (Aluminium-Verbundplatte);Direktdruck Standard;Hochformat;diverse (alle Seitenverhaeltnisse);30x90;ohne Aufhaengung, Standard-Aufhaengung, Profil-Aufhaengung, Schraubhalterung, Schattenfuge weiss, Schattenfuge schwarz, Schattenfuge Esche, Schattenfuge Eiche, Galerie-Profil-Aufhaengung
Wandbild;Alu-Verbund;Alu-Verbund (Aluminium-Verbundplatte);Direktdruck Standard;Hochformat;diverse (alle Seitenverhaeltnisse);30x120;ohne Aufhaengung, Standard-Aufhaengung, Profil-Aufhaengung, Schraubhalterung, Schattenfuge weiss, Schattenfuge schwarz, Schattenfuge Esche, Schattenfuge Eiche, Galerie-Profil-Aufhaengung
Wandbild;Alu-Verbund;Alu-Verbund (Aluminium-Verbundplatte);Direktdruck Standard;Hochformat;diverse (alle Seitenverhaeltnisse);40x40;ohne Aufhaengung, Standard-Aufhaengung, Profil-Aufhaengung, Schraubhalterung, Schattenfuge weiss, Schattenfuge schwarz, Schattenfuge Esche, Schattenfuge Eiche, Galerie-Profil-Aufhaengung
Wandbild;Alu-Verbund;Alu-Verbund (Aluminium-Verbundplatte);Direktdruck Standard;Hochformat;diverse (alle Seitenverhaeltnisse);40x50;ohne Aufhaengung, Standard-Aufhaengung, Profil-Aufhaengung, Schraubhalterung, Schattenfuge weiss, Schattenfuge schwarz, Schattenfuge Esche, Schattenfuge Eiche, Galerie-Profil-Aufhaengung
Wandbild;Alu-Verbund;Alu-Verbund (Aluminium-Verbundplatte);Direktdruck Standard;Hochformat;diverse (alle Seitenverhaeltnisse);40x60;ohne Aufhaengung, Standard-Aufhaengung, Profil-Aufhaengung, Schraubhalterung, Schattenfuge weiss, Schattenfuge schwarz, Schattenfuge Esche, Schattenfuge Eiche, Galerie-Profil-Aufhaengung
Wandbild;Alu-Verbund;Alu-Verbund (Aluminium-Verbundplatte);Direktdruck Standard;Hochformat;diverse (alle Seitenverhaeltnisse);40x70;ohne Aufhaengung, Standard-Aufhaengung, Profil-Aufhaengung, Schraubhalterung, Schattenfuge weiss, Schattenfuge schwarz, Schattenfuge Esche, Schattenfuge Eiche, Galerie-Profil-Aufhaengung
Wandbild;Alu-Verbund;Alu-Verbund (Aluminium-Verbundplatte);Direktdruck Standard;Hochformat;diverse (alle Seitenverhaeltnisse);40x80;ohne Aufhaengung, Standard-Aufhaengung, Profil-Aufhaengung, Schraubhalterung, Schattenfuge weiss, Schattenfuge schwarz, Schattenfuge Esche, Schattenfuge Eiche, Galerie-Profil-Aufhaengung
Wandbild;Alu-Verbund;Alu-Verbund (Aluminium-Verbundplatte);Direktdruck Standard;Hochformat;diverse (alle Seitenverhaeltnisse);40x120;ohne Aufhaengung, Standard-Aufhaengung, Profil-Aufhaengung, Schraubhalterung, Schattenfuge weiss, Schattenfuge schwarz, Schattenfuge Esche, Schattenfuge Eiche, Galerie-Profil-Aufhaengung
Wandbild;Alu-Verbund;Alu-Verbund (Aluminium-Verbundplatte);Direktdruck Standard;Hochformat;diverse (alle Seitenverhaeltnisse);40x160;ohne Aufhaengung, Standard-Aufhaengung, Profil-Aufhaengung, Schraubhalterung, Schattenfuge weiss, Schattenfuge schwarz, Schattenfuge Esche, Schattenfuge Eiche, Galerie-Profil-Aufhaengung
Wandbild;Alu-Verbund;Alu-Verbund (Aluminium-Verbundplatte);Direktdruck Standard;Hochformat;diverse (alle Seitenverhaeltnisse);45x60;ohne Aufhaengung, Standard-Aufhaengung, Profil-Aufhaengung, Schraubhalterung, Schattenfuge weiss, Schattenfuge schwarz, Schattenfuge Esche, Schattenfuge Eiche, Galerie-Profil-Aufhaengung
Wandbild;Alu-Verbund;Alu-Verbund (Aluminium-Verbundplatte);Direktdruck Standard;Hochformat;diverse (alle Seitenverhaeltnisse);50x50;ohne Aufhaengung, Standard-Aufhaengung, Profil-Aufhaengung, Schraubhalterung, Schattenfuge weiss, Schattenfuge schwarz, Schattenfuge Esche, Schattenfuge Eiche, Galerie-Profil-Aufhaengung
Wandbild;Alu-Verbund;Alu-Verbund (Aluminium-Verbundplatte);Direktdruck Standard;Hochformat;diverse (alle Seitenverhaeltnisse);50x70;ohne Aufhaengung, Standard-Aufhaengung, Profil-Aufhaengung, Schraubhalterung, Schattenfuge weiss, Schattenfuge schwarz, Schattenfuge Esche, Schattenfuge Eiche, Galerie-Profil-Aufhaengung
Wandbild;Alu-Verbund;Alu-Verbund (Aluminium-Verbundplatte);Direktdruck Standard;Hochformat;diverse (alle Seitenverhaeltnisse);50x75;ohne Aufhaengung, Standard-Aufhaengung, Profil-Aufhaengung, Schraubhalterung, Schattenfuge weiss, Schattenfuge schwarz, Schattenfuge Esche, Schattenfuge Eiche, Galerie-Profil-Aufhaengung
Wandbild;Alu-Verbund;Alu-Verbund (Aluminium-Verbundplatte);Direktdruck Standard;Hochformat;diverse (alle Seitenverhaeltnisse);50x100;ohne Aufhaengung, Standard-Aufhaengung, Profil-Aufhaengung, Schraubhalterung, Schattenfuge weiss, Schattenfuge schwarz, Schattenfuge Esche, Schattenfuge Eiche, Galerie-Profil-Aufhaengung
Wandbild;Alu-Verbund;Alu-Verbund (Aluminium-Verbundplatte);Direktdruck Standard;Hochformat;diverse (alle Seitenverhaeltnisse);50x120;ohne Aufhaengung, Standard-Aufhaengung, Profil-Aufhaengung, Schraubhalterung, Schattenfuge weiss, Schattenfuge schwarz, Schattenfuge Esche, Schattenfuge Eiche, Galerie-Profil-Aufhaengung
Wandbild;Alu-Verbund;Alu-Verbund (Aluminium-Verbundplatte);Direktdruck Standard;Hochformat;diverse (alle Seitenverhaeltnisse);50x140;ohne Aufhaengung, Standard-Aufhaengung, Profil-Aufhaengung, Schraubhalterung, Schattenfuge weiss, Schattenfuge schwarz, Schattenfuge Esche, Schattenfuge Eiche, Galerie-Profil-Aufhaengung
Wandbild;Alu-Verbund;Alu-Verbund (Aluminium-Verbundplatte);Direktdruck Standard;Hochformat;diverse (alle Seitenverhaeltnisse);50x160;ohne Aufhaengung, Standard-Aufhaengung, Profil-Aufhaengung, Schraubhalterung, Schattenfuge weiss, Schattenfuge schwarz, Schattenfuge Esche, Schattenfuge Eiche, Galerie-Profil-Aufhaengung
Wandbild;Alu-Verbund;Alu-Verbund (Aluminium-Verbundplatte);Direktdruck Standard;Hochformat;diverse (alle Seitenverhaeltnisse);60x60;ohne Aufhaengung, Standard-Aufhaengung, Profil-Aufhaengung, Schraubhalterung, Schattenfuge weiss, Schattenfuge schwarz, Schattenfuge Esche, Schattenfuge Eiche, Galerie-Profil-Aufhaengung
Wandbild;Alu-Verbund;Alu-Verbund (Aluminium-Verbundplatte);Direktdruck Standard;Hochformat;diverse (alle Seitenverhaeltnisse);60x80;ohne Aufhaengung, Standard-Aufhaengung, Profil-Aufhaengung, Schraubhalterung, Schattenfuge weiss, Schattenfuge schwarz, Schattenfuge Esche, Schattenfuge Eiche, Galerie-Profil-Aufhaengung
Wandbild;Alu-Verbund;Alu-Verbund (Aluminium-Verbundplatte);Direktdruck Standard;Hochformat;diverse (alle Seitenverhaeltnisse);60x90;ohne Aufhaengung, Standard-Aufhaengung, Profil-Aufhaengung, Schraubhalterung, Schattenfuge weiss, Schattenfuge schwarz, Schattenfuge Esche, Schattenfuge Eiche, Galerie-Profil-Aufhaengung
Wandbild;Alu-Verbund;Alu-Verbund (Aluminium-Verbundplatte);Direktdruck Standard;Hochformat;diverse (alle Seitenverhaeltnisse);60x120;ohne Aufhaengung, Standard-Aufhaengung, Profil-Aufhaengung, Schraubhalterung, Schattenfuge weiss, Schattenfuge schwarz, Schattenfuge Esche, Schattenfuge Eiche, Galerie-Profil-Aufhaengung
Wandbild;Alu-Verbund;Alu-Verbund (Aluminium-Verbundplatte);Direktdruck Standard;Hochformat;diverse (alle Seitenverhaeltnisse);60x140;ohne Aufhaengung, Standard-Aufhaengung, Profil-Aufhaengung, Schraubhalterung, Schattenfuge weiss, Schattenfuge schwarz, Schattenfuge Esche, Schattenfuge Eiche, Galerie-Profil-Aufhaengung
Wandbild;Alu-Verbund;Alu-Verbund (Aluminium-Verbundplatte);Direktdruck Standard;Hochformat;diverse (alle Seitenverhaeltnisse);70x70;ohne Aufhaengung, Standard-Aufhaengung, Profil-Aufhaengung, Schraubhalterung, Schattenfuge weiss, Schattenfuge schwarz, Schattenfuge Esche, Schattenfuge Eiche, Galerie-Profil-Aufhaengung
Wandbild;Alu-Verbund;Alu-Verbund (Aluminium-Verbundplatte);Direktdruck Standard;Hochformat;diverse (alle Seitenverhaeltnisse);70x120;ohne Aufhaengung, Standard-Aufhaengung, Profil-Aufhaengung, Schraubhalterung, Schattenfuge weiss, Schattenfuge schwarz, Schattenfuge Esche, Schattenfuge Eiche, Galerie-Profil-Aufhaengung
Wandbild;Alu-Verbund;Alu-Verbund (Aluminium-Verbundplatte);Direktdruck Standard;Hochformat;diverse (alle Seitenverhaeltnisse);75x75;ohne Aufhaengung, Standard-Aufhaengung, Profil-Aufhaengung, Schraubhalterung, Schattenfuge weiss, Schattenfuge schwarz, Schattenfuge Esche, Schattenfuge Eiche, Galerie-Profil-Aufhaengung
Wandbild;Alu-Verbund;Alu-Verbund (Aluminium-Verbundplatte);Direktdruck Standard;Hochformat;diverse (alle Seitenverhaeltnisse);75x100;ohne Aufhaengung, Standard-Aufhaengung, Profil-Aufhaengung, Schraubhalterung, Schattenfuge weiss, Schattenfuge schwarz, Schattenfuge Esche, Schattenfuge Eiche, Galerie-Profil-Aufhaengung
Wandbild;Alu-Verbund;Alu-Verbund (Aluminium-Verbundplatte);Direktdruck Standard;Hochformat;diverse (alle Seitenverhaeltnisse);80x80;ohne Aufhaengung, Standard-Aufhaengung, Profil-Aufhaengung, Schraubhalterung, Schattenfuge weiss, Schattenfuge schwarz, Schattenfuge Esche, Schattenfuge Eiche, Galerie-Profil-Aufhaengung
Wandbild;Alu-Verbund;Alu-Verbund (Aluminium-Verbundplatte);Direktdruck Standard;Hochformat;diverse (alle Seitenverhaeltnisse);80x100;ohne Aufhaengung, Standard-Aufhaengung, Profil-Aufhaengung, Schraubhalterung, Schattenfuge weiss, Schattenfuge schwarz, Schattenfuge Esche, Schattenfuge Eiche, Galerie-Profil-Aufhaengung
Wandbild;Alu-Verbund;Alu-Verbund (Aluminium-Verbundplatte);Direktdruck Standard;Hochformat;diverse (alle Seitenverhaeltnisse);80x120;ohne Aufhaengung, Standard-Aufhaengung, Profil-Aufhaengung, Schraubhalterung, Schattenfuge weiss, Schattenfuge schwarz, Schattenfuge Esche, Schattenfuge Eiche, Galerie-Profil-Aufhaengung
Wandbild;Alu-Verbund;Alu-Verbund (Aluminium-Verbundplatte);Direktdruck Standard;Hochformat;diverse (alle Seitenverhaeltnisse);90x90;ohne Aufhaengung, Standard-Aufhaengung, Profil-Aufhaengung, Schraubhalterung, Schattenfuge weiss, Schattenfuge schwarz, Schattenfuge Esche, Schattenfuge Eiche, Galerie-Profil-Aufhaengung
Wandbild;Alu-Verbund;Alu-Verbund (Aluminium-Verbundplatte);Direktdruck Standard;Hochformat;diverse (alle Seitenverhaeltnisse);90x120;ohne Aufhaengung, Standard-Aufhaengung, Profil-Aufhaengung, Schraubhalterung, Schattenfuge weiss, Schattenfuge schwarz, Schattenfuge Esche, Schattenfuge Eiche, Galerie-Profil-Aufhaengung
Wandbild;Alu-Verbund;Alu-Verbund (Aluminium-Verbundplatte);Direktdruck Standard;Hochformat;diverse (alle Seitenverhaeltnisse);90x160;ohne Aufhaengung, Standard-Aufhaengung, Profil-Aufhaengung, Schraubhalterung, Schattenfuge weiss, Schattenfuge schwarz, Schattenfuge Esche, Schattenfuge Eiche, Galerie-Profil-Aufhaengung
Wandbild;Alu-Verbund;Alu-Verbund (Aluminium-Verbundplatte);Direktdruck Standard;Hochformat;diverse (alle Seitenverhaeltnisse);100x100;ohne Aufhaengung, Standard-Aufhaengung, Profil-Aufhaengung, Schraubhalterung, Schattenfuge weiss, Schattenfuge schwarz, Schattenfuge Esche, Schattenfuge Eiche, Galerie-Profil-Aufhaengung
Wandbild;Alu-Verbund;Alu-Verbund (Aluminium-Verbundplatte);Direktdruck Standard;Hochformat;diverse (alle Seitenverhaeltnisse);100x120;ohne Aufhaengung, Standard-Aufhaengung, Profil-Aufhaengung, Schraubhalterung, Schattenfuge weiss, Schattenfuge schwarz, Schattenfuge Esche, Schattenfuge Eiche, Galerie-Profil-Aufhaengung
Wandbild;Alu-Verbund;Alu-Verbund (Aluminium-Verbundplatte);Direktdruck Standard;Hochformat;diverse (alle Seitenverhaeltnisse);100x140;ohne Aufhaengung, Standard-Aufhaengung, Profil-Aufhaengung, Schraubhalterung, Schattenfuge weiss, Schattenfuge schwarz, Schattenfuge Esche, Schattenfuge Eiche, Galerie-Profil-Aufhaengung
Wandbild;Alu-Verbund;Alu-Verbund (Aluminium-Verbundplatte);Direktdruck Standard;Hochformat;diverse (alle Seitenverhaeltnisse);100x160;ohne Aufhaengung, Standard-Aufhaengung, Profil-Aufhaengung, Schraubhalterung, Schattenfuge weiss, Schattenfuge schwarz, Schattenfuge Esche, Schattenfuge Eiche, Galerie-Profil-Aufhaengung
Wandbild;Alu-Verbund;Alu-Verbund (Aluminium-Verbundplatte);Direktdruck Standard;Hochformat;diverse (alle Seitenverhaeltnisse);100x180;ohne Aufhaengung, Standard-Aufhaengung, Profil-Aufhaengung, Schraubhalterung, Schattenfuge weiss, Schattenfuge schwarz, Schattenfuge Esche, Schattenfuge Eiche, Galerie-Profil-Aufhaengung
Wandbild;Alu-Verbund;Alu-Verbund (Aluminium-Verbundplatte);Direktdruck Standard;Hochformat;diverse (alle Seitenverhaeltnisse);100x200;ohne Aufhaengung, Standard-Aufhaengung, Profil-Aufhaengung, Schraubhalterung, Schattenfuge weiss, Schattenfuge schwarz, Schattenfuge Esche, Schattenfuge Eiche, Galerie-Profil-Aufhaengung
Wandbild;Alu-Verbund;Alu-Verbund (Aluminium-Verbundplatte);Direktdruck Standard;Hochformat;diverse (alle Seitenverhaeltnisse);100x220;ohne Aufhaengung, Standard-Aufhaengung, Profil-Aufhaengung, Schraubhalterung, Schattenfuge weiss, Schattenfuge schwarz, Schattenfuge Esche, Schattenfuge Eiche, Galerie-Profil-Aufhaengung
Wandbild;Alu-Verbund;Alu-Verbund (Aluminium-Verbundplatte);Direktdruck Standard;Hochformat;diverse (alle Seitenverhaeltnisse);100x240;ohne Aufhaengung, Standard-Aufhaengung, Profil-Aufhaengung, Schraubhalterung, Schattenfuge weiss, Schattenfuge schwarz, Schattenfuge Esche, Schattenfuge Eiche, Galerie-Profil-Aufhaengung
Wandbild;Alu-Verbund;Alu-Verbund (Aluminium-Verbundplatte);Direktdruck Standard;Hochformat;diverse (alle Seitenverhaeltnisse);110x120;ohne Aufhaengung, Standard-Aufhaengung, Profil-Aufhaengung, Schraubhalterung, Schattenfuge weiss, Schattenfuge schwarz, Schattenfuge Esche, Schattenfuge Eiche, Galerie-Profil-Aufhaengung
Wandbild;Alu-Verbund;Alu-Verbund (Aluminium-Verbundplatte);Direktdruck Standard;Hochformat;diverse (alle Seitenverhaeltnisse);110x160;ohne Aufhaengung, Standard-Aufhaengung, Profil-Aufhaengung, Schraubhalterung, Schattenfuge weiss, Schattenfuge schwarz, Schattenfuge Esche, Schattenfuge Eiche, Galerie-Profil-Aufhaengung
Wandbild;Alu-Verbund;Alu-Verbund (Aluminium-Verbundplatte);Direktdruck Standard;Hochformat;diverse (alle Seitenverhaeltnisse);110x180;ohne Aufhaengung, Standard-Aufhaengung, Profil-Aufhaengung, Schraubhalterung, Schattenfuge weiss, Schattenfuge schwarz, Schattenfuge Esche, Schattenfuge Eiche, Galerie-Profil-Aufhaengung
Wandbild;Alu-Verbund;Alu-Verbund (Aluminium-Verbundplatte);Direktdruck Standard;Hochformat;diverse (alle Seitenverhaeltnisse);110x200;ohne Aufhaengung, Standard-Aufhaengung, Profil-Aufhaengung, Schraubhalterung, Schattenfuge weiss, Schattenfuge schwarz, Schattenfuge Esche, Schattenfuge Eiche, Galerie-Profil-Aufhaengung
Wandbild;Alu-Verbund;Alu-Verbund (Aluminium-Verbundplatte);Direktdruck Standard;Hochformat;diverse (alle Seitenverhaeltnisse);110x220;ohne Aufhaengung, Standard-Aufhaengung, Profil-Aufhaengung, Schraubhalterung, Schattenfuge weiss, Schattenfuge schwarz, Schattenfuge Esche, Schattenfuge Eiche, Galerie-Profil-Aufhaengung
Wandbild;Alu-Verbund;Alu-Verbund (Aluminium-Verbundplatte);Direktdruck Standard;Hochformat;diverse (alle Seitenverhaeltnisse);110x240;ohne Aufhaengung, Standard-Aufhaengung, Profil-Aufhaengung, Schraubhalterung, Schattenfuge weiss, Schattenfuge schwarz, Schattenfuge Esche, Schattenfuge Eiche, Galerie-Profil-Aufhaengung
Wandbild;Alu-Verbund;Alu-Verbund (Aluminium-Verbundplatte);Direktdruck Standard;Querformat;diverse (alle Seitenverhaeltnisse);10x10;ohne Aufhaengung, Standard-Aufhaengung, Profil-Aufhaengung, Schraubhalterung, Schattenfuge weiss, Schattenfuge schwarz, Schattenfuge Esche, Schattenfuge Eiche, Galerie-Profil-Aufhaengung
Wandbild;Alu-Verbund;Alu-Verbund (Aluminium-Verbundplatte);Direktdruck Standard;Querformat;diverse (alle Seitenverhaeltnisse);10x15;ohne Aufhaengung, Standard-Aufhaengung, Profil-Aufhaengung, Schraubhalterung, Schattenfuge weiss, Schattenfuge schwarz, Schattenfuge Esche, Schattenfuge Eiche, Galerie-Profil-Aufhaengung
Wandbild;Alu-Verbund;Alu-Verbund (Aluminium-Verbundplatte);Direktdruck Standard;Querformat;diverse (alle Seitenverhaeltnisse);10x20;ohne Aufhaengung, Standard-Aufhaengung, Profil-Aufhaengung, Schraubhalterung, Schattenfuge weiss, Schattenfuge schwarz, Schattenfuge Esche, Schattenfuge Eiche, Galerie-Profil-Aufhaengung
Wandbild;Alu-Verbund;Alu-Verbund (Aluminium-Verbundplatte);Direktdruck Standard;Querformat;diverse (alle Seitenverhaeltnisse);13x18;ohne Aufhaengung, Standard-Aufhaengung, Profil-Aufhaengung, Schraubhalterung, Schattenfuge weiss, Schattenfuge schwarz, Schattenfuge Esche, Schattenfuge Eiche, Galerie-Profil-Aufhaengung
Wandbild;Alu-Verbund;Alu-Verbund (Aluminium-Verbundplatte);Direktdruck Standard;Querformat;diverse (alle Seitenverhaeltnisse);15x15;ohne Aufhaengung, Standard-Aufhaengung, Profil-Aufhaengung, Schraubhalterung, Schattenfuge weiss, Schattenfuge schwarz, Schattenfuge Esche, Schattenfuge Eiche, Galerie-Profil-Aufhaengung
Wandbild;Alu-Verbund;Alu-Verbund (Aluminium-Verbundplatte);Direktdruck Standard;Querformat;diverse (alle Seitenverhaeltnisse);20x20;ohne Aufhaengung, Standard-Aufhaengung, Profil-Aufhaengung, Schraubhalterung, Schattenfuge weiss, Schattenfuge schwarz, Schattenfuge Esche, Schattenfuge Eiche, Galerie-Profil-Aufhaengung
Wandbild;Alu-Verbund;Alu-Verbund (Aluminium-Verbundplatte);Direktdruck Standard;Querformat;diverse (alle Seitenverhaeltnisse);20x30;ohne Aufhaengung, Standard-Aufhaengung, Profil-Aufhaengung, Schraubhalterung, Schattenfuge weiss, Schattenfuge schwarz, Schattenfuge Esche, Schattenfuge Eiche, Galerie-Profil-Aufhaengung
Wandbild;Alu-Verbund;Alu-Verbund (Aluminium-Verbundplatte);Direktdruck Standard;Querformat;diverse (alle Seitenverhaeltnisse);20x40;ohne Aufhaengung, Standard-Aufhaengung, Profil-Aufhaengung, Schraubhalterung, Schattenfuge weiss, Schattenfuge schwarz, Schattenfuge Esche, Schattenfuge Eiche, Galerie-Profil-Aufhaengung
Wandbild;Alu-Verbund;Alu-Verbund (Aluminium-Verbundplatte);Direktdruck Standard;Querformat;diverse (alle Seitenverhaeltnisse);20x60;ohne Aufhaengung, Standard-Aufhaengung, Profil-Aufhaengung, Schraubhalterung, Schattenfuge weiss, Schattenfuge schwarz, Schattenfuge Esche, Schattenfuge Eiche, Galerie-Profil-Aufhaengung
Wandbild;Alu-Verbund;Alu-Verbund (Aluminium-Verbundplatte);Direktdruck Standard;Querformat;diverse (alle Seitenverhaeltnisse);20x80;ohne Aufhaengung, Standard-Aufhaengung, Profil-Aufhaengung, Schraubhalterung, Schattenfuge weiss, Schattenfuge schwarz, Schattenfuge Esche, Schattenfuge Eiche, Galerie-Profil-Aufhaengung
Wandbild;Alu-Verbund;Alu-Verbund (Aluminium-Verbundplatte);Direktdruck Standard;Querformat;diverse (alle Seitenverhaeltnisse);30x30;ohne Aufhaengung, Standard-Aufhaengung, Profil-Aufhaengung, Schraubhalterung, Schattenfuge weiss, Schattenfuge schwarz, Schattenfuge Esche, Schattenfuge Eiche, Galerie-Profil-Aufhaengung
Wandbild;Alu-Verbund;Alu-Verbund (Aluminium-Verbundplatte);Direktdruck Standard;Querformat;diverse (alle Seitenverhaeltnisse);30x40;ohne Aufhaengung, Standard-Aufhaengung, Profil-Aufhaengung, Schraubhalterung, Schattenfuge weiss, Schattenfuge schwarz, Schattenfuge Esche, Schattenfuge Eiche, Galerie-Profil-Aufhaengung
Wandbild;Alu-Verbund;Alu-Verbund (Aluminium-Verbundplatte);Direktdruck Standard;Querformat;diverse (alle Seitenverhaeltnisse);30x45;ohne Aufhaengung, Standard-Aufhaengung, Profil-Aufhaengung, Schraubhalterung, Schattenfuge weiss, Schattenfuge schwarz, Schattenfuge Esche, Schattenfuge Eiche, Galerie-Profil-Aufhaengung
Wandbild;Alu-Verbund;Alu-Verbund (Aluminium-Verbundplatte);Direktdruck Standard;Querformat;diverse (alle Seitenverhaeltnisse);30x50;ohne Aufhaengung, Standard-Aufhaengung, Profil-Aufhaengung, Schraubhalterung, Schattenfuge weiss, Schattenfuge schwarz, Schattenfuge Esche, Schattenfuge Eiche, Galerie-Profil-Aufhaengung
Wandbild;Alu-Verbund;Alu-Verbund (Aluminium-Verbundplatte);Direktdruck Standard;Querformat;diverse (alle Seitenverhaeltnisse);30x60;ohne Aufhaengung, Standard-Aufhaengung, Profil-Aufhaengung, Schraubhalterung, Schattenfuge weiss, Schattenfuge schwarz, Schattenfuge Esche, Schattenfuge Eiche, Galerie-Profil-Aufhaengung
Wandbild;Alu-Verbund;Alu-Verbund (Aluminium-Verbundplatte);Direktdruck Standard;Querformat;diverse (alle Seitenverhaeltnisse);30x90;ohne Aufhaengung, Standard-Aufhaengung, Profil-Aufhaengung, Schraubhalterung, Schattenfuge weiss, Schattenfuge schwarz, Schattenfuge Esche, Schattenfuge Eiche, Galerie-Profil-Aufhaengung
Wandbild;Alu-Verbund;Alu-Verbund (Aluminium-Verbundplatte);Direktdruck Standard;Querformat;diverse (alle Seitenverhaeltnisse);30x120;ohne Aufhaengung, Standard-Aufhaengung, Profil-Aufhaengung, Schraubhalterung, Schattenfuge weiss, Schattenfuge schwarz, Schattenfuge Esche, Schattenfuge Eiche, Galerie-Profil-Aufhaengung
Wandbild;Alu-Verbund;Alu-Verbund (Aluminium-Verbundplatte);Direktdruck Standard;Querformat;diverse (alle Seitenverhaeltnisse);40x40;ohne Aufhaengung, Standard-Aufhaengung, Profil-Aufhaengung, Schraubhalterung, Schattenfuge weiss, Schattenfuge schwarz, Schattenfuge Esche, Schattenfuge Eiche, Galerie-Profil-Aufhaengung
Wandbild;Alu-Verbund;Alu-Verbund (Aluminium-Verbundplatte);Direktdruck Standard;Querformat;diverse (alle Seitenverhaeltnisse);40x50;ohne Aufhaengung, Standard-Aufhaengung, Profil-Aufhaengung, Schraubhalterung, Schattenfuge weiss, Schattenfuge schwarz, Schattenfuge Esche, Schattenfuge Eiche, Galerie-Profil-Aufhaengung
Wandbild;Alu-Verbund;Alu-Verbund (Aluminium-Verbundplatte);Direktdruck Standard;Querformat;diverse (alle Seitenverhaeltnisse);40x60;ohne Aufhaengung, Standard-Aufhaengung, Profil-Aufhaengung, Schraubhalterung, Schattenfuge weiss, Schattenfuge schwarz, Schattenfuge Esche, Schattenfuge Eiche, Galerie-Profil-Aufhaengung
Wandbild;Alu-Verbund;Alu-Verbund (Aluminium-Verbundplatte);Direktdruck Standard;Querformat;diverse (alle Seitenverhaeltnisse);40x70;ohne Aufhaengung, Standard-Aufhaengung, Profil-Aufhaengung, Schraubhalterung, Schattenfuge weiss, Schattenfuge schwarz, Schattenfuge Esche, Schattenfuge Eiche, Galerie-Profil-Aufhaengung
Wandbild;Alu-Verbund;Alu-Verbund (Aluminium-Verbundplatte);Direktdruck Standard;Querformat;diverse (alle Seitenverhaeltnisse);40x80;ohne Aufhaengung, Standard-Aufhaengung, Profil-Aufhaengung, Schraubhalterung, Schattenfuge weiss, Schattenfuge schwarz, Schattenfuge Esche, Schattenfuge Eiche, Galerie-Profil-Aufhaengung
Wandbild;Alu-Verbund;Alu-Verbund (Aluminium-Verbundplatte);Direktdruck Standard;Querformat;diverse (alle Seitenverhaeltnisse);40x120;ohne Aufhaengung, Standard-Aufhaengung, Profil-Aufhaengung, Schraubhalterung, Schattenfuge weiss, Schattenfuge schwarz, Schattenfuge Esche, Schattenfuge Eiche, Galerie-Profil-Aufhaengung
Wandbild;Alu-Verbund;Alu-Verbund (Aluminium-Verbundplatte);Direktdruck Standard;Querformat;diverse (alle Seitenverhaeltnisse);40x160;ohne Aufhaengung, Standard-Aufhaengung, Profil-Aufhaengung, Schraubhalterung, Schattenfuge weiss, Schattenfuge schwarz, Schattenfuge Esche, Schattenfuge Eiche, Galerie-Profil-Aufhaengung
Wandbild;Alu-Verbund;Alu-Verbund (Aluminium-Verbundplatte);Direktdruck Standard;Querformat;diverse (alle Seitenverhaeltnisse);45x60;ohne Aufhaengung, Standard-Aufhaengung, Profil-Aufhaengung, Schraubhalterung, Schattenfuge weiss, Schattenfuge schwarz, Schattenfuge Esche, Schattenfuge Eiche, Galerie-Profil-Aufhaengung
Wandbild;Alu-Verbund;Alu-Verbund (Aluminium-Verbundplatte);Direktdruck Standard;Querformat;diverse (alle Seitenverhaeltnisse);50x50;ohne Aufhaengung, Standard-Aufhaengung, Profil-Aufhaengung, Schraubhalterung, Schattenfuge weiss, Schattenfuge schwarz, Schattenfuge Esche, Schattenfuge Eiche, Galerie-Profil-Aufhaengung
Wandbild;Alu-Verbund;Alu-Verbund (Aluminium-Verbundplatte);Direktdruck Standard;Querformat;diverse (alle Seitenverhaeltnisse);50x70;ohne Aufhaengung, Standard-Aufhaengung, Profil-Aufhaengung, Schraubhalterung, Schattenfuge weiss, Schattenfuge schwarz, Schattenfuge Esche, Schattenfuge Eiche, Galerie-Profil-Aufhaengung
Wandbild;Alu-Verbund;Alu-Verbund (Aluminium-Verbundplatte);Direktdruck Standard;Querformat;diverse (alle Seitenverhaeltnisse);50x75;ohne Aufhaengung, Standard-Aufhaengung, Profil-Aufhaengung, Schraubhalterung, Schattenfuge weiss, Schattenfuge schwarz, Schattenfuge Esche, Schattenfuge Eiche, Galerie-Profil-Aufhaengung
Wandbild;Alu-Verbund;Alu-Verbund (Aluminium-Verbundplatte);Direktdruck Standard;Querformat;diverse (alle Seitenverhaeltnisse);50x100;ohne Aufhaengung, Standard-Aufhaengung, Profil-Aufhaengung, Schraubhalterung, Schattenfuge weiss, Schattenfuge schwarz, Schattenfuge Esche, Schattenfuge Eiche, Galerie-Profil-Aufhaengung
Wandbild;Alu-Verbund;Alu-Verbund (Aluminium-Verbundplatte);Direktdruck Standard;Querformat;diverse (alle Seitenverhaeltnisse);50x120;ohne Aufhaengung, Standard-Aufhaengung, Profil-Aufhaengung, Schraubhalterung, Schattenfuge weiss, Schattenfuge schwarz, Schattenfuge Esche, Schattenfuge Eiche, Galerie-Profil-Aufhaengung
Wandbild;Alu-Verbund;Alu-Verbund (Aluminium-Verbundplatte);Direktdruck Standard;Querformat;diverse (alle Seitenverhaeltnisse);50x140;ohne Aufhaengung, Standard-Aufhaengung, Profil-Aufhaengung, Schraubhalterung, Schattenfuge weiss, Schattenfuge schwarz, Schattenfuge Esche, Schattenfuge Eiche, Galerie-Profil-Aufhaengung
Wandbild;Alu-Verbund;Alu-Verbund (Aluminium-Verbundplatte);Direktdruck Standard;Querformat;diverse (alle Seitenverhaeltnisse);50x160;ohne Aufhaengung, Standard-Aufhaengung, Profil-Aufhaengung, Schraubhalterung, Schattenfuge weiss, Schattenfuge schwarz, Schattenfuge Esche, Schattenfuge Eiche, Galerie-Profil-Aufhaengung
Wandbild;Alu-Verbund;Alu-Verbund (Aluminium-Verbundplatte);Direktdruck Standard;Querformat;diverse (alle Seitenverhaeltnisse);60x60;ohne Aufhaengung, Standard-Aufhaengung, Profil-Aufhaengung, Schraubhalterung, Schattenfuge weiss, Schattenfuge schwarz, Schattenfuge Esche, Schattenfuge Eiche, Galerie-Profil-Aufhaengung
Wandbild;Alu-Verbund;Alu-Verbund (Aluminium-Verbundplatte);Direktdruck Standard;Querformat;diverse (alle Seitenverhaeltnisse);60x80;ohne Aufhaengung, Standard-Aufhaengung, Profil-Aufhaengung, Schraubhalterung, Schattenfuge weiss, Schattenfuge schwarz, Schattenfuge Esche, Schattenfuge Eiche, Galerie-Profil-Aufhaengung
Wandbild;Alu-Verbund;Alu-Verbund (Aluminium-Verbundplatte);Direktdruck Standard;Querformat;diverse (alle Seitenverhaeltnisse);60x90;ohne Aufhaengung, Standard-Aufhaengung, Profil-Aufhaengung, Schraubhalterung, Schattenfuge weiss, Schattenfuge schwarz, Schattenfuge Esche, Schattenfuge Eiche, Galerie-Profil-Aufhaengung
Wandbild;Alu-Verbund;Alu-Verbund (Aluminium-Verbundplatte);Direktdruck Standard;Querformat;diverse (alle Seitenverhaeltnisse);60x120;ohne Aufhaengung, Standard-Aufhaengung, Profil-Aufhaengung, Schraubhalterung, Schattenfuge weiss, Schattenfuge schwarz, Schattenfuge Esche, Schattenfuge Eiche, Galerie-Profil-Aufhaengung
Wandbild;Alu-Verbund;Alu-Verbund (Aluminium-Verbundplatte);Direktdruck Standard;Querformat;diverse (alle Seitenverhaeltnisse);60x140;ohne Aufhaengung, Standard-Aufhaengung, Profil-Aufhaengung, Schraubhalterung, Schattenfuge weiss, Schattenfuge schwarz, Schattenfuge Esche, Schattenfuge Eiche, Galerie-Profil-Aufhaengung
Wandbild;Alu-Verbund;Alu-Verbund (Aluminium-Verbundplatte);Direktdruck Standard;Querformat;diverse (alle Seitenverhaeltnisse);70x70;ohne Aufhaengung, Standard-Aufhaengung, Profil-Aufhaengung, Schraubhalterung, Schattenfuge weiss, Schattenfuge schwarz, Schattenfuge Esche, Schattenfuge Eiche, Galerie-Profil-Aufhaengung
Wandbild;Alu-Verbund;Alu-Verbund (Aluminium-Verbundplatte);Direktdruck Standard;Querformat;diverse (alle Seitenverhaeltnisse);70x120;ohne Aufhaengung, Standard-Aufhaengung, Profil-Aufhaengung, Schraubhalterung, Schattenfuge weiss, Schattenfuge schwarz, Schattenfuge Esche, Schattenfuge Eiche, Galerie-Profil-Aufhaengung
Wandbild;Alu-Verbund;Alu-Verbund (Aluminium-Verbundplatte);Direktdruck Standard;Querformat;diverse (alle Seitenverhaeltnisse);75x75;ohne Aufhaengung, Standard-Aufhaengung, Profil-Aufhaengung, Schraubhalterung, Schattenfuge weiss, Schattenfuge schwarz, Schattenfuge Esche, Schattenfuge Eiche, Galerie-Profil-Aufhaengung
Wandbild;Alu-Verbund;Alu-Verbund (Aluminium-Verbundplatte);Direktdruck Standard;Querformat;diverse (alle Seitenverhaeltnisse);75x100;ohne Aufhaengung, Standard-Aufhaengung, Profil-Aufhaengung, Schraubhalterung, Schattenfuge weiss, Schattenfuge schwarz, Schattenfuge Esche, Schattenfuge Eiche, Galerie-Profil-Aufhaengung
Wandbild;Alu-Verbund;Alu-Verbund (Aluminium-Verbundplatte);Direktdruck Standard;Querformat;diverse (alle Seitenverhaeltnisse);80x80;ohne Aufhaengung, Standard-Aufhaengung, Profil-Aufhaengung, Schraubhalterung, Schattenfuge weiss, Schattenfuge schwarz, Schattenfuge Esche, Schattenfuge Eiche, Galerie-Profil-Aufhaengung
Wandbild;Alu-Verbund;Alu-Verbund (Aluminium-Verbundplatte);Direktdruck Standard;Querformat;diverse (alle Seitenverhaeltnisse);80x100;ohne Aufhaengung, Standard-Aufhaengung, Profil-Aufhaengung, Schraubhalterung, Schattenfuge weiss, Schattenfuge schwarz, Schattenfuge Esche, Schattenfuge Eiche, Galerie-Profil-Aufhaengung
Wandbild;Alu-Verbund;Alu-Verbund (Aluminium-Verbundplatte);Direktdruck Standard;Querformat;diverse (alle Seitenverhaeltnisse);80x120;ohne Aufhaengung, Standard-Aufhaengung, Profil-Aufhaengung, Schraubhalterung, Schattenfuge weiss, Schattenfuge schwarz, Schattenfuge Esche, Schattenfuge Eiche, Galerie-Profil-Aufhaengung
Wandbild;Alu-Verbund;Alu-Verbund (Aluminium-Verbundplatte);Direktdruck Standard;Querformat;diverse (alle Seitenverhaeltnisse);90x90;ohne Aufhaengung, Standard-Aufhaengung, Profil-Aufhaengung, Schraubhalterung, Schattenfuge weiss, Schattenfuge schwarz, Schattenfuge Esche, Schattenfuge Eiche, Galerie-Profil-Aufhaengung
Wandbild;Alu-Verbund;Alu-Verbund (Aluminium-Verbundplatte);Direktdruck Standard;Querformat;diverse (alle Seitenverhaeltnisse);90x120;ohne Aufhaengung, Standard-Aufhaengung, Profil-Aufhaengung, Schraubhalterung, Schattenfuge weiss, Schattenfuge schwarz, Schattenfuge Esche, Schattenfuge Eiche, Galerie-Profil-Aufhaengung
Wandbild;Alu-Verbund;Alu-Verbund (Aluminium-Verbundplatte);Direktdruck Standard;Querformat;diverse (alle Seitenverhaeltnisse);90x160;ohne Aufhaengung, Standard-Aufhaengung, Profil-Aufhaengung, Schraubhalterung, Schattenfuge weiss, Schattenfuge schwarz, Schattenfuge Esche, Schattenfuge Eiche, Galerie-Profil-Aufhaengung
Wandbild;Alu-Verbund;Alu-Verbund (Aluminium-Verbundplatte);Direktdruck Standard;Querformat;diverse (alle Seitenverhaeltnisse);100x100;ohne Aufhaengung, Standard-Aufhaengung, Profil-Aufhaengung, Schraubhalterung, Schattenfuge weiss, Schattenfuge schwarz, Schattenfuge Esche, Schattenfuge Eiche, Galerie-Profil-Aufhaengung
Wandbild;Alu-Verbund;Alu-Verbund (Aluminium-Verbundplatte);Direktdruck Standard;Querformat;diverse (alle Seitenverhaeltnisse);100x120;ohne Aufhaengung, Standard-Aufhaengung, Profil-Aufhaengung, Schraubhalterung, Schattenfuge weiss, Schattenfuge schwarz, Schattenfuge Esche, Schattenfuge Eiche, Galerie-Profil-Aufhaengung
Wandbild;Alu-Verbund;Alu-Verbund (Aluminium-Verbundplatte);Direktdruck Standard;Querformat;diverse (alle Seitenverhaeltnisse);100x140;ohne Aufhaengung, Standard-Aufhaengung, Profil-Aufhaengung, Schraubhalterung, Schattenfuge weiss, Schattenfuge schwarz, Schattenfuge Esche, Schattenfuge Eiche, Galerie-Profil-Aufhaengung
Wandbild;Alu-Verbund;Alu-Verbund (Aluminium-Verbundplatte);Direktdruck Standard;Querformat;diverse (alle Seitenverhaeltnisse);100x160;ohne Aufhaengung, Standard-Aufhaengung, Profil-Aufhaengung, Schraubhalterung, Schattenfuge weiss, Schattenfuge schwarz, Schattenfuge Esche, Schattenfuge Eiche, Galerie-Profil-Aufhaengung
Wandbild;Alu-Verbund;Alu-Verbund (Aluminium-Verbundplatte);Direktdruck Standard;Querformat;diverse (alle Seitenverhaeltnisse);100x180;ohne Aufhaengung, Standard-Aufhaengung, Profil-Aufhaengung, Schraubhalterung, Schattenfuge weiss, Schattenfuge schwarz, Schattenfuge Esche, Schattenfuge Eiche, Galerie-Profil-Aufhaengung
Wandbild;Alu-Verbund;Alu-Verbund (Aluminium-Verbundplatte);Direktdruck Standard;Querformat;diverse (alle Seitenverhaeltnisse);100x200;ohne Aufhaengung, Standard-Aufhaengung, Profil-Aufhaengung, Schraubhalterung, Schattenfuge weiss, Schattenfuge schwarz, Schattenfuge Esche, Schattenfuge Eiche, Galerie-Profil-Aufhaengung
Wandbild;Alu-Verbund;Alu-Verbund (Aluminium-Verbundplatte);Direktdruck Standard;Querformat;diverse (alle Seitenverhaeltnisse);100x220;ohne Aufhaengung, Standard-Aufhaengung, Profil-Aufhaengung, Schraubhalterung, Schattenfuge weiss, Schattenfuge schwarz, Schattenfuge Esche, Schattenfuge Eiche, Galerie-Profil-Aufhaengung
Wandbild;Alu-Verbund;Alu-Verbund (Aluminium-Verbundplatte);Direktdruck Standard;Querformat;diverse (alle Seitenverhaeltnisse);100x240;ohne Aufhaengung, Standard-Aufhaengung, Profil-Aufhaengung, Schraubhalterung, Schattenfuge weiss, Schattenfuge schwarz, Schattenfuge Esche, Schattenfuge Eiche, Galerie-Profil-Aufhaengung
Wandbild;Alu-Verbund;Alu-Verbund (Aluminium-Verbundplatte);Direktdruck Standard;Querformat;diverse (alle Seitenverhaeltnisse);110x120;ohne Aufhaengung, Standard-Aufhaengung, Profil-Aufhaengung, Schraubhalterung, Schattenfuge weiss, Schattenfuge schwarz, Schattenfuge Esche, Schattenfuge Eiche, Galerie-Profil-Aufhaengung
Wandbild;Alu-Verbund;Alu-Verbund (Aluminium-Verbundplatte);Direktdruck Standard;Querformat;diverse (alle Seitenverhaeltnisse);110x160;ohne Aufhaengung, Standard-Aufhaengung, Profil-Aufhaengung, Schraubhalterung, Schattenfuge weiss, Schattenfuge schwarz, Schattenfuge Esche, Schattenfuge Eiche, Galerie-Profil-Aufhaengung
Wandbild;Alu-Verbund;Alu-Verbund (Aluminium-Verbundplatte);Direktdruck Standard;Querformat;diverse (alle Seitenverhaeltnisse);110x180;ohne Aufhaengung, Standard-Aufhaengung, Profil-Aufhaengung, Schraubhalterung, Schattenfuge weiss, Schattenfuge schwarz, Schattenfuge Esche, Schattenfuge Eiche, Galerie-Profil-Aufhaengung
Wandbild;Alu-Verbund;Alu-Verbund (Aluminium-Verbundplatte);Direktdruck Standard;Querformat;diverse (alle Seitenverhaeltnisse);110x200;ohne Aufhaengung, Standard-Aufhaengung, Profil-Aufhaengung, Schraubhalterung, Schattenfuge weiss, Schattenfuge schwarz, Schattenfuge Esche, Schattenfuge Eiche, Galerie-Profil-Aufhaengung
Wandbild;Alu-Verbund;Alu-Verbund (Aluminium-Verbundplatte);Direktdruck Standard;Querformat;diverse (alle Seitenverhaeltnisse);110x220;ohne Aufhaengung, Standard-Aufhaengung, Profil-Aufhaengung, Schraubhalterung, Schattenfuge weiss, Schattenfuge schwarz, Schattenfuge Esche, Schattenfuge Eiche, Galerie-Profil-Aufhaengung
Wandbild;Alu-Verbund;Alu-Verbund (Aluminium-Verbundplatte);Direktdruck Standard;Querformat;diverse (alle Seitenverhaeltnisse);110x240;ohne Aufhaengung, Standard-Aufhaengung, Profil-Aufhaengung, Schraubhalterung, Schattenfuge weiss, Schattenfuge schwarz, Schattenfuge Esche, Schattenfuge Eiche, Galerie-Profil-Aufhaengung
Wandbild;Alu-Verbund gebuerstet;Alu-Verbund gebuerstet (Gold);Direktdruck HD;Hochformat;~2:3;10x15;Aufhaengung/Rahmen: ohne Aufhaengung
Wandbild;Alu-Verbund gebuerstet;Alu-Verbund gebuerstet (Gold);Direktdruck HD;Hochformat;~2:3;13x18;Aufhaengung/Rahmen: ohne Aufhaengung
Wandbild;Alu-Verbund gebuerstet;Alu-Verbund gebuerstet (Gold);Direktdruck HD;Hochformat;~2:3;20x30;Aufhaengung/Rahmen: ohne Aufhaengung
Wandbild;Alu-Verbund gebuerstet;Alu-Verbund gebuerstet (Gold);Direktdruck HD;Hochformat;~2:3;30x45;Aufhaengung/Rahmen: ohne Aufhaengung
Wandbild;Alu-Verbund gebuerstet;Alu-Verbund gebuerstet (Gold);Direktdruck HD;Hochformat;~2:3;40x60;Aufhaengung/Rahmen: ohne Aufhaengung
Wandbild;Alu-Verbund gebuerstet;Alu-Verbund gebuerstet (Gold);Direktdruck HD;Hochformat;~2:3;50x70;Aufhaengung/Rahmen: ohne Aufhaengung
Wandbild;Alu-Verbund gebuerstet;Alu-Verbund gebuerstet (Gold);Direktdruck HD;Hochformat;~2:3;50x75;Aufhaengung/Rahmen: ohne Aufhaengung
Wandbild;Alu-Verbund gebuerstet;Alu-Verbund gebuerstet (Gold);Direktdruck HD;Hochformat;~2:3;60x90;Aufhaengung/Rahmen: ohne Aufhaengung
Wandbild;Alu-Verbund gebuerstet;Alu-Verbund gebuerstet (Gold);Direktdruck HD;Hochformat;~2:3;80x120;Aufhaengung/Rahmen: ohne Aufhaengung
Wandbild;Alu-Verbund gebuerstet;Alu-Verbund gebuerstet (Gold);Direktdruck HD;Hochformat;~3:4;30x40;Aufhaengung/Rahmen: ohne Aufhaengung
Wandbild;Alu-Verbund gebuerstet;Alu-Verbund gebuerstet (Gold);Direktdruck HD;Hochformat;~3:4;45x60;Aufhaengung/Rahmen: ohne Aufhaengung
Wandbild;Alu-Verbund gebuerstet;Alu-Verbund gebuerstet (Gold);Direktdruck HD;Hochformat;~3:4;60x80;Aufhaengung/Rahmen: ohne Aufhaengung
Wandbild;Alu-Verbund gebuerstet;Alu-Verbund gebuerstet (Gold);Direktdruck HD;Hochformat;~3:4;75x100;Aufhaengung/Rahmen: ohne Aufhaengung
Wandbild;Alu-Verbund gebuerstet;Alu-Verbund gebuerstet (Gold);Direktdruck HD;Hochformat;~3:4;90x120;Aufhaengung/Rahmen: ohne Aufhaengung
Wandbild;Alu-Verbund gebuerstet;Alu-Verbund gebuerstet (Gold);Direktdruck HD;Hochformat;~3:5;30x50;Aufhaengung/Rahmen: ohne Aufhaengung
Wandbild;Alu-Verbund gebuerstet;Alu-Verbund gebuerstet (Gold);Direktdruck HD;Hochformat;~3:5;40x70;Aufhaengung/Rahmen: ohne Aufhaengung
Wandbild;Alu-Verbund gebuerstet;Alu-Verbund gebuerstet (Gold);Direktdruck HD;Hochformat;~3:5;70x120;Aufhaengung/Rahmen: ohne Aufhaengung
Wandbild;Alu-Verbund gebuerstet;Alu-Verbund gebuerstet (Gold);Direktdruck HD;Hochformat;~4:5;40x50;Aufhaengung/Rahmen: ohne Aufhaengung
Wandbild;Alu-Verbund gebuerstet;Alu-Verbund gebuerstet (Gold);Direktdruck HD;Hochformat;~4:5;80x100;Aufhaengung/Rahmen: ohne Aufhaengung
Wandbild;Alu-Verbund gebuerstet;Alu-Verbund gebuerstet (Gold);Direktdruck HD;Hochformat;Quadratisch;10x10;Aufhaengung/Rahmen: ohne Aufhaengung
Wandbild;Alu-Verbund gebuerstet;Alu-Verbund gebuerstet (Gold);Direktdruck HD;Hochformat;Quadratisch;15x15;Aufhaengung/Rahmen: ohne Aufhaengung
Wandbild;Alu-Verbund gebuerstet;Alu-Verbund gebuerstet (Gold);Direktdruck HD;Hochformat;Quadratisch;20x20;Aufhaengung/Rahmen: ohne Aufhaengung
Wandbild;Alu-Verbund gebuerstet;Alu-Verbund gebuerstet (Gold);Direktdruck HD;Hochformat;Quadratisch;30x30;Aufhaengung/Rahmen: ohne Aufhaengung
Wandbild;Alu-Verbund gebuerstet;Alu-Verbund gebuerstet (Gold);Direktdruck HD;Hochformat;Quadratisch;40x40;Aufhaengung/Rahmen: ohne Aufhaengung
Wandbild;Alu-Verbund gebuerstet;Alu-Verbund gebuerstet (Gold);Direktdruck HD;Hochformat;Quadratisch;50x50;Aufhaengung/Rahmen: ohne Aufhaengung
Wandbild;Alu-Verbund gebuerstet;Alu-Verbund gebuerstet (Gold);Direktdruck HD;Hochformat;Quadratisch;60x60;Aufhaengung/Rahmen: ohne Aufhaengung
Wandbild;Alu-Verbund gebuerstet;Alu-Verbund gebuerstet (Gold);Direktdruck HD;Hochformat;Quadratisch;70x70;Aufhaengung/Rahmen: ohne Aufhaengung
Wandbild;Alu-Verbund gebuerstet;Alu-Verbund gebuerstet (Gold);Direktdruck HD;Hochformat;Quadratisch;75x75;Aufhaengung/Rahmen: ohne Aufhaengung
Wandbild;Alu-Verbund gebuerstet;Alu-Verbund gebuerstet (Gold);Direktdruck HD;Hochformat;Quadratisch;80x80;Aufhaengung/Rahmen: ohne Aufhaengung
Wandbild;Alu-Verbund gebuerstet;Alu-Verbund gebuerstet (Gold);Direktdruck HD;Hochformat;Quadratisch;90x90;Aufhaengung/Rahmen: ohne Aufhaengung
Wandbild;Alu-Verbund gebuerstet;Alu-Verbund gebuerstet (Gold);Direktdruck HD;Hochformat;Panorama;10x20;Aufhaengung/Rahmen: ohne Aufhaengung
Wandbild;Alu-Verbund gebuerstet;Alu-Verbund gebuerstet (Gold);Direktdruck HD;Hochformat;Panorama;20x40;Aufhaengung/Rahmen: ohne Aufhaengung
Wandbild;Alu-Verbund gebuerstet;Alu-Verbund gebuerstet (Gold);Direktdruck HD;Hochformat;Panorama;20x60;Aufhaengung/Rahmen: ohne Aufhaengung
Wandbild;Alu-Verbund gebuerstet;Alu-Verbund gebuerstet (Gold);Direktdruck HD;Hochformat;Panorama;20x80;Aufhaengung/Rahmen: ohne Aufhaengung
Wandbild;Alu-Verbund gebuerstet;Alu-Verbund gebuerstet (Gold);Direktdruck HD;Hochformat;Panorama;30x60;Aufhaengung/Rahmen: ohne Aufhaengung
Wandbild;Alu-Verbund gebuerstet;Alu-Verbund gebuerstet (Gold);Direktdruck HD;Hochformat;Panorama;30x90;Aufhaengung/Rahmen: ohne Aufhaengung
Wandbild;Alu-Verbund gebuerstet;Alu-Verbund gebuerstet (Gold);Direktdruck HD;Hochformat;Panorama;30x120;Aufhaengung/Rahmen: ohne Aufhaengung
Wandbild;Alu-Verbund gebuerstet;Alu-Verbund gebuerstet (Gold);Direktdruck HD;Hochformat;Panorama;40x80;Aufhaengung/Rahmen: ohne Aufhaengung
Wandbild;Alu-Verbund gebuerstet;Alu-Verbund gebuerstet (Gold);Direktdruck HD;Hochformat;Panorama;40x120;Aufhaengung/Rahmen: ohne Aufhaengung
Wandbild;Alu-Verbund gebuerstet;Alu-Verbund gebuerstet (Gold);Direktdruck HD;Hochformat;Panorama;50x100;Aufhaengung/Rahmen: ohne Aufhaengung
Wandbild;Alu-Verbund gebuerstet;Alu-Verbund gebuerstet (Gold);Direktdruck HD;Hochformat;Panorama;50x120;Aufhaengung/Rahmen: ohne Aufhaengung
Wandbild;Alu-Verbund gebuerstet;Alu-Verbund gebuerstet (Gold);Direktdruck HD;Hochformat;Panorama;50x140;Aufhaengung/Rahmen: ohne Aufhaengung
Wandbild;Alu-Verbund gebuerstet;Alu-Verbund gebuerstet (Gold);Direktdruck HD;Hochformat;Panorama;60x120;Aufhaengung/Rahmen: ohne Aufhaengung
Wandbild;Alu-Verbund gebuerstet;Alu-Verbund gebuerstet (Gold);Direktdruck HD;Hochformat;Panorama;60x140;Aufhaengung/Rahmen: ohne Aufhaengung
Wandbild;Alu-Verbund gebuerstet;Alu-Verbund gebuerstet (Gold);Direktdruck HD;Querformat;~2:3;10x15;Aufhaengung/Rahmen: ohne Aufhaengung
Wandbild;Alu-Verbund gebuerstet;Alu-Verbund gebuerstet (Gold);Direktdruck HD;Querformat;~2:3;13x18;Aufhaengung/Rahmen: ohne Aufhaengung
Wandbild;Alu-Verbund gebuerstet;Alu-Verbund gebuerstet (Gold);Direktdruck HD;Querformat;~2:3;20x30;Aufhaengung/Rahmen: ohne Aufhaengung
Wandbild;Alu-Verbund gebuerstet;Alu-Verbund gebuerstet (Gold);Direktdruck HD;Querformat;~2:3;30x45;Aufhaengung/Rahmen: ohne Aufhaengung
Wandbild;Alu-Verbund gebuerstet;Alu-Verbund gebuerstet (Gold);Direktdruck HD;Querformat;~2:3;40x60;Aufhaengung/Rahmen: ohne Aufhaengung
Wandbild;Alu-Verbund gebuerstet;Alu-Verbund gebuerstet (Gold);Direktdruck HD;Querformat;~2:3;50x70;Aufhaengung/Rahmen: ohne Aufhaengung
Wandbild;Alu-Verbund gebuerstet;Alu-Verbund gebuerstet (Gold);Direktdruck HD;Querformat;~2:3;50x75;Aufhaengung/Rahmen: ohne Aufhaengung
Wandbild;Alu-Verbund gebuerstet;Alu-Verbund gebuerstet (Gold);Direktdruck HD;Querformat;~2:3;60x90;Aufhaengung/Rahmen: ohne Aufhaengung
Wandbild;Alu-Verbund gebuerstet;Alu-Verbund gebuerstet (Gold);Direktdruck HD;Querformat;~2:3;80x120;Aufhaengung/Rahmen: ohne Aufhaengung
Wandbild;Alu-Verbund gebuerstet;Alu-Verbund gebuerstet (Gold);Direktdruck HD;Querformat;~3:4;30x40;Aufhaengung/Rahmen: ohne Aufhaengung
Wandbild;Alu-Verbund gebuerstet;Alu-Verbund gebuerstet (Gold);Direktdruck HD;Querformat;~3:4;45x60;Aufhaengung/Rahmen: ohne Aufhaengung
Wandbild;Alu-Verbund gebuerstet;Alu-Verbund gebuerstet (Gold);Direktdruck HD;Querformat;~3:4;60x80;Aufhaengung/Rahmen: ohne Aufhaengung
Wandbild;Alu-Verbund gebuerstet;Alu-Verbund gebuerstet (Gold);Direktdruck HD;Querformat;~3:4;75x100;Aufhaengung/Rahmen: ohne Aufhaengung
Wandbild;Alu-Verbund gebuerstet;Alu-Verbund gebuerstet (Gold);Direktdruck HD;Querformat;~3:4;90x120;Aufhaengung/Rahmen: ohne Aufhaengung
Wandbild;Alu-Verbund gebuerstet;Alu-Verbund gebuerstet (Gold);Direktdruck HD;Querformat;~3:5;30x50;Aufhaengung/Rahmen: ohne Aufhaengung
Wandbild;Alu-Verbund gebuerstet;Alu-Verbund gebuerstet (Gold);Direktdruck HD;Querformat;~3:5;40x70;Aufhaengung/Rahmen: ohne Aufhaengung
Wandbild;Alu-Verbund gebuerstet;Alu-Verbund gebuerstet (Gold);Direktdruck HD;Querformat;~3:5;70x120;Aufhaengung/Rahmen: ohne Aufhaengung
Wandbild;Alu-Verbund gebuerstet;Alu-Verbund gebuerstet (Gold);Direktdruck HD;Querformat;~4:5;40x50;Aufhaengung/Rahmen: ohne Aufhaengung
Wandbild;Alu-Verbund gebuerstet;Alu-Verbund gebuerstet (Gold);Direktdruck HD;Querformat;~4:5;80x100;Aufhaengung/Rahmen: ohne Aufhaengung
Wandbild;Alu-Verbund gebuerstet;Alu-Verbund gebuerstet (Gold);Direktdruck HD;Querformat;Quadratisch;10x10;Aufhaengung/Rahmen: ohne Aufhaengung
Wandbild;Alu-Verbund gebuerstet;Alu-Verbund gebuerstet (Gold);Direktdruck HD;Querformat;Quadratisch;15x15;Aufhaengung/Rahmen: ohne Aufhaengung
Wandbild;Alu-Verbund gebuerstet;Alu-Verbund gebuerstet (Gold);Direktdruck HD;Querformat;Quadratisch;20x20;Aufhaengung/Rahmen: ohne Aufhaengung
Wandbild;Alu-Verbund gebuerstet;Alu-Verbund gebuerstet (Gold);Direktdruck HD;Querformat;Quadratisch;30x30;Aufhaengung/Rahmen: ohne Aufhaengung
Wandbild;Alu-Verbund gebuerstet;Alu-Verbund gebuerstet (Gold);Direktdruck HD;Querformat;Quadratisch;40x40;Aufhaengung/Rahmen: ohne Aufhaengung
Wandbild;Alu-Verbund gebuerstet;Alu-Verbund gebuerstet (Gold);Direktdruck HD;Querformat;Quadratisch;50x50;Aufhaengung/Rahmen: ohne Aufhaengung
Wandbild;Alu-Verbund gebuerstet;Alu-Verbund gebuerstet (Gold);Direktdruck HD;Querformat;Quadratisch;60x60;Aufhaengung/Rahmen: ohne Aufhaengung
Wandbild;Alu-Verbund gebuerstet;Alu-Verbund gebuerstet (Gold);Direktdruck HD;Querformat;Quadratisch;70x70;Aufhaengung/Rahmen: ohne Aufhaengung
Wandbild;Alu-Verbund gebuerstet;Alu-Verbund gebuerstet (Gold);Direktdruck HD;Querformat;Quadratisch;75x75;Aufhaengung/Rahmen: ohne Aufhaengung
Wandbild;Alu-Verbund gebuerstet;Alu-Verbund gebuerstet (Gold);Direktdruck HD;Querformat;Quadratisch;80x80;Aufhaengung/Rahmen: ohne Aufhaengung
Wandbild;Alu-Verbund gebuerstet;Alu-Verbund gebuerstet (Gold);Direktdruck HD;Querformat;Quadratisch;90x90;Aufhaengung/Rahmen: ohne Aufhaengung
Wandbild;Alu-Verbund gebuerstet;Alu-Verbund gebuerstet (Gold);Direktdruck HD;Querformat;Panorama;10x20;Aufhaengung/Rahmen: ohne Aufhaengung
Wandbild;Alu-Verbund gebuerstet;Alu-Verbund gebuerstet (Gold);Direktdruck HD;Querformat;Panorama;20x40;Aufhaengung/Rahmen: ohne Aufhaengung
Wandbild;Alu-Verbund gebuerstet;Alu-Verbund gebuerstet (Gold);Direktdruck HD;Querformat;Panorama;20x60;Aufhaengung/Rahmen: ohne Aufhaengung
Wandbild;Alu-Verbund gebuerstet;Alu-Verbund gebuerstet (Gold);Direktdruck HD;Querformat;Panorama;20x80;Aufhaengung/Rahmen: ohne Aufhaengung
Wandbild;Alu-Verbund gebuerstet;Alu-Verbund gebuerstet (Gold);Direktdruck HD;Querformat;Panorama;30x60;Aufhaengung/Rahmen: ohne Aufhaengung
Wandbild;Alu-Verbund gebuerstet;Alu-Verbund gebuerstet (Gold);Direktdruck HD;Querformat;Panorama;30x90;Aufhaengung/Rahmen: ohne Aufhaengung
Wandbild;Alu-Verbund gebuerstet;Alu-Verbund gebuerstet (Gold);Direktdruck HD;Querformat;Panorama;30x120;Aufhaengung/Rahmen: ohne Aufhaengung
Wandbild;Alu-Verbund gebuerstet;Alu-Verbund gebuerstet (Gold);Direktdruck HD;Querformat;Panorama;40x80;Aufhaengung/Rahmen: ohne Aufhaengung
Wandbild;Alu-Verbund gebuerstet;Alu-Verbund gebuerstet (Gold);Direktdruck HD;Querformat;Panorama;40x120;Aufhaengung/Rahmen: ohne Aufhaengung
Wandbild;Alu-Verbund gebuerstet;Alu-Verbund gebuerstet (Gold);Direktdruck HD;Querformat;Panorama;50x100;Aufhaengung/Rahmen: ohne Aufhaengung
Wandbild;Alu-Verbund gebuerstet;Alu-Verbund gebuerstet (Gold);Direktdruck HD;Querformat;Panorama;50x120;Aufhaengung/Rahmen: ohne Aufhaengung
Wandbild;Alu-Verbund gebuerstet;Alu-Verbund gebuerstet (Gold);Direktdruck HD;Querformat;Panorama;50x140;Aufhaengung/Rahmen: ohne Aufhaengung
Wandbild;Alu-Verbund gebuerstet;Alu-Verbund gebuerstet (Gold);Direktdruck HD;Querformat;Panorama;60x120;Aufhaengung/Rahmen: ohne Aufhaengung
Wandbild;Alu-Verbund gebuerstet;Alu-Verbund gebuerstet (Gold);Direktdruck HD;Querformat;Panorama;60x140;Aufhaengung/Rahmen: ohne Aufhaengung
Wandbild;Alu-Verbund gebuerstet;Alu-Verbund gebuerstet (Silber);Direktdruck HD;Hochformat;~2:3;10x15;Aufhaengung/Rahmen: ohne Aufhaengung
Wandbild;Alu-Verbund gebuerstet;Alu-Verbund gebuerstet (Silber);Direktdruck HD;Hochformat;~2:3;13x18;Aufhaengung/Rahmen: ohne Aufhaengung
Wandbild;Alu-Verbund gebuerstet;Alu-Verbund gebuerstet (Silber);Direktdruck HD;Hochformat;~2:3;20x30;Aufhaengung/Rahmen: ohne Aufhaengung
Wandbild;Alu-Verbund gebuerstet;Alu-Verbund gebuerstet (Silber);Direktdruck HD;Hochformat;~2:3;30x45;Aufhaengung/Rahmen: ohne Aufhaengung
Wandbild;Alu-Verbund gebuerstet;Alu-Verbund gebuerstet (Silber);Direktdruck HD;Hochformat;~2:3;40x60;Aufhaengung/Rahmen: ohne Aufhaengung
Wandbild;Alu-Verbund gebuerstet;Alu-Verbund gebuerstet (Silber);Direktdruck HD;Hochformat;~2:3;50x70;Aufhaengung/Rahmen: ohne Aufhaengung
Wandbild;Alu-Verbund gebuerstet;Alu-Verbund gebuerstet (Silber);Direktdruck HD;Hochformat;~2:3;50x75;Aufhaengung/Rahmen: ohne Aufhaengung
Wandbild;Alu-Verbund gebuerstet;Alu-Verbund gebuerstet (Silber);Direktdruck HD;Hochformat;~2:3;60x90;Aufhaengung/Rahmen: ohne Aufhaengung
Wandbild;Alu-Verbund gebuerstet;Alu-Verbund gebuerstet (Silber);Direktdruck HD;Hochformat;~2:3;80x120;Aufhaengung/Rahmen: ohne Aufhaengung
Wandbild;Alu-Verbund gebuerstet;Alu-Verbund gebuerstet (Silber);Direktdruck HD;Hochformat;~3:4;30x40;Aufhaengung/Rahmen: ohne Aufhaengung
Wandbild;Alu-Verbund gebuerstet;Alu-Verbund gebuerstet (Silber);Direktdruck HD;Hochformat;~3:4;45x60;Aufhaengung/Rahmen: ohne Aufhaengung
Wandbild;Alu-Verbund gebuerstet;Alu-Verbund gebuerstet (Silber);Direktdruck HD;Hochformat;~3:4;60x80;Aufhaengung/Rahmen: ohne Aufhaengung
Wandbild;Alu-Verbund gebuerstet;Alu-Verbund gebuerstet (Silber);Direktdruck HD;Hochformat;~3:4;75x100;Aufhaengung/Rahmen: ohne Aufhaengung
Wandbild;Alu-Verbund gebuerstet;Alu-Verbund gebuerstet (Silber);Direktdruck HD;Hochformat;~3:4;90x120;Aufhaengung/Rahmen: ohne Aufhaengung
Wandbild;Alu-Verbund gebuerstet;Alu-Verbund gebuerstet (Silber);Direktdruck HD;Hochformat;~3:5;30x50;Aufhaengung/Rahmen: ohne Aufhaengung
Wandbild;Alu-Verbund gebuerstet;Alu-Verbund gebuerstet (Silber);Direktdruck HD;Hochformat;~3:5;40x70;Aufhaengung/Rahmen: ohne Aufhaengung
Wandbild;Alu-Verbund gebuerstet;Alu-Verbund gebuerstet (Silber);Direktdruck HD;Hochformat;~3:5;70x120;Aufhaengung/Rahmen: ohne Aufhaengung
Wandbild;Alu-Verbund gebuerstet;Alu-Verbund gebuerstet (Silber);Direktdruck HD;Hochformat;~4:5;40x50;Aufhaengung/Rahmen: ohne Aufhaengung
Wandbild;Alu-Verbund gebuerstet;Alu-Verbund gebuerstet (Silber);Direktdruck HD;Hochformat;~4:5;80x100;Aufhaengung/Rahmen: ohne Aufhaengung
Wandbild;Alu-Verbund gebuerstet;Alu-Verbund gebuerstet (Silber);Direktdruck HD;Hochformat;Quadratisch;10x10;Aufhaengung/Rahmen: ohne Aufhaengung
Wandbild;Alu-Verbund gebuerstet;Alu-Verbund gebuerstet (Silber);Direktdruck HD;Hochformat;Quadratisch;15x15;Aufhaengung/Rahmen: ohne Aufhaengung
Wandbild;Alu-Verbund gebuerstet;Alu-Verbund gebuerstet (Silber);Direktdruck HD;Hochformat;Quadratisch;20x20;Aufhaengung/Rahmen: ohne Aufhaengung
Wandbild;Alu-Verbund gebuerstet;Alu-Verbund gebuerstet (Silber);Direktdruck HD;Hochformat;Quadratisch;30x30;Aufhaengung/Rahmen: ohne Aufhaengung
Wandbild;Alu-Verbund gebuerstet;Alu-Verbund gebuerstet (Silber);Direktdruck HD;Hochformat;Quadratisch;40x40;Aufhaengung/Rahmen: ohne Aufhaengung
Wandbild;Alu-Verbund gebuerstet;Alu-Verbund gebuerstet (Silber);Direktdruck HD;Hochformat;Quadratisch;50x50;Aufhaengung/Rahmen: ohne Aufhaengung
Wandbild;Alu-Verbund gebuerstet;Alu-Verbund gebuerstet (Silber);Direktdruck HD;Hochformat;Quadratisch;60x60;Aufhaengung/Rahmen: ohne Aufhaengung
Wandbild;Alu-Verbund gebuerstet;Alu-Verbund gebuerstet (Silber);Direktdruck HD;Hochformat;Quadratisch;70x70;Aufhaengung/Rahmen: ohne Aufhaengung
Wandbild;Alu-Verbund gebuerstet;Alu-Verbund gebuerstet (Silber);Direktdruck HD;Hochformat;Quadratisch;75x75;Aufhaengung/Rahmen: ohne Aufhaengung
Wandbild;Alu-Verbund gebuerstet;Alu-Verbund gebuerstet (Silber);Direktdruck HD;Hochformat;Quadratisch;80x80;Aufhaengung/Rahmen: ohne Aufhaengung
Wandbild;Alu-Verbund gebuerstet;Alu-Verbund gebuerstet (Silber);Direktdruck HD;Hochformat;Quadratisch;90x90;Aufhaengung/Rahmen: ohne Aufhaengung
Wandbild;Alu-Verbund gebuerstet;Alu-Verbund gebuerstet (Silber);Direktdruck HD;Hochformat;Panorama;10x20;Aufhaengung/Rahmen: ohne Aufhaengung
Wandbild;Alu-Verbund gebuerstet;Alu-Verbund gebuerstet (Silber);Direktdruck HD;Hochformat;Panorama;20x40;Aufhaengung/Rahmen: ohne Aufhaengung
Wandbild;Alu-Verbund gebuerstet;Alu-Verbund gebuerstet (Silber);Direktdruck HD;Hochformat;Panorama;20x60;Aufhaengung/Rahmen: ohne Aufhaengung
Wandbild;Alu-Verbund gebuerstet;Alu-Verbund gebuerstet (Silber);Direktdruck HD;Hochformat;Panorama;20x80;Aufhaengung/Rahmen: ohne Aufhaengung
Wandbild;Alu-Verbund gebuerstet;Alu-Verbund gebuerstet (Silber);Direktdruck HD;Hochformat;Panorama;30x60;Aufhaengung/Rahmen: ohne Aufhaengung
Wandbild;Alu-Verbund gebuerstet;Alu-Verbund gebuerstet (Silber);Direktdruck HD;Hochformat;Panorama;30x90;Aufhaengung/Rahmen: ohne Aufhaengung
Wandbild;Alu-Verbund gebuerstet;Alu-Verbund gebuerstet (Silber);Direktdruck HD;Hochformat;Panorama;30x120;Aufhaengung/Rahmen: ohne Aufhaengung
Wandbild;Alu-Verbund gebuerstet;Alu-Verbund gebuerstet (Silber);Direktdruck HD;Hochformat;Panorama;40x80;Aufhaengung/Rahmen: ohne Aufhaengung
Wandbild;Alu-Verbund gebuerstet;Alu-Verbund gebuerstet (Silber);Direktdruck HD;Hochformat;Panorama;40x120;Aufhaengung/Rahmen: ohne Aufhaengung
Wandbild;Alu-Verbund gebuerstet;Alu-Verbund gebuerstet (Silber);Direktdruck HD;Hochformat;Panorama;50x100;Aufhaengung/Rahmen: ohne Aufhaengung
Wandbild;Alu-Verbund gebuerstet;Alu-Verbund gebuerstet (Silber);Direktdruck HD;Hochformat;Panorama;50x120;Aufhaengung/Rahmen: ohne Aufhaengung
Wandbild;Alu-Verbund gebuerstet;Alu-Verbund gebuerstet (Silber);Direktdruck HD;Hochformat;Panorama;50x140;Aufhaengung/Rahmen: ohne Aufhaengung
Wandbild;Alu-Verbund gebuerstet;Alu-Verbund gebuerstet (Silber);Direktdruck HD;Hochformat;Panorama;60x120;Aufhaengung/Rahmen: ohne Aufhaengung
Wandbild;Alu-Verbund gebuerstet;Alu-Verbund gebuerstet (Silber);Direktdruck HD;Hochformat;Panorama;60x140;Aufhaengung/Rahmen: ohne Aufhaengung
Wandbild;Alu-Verbund gebuerstet;Alu-Verbund gebuerstet (Silber);Direktdruck HD;Querformat;~2:3;10x15;Aufhaengung/Rahmen: ohne Aufhaengung
Wandbild;Alu-Verbund gebuerstet;Alu-Verbund gebuerstet (Silber);Direktdruck HD;Querformat;~2:3;13x18;Aufhaengung/Rahmen: ohne Aufhaengung
Wandbild;Alu-Verbund gebuerstet;Alu-Verbund gebuerstet (Silber);Direktdruck HD;Querformat;~2:3;20x30;Aufhaengung/Rahmen: ohne Aufhaengung
Wandbild;Alu-Verbund gebuerstet;Alu-Verbund gebuerstet (Silber);Direktdruck HD;Querformat;~2:3;30x45;Aufhaengung/Rahmen: ohne Aufhaengung
Wandbild;Alu-Verbund gebuerstet;Alu-Verbund gebuerstet (Silber);Direktdruck HD;Querformat;~2:3;40x60;Aufhaengung/Rahmen: ohne Aufhaengung
Wandbild;Alu-Verbund gebuerstet;Alu-Verbund gebuerstet (Silber);Direktdruck HD;Querformat;~2:3;50x70;Aufhaengung/Rahmen: ohne Aufhaengung
Wandbild;Alu-Verbund gebuerstet;Alu-Verbund gebuerstet (Silber);Direktdruck HD;Querformat;~2:3;50x75;Aufhaengung/Rahmen: ohne Aufhaengung
Wandbild;Alu-Verbund gebuerstet;Alu-Verbund gebuerstet (Silber);Direktdruck HD;Querformat;~2:3;60x90;Aufhaengung/Rahmen: ohne Aufhaengung
Wandbild;Alu-Verbund gebuerstet;Alu-Verbund gebuerstet (Silber);Direktdruck HD;Querformat;~2:3;80x120;Aufhaengung/Rahmen: ohne Aufhaengung
Wandbild;Alu-Verbund gebuerstet;Alu-Verbund gebuerstet (Silber);Direktdruck HD;Querformat;~3:4;30x40;Aufhaengung/Rahmen: ohne Aufhaengung
Wandbild;Alu-Verbund gebuerstet;Alu-Verbund gebuerstet (Silber);Direktdruck HD;Querformat;~3:4;45x60;Aufhaengung/Rahmen: ohne Aufhaengung
Wandbild;Alu-Verbund gebuerstet;Alu-Verbund gebuerstet (Silber);Direktdruck HD;Querformat;~3:4;60x80;Aufhaengung/Rahmen: ohne Aufhaengung
Wandbild;Alu-Verbund gebuerstet;Alu-Verbund gebuerstet (Silber);Direktdruck HD;Querformat;~3:4;75x100;Aufhaengung/Rahmen: ohne Aufhaengung
Wandbild;Alu-Verbund gebuerstet;Alu-Verbund gebuerstet (Silber);Direktdruck HD;Querformat;~3:4;90x120;Aufhaengung/Rahmen: ohne Aufhaengung
Wandbild;Alu-Verbund gebuerstet;Alu-Verbund gebuerstet (Silber);Direktdruck HD;Querformat;~3:5;30x50;Aufhaengung/Rahmen: ohne Aufhaengung
Wandbild;Alu-Verbund gebuerstet;Alu-Verbund gebuerstet (Silber);Direktdruck HD;Querformat;~3:5;40x70;Aufhaengung/Rahmen: ohne Aufhaengung
Wandbild;Alu-Verbund gebuerstet;Alu-Verbund gebuerstet (Silber);Direktdruck HD;Querformat;~3:5;70x120;Aufhaengung/Rahmen: ohne Aufhaengung
Wandbild;Alu-Verbund gebuerstet;Alu-Verbund gebuerstet (Silber);Direktdruck HD;Querformat;~4:5;40x50;Aufhaengung/Rahmen: ohne Aufhaengung
Wandbild;Alu-Verbund gebuerstet;Alu-Verbund gebuerstet (Silber);Direktdruck HD;Querformat;~4:5;80x100;Aufhaengung/Rahmen: ohne Aufhaengung
Wandbild;Alu-Verbund gebuerstet;Alu-Verbund gebuerstet (Silber);Direktdruck HD;Querformat;Quadratisch;10x10;Aufhaengung/Rahmen: ohne Aufhaengung
Wandbild;Alu-Verbund gebuerstet;Alu-Verbund gebuerstet (Silber);Direktdruck HD;Querformat;Quadratisch;15x15;Aufhaengung/Rahmen: ohne Aufhaengung
Wandbild;Alu-Verbund gebuerstet;Alu-Verbund gebuerstet (Silber);Direktdruck HD;Querformat;Quadratisch;20x20;Aufhaengung/Rahmen: ohne Aufhaengung
Wandbild;Alu-Verbund gebuerstet;Alu-Verbund gebuerstet (Silber);Direktdruck HD;Querformat;Quadratisch;30x30;Aufhaengung/Rahmen: ohne Aufhaengung
Wandbild;Alu-Verbund gebuerstet;Alu-Verbund gebuerstet (Silber);Direktdruck HD;Querformat;Quadratisch;40x40;Aufhaengung/Rahmen: ohne Aufhaengung
Wandbild;Alu-Verbund gebuerstet;Alu-Verbund gebuerstet (Silber);Direktdruck HD;Querformat;Quadratisch;50x50;Aufhaengung/Rahmen: ohne Aufhaengung
Wandbild;Alu-Verbund gebuerstet;Alu-Verbund gebuerstet (Silber);Direktdruck HD;Querformat;Quadratisch;60x60;Aufhaengung/Rahmen: ohne Aufhaengung
Wandbild;Alu-Verbund gebuerstet;Alu-Verbund gebuerstet (Silber);Direktdruck HD;Querformat;Quadratisch;70x70;Aufhaengung/Rahmen: ohne Aufhaengung
Wandbild;Alu-Verbund gebuerstet;Alu-Verbund gebuerstet (Silber);Direktdruck HD;Querformat;Quadratisch;75x75;Aufhaengung/Rahmen: ohne Aufhaengung
Wandbild;Alu-Verbund gebuerstet;Alu-Verbund gebuerstet (Silber);Direktdruck HD;Querformat;Quadratisch;80x80;Aufhaengung/Rahmen: ohne Aufhaengung
Wandbild;Alu-Verbund gebuerstet;Alu-Verbund gebuerstet (Silber);Direktdruck HD;Querformat;Quadratisch;90x90;Aufhaengung/Rahmen: ohne Aufhaengung
Wandbild;Alu-Verbund gebuerstet;Alu-Verbund gebuerstet (Silber);Direktdruck HD;Querformat;Panorama;10x20;Aufhaengung/Rahmen: ohne Aufhaengung
Wandbild;Alu-Verbund gebuerstet;Alu-Verbund gebuerstet (Silber);Direktdruck HD;Querformat;Panorama;20x40;Aufhaengung/Rahmen: ohne Aufhaengung
Wandbild;Alu-Verbund gebuerstet;Alu-Verbund gebuerstet (Silber);Direktdruck HD;Querformat;Panorama;20x60;Aufhaengung/Rahmen: ohne Aufhaengung
Wandbild;Alu-Verbund gebuerstet;Alu-Verbund gebuerstet (Silber);Direktdruck HD;Querformat;Panorama;20x80;Aufhaengung/Rahmen: ohne Aufhaengung
Wandbild;Alu-Verbund gebuerstet;Alu-Verbund gebuerstet (Silber);Direktdruck HD;Querformat;Panorama;30x60;Aufhaengung/Rahmen: ohne Aufhaengung
Wandbild;Alu-Verbund gebuerstet;Alu-Verbund gebuerstet (Silber);Direktdruck HD;Querformat;Panorama;30x90;Aufhaengung/Rahmen: ohne Aufhaengung
Wandbild;Alu-Verbund gebuerstet;Alu-Verbund gebuerstet (Silber);Direktdruck HD;Querformat;Panorama;30x120;Aufhaengung/Rahmen: ohne Aufhaengung
Wandbild;Alu-Verbund gebuerstet;Alu-Verbund gebuerstet (Silber);Direktdruck HD;Querformat;Panorama;40x80;Aufhaengung/Rahmen: ohne Aufhaengung
Wandbild;Alu-Verbund gebuerstet;Alu-Verbund gebuerstet (Silber);Direktdruck HD;Querformat;Panorama;40x120;Aufhaengung/Rahmen: ohne Aufhaengung
Wandbild;Alu-Verbund gebuerstet;Alu-Verbund gebuerstet (Silber);Direktdruck HD;Querformat;Panorama;50x100;Aufhaengung/Rahmen: ohne Aufhaengung
Wandbild;Alu-Verbund gebuerstet;Alu-Verbund gebuerstet (Silber);Direktdruck HD;Querformat;Panorama;50x120;Aufhaengung/Rahmen: ohne Aufhaengung
Wandbild;Alu-Verbund gebuerstet;Alu-Verbund gebuerstet (Silber);Direktdruck HD;Querformat;Panorama;50x140;Aufhaengung/Rahmen: ohne Aufhaengung
Wandbild;Alu-Verbund gebuerstet;Alu-Verbund gebuerstet (Silber);Direktdruck HD;Querformat;Panorama;60x120;Aufhaengung/Rahmen: ohne Aufhaengung
Wandbild;Alu-Verbund gebuerstet;Alu-Verbund gebuerstet (Silber);Direktdruck HD;Querformat;Panorama;60x140;Aufhaengung/Rahmen: ohne Aufhaengung
Wandbild;Fotoleinwand;Leinwand (Baumwoll-Canvas);Latex-/Digitaldruck HD;Hochformat;diverse;20x20;ohne Aufhaengung (Keilrahmen), weitere Rahmenoptionen moeglich
Wandbild;Fotoleinwand;Leinwand (Baumwoll-Canvas);Latex-/Digitaldruck HD;Hochformat;diverse;20x30;ohne Aufhaengung (Keilrahmen), weitere Rahmenoptionen moeglich
Wandbild;Fotoleinwand;Leinwand (Baumwoll-Canvas);Latex-/Digitaldruck HD;Hochformat;diverse;30x30;ohne Aufhaengung (Keilrahmen), weitere Rahmenoptionen moeglich
Wandbild;Fotoleinwand;Leinwand (Baumwoll-Canvas);Latex-/Digitaldruck HD;Hochformat;diverse;30x40;ohne Aufhaengung (Keilrahmen), weitere Rahmenoptionen moeglich
Wandbild;Fotoleinwand;Leinwand (Baumwoll-Canvas);Latex-/Digitaldruck HD;Hochformat;diverse;30x45;ohne Aufhaengung (Keilrahmen), weitere Rahmenoptionen moeglich
Wandbild;Fotoleinwand;Leinwand (Baumwoll-Canvas);Latex-/Digitaldruck HD;Hochformat;diverse;40x40;ohne Aufhaengung (Keilrahmen), weitere Rahmenoptionen moeglich
Wandbild;Fotoleinwand;Leinwand (Baumwoll-Canvas);Latex-/Digitaldruck HD;Hochformat;diverse;40x50;ohne Aufhaengung (Keilrahmen), weitere Rahmenoptionen moeglich
Wandbild;Fotoleinwand;Leinwand (Baumwoll-Canvas);Latex-/Digitaldruck HD;Hochformat;diverse;40x60;ohne Aufhaengung (Keilrahmen), weitere Rahmenoptionen moeglich
Wandbild;Fotoleinwand;Leinwand (Baumwoll-Canvas);Latex-/Digitaldruck HD;Hochformat;diverse;50x50;ohne Aufhaengung (Keilrahmen), weitere Rahmenoptionen moeglich
Wandbild;Fotoleinwand;Leinwand (Baumwoll-Canvas);Latex-/Digitaldruck HD;Hochformat;diverse;50x75;ohne Aufhaengung (Keilrahmen), weitere Rahmenoptionen moeglich
Wandbild;Fotoleinwand;Leinwand (Baumwoll-Canvas);Latex-/Digitaldruck HD;Hochformat;diverse;60x80;ohne Aufhaengung (Keilrahmen), weitere Rahmenoptionen moeglich
Wandbild;Fotoleinwand;Leinwand (Baumwoll-Canvas);Latex-/Digitaldruck HD;Hochformat;diverse;60x90;ohne Aufhaengung (Keilrahmen), weitere Rahmenoptionen moeglich
Wandbild;Fotoleinwand;Leinwand (Baumwoll-Canvas);Latex-/Digitaldruck HD;Hochformat;diverse;80x120;ohne Aufhaengung (Keilrahmen), weitere Rahmenoptionen moeglich
Wandbild;Fotoleinwand;Leinwand (Baumwoll-Canvas);Latex-/Digitaldruck HD;Querformat;diverse;20x20;ohne Aufhaengung (Keilrahmen), weitere Rahmenoptionen moeglich
Wandbild;Fotoleinwand;Leinwand (Baumwoll-Canvas);Latex-/Digitaldruck HD;Querformat;diverse;20x30;ohne Aufhaengung (Keilrahmen), weitere Rahmenoptionen moeglich
Wandbild;Fotoleinwand;Leinwand (Baumwoll-Canvas);Latex-/Digitaldruck HD;Querformat;diverse;30x30;ohne Aufhaengung (Keilrahmen), weitere Rahmenoptionen moeglich
Wandbild;Fotoleinwand;Leinwand (Baumwoll-Canvas);Latex-/Digitaldruck HD;Querformat;diverse;30x40;ohne Aufhaengung (Keilrahmen), weitere Rahmenoptionen moeglich
Wandbild;Fotoleinwand;Leinwand (Baumwoll-Canvas);Latex-/Digitaldruck HD;Querformat;diverse;30x45;ohne Aufhaengung (Keilrahmen), weitere Rahmenoptionen moeglich
Wandbild;Fotoleinwand;Leinwand (Baumwoll-Canvas);Latex-/Digitaldruck HD;Querformat;diverse;40x40;ohne Aufhaengung (Keilrahmen), weitere Rahmenoptionen moeglich
Wandbild;Fotoleinwand;Leinwand (Baumwoll-Canvas);Latex-/Digitaldruck HD;Querformat;diverse;40x50;ohne Aufhaengung (Keilrahmen), weitere Rahmenoptionen moeglich
Wandbild;Fotoleinwand;Leinwand (Baumwoll-Canvas);Latex-/Digitaldruck HD;Querformat;diverse;40x60;ohne Aufhaengung (Keilrahmen), weitere Rahmenoptionen moeglich
Wandbild;Fotoleinwand;Leinwand (Baumwoll-Canvas);Latex-/Digitaldruck HD;Querformat;diverse;50x50;ohne Aufhaengung (Keilrahmen), weitere Rahmenoptionen moeglich
Wandbild;Fotoleinwand;Leinwand (Baumwoll-Canvas);Latex-/Digitaldruck HD;Querformat;diverse;50x75;ohne Aufhaengung (Keilrahmen), weitere Rahmenoptionen moeglich
Wandbild;Fotoleinwand;Leinwand (Baumwoll-Canvas);Latex-/Digitaldruck HD;Querformat;diverse;60x80;ohne Aufhaengung (Keilrahmen), weitere Rahmenoptionen moeglich
Wandbild;Fotoleinwand;Leinwand (Baumwoll-Canvas);Latex-/Digitaldruck HD;Querformat;diverse;60x90;ohne Aufhaengung (Keilrahmen), weitere Rahmenoptionen moeglich
Wandbild;Fotoleinwand;Leinwand (Baumwoll-Canvas);Latex-/Digitaldruck HD;Querformat;diverse;80x120;ohne Aufhaengung (Keilrahmen), weitere Rahmenoptionen moeglich
Wandbild;GalleryPrint;GalleryPrint (Glas-/Galerie-Oberflaeche);Standard;Hochformat;diverse;10x10;ohne Aufhaengung
Wandbild;GalleryPrint;GalleryPrint (Glas-/Galerie-Oberflaeche);Standard;Hochformat;diverse;10x15;ohne Aufhaengung
Wandbild;GalleryPrint;GalleryPrint (Glas-/Galerie-Oberflaeche);Standard;Hochformat;diverse;10x20;ohne Aufhaengung
Wandbild;GalleryPrint;GalleryPrint (Glas-/Galerie-Oberflaeche);Standard;Hochformat;diverse;13x18;ohne Aufhaengung
Wandbild;GalleryPrint;GalleryPrint (Glas-/Galerie-Oberflaeche);Standard;Hochformat;diverse;15x15;ohne Aufhaengung
Wandbild;GalleryPrint;GalleryPrint (Glas-/Galerie-Oberflaeche);Standard;Hochformat;diverse;20x20;ohne Aufhaengung
Wandbild;GalleryPrint;GalleryPrint (Glas-/Galerie-Oberflaeche);Standard;Hochformat;diverse;20x30;ohne Aufhaengung
Wandbild;GalleryPrint;GalleryPrint (Glas-/Galerie-Oberflaeche);Standard;Hochformat;diverse;20x40;ohne Aufhaengung
Wandbild;GalleryPrint;GalleryPrint (Glas-/Galerie-Oberflaeche);Standard;Hochformat;diverse;20x60;ohne Aufhaengung
Wandbild;GalleryPrint;GalleryPrint (Glas-/Galerie-Oberflaeche);Standard;Hochformat;diverse;20x80;ohne Aufhaengung
Wandbild;GalleryPrint;GalleryPrint (Glas-/Galerie-Oberflaeche);Standard;Hochformat;diverse;30x30;ohne Aufhaengung
Wandbild;GalleryPrint;GalleryPrint (Glas-/Galerie-Oberflaeche);Standard;Hochformat;diverse;30x40;ohne Aufhaengung
Wandbild;GalleryPrint;GalleryPrint (Glas-/Galerie-Oberflaeche);Standard;Hochformat;diverse;30x45;ohne Aufhaengung
Wandbild;GalleryPrint;GalleryPrint (Glas-/Galerie-Oberflaeche);Standard;Hochformat;diverse;30x50;ohne Aufhaengung
Wandbild;GalleryPrint;GalleryPrint (Glas-/Galerie-Oberflaeche);Standard;Hochformat;diverse;30x60;ohne Aufhaengung
Wandbild;GalleryPrint;GalleryPrint (Glas-/Galerie-Oberflaeche);Standard;Hochformat;diverse;30x90;ohne Aufhaengung
Wandbild;GalleryPrint;GalleryPrint (Glas-/Galerie-Oberflaeche);Standard;Hochformat;diverse;30x120;ohne Aufhaengung
Wandbild;GalleryPrint;GalleryPrint (Glas-/Galerie-Oberflaeche);Standard;Hochformat;diverse;40x40;ohne Aufhaengung
Wandbild;GalleryPrint;GalleryPrint (Glas-/Galerie-Oberflaeche);Standard;Hochformat;diverse;40x50;ohne Aufhaengung
Wandbild;GalleryPrint;GalleryPrint (Glas-/Galerie-Oberflaeche);Standard;Hochformat;diverse;40x60;ohne Aufhaengung
Wandbild;GalleryPrint;GalleryPrint (Glas-/Galerie-Oberflaeche);Standard;Hochformat;diverse;40x70;ohne Aufhaengung
Wandbild;GalleryPrint;GalleryPrint (Glas-/Galerie-Oberflaeche);Standard;Hochformat;diverse;40x80;ohne Aufhaengung
Wandbild;GalleryPrint;GalleryPrint (Glas-/Galerie-Oberflaeche);Standard;Hochformat;diverse;40x120;ohne Aufhaengung
Wandbild;GalleryPrint;GalleryPrint (Glas-/Galerie-Oberflaeche);Standard;Hochformat;diverse;40x160;ohne Aufhaengung
Wandbild;GalleryPrint;GalleryPrint (Glas-/Galerie-Oberflaeche);Standard;Hochformat;diverse;45x60;ohne Aufhaengung
Wandbild;GalleryPrint;GalleryPrint (Glas-/Galerie-Oberflaeche);Standard;Hochformat;diverse;50x50;ohne Aufhaengung
Wandbild;GalleryPrint;GalleryPrint (Glas-/Galerie-Oberflaeche);Standard;Hochformat;diverse;50x70;ohne Aufhaengung
Wandbild;GalleryPrint;GalleryPrint (Glas-/Galerie-Oberflaeche);Standard;Hochformat;diverse;50x75;ohne Aufhaengung
Wandbild;GalleryPrint;GalleryPrint (Glas-/Galerie-Oberflaeche);Standard;Hochformat;diverse;50x100;ohne Aufhaengung
Wandbild;GalleryPrint;GalleryPrint (Glas-/Galerie-Oberflaeche);Standard;Hochformat;diverse;50x120;ohne Aufhaengung
Wandbild;GalleryPrint;GalleryPrint (Glas-/Galerie-Oberflaeche);Standard;Hochformat;diverse;50x140;ohne Aufhaengung
Wandbild;GalleryPrint;GalleryPrint (Glas-/Galerie-Oberflaeche);Standard;Hochformat;diverse;50x160;ohne Aufhaengung
Wandbild;GalleryPrint;GalleryPrint (Glas-/Galerie-Oberflaeche);Standard;Hochformat;diverse;60x60;ohne Aufhaengung
Wandbild;GalleryPrint;GalleryPrint (Glas-/Galerie-Oberflaeche);Standard;Hochformat;diverse;60x80;ohne Aufhaengung
Wandbild;GalleryPrint;GalleryPrint (Glas-/Galerie-Oberflaeche);Standard;Hochformat;diverse;60x90;ohne Aufhaengung
Wandbild;GalleryPrint;GalleryPrint (Glas-/Galerie-Oberflaeche);Standard;Hochformat;diverse;60x120;ohne Aufhaengung
Wandbild;GalleryPrint;GalleryPrint (Glas-/Galerie-Oberflaeche);Standard;Hochformat;diverse;70x70;ohne Aufhaengung
Wandbild;GalleryPrint;GalleryPrint (Glas-/Galerie-Oberflaeche);Standard;Hochformat;diverse;70x120;ohne Aufhaengung
Wandbild;GalleryPrint;GalleryPrint (Glas-/Galerie-Oberflaeche);Standard;Hochformat;diverse;75x75;ohne Aufhaengung
Wandbild;GalleryPrint;GalleryPrint (Glas-/Galerie-Oberflaeche);Standard;Hochformat;diverse;75x100;ohne Aufhaengung
Wandbild;GalleryPrint;GalleryPrint (Glas-/Galerie-Oberflaeche);Standard;Hochformat;diverse;80x80;ohne Aufhaengung
Wandbild;GalleryPrint;GalleryPrint (Glas-/Galerie-Oberflaeche);Standard;Hochformat;diverse;80x100;ohne Aufhaengung
Wandbild;GalleryPrint;GalleryPrint (Glas-/Galerie-Oberflaeche);Standard;Hochformat;diverse;80x120;ohne Aufhaengung
Wandbild;GalleryPrint;GalleryPrint (Glas-/Galerie-Oberflaeche);Standard;Hochformat;diverse;90x90;ohne Aufhaengung
Wandbild;GalleryPrint;GalleryPrint (Glas-/Galerie-Oberflaeche);Standard;Hochformat;diverse;90x120;ohne Aufhaengung
Wandbild;GalleryPrint;GalleryPrint (Glas-/Galerie-Oberflaeche);Standard;Hochformat;diverse;90x160;ohne Aufhaengung
Wandbild;GalleryPrint;GalleryPrint (Glas-/Galerie-Oberflaeche);Standard;Hochformat;diverse;100x100;ohne Aufhaengung
Wandbild;GalleryPrint;GalleryPrint (Glas-/Galerie-Oberflaeche);Standard;Hochformat;diverse;100x120;ohne Aufhaengung
Wandbild;GalleryPrint;GalleryPrint (Glas-/Galerie-Oberflaeche);Standard;Hochformat;diverse;100x140;ohne Aufhaengung
Wandbild;GalleryPrint;GalleryPrint (Glas-/Galerie-Oberflaeche);Standard;Hochformat;diverse;100x160;ohne Aufhaengung
Wandbild;GalleryPrint;GalleryPrint (Glas-/Galerie-Oberflaeche);Standard;Hochformat;diverse;100x180;ohne Aufhaengung
Wandbild;GalleryPrint;GalleryPrint (Glas-/Galerie-Oberflaeche);Standard;Hochformat;diverse;100x200;ohne Aufhaengung
Wandbild;GalleryPrint;GalleryPrint (Glas-/Galerie-Oberflaeche);Standard;Querformat;diverse;10x10;ohne Aufhaengung
Wandbild;GalleryPrint;GalleryPrint (Glas-/Galerie-Oberflaeche);Standard;Querformat;diverse;10x15;ohne Aufhaengung
Wandbild;GalleryPrint;GalleryPrint (Glas-/Galerie-Oberflaeche);Standard;Querformat;diverse;10x20;ohne Aufhaengung
Wandbild;GalleryPrint;GalleryPrint (Glas-/Galerie-Oberflaeche);Standard;Querformat;diverse;13x18;ohne Aufhaengung
Wandbild;GalleryPrint;GalleryPrint (Glas-/Galerie-Oberflaeche);Standard;Querformat;diverse;15x15;ohne Aufhaengung
Wandbild;GalleryPrint;GalleryPrint (Glas-/Galerie-Oberflaeche);Standard;Querformat;diverse;20x20;ohne Aufhaengung
Wandbild;GalleryPrint;GalleryPrint (Glas-/Galerie-Oberflaeche);Standard;Querformat;diverse;20x30;ohne Aufhaengung
Wandbild;GalleryPrint;GalleryPrint (Glas-/Galerie-Oberflaeche);Standard;Querformat;diverse;20x40;ohne Aufhaengung
Wandbild;GalleryPrint;GalleryPrint (Glas-/Galerie-Oberflaeche);Standard;Querformat;diverse;20x60;ohne Aufhaengung
Wandbild;GalleryPrint;GalleryPrint (Glas-/Galerie-Oberflaeche);Standard;Querformat;diverse;20x80;ohne Aufhaengung
Wandbild;GalleryPrint;GalleryPrint (Glas-/Galerie-Oberflaeche);Standard;Querformat;diverse;30x30;ohne Aufhaengung
Wandbild;GalleryPrint;GalleryPrint (Glas-/Galerie-Oberflaeche);Standard;Querformat;diverse;30x40;ohne Aufhaengung
Wandbild;GalleryPrint;GalleryPrint (Glas-/Galerie-Oberflaeche);Standard;Querformat;diverse;30x45;ohne Aufhaengung
Wandbild;GalleryPrint;GalleryPrint (Glas-/Galerie-Oberflaeche);Standard;Querformat;diverse;30x50;ohne Aufhaengung
Wandbild;GalleryPrint;GalleryPrint (Glas-/Galerie-Oberflaeche);Standard;Querformat;diverse;30x60;ohne Aufhaengung
Wandbild;GalleryPrint;GalleryPrint (Glas-/Galerie-Oberflaeche);Standard;Querformat;diverse;30x90;ohne Aufhaengung
Wandbild;GalleryPrint;GalleryPrint (Glas-/Galerie-Oberflaeche);Standard;Querformat;diverse;30x120;ohne Aufhaengung
Wandbild;GalleryPrint;GalleryPrint (Glas-/Galerie-Oberflaeche);Standard;Querformat;diverse;40x40;ohne Aufhaengung
Wandbild;GalleryPrint;GalleryPrint (Glas-/Galerie-Oberflaeche);Standard;Querformat;diverse;40x50;ohne Aufhaengung
Wandbild;GalleryPrint;GalleryPrint (Glas-/Galerie-Oberflaeche);Standard;Querformat;diverse;40x60;ohne Aufhaengung
Wandbild;GalleryPrint;GalleryPrint (Glas-/Galerie-Oberflaeche);Standard;Querformat;diverse;40x70;ohne Aufhaengung
Wandbild;GalleryPrint;GalleryPrint (Glas-/Galerie-Oberflaeche);Standard;Querformat;diverse;40x80;ohne Aufhaengung
Wandbild;GalleryPrint;GalleryPrint (Glas-/Galerie-Oberflaeche);Standard;Querformat;diverse;40x120;ohne Aufhaengung
Wandbild;GalleryPrint;GalleryPrint (Glas-/Galerie-Oberflaeche);Standard;Querformat;diverse;40x160;ohne Aufhaengung
Wandbild;GalleryPrint;GalleryPrint (Glas-/Galerie-Oberflaeche);Standard;Querformat;diverse;45x60;ohne Aufhaengung
Wandbild;GalleryPrint;GalleryPrint (Glas-/Galerie-Oberflaeche);Standard;Querformat;diverse;50x50;ohne Aufhaengung
Wandbild;GalleryPrint;GalleryPrint (Glas-/Galerie-Oberflaeche);Standard;Querformat;diverse;50x70;ohne Aufhaengung
Wandbild;GalleryPrint;GalleryPrint (Glas-/Galerie-Oberflaeche);Standard;Querformat;diverse;50x75;ohne Aufhaengung
Wandbild;GalleryPrint;GalleryPrint (Glas-/Galerie-Oberflaeche);Standard;Querformat;diverse;50x100;ohne Aufhaengung
Wandbild;GalleryPrint;GalleryPrint (Glas-/Galerie-Oberflaeche);Standard;Querformat;diverse;50x120;ohne Aufhaengung
Wandbild;GalleryPrint;GalleryPrint (Glas-/Galerie-Oberflaeche);Standard;Querformat;diverse;50x140;ohne Aufhaengung
Wandbild;GalleryPrint;GalleryPrint (Glas-/Galerie-Oberflaeche);Standard;Querformat;diverse;50x160;ohne Aufhaengung
Wandbild;GalleryPrint;GalleryPrint (Glas-/Galerie-Oberflaeche);Standard;Querformat;diverse;60x60;ohne Aufhaengung
Wandbild;GalleryPrint;GalleryPrint (Glas-/Galerie-Oberflaeche);Standard;Querformat;diverse;60x80;ohne Aufhaengung
Wandbild;GalleryPrint;GalleryPrint (Glas-/Galerie-Oberflaeche);Standard;Querformat;diverse;60x90;ohne Aufhaengung
Wandbild;GalleryPrint;GalleryPrint (Glas-/Galerie-Oberflaeche);Standard;Querformat;diverse;60x120;ohne Aufhaengung
Wandbild;GalleryPrint;GalleryPrint (Glas-/Galerie-Oberflaeche);Standard;Querformat;diverse;70x70;ohne Aufhaengung
Wandbild;GalleryPrint;GalleryPrint (Glas-/Galerie-Oberflaeche);Standard;Querformat;diverse;70x120;ohne Aufhaengung
Wandbild;GalleryPrint;GalleryPrint (Glas-/Galerie-Oberflaeche);Standard;Querformat;diverse;75x75;ohne Aufhaengung
Wandbild;GalleryPrint;GalleryPrint (Glas-/Galerie-Oberflaeche);Standard;Querformat;diverse;75x100;ohne Aufhaengung
Wandbild;GalleryPrint;GalleryPrint (Glas-/Galerie-Oberflaeche);Standard;Querformat;diverse;80x80;ohne Aufhaengung
Wandbild;GalleryPrint;GalleryPrint (Glas-/Galerie-Oberflaeche);Standard;Querformat;diverse;80x100;ohne Aufhaengung
Wandbild;GalleryPrint;GalleryPrint (Glas-/Galerie-Oberflaeche);Standard;Querformat;diverse;80x120;ohne Aufhaengung
Wandbild;GalleryPrint;GalleryPrint (Glas-/Galerie-Oberflaeche);Standard;Querformat;diverse;90x90;ohne Aufhaengung
Wandbild;GalleryPrint;GalleryPrint (Glas-/Galerie-Oberflaeche);Standard;Querformat;diverse;90x120;ohne Aufhaengung
Wandbild;GalleryPrint;GalleryPrint (Glas-/Galerie-Oberflaeche);Standard;Querformat;diverse;90x160;ohne Aufhaengung
Wandbild;GalleryPrint;GalleryPrint (Glas-/Galerie-Oberflaeche);Standard;Querformat;diverse;100x100;ohne Aufhaengung
Wandbild;GalleryPrint;GalleryPrint (Glas-/Galerie-Oberflaeche);Standard;Querformat;diverse;100x120;ohne Aufhaengung
Wandbild;GalleryPrint;GalleryPrint (Glas-/Galerie-Oberflaeche);Standard;Querformat;diverse;100x140;ohne Aufhaengung
Wandbild;GalleryPrint;GalleryPrint (Glas-/Galerie-Oberflaeche);Standard;Querformat;diverse;100x160;ohne Aufhaengung
Wandbild;GalleryPrint;GalleryPrint (Glas-/Galerie-Oberflaeche);Standard;Querformat;diverse;100x180;ohne Aufhaengung
Wandbild;GalleryPrint;GalleryPrint (Glas-/Galerie-Oberflaeche);Standard;Querformat;diverse;100x200;ohne Aufhaengung
Wandbild;Hartschaumplatte;Hartschaumplatte;Direktdruck HD;Hochformat;diverse;10x10;"Staerke: 5 mm; Aufhaengung: ohne Aufhaengung (weitere moeglich)"
Wandbild;Hartschaumplatte;Hartschaumplatte;Direktdruck HD;Hochformat;diverse;10x15;"Staerke: 5 mm; Aufhaengung: ohne Aufhaengung (weitere moeglich)"
Wandbild;Hartschaumplatte;Hartschaumplatte;Direktdruck HD;Hochformat;diverse;10x20;"Staerke: 5 mm; Aufhaengung: ohne Aufhaengung (weitere moeglich)"
Wandbild;Hartschaumplatte;Hartschaumplatte;Direktdruck HD;Hochformat;diverse;13x18;"Staerke: 5 mm; Aufhaengung: ohne Aufhaengung (weitere moeglich)"
Wandbild;Hartschaumplatte;Hartschaumplatte;Direktdruck HD;Hochformat;diverse;15x15;"Staerke: 5 mm; Aufhaengung: ohne Aufhaengung (weitere moeglich)"
Wandbild;Hartschaumplatte;Hartschaumplatte;Direktdruck HD;Hochformat;diverse;20x20;"Staerke: 5 mm; Aufhaengung: ohne Aufhaengung (weitere moeglich)"
Wandbild;Hartschaumplatte;Hartschaumplatte;Direktdruck HD;Hochformat;diverse;20x30;"Staerke: 5 mm; Aufhaengung: ohne Aufhaengung (weitere moeglich)"
Wandbild;Hartschaumplatte;Hartschaumplatte;Direktdruck HD;Hochformat;diverse;20x40;"Staerke: 5 mm; Aufhaengung: ohne Aufhaengung (weitere moeglich)"
Wandbild;Hartschaumplatte;Hartschaumplatte;Direktdruck HD;Hochformat;diverse;20x60;"Staerke: 5 mm; Aufhaengung: ohne Aufhaengung (weitere moeglich)"
Wandbild;Hartschaumplatte;Hartschaumplatte;Direktdruck HD;Hochformat;diverse;20x80;"Staerke: 5 mm; Aufhaengung: ohne Aufhaengung (weitere moeglich)"
Wandbild;Hartschaumplatte;Hartschaumplatte;Direktdruck HD;Hochformat;diverse;30x30;"Staerke: 5 mm; Aufhaengung: ohne Aufhaengung (weitere moeglich)"
Wandbild;Hartschaumplatte;Hartschaumplatte;Direktdruck HD;Hochformat;diverse;30x40;"Staerke: 5 mm; Aufhaengung: ohne Aufhaengung (weitere moeglich)"
Wandbild;Hartschaumplatte;Hartschaumplatte;Direktdruck HD;Hochformat;diverse;30x45;"Staerke: 5 mm; Aufhaengung: ohne Aufhaengung (weitere moeglich)"
Wandbild;Hartschaumplatte;Hartschaumplatte;Direktdruck HD;Hochformat;diverse;30x50;"Staerke: 5 mm; Aufhaengung: ohne Aufhaengung (weitere moeglich)"
Wandbild;Hartschaumplatte;Hartschaumplatte;Direktdruck HD;Hochformat;diverse;30x60;"Staerke: 5 mm; Aufhaengung: ohne Aufhaengung (weitere moeglich)"
Wandbild;Hartschaumplatte;Hartschaumplatte;Direktdruck HD;Hochformat;diverse;30x90;"Staerke: 5 mm; Aufhaengung: ohne Aufhaengung (weitere moeglich)"
Wandbild;Hartschaumplatte;Hartschaumplatte;Direktdruck HD;Hochformat;diverse;30x120;"Staerke: 5 mm; Aufhaengung: ohne Aufhaengung (weitere moeglich)"
Wandbild;Hartschaumplatte;Hartschaumplatte;Direktdruck HD;Hochformat;diverse;40x40;"Staerke: 5 mm; Aufhaengung: ohne Aufhaengung (weitere moeglich)"
Wandbild;Hartschaumplatte;Hartschaumplatte;Direktdruck HD;Hochformat;diverse;40x50;"Staerke: 5 mm; Aufhaengung: ohne Aufhaengung (weitere moeglich)"
Wandbild;Hartschaumplatte;Hartschaumplatte;Direktdruck HD;Hochformat;diverse;40x60;"Staerke: 5 mm; Aufhaengung: ohne Aufhaengung (weitere moeglich)"
Wandbild;Hartschaumplatte;Hartschaumplatte;Direktdruck HD;Hochformat;diverse;40x70;"Staerke: 5 mm; Aufhaengung: ohne Aufhaengung (weitere moeglich)"
Wandbild;Hartschaumplatte;Hartschaumplatte;Direktdruck HD;Hochformat;diverse;40x80;"Staerke: 5 mm; Aufhaengung: ohne Aufhaengung (weitere moeglich)"
Wandbild;Hartschaumplatte;Hartschaumplatte;Direktdruck HD;Hochformat;diverse;40x120;"Staerke: 5 mm; Aufhaengung: ohne Aufhaengung (weitere moeglich)"
Wandbild;Hartschaumplatte;Hartschaumplatte;Direktdruck HD;Hochformat;diverse;40x160;"Staerke: 5 mm; Aufhaengung: ohne Aufhaengung (weitere moeglich)"
Wandbild;Hartschaumplatte;Hartschaumplatte;Direktdruck HD;Hochformat;diverse;45x60;"Staerke: 5 mm; Aufhaengung: ohne Aufhaengung (weitere moeglich)"
Wandbild;Hartschaumplatte;Hartschaumplatte;Direktdruck HD;Hochformat;diverse;50x50;"Staerke: 5 mm; Aufhaengung: ohne Aufhaengung (weitere moeglich)"
Wandbild;Hartschaumplatte;Hartschaumplatte;Direktdruck HD;Hochformat;diverse;50x70;"Staerke: 5 mm; Aufhaengung: ohne Aufhaengung (weitere moeglich)"
Wandbild;Hartschaumplatte;Hartschaumplatte;Direktdruck HD;Hochformat;diverse;50x75;"Staerke: 5 mm; Aufhaengung: ohne Aufhaengung (weitere moeglich)"
Wandbild;Hartschaumplatte;Hartschaumplatte;Direktdruck HD;Hochformat;diverse;50x100;"Staerke: 5 mm; Aufhaengung: ohne Aufhaengung (weitere moeglich)"
Wandbild;Hartschaumplatte;Hartschaumplatte;Direktdruck HD;Hochformat;diverse;50x120;"Staerke: 5 mm; Aufhaengung: ohne Aufhaengung (weitere moeglich)"
Wandbild;Hartschaumplatte;Hartschaumplatte;Direktdruck HD;Hochformat;diverse;50x140;"Staerke: 5 mm; Aufhaengung: ohne Aufhaengung (weitere moeglich)"
Wandbild;Hartschaumplatte;Hartschaumplatte;Direktdruck HD;Hochformat;diverse;50x160;"Staerke: 5 mm; Aufhaengung: ohne Aufhaengung (weitere moeglich)"
Wandbild;Hartschaumplatte;Hartschaumplatte;Direktdruck HD;Hochformat;diverse;60x60;"Staerke: 5 mm; Aufhaengung: ohne Aufhaengung (weitere moeglich)"
Wandbild;Hartschaumplatte;Hartschaumplatte;Direktdruck HD;Hochformat;diverse;60x80;"Staerke: 5 mm; Aufhaengung: ohne Aufhaengung (weitere moeglich)"
Wandbild;Hartschaumplatte;Hartschaumplatte;Direktdruck HD;Hochformat;diverse;60x90;"Staerke: 5 mm; Aufhaengung: ohne Aufhaengung (weitere moeglich)"
Wandbild;Hartschaumplatte;Hartschaumplatte;Direktdruck HD;Hochformat;diverse;60x120;"Staerke: 5 mm; Aufhaengung: ohne Aufhaengung (weitere moeglich)"
Wandbild;Hartschaumplatte;Hartschaumplatte;Direktdruck HD;Hochformat;diverse;60x140;"Staerke: 5 mm; Aufhaengung: ohne Aufhaengung (weitere moeglich)"
Wandbild;Hartschaumplatte;Hartschaumplatte;Direktdruck HD;Hochformat;diverse;70x70;"Staerke: 5 mm; Aufhaengung: ohne Aufhaengung (weitere moeglich)"
Wandbild;Hartschaumplatte;Hartschaumplatte;Direktdruck HD;Hochformat;diverse;70x120;"Staerke: 5 mm; Aufhaengung: ohne Aufhaengung (weitere moeglich)"
Wandbild;Hartschaumplatte;Hartschaumplatte;Direktdruck HD;Hochformat;diverse;75x75;"Staerke: 5 mm; Aufhaengung: ohne Aufhaengung (weitere moeglich)"
Wandbild;Hartschaumplatte;Hartschaumplatte;Direktdruck HD;Hochformat;diverse;75x100;"Staerke: 5 mm; Aufhaengung: ohne Aufhaengung (weitere moeglich)"
Wandbild;Hartschaumplatte;Hartschaumplatte;Direktdruck HD;Hochformat;diverse;80x80;"Staerke: 5 mm; Aufhaengung: ohne Aufhaengung (weitere moeglich)"
Wandbild;Hartschaumplatte;Hartschaumplatte;Direktdruck HD;Hochformat;diverse;80x100;"Staerke: 5 mm; Aufhaengung: ohne Aufhaengung (weitere moeglich)"
Wandbild;Hartschaumplatte;Hartschaumplatte;Direktdruck HD;Hochformat;diverse;80x120;"Staerke: 5 mm; Aufhaengung: ohne Aufhaengung (weitere moeglich)"
Wandbild;Hartschaumplatte;Hartschaumplatte;Direktdruck HD;Hochformat;diverse;90x90;"Staerke: 5 mm; Aufhaengung: ohne Aufhaengung (weitere moeglich)"
Wandbild;Hartschaumplatte;Hartschaumplatte;Direktdruck HD;Hochformat;diverse;90x120;"Staerke: 5 mm; Aufhaengung: ohne Aufhaengung (weitere moeglich)"
Wandbild;Hartschaumplatte;Hartschaumplatte;Direktdruck HD;Hochformat;diverse;90x160;"Staerke: 5 mm; Aufhaengung: ohne Aufhaengung (weitere moeglich)"
Wandbild;Hartschaumplatte;Hartschaumplatte;Direktdruck HD;Hochformat;diverse;100x100;"Staerke: 5 mm; Aufhaengung: ohne Aufhaengung (weitere moeglich)"
Wandbild;Hartschaumplatte;Hartschaumplatte;Direktdruck HD;Hochformat;diverse;100x120;"Staerke: 5 mm; Aufhaengung: ohne Aufhaengung (weitere moeglich)"
Wandbild;Hartschaumplatte;Hartschaumplatte;Direktdruck HD;Hochformat;diverse;100x140;"Staerke: 5 mm; Aufhaengung: ohne Aufhaengung (weitere moeglich)"
Wandbild;Hartschaumplatte;Hartschaumplatte;Direktdruck HD;Hochformat;diverse;100x160;"Staerke: 5 mm; Aufhaengung: ohne Aufhaengung (weitere moeglich)"
Wandbild;Hartschaumplatte;Hartschaumplatte;Direktdruck HD;Hochformat;diverse;100x180;"Staerke: 5 mm; Aufhaengung: ohne Aufhaengung (weitere moeglich)"
Wandbild;Hartschaumplatte;Hartschaumplatte;Direktdruck HD;Hochformat;diverse;100x200;"Staerke: 5 mm; Aufhaengung: ohne Aufhaengung (weitere moeglich)"
Wandbild;Hartschaumplatte;Hartschaumplatte;Direktdruck HD;Hochformat;diverse;100x220;"Staerke: 5 mm; Aufhaengung: ohne Aufhaengung (weitere moeglich)"
Wandbild;Hartschaumplatte;Hartschaumplatte;Direktdruck HD;Hochformat;diverse;100x240;"Staerke: 5 mm; Aufhaengung: ohne Aufhaengung (weitere moeglich)"
Wandbild;Hartschaumplatte;Hartschaumplatte;Direktdruck HD;Hochformat;diverse;110x120;"Staerke: 5 mm; Aufhaengung: ohne Aufhaengung (weitere moeglich)"
Wandbild;Hartschaumplatte;Hartschaumplatte;Direktdruck HD;Hochformat;diverse;110x160;"Staerke: 5 mm; Aufhaengung: ohne Aufhaengung (weitere moeglich)"
Wandbild;Hartschaumplatte;Hartschaumplatte;Direktdruck HD;Hochformat;diverse;110x180;"Staerke: 5 mm; Aufhaengung: ohne Aufhaengung (weitere moeglich)"
Wandbild;Hartschaumplatte;Hartschaumplatte;Direktdruck HD;Hochformat;diverse;110x200;"Staerke: 5 mm; Aufhaengung: ohne Aufhaengung (weitere moeglich)"
Wandbild;Hartschaumplatte;Hartschaumplatte;Direktdruck HD;Hochformat;diverse;110x220;"Staerke: 5 mm; Aufhaengung: ohne Aufhaengung (weitere moeglich)"
Wandbild;Hartschaumplatte;Hartschaumplatte;Direktdruck HD;Hochformat;diverse;110x240;"Staerke: 5 mm; Aufhaengung: ohne Aufhaengung (weitere moeglich)"
Wandbild;Hartschaumplatte;Hartschaumplatte;Direktdruck HD;Querformat;diverse;10x10;"Staerke: 5 mm; Aufhaengung: ohne Aufhaengung (weitere moeglich)"
Wandbild;Hartschaumplatte;Hartschaumplatte;Direktdruck HD;Querformat;diverse;10x15;"Staerke: 5 mm; Aufhaengung: ohne Aufhaengung (weitere moeglich)"
Wandbild;Hartschaumplatte;Hartschaumplatte;Direktdruck HD;Querformat;diverse;10x20;"Staerke: 5 mm; Aufhaengung: ohne Aufhaengung (weitere moeglich)"
Wandbild;Hartschaumplatte;Hartschaumplatte;Direktdruck HD;Querformat;diverse;13x18;"Staerke: 5 mm; Aufhaengung: ohne Aufhaengung (weitere moeglich)"
Wandbild;Hartschaumplatte;Hartschaumplatte;Direktdruck HD;Querformat;diverse;15x15;"Staerke: 5 mm; Aufhaengung: ohne Aufhaengung (weitere moeglich)"
Wandbild;Hartschaumplatte;Hartschaumplatte;Direktdruck HD;Querformat;diverse;20x20;"Staerke: 5 mm; Aufhaengung: ohne Aufhaengung (weitere moeglich)"
Wandbild;Hartschaumplatte;Hartschaumplatte;Direktdruck HD;Querformat;diverse;20x30;"Staerke: 5 mm; Aufhaengung: ohne Aufhaengung (weitere moeglich)"
Wandbild;Hartschaumplatte;Hartschaumplatte;Direktdruck HD;Querformat;diverse;20x40;"Staerke: 5 mm; Aufhaengung: ohne Aufhaengung (weitere moeglich)"
Wandbild;Hartschaumplatte;Hartschaumplatte;Direktdruck HD;Querformat;diverse;20x60;"Staerke: 5 mm; Aufhaengung: ohne Aufhaengung (weitere moeglich)"
Wandbild;Hartschaumplatte;Hartschaumplatte;Direktdruck HD;Querformat;diverse;20x80;"Staerke: 5 mm; Aufhaengung: ohne Aufhaengung (weitere moeglich)"
Wandbild;Hartschaumplatte;Hartschaumplatte;Direktdruck HD;Querformat;diverse;30x30;"Staerke: 5 mm; Aufhaengung: ohne Aufhaengung (weitere moeglich)"
Wandbild;Hartschaumplatte;Hartschaumplatte;Direktdruck HD;Querformat;diverse;30x40;"Staerke: 5 mm; Aufhaengung: ohne Aufhaengung (weitere moeglich)"
Wandbild;Hartschaumplatte;Hartschaumplatte;Direktdruck HD;Querformat;diverse;30x45;"Staerke: 5 mm; Aufhaengung: ohne Aufhaengung (weitere moeglich)"
Wandbild;Hartschaumplatte;Hartschaumplatte;Direktdruck HD;Querformat;diverse;30x50;"Staerke: 5 mm; Aufhaengung: ohne Aufhaengung (weitere moeglich)"
Wandbild;Hartschaumplatte;Hartschaumplatte;Direktdruck HD;Querformat;diverse;30x60;"Staerke: 5 mm; Aufhaengung: ohne Aufhaengung (weitere moeglich)"
Wandbild;Hartschaumplatte;Hartschaumplatte;Direktdruck HD;Querformat;diverse;30x90;"Staerke: 5 mm; Aufhaengung: ohne Aufhaengung (weitere moeglich)"
Wandbild;Hartschaumplatte;Hartschaumplatte;Direktdruck HD;Querformat;diverse;30x120;"Staerke: 5 mm; Aufhaengung: ohne Aufhaengung (weitere moeglich)"
Wandbild;Hartschaumplatte;Hartschaumplatte;Direktdruck HD;Querformat;diverse;40x40;"Staerke: 5 mm; Aufhaengung: ohne Aufhaengung (weitere moeglich)"
Wandbild;Hartschaumplatte;Hartschaumplatte;Direktdruck HD;Querformat;diverse;40x50;"Staerke: 5 mm; Aufhaengung: ohne Aufhaengung (weitere moeglich)"
Wandbild;Hartschaumplatte;Hartschaumplatte;Direktdruck HD;Querformat;diverse;40x60;"Staerke: 5 mm; Aufhaengung: ohne Aufhaengung (weitere moeglich)"
Wandbild;Hartschaumplatte;Hartschaumplatte;Direktdruck HD;Querformat;diverse;40x70;"Staerke: 5 mm; Aufhaengung: ohne Aufhaengung (weitere moeglich)"
Wandbild;Hartschaumplatte;Hartschaumplatte;Direktdruck HD;Querformat;diverse;40x80;"Staerke: 5 mm; Aufhaengung: ohne Aufhaengung (weitere moeglich)"
Wandbild;Hartschaumplatte;Hartschaumplatte;Direktdruck HD;Querformat;diverse;40x120;"Staerke: 5 mm; Aufhaengung: ohne Aufhaengung (weitere moeglich)"
Wandbild;Hartschaumplatte;Hartschaumplatte;Direktdruck HD;Querformat;diverse;40x160;"Staerke: 5 mm; Aufhaengung: ohne Aufhaengung (weitere moeglich)"
Wandbild;Hartschaumplatte;Hartschaumplatte;Direktdruck HD;Querformat;diverse;45x60;"Staerke: 5 mm; Aufhaengung: ohne Aufhaengung (weitere moeglich)"
Wandbild;Hartschaumplatte;Hartschaumplatte;Direktdruck HD;Querformat;diverse;50x50;"Staerke: 5 mm; Aufhaengung: ohne Aufhaengung (weitere moeglich)"
Wandbild;Hartschaumplatte;Hartschaumplatte;Direktdruck HD;Querformat;diverse;50x70;"Staerke: 5 mm; Aufhaengung: ohne Aufhaengung (weitere moeglich)"
Wandbild;Hartschaumplatte;Hartschaumplatte;Direktdruck HD;Querformat;diverse;50x75;"Staerke: 5 mm; Aufhaengung: ohne Aufhaengung (weitere moeglich)"
Wandbild;Hartschaumplatte;Hartschaumplatte;Direktdruck HD;Querformat;diverse;50x100;"Staerke: 5 mm; Aufhaengung: ohne Aufhaengung (weitere moeglich)"
Wandbild;Hartschaumplatte;Hartschaumplatte;Direktdruck HD;Querformat;diverse;50x120;"Staerke: 5 mm; Aufhaengung: ohne Aufhaengung (weitere moeglich)"
Wandbild;Hartschaumplatte;Hartschaumplatte;Direktdruck HD;Querformat;diverse;50x140;"Staerke: 5 mm; Aufhaengung: ohne Aufhaengung (weitere moeglich)"
Wandbild;Hartschaumplatte;Hartschaumplatte;Direktdruck HD;Querformat;diverse;50x160;"Staerke: 5 mm; Aufhaengung: ohne Aufhaengung (weitere moeglich)"
Wandbild;Hartschaumplatte;Hartschaumplatte;Direktdruck HD;Querformat;diverse;60x60;"Staerke: 5 mm; Aufhaengung: ohne Aufhaengung (weitere moeglich)"
Wandbild;Hartschaumplatte;Hartschaumplatte;Direktdruck HD;Querformat;diverse;60x80;"Staerke: 5 mm; Aufhaengung: ohne Aufhaengung (weitere moeglich)"
Wandbild;Hartschaumplatte;Hartschaumplatte;Direktdruck HD;Querformat;diverse;60x90;"Staerke: 5 mm; Aufhaengung: ohne Aufhaengung (weitere moeglich)"
Wandbild;Hartschaumplatte;Hartschaumplatte;Direktdruck HD;Querformat;diverse;60x120;"Staerke: 5 mm; Aufhaengung: ohne Aufhaengung (weitere moeglich)"
Wandbild;Hartschaumplatte;Hartschaumplatte;Direktdruck HD;Querformat;diverse;60x140;"Staerke: 5 mm; Aufhaengung: ohne Aufhaengung (weitere moeglich)"
Wandbild;Hartschaumplatte;Hartschaumplatte;Direktdruck HD;Querformat;diverse;70x70;"Staerke: 5 mm; Aufhaengung: ohne Aufhaengung (weitere moeglich)"
Wandbild;Hartschaumplatte;Hartschaumplatte;Direktdruck HD;Querformat;diverse;70x120;"Staerke: 5 mm; Aufhaengung: ohne Aufhaengung (weitere moeglich)"
Wandbild;Hartschaumplatte;Hartschaumplatte;Direktdruck HD;Querformat;diverse;75x75;"Staerke: 5 mm; Aufhaengung: ohne Aufhaengung (weitere moeglich)"
Wandbild;Hartschaumplatte;Hartschaumplatte;Direktdruck HD;Querformat;diverse;75x100;"Staerke: 5 mm; Aufhaengung: ohne Aufhaengung (weitere moeglich)"
Wandbild;Hartschaumplatte;Hartschaumplatte;Direktdruck HD;Querformat;diverse;80x80;"Staerke: 5 mm; Aufhaengung: ohne Aufhaengung (weitere moeglich)"
Wandbild;Hartschaumplatte;Hartschaumplatte;Direktdruck HD;Querformat;diverse;80x100;"Staerke: 5 mm; Aufhaengung: ohne Aufhaengung (weitere moeglich)"
Wandbild;Hartschaumplatte;Hartschaumplatte;Direktdruck HD;Querformat;diverse;80x120;"Staerke: 5 mm; Aufhaengung: ohne Aufhaengung (weitere moeglich)"
Wandbild;Hartschaumplatte;Hartschaumplatte;Direktdruck HD;Querformat;diverse;90x90;"Staerke: 5 mm; Aufhaengung: ohne Aufhaengung (weitere moeglich)"
Wandbild;Hartschaumplatte;Hartschaumplatte;Direktdruck HD;Querformat;diverse;90x120;"Staerke: 5 mm; Aufhaengung: ohne Aufhaengung (weitere moeglich)"
Wandbild;Hartschaumplatte;Hartschaumplatte;Direktdruck HD;Querformat;diverse;90x160;"Staerke: 5 mm; Aufhaengung: ohne Aufhaengung (weitere moeglich)"
Wandbild;Hartschaumplatte;Hartschaumplatte;Direktdruck HD;Querformat;diverse;100x100;"Staerke: 5 mm; Aufhaengung: ohne Aufhaengung (weitere moeglich)"
Wandbild;Hartschaumplatte;Hartschaumplatte;Direktdruck HD;Querformat;diverse;100x120;"Staerke: 5 mm; Aufhaengung: ohne Aufhaengung (weitere moeglich)"
Wandbild;Hartschaumplatte;Hartschaumplatte;Direktdruck HD;Querformat;diverse;100x140;"Staerke: 5 mm; Aufhaengung: ohne Aufhaengung (weitere moeglich)"
Wandbild;Hartschaumplatte;Hartschaumplatte;Direktdruck HD;Querformat;diverse;100x160;"Staerke: 5 mm; Aufhaengung: ohne Aufhaengung (weitere moeglich)"
Wandbild;Hartschaumplatte;Hartschaumplatte;Direktdruck HD;Querformat;diverse;100x180;"Staerke: 5 mm; Aufhaengung: ohne Aufhaengung (weitere moeglich)"
Wandbild;Hartschaumplatte;Hartschaumplatte;Direktdruck HD;Querformat;diverse;100x200;"Staerke: 5 mm; Aufhaengung: ohne Aufhaengung (weitere moeglich)"
Wandbild;Hartschaumplatte;Hartschaumplatte;Direktdruck HD;Querformat;diverse;100x220;"Staerke: 5 mm; Aufhaengung: ohne Aufhaengung (weitere moeglich)"
Wandbild;Hartschaumplatte;Hartschaumplatte;Direktdruck HD;Querformat;diverse;100x240;"Staerke: 5 mm; Aufhaengung: ohne Aufhaengung (weitere moeglich)"
Wandbild;Hartschaumplatte;Hartschaumplatte;Direktdruck HD;Querformat;diverse;110x120;"Staerke: 5 mm; Aufhaengung: ohne Aufhaengung (weitere moeglich)"
Wandbild;Hartschaumplatte;Hartschaumplatte;Direktdruck HD;Querformat;diverse;110x160;"Staerke: 5 mm; Aufhaengung: ohne Aufhaengung (weitere moeglich)"
Wandbild;Hartschaumplatte;Hartschaumplatte;Direktdruck HD;Querformat;diverse;110x180;"Staerke: 5 mm; Aufhaengung: ohne Aufhaengung (weitere moeglich)"
Wandbild;Hartschaumplatte;Hartschaumplatte;Direktdruck HD;Querformat;diverse;110x200;"Staerke: 5 mm; Aufhaengung: ohne Aufhaengung (weitere moeglich)"
Wandbild;Hartschaumplatte;Hartschaumplatte;Direktdruck HD;Querformat;diverse;110x220;"Staerke: 5 mm; Aufhaengung: ohne Aufhaengung (weitere moeglich)"
Wandbild;Hartschaumplatte;Hartschaumplatte;Direktdruck HD;Querformat;diverse;110x240;"Staerke: 5 mm; Aufhaengung: ohne Aufhaengung (weitere moeglich)"
Wandbild;Hartschaumplatte;Hartschaumplatte;Direktdruck Standard;Hochformat;diverse;10x10;"Staerke: 5 mm; Aufhaengung: ohne Aufhaengung (weitere moeglich)"
Wandbild;Hartschaumplatte;Hartschaumplatte;Direktdruck Standard;Hochformat;diverse;10x15;"Staerke: 5 mm; Aufhaengung: ohne Aufhaengung (weitere moeglich)"
Wandbild;Hartschaumplatte;Hartschaumplatte;Direktdruck Standard;Hochformat;diverse;10x20;"Staerke: 5 mm; Aufhaengung: ohne Aufhaengung (weitere moeglich)"
Wandbild;Hartschaumplatte;Hartschaumplatte;Direktdruck Standard;Hochformat;diverse;13x18;"Staerke: 5 mm; Aufhaengung: ohne Aufhaengung (weitere moeglich)"
Wandbild;Hartschaumplatte;Hartschaumplatte;Direktdruck Standard;Hochformat;diverse;15x15;"Staerke: 5 mm; Aufhaengung: ohne Aufhaengung (weitere moeglich)"
Wandbild;Hartschaumplatte;Hartschaumplatte;Direktdruck Standard;Hochformat;diverse;20x20;"Staerke: 5 mm; Aufhaengung: ohne Aufhaengung (weitere moeglich)"
Wandbild;Hartschaumplatte;Hartschaumplatte;Direktdruck Standard;Hochformat;diverse;20x30;"Staerke: 5 mm; Aufhaengung: ohne Aufhaengung (weitere moeglich)"
Wandbild;Hartschaumplatte;Hartschaumplatte;Direktdruck Standard;Hochformat;diverse;20x40;"Staerke: 5 mm; Aufhaengung: ohne Aufhaengung (weitere moeglich)"
Wandbild;Hartschaumplatte;Hartschaumplatte;Direktdruck Standard;Hochformat;diverse;20x60;"Staerke: 5 mm; Aufhaengung: ohne Aufhaengung (weitere moeglich)"
Wandbild;Hartschaumplatte;Hartschaumplatte;Direktdruck Standard;Hochformat;diverse;20x80;"Staerke: 5 mm; Aufhaengung: ohne Aufhaengung (weitere moeglich)"
Wandbild;Hartschaumplatte;Hartschaumplatte;Direktdruck Standard;Hochformat;diverse;30x30;"Staerke: 5 mm; Aufhaengung: ohne Aufhaengung (weitere moeglich)"
Wandbild;Hartschaumplatte;Hartschaumplatte;Direktdruck Standard;Hochformat;diverse;30x40;"Staerke: 5 mm; Aufhaengung: ohne Aufhaengung (weitere moeglich)"
Wandbild;Hartschaumplatte;Hartschaumplatte;Direktdruck Standard;Hochformat;diverse;30x45;"Staerke: 5 mm; Aufhaengung: ohne Aufhaengung (weitere moeglich)"
Wandbild;Hartschaumplatte;Hartschaumplatte;Direktdruck Standard;Hochformat;diverse;30x50;"Staerke: 5 mm; Aufhaengung: ohne Aufhaengung (weitere moeglich)"
Wandbild;Hartschaumplatte;Hartschaumplatte;Direktdruck Standard;Hochformat;diverse;30x60;"Staerke: 5 mm; Aufhaengung: ohne Aufhaengung (weitere moeglich)"
Wandbild;Hartschaumplatte;Hartschaumplatte;Direktdruck Standard;Hochformat;diverse;30x90;"Staerke: 5 mm; Aufhaengung: ohne Aufhaengung (weitere moeglich)"
Wandbild;Hartschaumplatte;Hartschaumplatte;Direktdruck Standard;Hochformat;diverse;30x120;"Staerke: 5 mm; Aufhaengung: ohne Aufhaengung (weitere moeglich)"
Wandbild;Hartschaumplatte;Hartschaumplatte;Direktdruck Standard;Hochformat;diverse;40x40;"Staerke: 5 mm; Aufhaengung: ohne Aufhaengung (weitere moeglich)"
Wandbild;Hartschaumplatte;Hartschaumplatte;Direktdruck Standard;Hochformat;diverse;40x50;"Staerke: 5 mm; Aufhaengung: ohne Aufhaengung (weitere moeglich)"
Wandbild;Hartschaumplatte;Hartschaumplatte;Direktdruck Standard;Hochformat;diverse;40x60;"Staerke: 5 mm; Aufhaengung: ohne Aufhaengung (weitere moeglich)"
Wandbild;Hartschaumplatte;Hartschaumplatte;Direktdruck Standard;Hochformat;diverse;40x70;"Staerke: 5 mm; Aufhaengung: ohne Aufhaengung (weitere moeglich)"
Wandbild;Hartschaumplatte;Hartschaumplatte;Direktdruck Standard;Hochformat;diverse;40x80;"Staerke: 5 mm; Aufhaengung: ohne Aufhaengung (weitere moeglich)"
Wandbild;Hartschaumplatte;Hartschaumplatte;Direktdruck Standard;Hochformat;diverse;40x120;"Staerke: 5 mm; Aufhaengung: ohne Aufhaengung (weitere moeglich)"
Wandbild;Hartschaumplatte;Hartschaumplatte;Direktdruck Standard;Hochformat;diverse;40x160;"Staerke: 5 mm; Aufhaengung: ohne Aufhaengung (weitere moeglich)"
Wandbild;Hartschaumplatte;Hartschaumplatte;Direktdruck Standard;Hochformat;diverse;45x60;"Staerke: 5 mm; Aufhaengung: ohne Aufhaengung (weitere moeglich)"
Wandbild;Hartschaumplatte;Hartschaumplatte;Direktdruck Standard;Hochformat;diverse;50x50;"Staerke: 5 mm; Aufhaengung: ohne Aufhaengung (weitere moeglich)"
Wandbild;Hartschaumplatte;Hartschaumplatte;Direktdruck Standard;Hochformat;diverse;50x70;"Staerke: 5 mm; Aufhaengung: ohne Aufhaengung (weitere moeglich)"
Wandbild;Hartschaumplatte;Hartschaumplatte;Direktdruck Standard;Hochformat;diverse;50x75;"Staerke: 5 mm; Aufhaengung: ohne Aufhaengung (weitere moeglich)"
Wandbild;Hartschaumplatte;Hartschaumplatte;Direktdruck Standard;Hochformat;diverse;50x100;"Staerke: 5 mm; Aufhaengung: ohne Aufhaengung (weitere moeglich)"
Wandbild;Hartschaumplatte;Hartschaumplatte;Direktdruck Standard;Hochformat;diverse;50x120;"Staerke: 5 mm; Aufhaengung: ohne Aufhaengung (weitere moeglich)"
Wandbild;Hartschaumplatte;Hartschaumplatte;Direktdruck Standard;Hochformat;diverse;50x140;"Staerke: 5 mm; Aufhaengung: ohne Aufhaengung (weitere moeglich)"
Wandbild;Hartschaumplatte;Hartschaumplatte;Direktdruck Standard;Hochformat;diverse;50x160;"Staerke: 5 mm; Aufhaengung: ohne Aufhaengung (weitere moeglich)"
Wandbild;Hartschaumplatte;Hartschaumplatte;Direktdruck Standard;Hochformat;diverse;60x60;"Staerke: 5 mm; Aufhaengung: ohne Aufhaengung (weitere moeglich)"
Wandbild;Hartschaumplatte;Hartschaumplatte;Direktdruck Standard;Hochformat;diverse;60x80;"Staerke: 5 mm; Aufhaengung: ohne Aufhaengung (weitere moeglich)"
Wandbild;Hartschaumplatte;Hartschaumplatte;Direktdruck Standard;Hochformat;diverse;60x90;"Staerke: 5 mm; Aufhaengung: ohne Aufhaengung (weitere moeglich)"
Wandbild;Hartschaumplatte;Hartschaumplatte;Direktdruck Standard;Hochformat;diverse;60x120;"Staerke: 5 mm; Aufhaengung: ohne Aufhaengung (weitere moeglich)"
Wandbild;Hartschaumplatte;Hartschaumplatte;Direktdruck Standard;Hochformat;diverse;60x140;"Staerke: 5 mm; Aufhaengung: ohne Aufhaengung (weitere moeglich)"
Wandbild;Hartschaumplatte;Hartschaumplatte;Direktdruck Standard;Hochformat;diverse;70x70;"Staerke: 5 mm; Aufhaengung: ohne Aufhaengung (weitere moeglich)"
Wandbild;Hartschaumplatte;Hartschaumplatte;Direktdruck Standard;Hochformat;diverse;70x120;"Staerke: 5 mm; Aufhaengung: ohne Aufhaengung (weitere moeglich)"
Wandbild;Hartschaumplatte;Hartschaumplatte;Direktdruck Standard;Hochformat;diverse;75x75;"Staerke: 5 mm; Aufhaengung: ohne Aufhaengung (weitere moeglich)"
Wandbild;Hartschaumplatte;Hartschaumplatte;Direktdruck Standard;Hochformat;diverse;75x100;"Staerke: 5 mm; Aufhaengung: ohne Aufhaengung (weitere moeglich)"
Wandbild;Hartschaumplatte;Hartschaumplatte;Direktdruck Standard;Hochformat;diverse;80x80;"Staerke: 5 mm; Aufhaengung: ohne Aufhaengung (weitere moeglich)"
Wandbild;Hartschaumplatte;Hartschaumplatte;Direktdruck Standard;Hochformat;diverse;80x100;"Staerke: 5 mm; Aufhaengung: ohne Aufhaengung (weitere moeglich)"
Wandbild;Hartschaumplatte;Hartschaumplatte;Direktdruck Standard;Hochformat;diverse;80x120;"Staerke: 5 mm; Aufhaengung: ohne Aufhaengung (weitere moeglich)"
Wandbild;Hartschaumplatte;Hartschaumplatte;Direktdruck Standard;Hochformat;diverse;90x90;"Staerke: 5 mm; Aufhaengung: ohne Aufhaengung (weitere moeglich)"
Wandbild;Hartschaumplatte;Hartschaumplatte;Direktdruck Standard;Hochformat;diverse;90x120;"Staerke: 5 mm; Aufhaengung: ohne Aufhaengung (weitere moeglich)"
Wandbild;Hartschaumplatte;Hartschaumplatte;Direktdruck Standard;Hochformat;diverse;90x160;"Staerke: 5 mm; Aufhaengung: ohne Aufhaengung (weitere moeglich)"
Wandbild;Hartschaumplatte;Hartschaumplatte;Direktdruck Standard;Hochformat;diverse;100x100;"Staerke: 5 mm; Aufhaengung: ohne Aufhaengung (weitere moeglich)"
Wandbild;Hartschaumplatte;Hartschaumplatte;Direktdruck Standard;Hochformat;diverse;100x120;"Staerke: 5 mm; Aufhaengung: ohne Aufhaengung (weitere moeglich)"
Wandbild;Hartschaumplatte;Hartschaumplatte;Direktdruck Standard;Hochformat;diverse;100x140;"Staerke: 5 mm; Aufhaengung: ohne Aufhaengung (weitere moeglich)"
Wandbild;Hartschaumplatte;Hartschaumplatte;Direktdruck Standard;Hochformat;diverse;100x160;"Staerke: 5 mm; Aufhaengung: ohne Aufhaengung (weitere moeglich)"
Wandbild;Hartschaumplatte;Hartschaumplatte;Direktdruck Standard;Hochformat;diverse;100x180;"Staerke: 5 mm; Aufhaengung: ohne Aufhaengung (weitere moeglich)"
Wandbild;Hartschaumplatte;Hartschaumplatte;Direktdruck Standard;Hochformat;diverse;100x200;"Staerke: 5 mm; Aufhaengung: ohne Aufhaengung (weitere moeglich)"
Wandbild;Hartschaumplatte;Hartschaumplatte;Direktdruck Standard;Hochformat;diverse;100x220;"Staerke: 5 mm; Aufhaengung: ohne Aufhaengung (weitere moeglich)"
Wandbild;Hartschaumplatte;Hartschaumplatte;Direktdruck Standard;Hochformat;diverse;100x240;"Staerke: 5 mm; Aufhaengung: ohne Aufhaengung (weitere moeglich)"
Wandbild;Hartschaumplatte;Hartschaumplatte;Direktdruck Standard;Hochformat;diverse;110x120;"Staerke: 5 mm; Aufhaengung: ohne Aufhaengung (weitere moeglich)"
Wandbild;Hartschaumplatte;Hartschaumplatte;Direktdruck Standard;Hochformat;diverse;110x160;"Staerke: 5 mm; Aufhaengung: ohne Aufhaengung (weitere moeglich)"
Wandbild;Hartschaumplatte;Hartschaumplatte;Direktdruck Standard;Hochformat;diverse;110x180;"Staerke: 5 mm; Aufhaengung: ohne Aufhaengung (weitere moeglich)"
Wandbild;Hartschaumplatte;Hartschaumplatte;Direktdruck Standard;Hochformat;diverse;110x200;"Staerke: 5 mm; Aufhaengung: ohne Aufhaengung (weitere moeglich)"
Wandbild;Hartschaumplatte;Hartschaumplatte;Direktdruck Standard;Hochformat;diverse;110x220;"Staerke: 5 mm; Aufhaengung: ohne Aufhaengung (weitere moeglich)"
Wandbild;Hartschaumplatte;Hartschaumplatte;Direktdruck Standard;Hochformat;diverse;110x240;"Staerke: 5 mm; Aufhaengung: ohne Aufhaengung (weitere moeglich)"
Wandbild;Hartschaumplatte;Hartschaumplatte;Direktdruck Standard;Querformat;diverse;10x10;"Staerke: 5 mm; Aufhaengung: ohne Aufhaengung (weitere moeglich)"
Wandbild;Hartschaumplatte;Hartschaumplatte;Direktdruck Standard;Querformat;diverse;10x15;"Staerke: 5 mm; Aufhaengung: ohne Aufhaengung (weitere moeglich)"
Wandbild;Hartschaumplatte;Hartschaumplatte;Direktdruck Standard;Querformat;diverse;10x20;"Staerke: 5 mm; Aufhaengung: ohne Aufhaengung (weitere moeglich)"
Wandbild;Hartschaumplatte;Hartschaumplatte;Direktdruck Standard;Querformat;diverse;13x18;"Staerke: 5 mm; Aufhaengung: ohne Aufhaengung (weitere moeglich)"
Wandbild;Hartschaumplatte;Hartschaumplatte;Direktdruck Standard;Querformat;diverse;15x15;"Staerke: 5 mm; Aufhaengung: ohne Aufhaengung (weitere moeglich)"
Wandbild;Hartschaumplatte;Hartschaumplatte;Direktdruck Standard;Querformat;diverse;20x20;"Staerke: 5 mm; Aufhaengung: ohne Aufhaengung (weitere moeglich)"
Wandbild;Hartschaumplatte;Hartschaumplatte;Direktdruck Standard;Querformat;diverse;20x30;"Staerke: 5 mm; Aufhaengung: ohne Aufhaengung (weitere moeglich)"
Wandbild;Hartschaumplatte;Hartschaumplatte;Direktdruck Standard;Querformat;diverse;20x40;"Staerke: 5 mm; Aufhaengung: ohne Aufhaengung (weitere moeglich)"
Wandbild;Hartschaumplatte;Hartschaumplatte;Direktdruck Standard;Querformat;diverse;20x60;"Staerke: 5 mm; Aufhaengung: ohne Aufhaengung (weitere moeglich)"
Wandbild;Hartschaumplatte;Hartschaumplatte;Direktdruck Standard;Querformat;diverse;20x80;"Staerke: 5 mm; Aufhaengung: ohne Aufhaengung (weitere moeglich)"
Wandbild;Hartschaumplatte;Hartschaumplatte;Direktdruck Standard;Querformat;diverse;30x30;"Staerke: 5 mm; Aufhaengung: ohne Aufhaengung (weitere moeglich)"
Wandbild;Hartschaumplatte;Hartschaumplatte;Direktdruck Standard;Querformat;diverse;30x40;"Staerke: 5 mm; Aufhaengung: ohne Aufhaengung (weitere moeglich)"
Wandbild;Hartschaumplatte;Hartschaumplatte;Direktdruck Standard;Querformat;diverse;30x45;"Staerke: 5 mm; Aufhaengung: ohne Aufhaengung (weitere moeglich)"
Wandbild;Hartschaumplatte;Hartschaumplatte;Direktdruck Standard;Querformat;diverse;30x50;"Staerke: 5 mm; Aufhaengung: ohne Aufhaengung (weitere moeglich)"
Wandbild;Hartschaumplatte;Hartschaumplatte;Direktdruck Standard;Querformat;diverse;30x60;"Staerke: 5 mm; Aufhaengung: ohne Aufhaengung (weitere moeglich)"
Wandbild;Hartschaumplatte;Hartschaumplatte;Direktdruck Standard;Querformat;diverse;30x90;"Staerke: 5 mm; Aufhaengung: ohne Aufhaengung (weitere moeglich)"
Wandbild;Hartschaumplatte;Hartschaumplatte;Direktdruck Standard;Querformat;diverse;30x120;"Staerke: 5 mm; Aufhaengung: ohne Aufhaengung (weitere moeglich)"
Wandbild;Hartschaumplatte;Hartschaumplatte;Direktdruck Standard;Querformat;diverse;40x40;"Staerke: 5 mm; Aufhaengung: ohne Aufhaengung (weitere moeglich)"
Wandbild;Hartschaumplatte;Hartschaumplatte;Direktdruck Standard;Querformat;diverse;40x50;"Staerke: 5 mm; Aufhaengung: ohne Aufhaengung (weitere moeglich)"
Wandbild;Hartschaumplatte;Hartschaumplatte;Direktdruck Standard;Querformat;diverse;40x60;"Staerke: 5 mm; Aufhaengung: ohne Aufhaengung (weitere moeglich)"
Wandbild;Hartschaumplatte;Hartschaumplatte;Direktdruck Standard;Querformat;diverse;40x70;"Staerke: 5 mm; Aufhaengung: ohne Aufhaengung (weitere moeglich)"
Wandbild;Hartschaumplatte;Hartschaumplatte;Direktdruck Standard;Querformat;diverse;40x80;"Staerke: 5 mm; Aufhaengung: ohne Aufhaengung (weitere moeglich)"
Wandbild;Hartschaumplatte;Hartschaumplatte;Direktdruck Standard;Querformat;diverse;40x120;"Staerke: 5 mm; Aufhaengung: ohne Aufhaengung (weitere moeglich)"
Wandbild;Hartschaumplatte;Hartschaumplatte;Direktdruck Standard;Querformat;diverse;40x160;"Staerke: 5 mm; Aufhaengung: ohne Aufhaengung (weitere moeglich)"
Wandbild;Hartschaumplatte;Hartschaumplatte;Direktdruck Standard;Querformat;diverse;45x60;"Staerke: 5 mm; Aufhaengung: ohne Aufhaengung (weitere moeglich)"
Wandbild;Hartschaumplatte;Hartschaumplatte;Direktdruck Standard;Querformat;diverse;50x50;"Staerke: 5 mm; Aufhaengung: ohne Aufhaengung (weitere moeglich)"
Wandbild;Hartschaumplatte;Hartschaumplatte;Direktdruck Standard;Querformat;diverse;50x70;"Staerke: 5 mm; Aufhaengung: ohne Aufhaengung (weitere moeglich)"
Wandbild;Hartschaumplatte;Hartschaumplatte;Direktdruck Standard;Querformat;diverse;50x75;"Staerke: 5 mm; Aufhaengung: ohne Aufhaengung (weitere moeglich)"
Wandbild;Hartschaumplatte;Hartschaumplatte;Direktdruck Standard;Querformat;diverse;50x100;"Staerke: 5 mm; Aufhaengung: ohne Aufhaengung (weitere moeglich)"
Wandbild;Hartschaumplatte;Hartschaumplatte;Direktdruck Standard;Querformat;diverse;50x120;"Staerke: 5 mm; Aufhaengung: ohne Aufhaengung (weitere moeglich)"
Wandbild;Hartschaumplatte;Hartschaumplatte;Direktdruck Standard;Querformat;diverse;50x140;"Staerke: 5 mm; Aufhaengung: ohne Aufhaengung (weitere moeglich)"
Wandbild;Hartschaumplatte;Hartschaumplatte;Direktdruck Standard;Querformat;diverse;50x160;"Staerke: 5 mm; Aufhaengung: ohne Aufhaengung (weitere moeglich)"
Wandbild;Hartschaumplatte;Hartschaumplatte;Direktdruck Standard;Querformat;diverse;60x60;"Staerke: 5 mm; Aufhaengung: ohne Aufhaengung (weitere moeglich)"
Wandbild;Hartschaumplatte;Hartschaumplatte;Direktdruck Standard;Querformat;diverse;60x80;"Staerke: 5 mm; Aufhaengung: ohne Aufhaengung (weitere moeglich)"
Wandbild;Hartschaumplatte;Hartschaumplatte;Direktdruck Standard;Querformat;diverse;60x90;"Staerke: 5 mm; Aufhaengung: ohne Aufhaengung (weitere moeglich)"
Wandbild;Hartschaumplatte;Hartschaumplatte;Direktdruck Standard;Querformat;diverse;60x120;"Staerke: 5 mm; Aufhaengung: ohne Aufhaengung (weitere moeglich)"
Wandbild;Hartschaumplatte;Hartschaumplatte;Direktdruck Standard;Querformat;diverse;60x140;"Staerke: 5 mm; Aufhaengung: ohne Aufhaengung (weitere moeglich)"
Wandbild;Hartschaumplatte;Hartschaumplatte;Direktdruck Standard;Querformat;diverse;70x70;"Staerke: 5 mm; Aufhaengung: ohne Aufhaengung (weitere moeglich)"
Wandbild;Hartschaumplatte;Hartschaumplatte;Direktdruck Standard;Querformat;diverse;70x120;"Staerke: 5 mm; Aufhaengung: ohne Aufhaengung (weitere moeglich)"
Wandbild;Hartschaumplatte;Hartschaumplatte;Direktdruck Standard;Querformat;diverse;75x75;"Staerke: 5 mm; Aufhaengung: ohne Aufhaengung (weitere moeglich)"
Wandbild;Hartschaumplatte;Hartschaumplatte;Direktdruck Standard;Querformat;diverse;75x100;"Staerke: 5 mm; Aufhaengung: ohne Aufhaengung (weitere moeglich)"
Wandbild;Hartschaumplatte;Hartschaumplatte;Direktdruck Standard;Querformat;diverse;80x80;"Staerke: 5 mm; Aufhaengung: ohne Aufhaengung (weitere moeglich)"
Wandbild;Hartschaumplatte;Hartschaumplatte;Direktdruck Standard;Querformat;diverse;80x100;"Staerke: 5 mm; Aufhaengung: ohne Aufhaengung (weitere moeglich)"
Wandbild;Hartschaumplatte;Hartschaumplatte;Direktdruck Standard;Querformat;diverse;80x120;"Staerke: 5 mm; Aufhaengung: ohne Aufhaengung (weitere moeglich)"
Wandbild;Hartschaumplatte;Hartschaumplatte;Direktdruck Standard;Querformat;diverse;90x90;"Staerke: 5 mm; Aufhaengung: ohne Aufhaengung (weitere moeglich)"
Wandbild;Hartschaumplatte;Hartschaumplatte;Direktdruck Standard;Querformat;diverse;90x120;"Staerke: 5 mm; Aufhaengung: ohne Aufhaengung (weitere moeglich)"
Wandbild;Hartschaumplatte;Hartschaumplatte;Direktdruck Standard;Querformat;diverse;90x160;"Staerke: 5 mm; Aufhaengung: ohne Aufhaengung (weitere moeglich)"
Wandbild;Hartschaumplatte;Hartschaumplatte;Direktdruck Standard;Querformat;diverse;100x100;"Staerke: 5 mm; Aufhaengung: ohne Aufhaengung (weitere moeglich)"
Wandbild;Hartschaumplatte;Hartschaumplatte;Direktdruck Standard;Querformat;diverse;100x120;"Staerke: 5 mm; Aufhaengung: ohne Aufhaengung (weitere moeglich)"
Wandbild;Hartschaumplatte;Hartschaumplatte;Direktdruck Standard;Querformat;diverse;100x140;"Staerke: 5 mm; Aufhaengung: ohne Aufhaengung (weitere moeglich)"
Wandbild;Hartschaumplatte;Hartschaumplatte;Direktdruck Standard;Querformat;diverse;100x160;"Staerke: 5 mm; Aufhaengung: ohne Aufhaengung (weitere moeglich)"
Wandbild;Hartschaumplatte;Hartschaumplatte;Direktdruck Standard;Querformat;diverse;100x180;"Staerke: 5 mm; Aufhaengung: ohne Aufhaengung (weitere moeglich)"
Wandbild;Hartschaumplatte;Hartschaumplatte;Direktdruck Standard;Querformat;diverse;100x200;"Staerke: 5 mm; Aufhaengung: ohne Aufhaengung (weitere moeglich)"
Wandbild;Hartschaumplatte;Hartschaumplatte;Direktdruck Standard;Querformat;diverse;100x220;"Staerke: 5 mm; Aufhaengung: ohne Aufhaengung (weitere moeglich)"
Wandbild;Hartschaumplatte;Hartschaumplatte;Direktdruck Standard;Querformat;diverse;100x240;"Staerke: 5 mm; Aufhaengung: ohne Aufhaengung (weitere moeglich)"
Wandbild;Hartschaumplatte;Hartschaumplatte;Direktdruck Standard;Querformat;diverse;110x120;"Staerke: 5 mm; Aufhaengung: ohne Aufhaengung (weitere moeglich)"
Wandbild;Hartschaumplatte;Hartschaumplatte;Direktdruck Standard;Querformat;diverse;110x160;"Staerke: 5 mm; Aufhaengung: ohne Aufhaengung (weitere moeglich)"
Wandbild;Hartschaumplatte;Hartschaumplatte;Direktdruck Standard;Querformat;diverse;110x180;"Staerke: 5 mm; Aufhaengung: ohne Aufhaengung (weitere moeglich)"
Wandbild;Hartschaumplatte;Hartschaumplatte;Direktdruck Standard;Querformat;diverse;110x200;"Staerke: 5 mm; Aufhaengung: ohne Aufhaengung (weitere moeglich)"
Wandbild;Hartschaumplatte;Hartschaumplatte;Direktdruck Standard;Querformat;diverse;110x220;"Staerke: 5 mm; Aufhaengung: ohne Aufhaengung (weitere moeglich)"
Wandbild;Hartschaumplatte;Hartschaumplatte;Direktdruck Standard;Querformat;diverse;110x240;"Staerke: 5 mm; Aufhaengung: ohne Aufhaengung (weitere moeglich)"
Wandbild;Poster/FineArt mit Holzaufhaenger;Hahnemuehle Bamboo Natural Line;FineArt-Inkjetdruck (Hahnemuehle);Hochformat;~2:3;10x15;Holzleisten-Aufhaengung (oben/unten)
Wandbild;Poster/FineArt mit Holzaufhaenger;Hahnemuehle Bamboo Natural Line;FineArt-Inkjetdruck (Hahnemuehle);Hochformat;~2:3;10,5x14,8 (A6);Holzleisten-Aufhaengung (oben/unten)
Wandbild;Poster/FineArt mit Holzaufhaenger;Hahnemuehle Bamboo Natural Line;FineArt-Inkjetdruck (Hahnemuehle);Hochformat;~2:3;13x18;Holzleisten-Aufhaengung (oben/unten)
Wandbild;Poster/FineArt mit Holzaufhaenger;Hahnemuehle Bamboo Natural Line;FineArt-Inkjetdruck (Hahnemuehle);Hochformat;~2:3;13x19;Holzleisten-Aufhaengung (oben/unten)
Wandbild;Poster/FineArt mit Holzaufhaenger;Hahnemuehle Bamboo Natural Line;FineArt-Inkjetdruck (Hahnemuehle);Hochformat;~2:3;14,8x21 (A5);Holzleisten-Aufhaengung (oben/unten)
Wandbild;Poster/FineArt mit Holzaufhaenger;Hahnemuehle Bamboo Natural Line;FineArt-Inkjetdruck (Hahnemuehle);Hochformat;~2:3;15x21;Holzleisten-Aufhaengung (oben/unten)
Wandbild;Poster/FineArt mit Holzaufhaenger;Hahnemuehle Bamboo Natural Line;FineArt-Inkjetdruck (Hahnemuehle);Hochformat;~2:3;15x22;Holzleisten-Aufhaengung (oben/unten)
Wandbild;Poster/FineArt mit Holzaufhaenger;Hahnemuehle Bamboo Natural Line;FineArt-Inkjetdruck (Hahnemuehle);Hochformat;~2:3;20x30;Holzleisten-Aufhaengung (oben/unten)
Wandbild;Poster/FineArt mit Holzaufhaenger;Hahnemuehle Bamboo Natural Line;FineArt-Inkjetdruck (Hahnemuehle);Hochformat;~2:3;21x29,7 (A4);Holzleisten-Aufhaengung (oben/unten)
Wandbild;Poster/FineArt mit Holzaufhaenger;Hahnemuehle Bamboo Natural Line;FineArt-Inkjetdruck (Hahnemuehle);Hochformat;~2:3;21x30 (A4);Holzleisten-Aufhaengung (oben/unten)
Wandbild;Poster/FineArt mit Holzaufhaenger;Hahnemuehle Bamboo Natural Line;FineArt-Inkjetdruck (Hahnemuehle);Hochformat;~2:3;29,7x42 (A3);Holzleisten-Aufhaengung (oben/unten)
Wandbild;Poster/FineArt mit Holzaufhaenger;Hahnemuehle Bamboo Natural Line;FineArt-Inkjetdruck (Hahnemuehle);Hochformat;~2:3;30x45;Holzleisten-Aufhaengung (oben/unten)
Wandbild;Poster/FineArt mit Holzaufhaenger;Hahnemuehle Bamboo Natural Line;FineArt-Inkjetdruck (Hahnemuehle);Hochformat;~2:3;40x60;Holzleisten-Aufhaengung (oben/unten)
Wandbild;Poster/FineArt mit Holzaufhaenger;Hahnemuehle Bamboo Natural Line;FineArt-Inkjetdruck (Hahnemuehle);Hochformat;~2:3;42x59,4 (A2);Holzleisten-Aufhaengung (oben/unten)
Wandbild;Poster/FineArt mit Holzaufhaenger;Hahnemuehle Bamboo Natural Line;FineArt-Inkjetdruck (Hahnemuehle);Hochformat;~2:3;50x70;Holzleisten-Aufhaengung (oben/unten)
Wandbild;Poster/FineArt mit Holzaufhaenger;Hahnemuehle Bamboo Natural Line;FineArt-Inkjetdruck (Hahnemuehle);Hochformat;~2:3;50x75;Holzleisten-Aufhaengung (oben/unten)
Wandbild;Poster/FineArt mit Holzaufhaenger;Hahnemuehle Bamboo Natural Line;FineArt-Inkjetdruck (Hahnemuehle);Hochformat;~2:3;59,4x84,1 (A1);Holzleisten-Aufhaengung (oben/unten)
Wandbild;Poster/FineArt mit Holzaufhaenger;Hahnemuehle Bamboo Natural Line;FineArt-Inkjetdruck (Hahnemuehle);Hochformat;~2:3;60x90;Holzleisten-Aufhaengung (oben/unten)
Wandbild;Poster/FineArt mit Holzaufhaenger;Hahnemuehle Bamboo Natural Line;FineArt-Inkjetdruck (Hahnemuehle);Hochformat;~2:3;70x100;Holzleisten-Aufhaengung (oben/unten)
Wandbild;Poster/FineArt mit Holzaufhaenger;Hahnemuehle Bamboo Natural Line;FineArt-Inkjetdruck (Hahnemuehle);Hochformat;~2:3;70x105;Holzleisten-Aufhaengung (oben/unten)
Wandbild;Poster/FineArt mit Holzaufhaenger;Hahnemuehle Bamboo Natural Line;FineArt-Inkjetdruck (Hahnemuehle);Hochformat;~3:4;18x24;Holzleisten-Aufhaengung (oben/unten)
Wandbild;Poster/FineArt mit Holzaufhaenger;Hahnemuehle Bamboo Natural Line;FineArt-Inkjetdruck (Hahnemuehle);Hochformat;~3:4;30x40;Holzleisten-Aufhaengung (oben/unten)
Wandbild;Poster/FineArt mit Holzaufhaenger;Hahnemuehle Bamboo Natural Line;FineArt-Inkjetdruck (Hahnemuehle);Hochformat;~3:4;60x80;Holzleisten-Aufhaengung (oben/unten)
Wandbild;Poster/FineArt mit Holzaufhaenger;Hahnemuehle Bamboo Natural Line;FineArt-Inkjetdruck (Hahnemuehle);Hochformat;~3:4;75x100;Holzleisten-Aufhaengung (oben/unten)
Wandbild;Poster/FineArt mit Holzaufhaenger;Hahnemuehle Bamboo Natural Line;FineArt-Inkjetdruck (Hahnemuehle);Hochformat;~3:5;70x120;Holzleisten-Aufhaengung (oben/unten)
Wandbild;Poster/FineArt mit Holzaufhaenger;Hahnemuehle Bamboo Natural Line;FineArt-Inkjetdruck (Hahnemuehle);Hochformat;~4:5;10x13;Holzleisten-Aufhaengung (oben/unten)
Wandbild;Poster/FineArt mit Holzaufhaenger;Hahnemuehle Bamboo Natural Line;FineArt-Inkjetdruck (Hahnemuehle);Hochformat;~4:5;40x50;Holzleisten-Aufhaengung (oben/unten)
Wandbild;Poster/FineArt mit Holzaufhaenger;Hahnemuehle Bamboo Natural Line;FineArt-Inkjetdruck (Hahnemuehle);Hochformat;~4:5;70x90;Holzleisten-Aufhaengung (oben/unten)
Wandbild;Poster/FineArt mit Holzaufhaenger;Hahnemuehle Bamboo Natural Line;FineArt-Inkjetdruck (Hahnemuehle);Hochformat;~4:5;80x100;Holzleisten-Aufhaengung (oben/unten)
Wandbild;Poster/FineArt mit Holzaufhaenger;Hahnemuehle Bamboo Natural Line;FineArt-Inkjetdruck (Hahnemuehle);Hochformat;Quadratisch;15x15;Holzleisten-Aufhaengung (oben/unten)
Wandbild;Poster/FineArt mit Holzaufhaenger;Hahnemuehle Bamboo Natural Line;FineArt-Inkjetdruck (Hahnemuehle);Hochformat;Quadratisch;20x20;Holzleisten-Aufhaengung (oben/unten)
Wandbild;Poster/FineArt mit Holzaufhaenger;Hahnemuehle Bamboo Natural Line;FineArt-Inkjetdruck (Hahnemuehle);Hochformat;Quadratisch;21x21;Holzleisten-Aufhaengung (oben/unten)
Wandbild;Poster/FineArt mit Holzaufhaenger;Hahnemuehle Bamboo Natural Line;FineArt-Inkjetdruck (Hahnemuehle);Hochformat;Quadratisch;30x30;Holzleisten-Aufhaengung (oben/unten)
Wandbild;Poster/FineArt mit Holzaufhaenger;Hahnemuehle Bamboo Natural Line;FineArt-Inkjetdruck (Hahnemuehle);Hochformat;Quadratisch;40x40;Holzleisten-Aufhaengung (oben/unten)
Wandbild;Poster/FineArt mit Holzaufhaenger;Hahnemuehle Bamboo Natural Line;FineArt-Inkjetdruck (Hahnemuehle);Hochformat;Quadratisch;50x50;Holzleisten-Aufhaengung (oben/unten)
Wandbild;Poster/FineArt mit Holzaufhaenger;Hahnemuehle Bamboo Natural Line;FineArt-Inkjetdruck (Hahnemuehle);Hochformat;Quadratisch;60x60;Holzleisten-Aufhaengung (oben/unten)
Wandbild;Poster/FineArt mit Holzaufhaenger;Hahnemuehle Bamboo Natural Line;FineArt-Inkjetdruck (Hahnemuehle);Hochformat;Quadratisch;70x70;Holzleisten-Aufhaengung (oben/unten)
Wandbild;Poster/FineArt mit Holzaufhaenger;Hahnemuehle Bamboo Natural Line;FineArt-Inkjetdruck (Hahnemuehle);Hochformat;Panorama;10x18;Holzleisten-Aufhaengung (oben/unten)
Wandbild;Poster/FineArt mit Holzaufhaenger;Hahnemuehle Bamboo Natural Line;FineArt-Inkjetdruck (Hahnemuehle);Hochformat;Panorama;10x20;Holzleisten-Aufhaengung (oben/unten)
Wandbild;Poster/FineArt mit Holzaufhaenger;Hahnemuehle Bamboo Natural Line;FineArt-Inkjetdruck (Hahnemuehle);Hochformat;Panorama;20x40;Holzleisten-Aufhaengung (oben/unten)
Wandbild;Poster/FineArt mit Holzaufhaenger;Hahnemuehle Bamboo Natural Line;FineArt-Inkjetdruck (Hahnemuehle);Hochformat;Panorama;20x60;Holzleisten-Aufhaengung (oben/unten)
Wandbild;Poster/FineArt mit Holzaufhaenger;Hahnemuehle Bamboo Natural Line;FineArt-Inkjetdruck (Hahnemuehle);Hochformat;Panorama;30x60;Holzleisten-Aufhaengung (oben/unten)
Wandbild;Poster/FineArt mit Holzaufhaenger;Hahnemuehle Bamboo Natural Line;FineArt-Inkjetdruck (Hahnemuehle);Hochformat;Panorama;30x90;Holzleisten-Aufhaengung (oben/unten)
Wandbild;Poster/FineArt mit Holzaufhaenger;Hahnemuehle Bamboo Natural Line;FineArt-Inkjetdruck (Hahnemuehle);Hochformat;Panorama;40x80;Holzleisten-Aufhaengung (oben/unten)
Wandbild;Poster/FineArt mit Holzaufhaenger;Hahnemuehle Bamboo Natural Line;FineArt-Inkjetdruck (Hahnemuehle);Hochformat;Panorama;50x100;Holzleisten-Aufhaengung (oben/unten)
Wandbild;Poster/FineArt mit Holzaufhaenger;Hahnemuehle Bamboo Natural Line;FineArt-Inkjetdruck (Hahnemuehle);Hochformat;Panorama;60x120;Holzleisten-Aufhaengung (oben/unten)
Wandbild;Poster/FineArt mit Holzaufhaenger;Hahnemuehle Bamboo Natural Line;FineArt-Inkjetdruck (Hahnemuehle);Hochformat;Panorama;60x180;Holzleisten-Aufhaengung (oben/unten)
Wandbild;Poster/FineArt mit Holzaufhaenger;Hahnemuehle Bamboo Natural Line;FineArt-Inkjetdruck (Hahnemuehle);Hochformat;Panorama;70x180;Holzleisten-Aufhaengung (oben/unten)
Wandbild;Poster/FineArt mit Holzaufhaenger;Hahnemuehle Bamboo Natural Line;FineArt-Inkjetdruck (Hahnemuehle);Querformat;~2:3;10x15;Holzleisten-Aufhaengung (oben/unten)
Wandbild;Poster/FineArt mit Holzaufhaenger;Hahnemuehle Bamboo Natural Line;FineArt-Inkjetdruck (Hahnemuehle);Querformat;~2:3;10,5x14,8 (A6);Holzleisten-Aufhaengung (oben/unten)
Wandbild;Poster/FineArt mit Holzaufhaenger;Hahnemuehle Bamboo Natural Line;FineArt-Inkjetdruck (Hahnemuehle);Querformat;~2:3;13x18;Holzleisten-Aufhaengung (oben/unten)
Wandbild;Poster/FineArt mit Holzaufhaenger;Hahnemuehle Bamboo Natural Line;FineArt-Inkjetdruck (Hahnemuehle);Querformat;~2:3;13x19;Holzleisten-Aufhaengung (oben/unten)
Wandbild;Poster/FineArt mit Holzaufhaenger;Hahnemuehle Bamboo Natural Line;FineArt-Inkjetdruck (Hahnemuehle);Querformat;~2:3;14,8x21 (A5);Holzleisten-Aufhaengung (oben/unten)
Wandbild;Poster/FineArt mit Holzaufhaenger;Hahnemuehle Bamboo Natural Line;FineArt-Inkjetdruck (Hahnemuehle);Querformat;~2:3;15x21;Holzleisten-Aufhaengung (oben/unten)
Wandbild;Poster/FineArt mit Holzaufhaenger;Hahnemuehle Bamboo Natural Line;FineArt-Inkjetdruck (Hahnemuehle);Querformat;~2:3;15x22;Holzleisten-Aufhaengung (oben/unten)
Wandbild;Poster/FineArt mit Holzaufhaenger;Hahnemuehle Bamboo Natural Line;FineArt-Inkjetdruck (Hahnemuehle);Querformat;~2:3;20x30;Holzleisten-Aufhaengung (oben/unten)
Wandbild;Poster/FineArt mit Holzaufhaenger;Hahnemuehle Bamboo Natural Line;FineArt-Inkjetdruck (Hahnemuehle);Querformat;~2:3;21x29,7 (A4);Holzleisten-Aufhaengung (oben/unten)
Wandbild;Poster/FineArt mit Holzaufhaenger;Hahnemuehle Bamboo Natural Line;FineArt-Inkjetdruck (Hahnemuehle);Querformat;~2:3;21x30 (A4);Holzleisten-Aufhaengung (oben/unten)
Wandbild;Poster/FineArt mit Holzaufhaenger;Hahnemuehle Bamboo Natural Line;FineArt-Inkjetdruck (Hahnemuehle);Querformat;~2:3;29,7x42 (A3);Holzleisten-Aufhaengung (oben/unten)
Wandbild;Poster/FineArt mit Holzaufhaenger;Hahnemuehle Bamboo Natural Line;FineArt-Inkjetdruck (Hahnemuehle);Querformat;~2:3;30x45;Holzleisten-Aufhaengung (oben/unten)
Wandbild;Poster/FineArt mit Holzaufhaenger;Hahnemuehle Bamboo Natural Line;FineArt-Inkjetdruck (Hahnemuehle);Querformat;~2:3;40x60;Holzleisten-Aufhaengung (oben/unten)
Wandbild;Poster/FineArt mit Holzaufhaenger;Hahnemuehle Bamboo Natural Line;FineArt-Inkjetdruck (Hahnemuehle);Querformat;~2:3;42x59,4 (A2);Holzleisten-Aufhaengung (oben/unten)
Wandbild;Poster/FineArt mit Holzaufhaenger;Hahnemuehle Bamboo Natural Line;FineArt-Inkjetdruck (Hahnemuehle);Querformat;~2:3;50x70;Holzleisten-Aufhaengung (oben/unten)
Wandbild;Poster/FineArt mit Holzaufhaenger;Hahnemuehle Bamboo Natural Line;FineArt-Inkjetdruck (Hahnemuehle);Querformat;~2:3;50x75;Holzleisten-Aufhaengung (oben/unten)
Wandbild;Poster/FineArt mit Holzaufhaenger;Hahnemuehle Bamboo Natural Line;FineArt-Inkjetdruck (Hahnemuehle);Querformat;~2:3;59,4x84,1 (A1);Holzleisten-Aufhaengung (oben/unten)
Wandbild;Poster/FineArt mit Holzaufhaenger;Hahnemuehle Bamboo Natural Line;FineArt-Inkjetdruck (Hahnemuehle);Querformat;~2:3;60x90;Holzleisten-Aufhaengung (oben/unten)
Wandbild;Poster/FineArt mit Holzaufhaenger;Hahnemuehle Bamboo Natural Line;FineArt-Inkjetdruck (Hahnemuehle);Querformat;~2:3;70x100;Holzleisten-Aufhaengung (oben/unten)
Wandbild;Poster/FineArt mit Holzaufhaenger;Hahnemuehle Bamboo Natural Line;FineArt-Inkjetdruck (Hahnemuehle);Querformat;~2:3;70x105;Holzleisten-Aufhaengung (oben/unten)
Wandbild;Poster/FineArt mit Holzaufhaenger;Hahnemuehle Bamboo Natural Line;FineArt-Inkjetdruck (Hahnemuehle);Querformat;~3:4;18x24;Holzleisten-Aufhaengung (oben/unten)
Wandbild;Poster/FineArt mit Holzaufhaenger;Hahnemuehle Bamboo Natural Line;FineArt-Inkjetdruck (Hahnemuehle);Querformat;~3:4;30x40;Holzleisten-Aufhaengung (oben/unten)
Wandbild;Poster/FineArt mit Holzaufhaenger;Hahnemuehle Bamboo Natural Line;FineArt-Inkjetdruck (Hahnemuehle);Querformat;~3:4;60x80;Holzleisten-Aufhaengung (oben/unten)
Wandbild;Poster/FineArt mit Holzaufhaenger;Hahnemuehle Bamboo Natural Line;FineArt-Inkjetdruck (Hahnemuehle);Querformat;~3:4;75x100;Holzleisten-Aufhaengung (oben/unten)
Wandbild;Poster/FineArt mit Holzaufhaenger;Hahnemuehle Bamboo Natural Line;FineArt-Inkjetdruck (Hahnemuehle);Querformat;~3:5;70x120;Holzleisten-Aufhaengung (oben/unten)
Wandbild;Poster/FineArt mit Holzaufhaenger;Hahnemuehle Bamboo Natural Line;FineArt-Inkjetdruck (Hahnemuehle);Querformat;~4:5;10x13;Holzleisten-Aufhaengung (oben/unten)
Wandbild;Poster/FineArt mit Holzaufhaenger;Hahnemuehle Bamboo Natural Line;FineArt-Inkjetdruck (Hahnemuehle);Querformat;~4:5;40x50;Holzleisten-Aufhaengung (oben/unten)
Wandbild;Poster/FineArt mit Holzaufhaenger;Hahnemuehle Bamboo Natural Line;FineArt-Inkjetdruck (Hahnemuehle);Querformat;~4:5;70x90;Holzleisten-Aufhaengung (oben/unten)
Wandbild;Poster/FineArt mit Holzaufhaenger;Hahnemuehle Bamboo Natural Line;FineArt-Inkjetdruck (Hahnemuehle);Querformat;~4:5;80x100;Holzleisten-Aufhaengung (oben/unten)
Wandbild;Poster/FineArt mit Holzaufhaenger;Hahnemuehle Bamboo Natural Line;FineArt-Inkjetdruck (Hahnemuehle);Querformat;Quadratisch;15x15;Holzleisten-Aufhaengung (oben/unten)
Wandbild;Poster/FineArt mit Holzaufhaenger;Hahnemuehle Bamboo Natural Line;FineArt-Inkjetdruck (Hahnemuehle);Querformat;Quadratisch;20x20;Holzleisten-Aufhaengung (oben/unten)
Wandbild;Poster/FineArt mit Holzaufhaenger;Hahnemuehle Bamboo Natural Line;FineArt-Inkjetdruck (Hahnemuehle);Querformat;Quadratisch;21x21;Holzleisten-Aufhaengung (oben/unten)
Wandbild;Poster/FineArt mit Holzaufhaenger;Hahnemuehle Bamboo Natural Line;FineArt-Inkjetdruck (Hahnemuehle);Querformat;Quadratisch;30x30;Holzleisten-Aufhaengung (oben/unten)
Wandbild;Poster/FineArt mit Holzaufhaenger;Hahnemuehle Bamboo Natural Line;FineArt-Inkjetdruck (Hahnemuehle);Querformat;Quadratisch;40x40;Holzleisten-Aufhaengung (oben/unten)
Wandbild;Poster/FineArt mit Holzaufhaenger;Hahnemuehle Bamboo Natural Line;FineArt-Inkjetdruck (Hahnemuehle);Querformat;Quadratisch;50x50;Holzleisten-Aufhaengung (oben/unten)
Wandbild;Poster/FineArt mit Holzaufhaenger;Hahnemuehle Bamboo Natural Line;FineArt-Inkjetdruck (Hahnemuehle);Querformat;Quadratisch;60x60;Holzleisten-Aufhaengung (oben/unten)
Wandbild;Poster/FineArt mit Holzaufhaenger;Hahnemuehle Bamboo Natural Line;FineArt-Inkjetdruck (Hahnemuehle);Querformat;Quadratisch;70x70;Holzleisten-Aufhaengung (oben/unten)
Wandbild;Poster/FineArt mit Holzaufhaenger;Hahnemuehle Bamboo Natural Line;FineArt-Inkjetdruck (Hahnemuehle);Querformat;Panorama;10x18;Holzleisten-Aufhaengung (oben/unten)
Wandbild;Poster/FineArt mit Holzaufhaenger;Hahnemuehle Bamboo Natural Line;FineArt-Inkjetdruck (Hahnemuehle);Querformat;Panorama;10x20;Holzleisten-Aufhaengung (oben/unten)
Wandbild;Poster/FineArt mit Holzaufhaenger;Hahnemuehle Bamboo Natural Line;FineArt-Inkjetdruck (Hahnemuehle);Querformat;Panorama;20x40;Holzleisten-Aufhaengung (oben/unten)
Wandbild;Poster/FineArt mit Holzaufhaenger;Hahnemuehle Bamboo Natural Line;FineArt-Inkjetdruck (Hahnemuehle);Querformat;Panorama;20x60;Holzleisten-Aufhaengung (oben/unten)
Wandbild;Poster/FineArt mit Holzaufhaenger;Hahnemuehle Bamboo Natural Line;FineArt-Inkjetdruck (Hahnemuehle);Querformat;Panorama;30x60;Holzleisten-Aufhaengung (oben/unten)
Wandbild;Poster/FineArt mit Holzaufhaenger;Hahnemuehle Bamboo Natural Line;FineArt-Inkjetdruck (Hahnemuehle);Querformat;Panorama;30x90;Holzleisten-Aufhaengung (oben/unten)
Wandbild;Poster/FineArt mit Holzaufhaenger;Hahnemuehle Bamboo Natural Line;FineArt-Inkjetdruck (Hahnemuehle);Querformat;Panorama;40x80;Holzleisten-Aufhaengung (oben/unten)
Wandbild;Poster/FineArt mit Holzaufhaenger;Hahnemuehle Bamboo Natural Line;FineArt-Inkjetdruck (Hahnemuehle);Querformat;Panorama;50x100;Holzleisten-Aufhaengung (oben/unten)
Wandbild;Poster/FineArt mit Holzaufhaenger;Hahnemuehle Bamboo Natural Line;FineArt-Inkjetdruck (Hahnemuehle);Querformat;Panorama;60x120;Holzleisten-Aufhaengung (oben/unten)
Wandbild;Poster/FineArt mit Holzaufhaenger;Hahnemuehle Bamboo Natural Line;FineArt-Inkjetdruck (Hahnemuehle);Querformat;Panorama;60x180;Holzleisten-Aufhaengung (oben/unten)
Wandbild;Poster/FineArt mit Holzaufhaenger;Hahnemuehle Bamboo Natural Line;FineArt-Inkjetdruck (Hahnemuehle);Querformat;Panorama;70x180;Holzleisten-Aufhaengung (oben/unten)
Wandbild;Poster/FineArt mit Holzaufhaenger;Hahnemuehle Baryta;FineArt-Inkjetdruck (Hahnemuehle);Hochformat;~2:3;10x15;Holzleisten-Aufhaengung (oben/unten)
Wandbild;Poster/FineArt mit Holzaufhaenger;Hahnemuehle Baryta;FineArt-Inkjetdruck (Hahnemuehle);Hochformat;~2:3;10,5x14,8 (A6);Holzleisten-Aufhaengung (oben/unten)
Wandbild;Poster/FineArt mit Holzaufhaenger;Hahnemuehle Baryta;FineArt-Inkjetdruck (Hahnemuehle);Hochformat;~2:3;13x18;Holzleisten-Aufhaengung (oben/unten)
Wandbild;Poster/FineArt mit Holzaufhaenger;Hahnemuehle Baryta;FineArt-Inkjetdruck (Hahnemuehle);Hochformat;~2:3;13x19;Holzleisten-Aufhaengung (oben/unten)
Wandbild;Poster/FineArt mit Holzaufhaenger;Hahnemuehle Baryta;FineArt-Inkjetdruck (Hahnemuehle);Hochformat;~2:3;14,8x21 (A5);Holzleisten-Aufhaengung (oben/unten)
Wandbild;Poster/FineArt mit Holzaufhaenger;Hahnemuehle Baryta;FineArt-Inkjetdruck (Hahnemuehle);Hochformat;~2:3;15x21;Holzleisten-Aufhaengung (oben/unten)
Wandbild;Poster/FineArt mit Holzaufhaenger;Hahnemuehle Baryta;FineArt-Inkjetdruck (Hahnemuehle);Hochformat;~2:3;15x22;Holzleisten-Aufhaengung (oben/unten)
Wandbild;Poster/FineArt mit Holzaufhaenger;Hahnemuehle Baryta;FineArt-Inkjetdruck (Hahnemuehle);Hochformat;~2:3;20x30;Holzleisten-Aufhaengung (oben/unten)
Wandbild;Poster/FineArt mit Holzaufhaenger;Hahnemuehle Baryta;FineArt-Inkjetdruck (Hahnemuehle);Hochformat;~2:3;21x29,7 (A4);Holzleisten-Aufhaengung (oben/unten)
Wandbild;Poster/FineArt mit Holzaufhaenger;Hahnemuehle Baryta;FineArt-Inkjetdruck (Hahnemuehle);Hochformat;~2:3;21x30 (A4);Holzleisten-Aufhaengung (oben/unten)
Wandbild;Poster/FineArt mit Holzaufhaenger;Hahnemuehle Baryta;FineArt-Inkjetdruck (Hahnemuehle);Hochformat;~2:3;29,7x42 (A3);Holzleisten-Aufhaengung (oben/unten)
Wandbild;Poster/FineArt mit Holzaufhaenger;Hahnemuehle Baryta;FineArt-Inkjetdruck (Hahnemuehle);Hochformat;~2:3;30x45;Holzleisten-Aufhaengung (oben/unten)
Wandbild;Poster/FineArt mit Holzaufhaenger;Hahnemuehle Baryta;FineArt-Inkjetdruck (Hahnemuehle);Hochformat;~2:3;40x60;Holzleisten-Aufhaengung (oben/unten)
Wandbild;Poster/FineArt mit Holzaufhaenger;Hahnemuehle Baryta;FineArt-Inkjetdruck (Hahnemuehle);Hochformat;~2:3;42x59,4 (A2);Holzleisten-Aufhaengung (oben/unten)
Wandbild;Poster/FineArt mit Holzaufhaenger;Hahnemuehle Baryta;FineArt-Inkjetdruck (Hahnemuehle);Hochformat;~2:3;50x70;Holzleisten-Aufhaengung (oben/unten)
Wandbild;Poster/FineArt mit Holzaufhaenger;Hahnemuehle Baryta;FineArt-Inkjetdruck (Hahnemuehle);Hochformat;~2:3;50x75;Holzleisten-Aufhaengung (oben/unten)
Wandbild;Poster/FineArt mit Holzaufhaenger;Hahnemuehle Baryta;FineArt-Inkjetdruck (Hahnemuehle);Hochformat;~2:3;59,4x84,1 (A1);Holzleisten-Aufhaengung (oben/unten)
Wandbild;Poster/FineArt mit Holzaufhaenger;Hahnemuehle Baryta;FineArt-Inkjetdruck (Hahnemuehle);Hochformat;~2:3;60x90;Holzleisten-Aufhaengung (oben/unten)
Wandbild;Poster/FineArt mit Holzaufhaenger;Hahnemuehle Baryta;FineArt-Inkjetdruck (Hahnemuehle);Hochformat;~2:3;70x100;Holzleisten-Aufhaengung (oben/unten)
Wandbild;Poster/FineArt mit Holzaufhaenger;Hahnemuehle Baryta;FineArt-Inkjetdruck (Hahnemuehle);Hochformat;~2:3;70x105;Holzleisten-Aufhaengung (oben/unten)
Wandbild;Poster/FineArt mit Holzaufhaenger;Hahnemuehle Baryta;FineArt-Inkjetdruck (Hahnemuehle);Hochformat;~3:4;18x24;Holzleisten-Aufhaengung (oben/unten)
Wandbild;Poster/FineArt mit Holzaufhaenger;Hahnemuehle Baryta;FineArt-Inkjetdruck (Hahnemuehle);Hochformat;~3:4;30x40;Holzleisten-Aufhaengung (oben/unten)
Wandbild;Poster/FineArt mit Holzaufhaenger;Hahnemuehle Baryta;FineArt-Inkjetdruck (Hahnemuehle);Hochformat;~3:4;60x80;Holzleisten-Aufhaengung (oben/unten)
Wandbild;Poster/FineArt mit Holzaufhaenger;Hahnemuehle Baryta;FineArt-Inkjetdruck (Hahnemuehle);Hochformat;~3:4;75x100;Holzleisten-Aufhaengung (oben/unten)
Wandbild;Poster/FineArt mit Holzaufhaenger;Hahnemuehle Baryta;FineArt-Inkjetdruck (Hahnemuehle);Hochformat;~3:5;70x120;Holzleisten-Aufhaengung (oben/unten)
Wandbild;Poster/FineArt mit Holzaufhaenger;Hahnemuehle Baryta;FineArt-Inkjetdruck (Hahnemuehle);Hochformat;~4:5;10x13;Holzleisten-Aufhaengung (oben/unten)
Wandbild;Poster/FineArt mit Holzaufhaenger;Hahnemuehle Baryta;FineArt-Inkjetdruck (Hahnemuehle);Hochformat;~4:5;40x50;Holzleisten-Aufhaengung (oben/unten)
Wandbild;Poster/FineArt mit Holzaufhaenger;Hahnemuehle Baryta;FineArt-Inkjetdruck (Hahnemuehle);Hochformat;~4:5;70x90;Holzleisten-Aufhaengung (oben/unten)
Wandbild;Poster/FineArt mit Holzaufhaenger;Hahnemuehle Baryta;FineArt-Inkjetdruck (Hahnemuehle);Hochformat;~4:5;80x100;Holzleisten-Aufhaengung (oben/unten)
Wandbild;Poster/FineArt mit Holzaufhaenger;Hahnemuehle Baryta;FineArt-Inkjetdruck (Hahnemuehle);Hochformat;Quadratisch;15x15;Holzleisten-Aufhaengung (oben/unten)
Wandbild;Poster/FineArt mit Holzaufhaenger;Hahnemuehle Baryta;FineArt-Inkjetdruck (Hahnemuehle);Hochformat;Quadratisch;20x20;Holzleisten-Aufhaengung (oben/unten)
Wandbild;Poster/FineArt mit Holzaufhaenger;Hahnemuehle Baryta;FineArt-Inkjetdruck (Hahnemuehle);Hochformat;Quadratisch;21x21;Holzleisten-Aufhaengung (oben/unten)
Wandbild;Poster/FineArt mit Holzaufhaenger;Hahnemuehle Baryta;FineArt-Inkjetdruck (Hahnemuehle);Hochformat;Quadratisch;30x30;Holzleisten-Aufhaengung (oben/unten)
Wandbild;Poster/FineArt mit Holzaufhaenger;Hahnemuehle Baryta;FineArt-Inkjetdruck (Hahnemuehle);Hochformat;Quadratisch;40x40;Holzleisten-Aufhaengung (oben/unten)
Wandbild;Poster/FineArt mit Holzaufhaenger;Hahnemuehle Baryta;FineArt-Inkjetdruck (Hahnemuehle);Hochformat;Quadratisch;50x50;Holzleisten-Aufhaengung (oben/unten)
Wandbild;Poster/FineArt mit Holzaufhaenger;Hahnemuehle Baryta;FineArt-Inkjetdruck (Hahnemuehle);Hochformat;Quadratisch;60x60;Holzleisten-Aufhaengung (oben/unten)
Wandbild;Poster/FineArt mit Holzaufhaenger;Hahnemuehle Baryta;FineArt-Inkjetdruck (Hahnemuehle);Hochformat;Quadratisch;70x70;Holzleisten-Aufhaengung (oben/unten)
Wandbild;Poster/FineArt mit Holzaufhaenger;Hahnemuehle Baryta;FineArt-Inkjetdruck (Hahnemuehle);Hochformat;Panorama;10x18;Holzleisten-Aufhaengung (oben/unten)
Wandbild;Poster/FineArt mit Holzaufhaenger;Hahnemuehle Baryta;FineArt-Inkjetdruck (Hahnemuehle);Hochformat;Panorama;10x20;Holzleisten-Aufhaengung (oben/unten)
Wandbild;Poster/FineArt mit Holzaufhaenger;Hahnemuehle Baryta;FineArt-Inkjetdruck (Hahnemuehle);Hochformat;Panorama;20x40;Holzleisten-Aufhaengung (oben/unten)
Wandbild;Poster/FineArt mit Holzaufhaenger;Hahnemuehle Baryta;FineArt-Inkjetdruck (Hahnemuehle);Hochformat;Panorama;20x60;Holzleisten-Aufhaengung (oben/unten)
Wandbild;Poster/FineArt mit Holzaufhaenger;Hahnemuehle Baryta;FineArt-Inkjetdruck (Hahnemuehle);Hochformat;Panorama;30x60;Holzleisten-Aufhaengung (oben/unten)
Wandbild;Poster/FineArt mit Holzaufhaenger;Hahnemuehle Baryta;FineArt-Inkjetdruck (Hahnemuehle);Hochformat;Panorama;30x90;Holzleisten-Aufhaengung (oben/unten)
Wandbild;Poster/FineArt mit Holzaufhaenger;Hahnemuehle Baryta;FineArt-Inkjetdruck (Hahnemuehle);Hochformat;Panorama;40x80;Holzleisten-Aufhaengung (oben/unten)
Wandbild;Poster/FineArt mit Holzaufhaenger;Hahnemuehle Baryta;FineArt-Inkjetdruck (Hahnemuehle);Hochformat;Panorama;50x100;Holzleisten-Aufhaengung (oben/unten)
Wandbild;Poster/FineArt mit Holzaufhaenger;Hahnemuehle Baryta;FineArt-Inkjetdruck (Hahnemuehle);Hochformat;Panorama;60x120;Holzleisten-Aufhaengung (oben/unten)
Wandbild;Poster/FineArt mit Holzaufhaenger;Hahnemuehle Baryta;FineArt-Inkjetdruck (Hahnemuehle);Hochformat;Panorama;60x180;Holzleisten-Aufhaengung (oben/unten)
Wandbild;Poster/FineArt mit Holzaufhaenger;Hahnemuehle Baryta;FineArt-Inkjetdruck (Hahnemuehle);Hochformat;Panorama;70x180;Holzleisten-Aufhaengung (oben/unten)
Wandbild;Poster/FineArt mit Holzaufhaenger;Hahnemuehle Baryta;FineArt-Inkjetdruck (Hahnemuehle);Querformat;~2:3;10x15;Holzleisten-Aufhaengung (oben/unten)
Wandbild;Poster/FineArt mit Holzaufhaenger;Hahnemuehle Baryta;FineArt-Inkjetdruck (Hahnemuehle);Querformat;~2:3;10,5x14,8 (A6);Holzleisten-Aufhaengung (oben/unten)
Wandbild;Poster/FineArt mit Holzaufhaenger;Hahnemuehle Baryta;FineArt-Inkjetdruck (Hahnemuehle);Querformat;~2:3;13x18;Holzleisten-Aufhaengung (oben/unten)
Wandbild;Poster/FineArt mit Holzaufhaenger;Hahnemuehle Baryta;FineArt-Inkjetdruck (Hahnemuehle);Querformat;~2:3;13x19;Holzleisten-Aufhaengung (oben/unten)
Wandbild;Poster/FineArt mit Holzaufhaenger;Hahnemuehle Baryta;FineArt-Inkjetdruck (Hahnemuehle);Querformat;~2:3;14,8x21 (A5);Holzleisten-Aufhaengung (oben/unten)
Wandbild;Poster/FineArt mit Holzaufhaenger;Hahnemuehle Baryta;FineArt-Inkjetdruck (Hahnemuehle);Querformat;~2:3;15x21;Holzleisten-Aufhaengung (oben/unten)
Wandbild;Poster/FineArt mit Holzaufhaenger;Hahnemuehle Baryta;FineArt-Inkjetdruck (Hahnemuehle);Querformat;~2:3;15x22;Holzleisten-Aufhaengung (oben/unten)
Wandbild;Poster/FineArt mit Holzaufhaenger;Hahnemuehle Baryta;FineArt-Inkjetdruck (Hahnemuehle);Querformat;~2:3;20x30;Holzleisten-Aufhaengung (oben/unten)
Wandbild;Poster/FineArt mit Holzaufhaenger;Hahnemuehle Baryta;FineArt-Inkjetdruck (Hahnemuehle);Querformat;~2:3;21x29,7 (A4);Holzleisten-Aufhaengung (oben/unten)
Wandbild;Poster/FineArt mit Holzaufhaenger;Hahnemuehle Baryta;FineArt-Inkjetdruck (Hahnemuehle);Querformat;~2:3;21x30 (A4);Holzleisten-Aufhaengung (oben/unten)
Wandbild;Poster/FineArt mit Holzaufhaenger;Hahnemuehle Baryta;FineArt-Inkjetdruck (Hahnemuehle);Querformat;~2:3;29,7x42 (A3);Holzleisten-Aufhaengung (oben/unten)
Wandbild;Poster/FineArt mit Holzaufhaenger;Hahnemuehle Baryta;FineArt-Inkjetdruck (Hahnemuehle);Querformat;~2:3;30x45;Holzleisten-Aufhaengung (oben/unten)
Wandbild;Poster/FineArt mit Holzaufhaenger;Hahnemuehle Baryta;FineArt-Inkjetdruck (Hahnemuehle);Querformat;~2:3;40x60;Holzleisten-Aufhaengung (oben/unten)
Wandbild;Poster/FineArt mit Holzaufhaenger;Hahnemuehle Baryta;FineArt-Inkjetdruck (Hahnemuehle);Querformat;~2:3;42x59,4 (A2);Holzleisten-Aufhaengung (oben/unten)
Wandbild;Poster/FineArt mit Holzaufhaenger;Hahnemuehle Baryta;FineArt-Inkjetdruck (Hahnemuehle);Querformat;~2:3;50x70;Holzleisten-Aufhaengung (oben/unten)
Wandbild;Poster/FineArt mit Holzaufhaenger;Hahnemuehle Baryta;FineArt-Inkjetdruck (Hahnemuehle);Querformat;~2:3;50x75;Holzleisten-Aufhaengung (oben/unten)
Wandbild;Poster/FineArt mit Holzaufhaenger;Hahnemuehle Baryta;FineArt-Inkjetdruck (Hahnemuehle);Querformat;~2:3;59,4x84,1 (A1);Holzleisten-Aufhaengung (oben/unten)
Wandbild;Poster/FineArt mit Holzaufhaenger;Hahnemuehle Baryta;FineArt-Inkjetdruck (Hahnemuehle);Querformat;~2:3;60x90;Holzleisten-Aufhaengung (oben/unten)
Wandbild;Poster/FineArt mit Holzaufhaenger;Hahnemuehle Baryta;FineArt-Inkjetdruck (Hahnemuehle);Querformat;~2:3;70x100;Holzleisten-Aufhaengung (oben/unten)
Wandbild;Poster/FineArt mit Holzaufhaenger;Hahnemuehle Baryta;FineArt-Inkjetdruck (Hahnemuehle);Querformat;~2:3;70x105;Holzleisten-Aufhaengung (oben/unten)
Wandbild;Poster/FineArt mit Holzaufhaenger;Hahnemuehle Baryta;FineArt-Inkjetdruck (Hahnemuehle);Querformat;~3:4;18x24;Holzleisten-Aufhaengung (oben/unten)
Wandbild;Poster/FineArt mit Holzaufhaenger;Hahnemuehle Baryta;FineArt-Inkjetdruck (Hahnemuehle);Querformat;~3:4;30x40;Holzleisten-Aufhaengung (oben/unten)
Wandbild;Poster/FineArt mit Holzaufhaenger;Hahnemuehle Baryta;FineArt-Inkjetdruck (Hahnemuehle);Querformat;~3:4;60x80;Holzleisten-Aufhaengung (oben/unten)
Wandbild;Poster/FineArt mit Holzaufhaenger;Hahnemuehle Baryta;FineArt-Inkjetdruck (Hahnemuehle);Querformat;~3:4;75x100;Holzleisten-Aufhaengung (oben/unten)
Wandbild;Poster/FineArt mit Holzaufhaenger;Hahnemuehle Baryta;FineArt-Inkjetdruck (Hahnemuehle);Querformat;~3:5;70x120;Holzleisten-Aufhaengung (oben/unten)
Wandbild;Poster/FineArt mit Holzaufhaenger;Hahnemuehle Baryta;FineArt-Inkjetdruck (Hahnemuehle);Querformat;~4:5;10x13;Holzleisten-Aufhaengung (oben/unten)
Wandbild;Poster/FineArt mit Holzaufhaenger;Hahnemuehle Baryta;FineArt-Inkjetdruck (Hahnemuehle);Querformat;~4:5;40x50;Holzleisten-Aufhaengung (oben/unten)
Wandbild;Poster/FineArt mit Holzaufhaenger;Hahnemuehle Baryta;FineArt-Inkjetdruck (Hahnemuehle);Querformat;~4:5;70x90;Holzleisten-Aufhaengung (oben/unten)
Wandbild;Poster/FineArt mit Holzaufhaenger;Hahnemuehle Baryta;FineArt-Inkjetdruck (Hahnemuehle);Querformat;~4:5;80x100;Holzleisten-Aufhaengung (oben/unten)
Wandbild;Poster/FineArt mit Holzaufhaenger;Hahnemuehle Baryta;FineArt-Inkjetdruck (Hahnemuehle);Querformat;Quadratisch;15x15;Holzleisten-Aufhaengung (oben/unten)
Wandbild;Poster/FineArt mit Holzaufhaenger;Hahnemuehle Baryta;FineArt-Inkjetdruck (Hahnemuehle);Querformat;Quadratisch;20x20;Holzleisten-Aufhaengung (oben/unten)
Wandbild;Poster/FineArt mit Holzaufhaenger;Hahnemuehle Baryta;FineArt-Inkjetdruck (Hahnemuehle);Querformat;Quadratisch;21x21;Holzleisten-Aufhaengung (oben/unten)
Wandbild;Poster/FineArt mit Holzaufhaenger;Hahnemuehle Baryta;FineArt-Inkjetdruck (Hahnemuehle);Querformat;Quadratisch;30x30;Holzleisten-Aufhaengung (oben/unten)
Wandbild;Poster/FineArt mit Holzaufhaenger;Hahnemuehle Baryta;FineArt-Inkjetdruck (Hahnemuehle);Querformat;Quadratisch;40x40;Holzleisten-Aufhaengung (oben/unten)
Wandbild;Poster/FineArt mit Holzaufhaenger;Hahnemuehle Baryta;FineArt-Inkjetdruck (Hahnemuehle);Querformat;Quadratisch;50x50;Holzleisten-Aufhaengung (oben/unten)
Wandbild;Poster/FineArt mit Holzaufhaenger;Hahnemuehle Baryta;FineArt-Inkjetdruck (Hahnemuehle);Querformat;Quadratisch;60x60;Holzleisten-Aufhaengung (oben/unten)
Wandbild;Poster/FineArt mit Holzaufhaenger;Hahnemuehle Baryta;FineArt-Inkjetdruck (Hahnemuehle);Querformat;Quadratisch;70x70;Holzleisten-Aufhaengung (oben/unten)
Wandbild;Poster/FineArt mit Holzaufhaenger;Hahnemuehle Baryta;FineArt-Inkjetdruck (Hahnemuehle);Querformat;Panorama;10x18;Holzleisten-Aufhaengung (oben/unten)
Wandbild;Poster/FineArt mit Holzaufhaenger;Hahnemuehle Baryta;FineArt-Inkjetdruck (Hahnemuehle);Querformat;Panorama;10x20;Holzleisten-Aufhaengung (oben/unten)
Wandbild;Poster/FineArt mit Holzaufhaenger;Hahnemuehle Baryta;FineArt-Inkjetdruck (Hahnemuehle);Querformat;Panorama;20x40;Holzleisten-Aufhaengung (oben/unten)
Wandbild;Poster/FineArt mit Holzaufhaenger;Hahnemuehle Baryta;FineArt-Inkjetdruck (Hahnemuehle);Querformat;Panorama;20x60;Holzleisten-Aufhaengung (oben/unten)
Wandbild;Poster/FineArt mit Holzaufhaenger;Hahnemuehle Baryta;FineArt-Inkjetdruck (Hahnemuehle);Querformat;Panorama;30x60;Holzleisten-Aufhaengung (oben/unten)
Wandbild;Poster/FineArt mit Holzaufhaenger;Hahnemuehle Baryta;FineArt-Inkjetdruck (Hahnemuehle);Querformat;Panorama;30x90;Holzleisten-Aufhaengung (oben/unten)
Wandbild;Poster/FineArt mit Holzaufhaenger;Hahnemuehle Baryta;FineArt-Inkjetdruck (Hahnemuehle);Querformat;Panorama;40x80;Holzleisten-Aufhaengung (oben/unten)
Wandbild;Poster/FineArt mit Holzaufhaenger;Hahnemuehle Baryta;FineArt-Inkjetdruck (Hahnemuehle);Querformat;Panorama;50x100;Holzleisten-Aufhaengung (oben/unten)
Wandbild;Poster/FineArt mit Holzaufhaenger;Hahnemuehle Baryta;FineArt-Inkjetdruck (Hahnemuehle);Querformat;Panorama;60x120;Holzleisten-Aufhaengung (oben/unten)
Wandbild;Poster/FineArt mit Holzaufhaenger;Hahnemuehle Baryta;FineArt-Inkjetdruck (Hahnemuehle);Querformat;Panorama;60x180;Holzleisten-Aufhaengung (oben/unten)
Wandbild;Poster/FineArt mit Holzaufhaenger;Hahnemuehle Baryta;FineArt-Inkjetdruck (Hahnemuehle);Querformat;Panorama;70x180;Holzleisten-Aufhaengung (oben/unten)
Wandbild;Poster/FineArt mit Holzaufhaenger;Hahnemuehle Hemp Natural Line;FineArt-Inkjetdruck (Hahnemuehle);Hochformat;~2:3;10x15;Holzleisten-Aufhaengung (oben/unten)
Wandbild;Poster/FineArt mit Holzaufhaenger;Hahnemuehle Hemp Natural Line;FineArt-Inkjetdruck (Hahnemuehle);Hochformat;~2:3;10,5x14,8 (A6);Holzleisten-Aufhaengung (oben/unten)
Wandbild;Poster/FineArt mit Holzaufhaenger;Hahnemuehle Hemp Natural Line;FineArt-Inkjetdruck (Hahnemuehle);Hochformat;~2:3;13x18;Holzleisten-Aufhaengung (oben/unten)
Wandbild;Poster/FineArt mit Holzaufhaenger;Hahnemuehle Hemp Natural Line;FineArt-Inkjetdruck (Hahnemuehle);Hochformat;~2:3;13x19;Holzleisten-Aufhaengung (oben/unten)
Wandbild;Poster/FineArt mit Holzaufhaenger;Hahnemuehle Hemp Natural Line;FineArt-Inkjetdruck (Hahnemuehle);Hochformat;~2:3;14,8x21 (A5);Holzleisten-Aufhaengung (oben/unten)
Wandbild;Poster/FineArt mit Holzaufhaenger;Hahnemuehle Hemp Natural Line;FineArt-Inkjetdruck (Hahnemuehle);Hochformat;~2:3;15x21;Holzleisten-Aufhaengung (oben/unten)
Wandbild;Poster/FineArt mit Holzaufhaenger;Hahnemuehle Hemp Natural Line;FineArt-Inkjetdruck (Hahnemuehle);Hochformat;~2:3;15x22;Holzleisten-Aufhaengung (oben/unten)
Wandbild;Poster/FineArt mit Holzaufhaenger;Hahnemuehle Hemp Natural Line;FineArt-Inkjetdruck (Hahnemuehle);Hochformat;~2:3;20x30;Holzleisten-Aufhaengung (oben/unten)
Wandbild;Poster/FineArt mit Holzaufhaenger;Hahnemuehle Hemp Natural Line;FineArt-Inkjetdruck (Hahnemuehle);Hochformat;~2:3;21x29,7 (A4);Holzleisten-Aufhaengung (oben/unten)
Wandbild;Poster/FineArt mit Holzaufhaenger;Hahnemuehle Hemp Natural Line;FineArt-Inkjetdruck (Hahnemuehle);Hochformat;~2:3;21x30 (A4);Holzleisten-Aufhaengung (oben/unten)
Wandbild;Poster/FineArt mit Holzaufhaenger;Hahnemuehle Hemp Natural Line;FineArt-Inkjetdruck (Hahnemuehle);Hochformat;~2:3;29,7x42 (A3);Holzleisten-Aufhaengung (oben/unten)
Wandbild;Poster/FineArt mit Holzaufhaenger;Hahnemuehle Hemp Natural Line;FineArt-Inkjetdruck (Hahnemuehle);Hochformat;~2:3;30x45;Holzleisten-Aufhaengung (oben/unten)
Wandbild;Poster/FineArt mit Holzaufhaenger;Hahnemuehle Hemp Natural Line;FineArt-Inkjetdruck (Hahnemuehle);Hochformat;~2:3;40x60;Holzleisten-Aufhaengung (oben/unten)
Wandbild;Poster/FineArt mit Holzaufhaenger;Hahnemuehle Hemp Natural Line;FineArt-Inkjetdruck (Hahnemuehle);Hochformat;~2:3;42x59,4 (A2);Holzleisten-Aufhaengung (oben/unten)
Wandbild;Poster/FineArt mit Holzaufhaenger;Hahnemuehle Hemp Natural Line;FineArt-Inkjetdruck (Hahnemuehle);Hochformat;~2:3;50x70;Holzleisten-Aufhaengung (oben/unten)
Wandbild;Poster/FineArt mit Holzaufhaenger;Hahnemuehle Hemp Natural Line;FineArt-Inkjetdruck (Hahnemuehle);Hochformat;~2:3;50x75;Holzleisten-Aufhaengung (oben/unten)
Wandbild;Poster/FineArt mit Holzaufhaenger;Hahnemuehle Hemp Natural Line;FineArt-Inkjetdruck (Hahnemuehle);Hochformat;~2:3;59,4x84,1 (A1);Holzleisten-Aufhaengung (oben/unten)
Wandbild;Poster/FineArt mit Holzaufhaenger;Hahnemuehle Hemp Natural Line;FineArt-Inkjetdruck (Hahnemuehle);Hochformat;~2:3;60x90;Holzleisten-Aufhaengung (oben/unten)
Wandbild;Poster/FineArt mit Holzaufhaenger;Hahnemuehle Hemp Natural Line;FineArt-Inkjetdruck (Hahnemuehle);Hochformat;~2:3;70x100;Holzleisten-Aufhaengung (oben/unten)
Wandbild;Poster/FineArt mit Holzaufhaenger;Hahnemuehle Hemp Natural Line;FineArt-Inkjetdruck (Hahnemuehle);Hochformat;~2:3;70x105;Holzleisten-Aufhaengung (oben/unten)
Wandbild;Poster/FineArt mit Holzaufhaenger;Hahnemuehle Hemp Natural Line;FineArt-Inkjetdruck (Hahnemuehle);Hochformat;~3:4;18x24;Holzleisten-Aufhaengung (oben/unten)
Wandbild;Poster/FineArt mit Holzaufhaenger;Hahnemuehle Hemp Natural Line;FineArt-Inkjetdruck (Hahnemuehle);Hochformat;~3:4;30x40;Holzleisten-Aufhaengung (oben/unten)
Wandbild;Poster/FineArt mit Holzaufhaenger;Hahnemuehle Hemp Natural Line;FineArt-Inkjetdruck (Hahnemuehle);Hochformat;~3:4;60x80;Holzleisten-Aufhaengung (oben/unten)
Wandbild;Poster/FineArt mit Holzaufhaenger;Hahnemuehle Hemp Natural Line;FineArt-Inkjetdruck (Hahnemuehle);Hochformat;~3:4;75x100;Holzleisten-Aufhaengung (oben/unten)
Wandbild;Poster/FineArt mit Holzaufhaenger;Hahnemuehle Hemp Natural Line;FineArt-Inkjetdruck (Hahnemuehle);Hochformat;~3:5;70x120;Holzleisten-Aufhaengung (oben/unten)
Wandbild;Poster/FineArt mit Holzaufhaenger;Hahnemuehle Hemp Natural Line;FineArt-Inkjetdruck (Hahnemuehle);Hochformat;~4:5;10x13;Holzleisten-Aufhaengung (oben/unten)
Wandbild;Poster/FineArt mit Holzaufhaenger;Hahnemuehle Hemp Natural Line;FineArt-Inkjetdruck (Hahnemuehle);Hochformat;~4:5;40x50;Holzleisten-Aufhaengung (oben/unten)
Wandbild;Poster/FineArt mit Holzaufhaenger;Hahnemuehle Hemp Natural Line;FineArt-Inkjetdruck (Hahnemuehle);Hochformat;~4:5;70x90;Holzleisten-Aufhaengung (oben/unten)
Wandbild;Poster/FineArt mit Holzaufhaenger;Hahnemuehle Hemp Natural Line;FineArt-Inkjetdruck (Hahnemuehle);Hochformat;~4:5;80x100;Holzleisten-Aufhaengung (oben/unten)
Wandbild;Poster/FineArt mit Holzaufhaenger;Hahnemuehle Hemp Natural Line;FineArt-Inkjetdruck (Hahnemuehle);Hochformat;Quadratisch;15x15;Holzleisten-Aufhaengung (oben/unten)
Wandbild;Poster/FineArt mit Holzaufhaenger;Hahnemuehle Hemp Natural Line;FineArt-Inkjetdruck (Hahnemuehle);Hochformat;Quadratisch;20x20;Holzleisten-Aufhaengung (oben/unten)
Wandbild;Poster/FineArt mit Holzaufhaenger;Hahnemuehle Hemp Natural Line;FineArt-Inkjetdruck (Hahnemuehle);Hochformat;Quadratisch;21x21;Holzleisten-Aufhaengung (oben/unten)
Wandbild;Poster/FineArt mit Holzaufhaenger;Hahnemuehle Hemp Natural Line;FineArt-Inkjetdruck (Hahnemuehle);Hochformat;Quadratisch;30x30;Holzleisten-Aufhaengung (oben/unten)
Wandbild;Poster/FineArt mit Holzaufhaenger;Hahnemuehle Hemp Natural Line;FineArt-Inkjetdruck (Hahnemuehle);Hochformat;Quadratisch;40x40;Holzleisten-Aufhaengung (oben/unten)
Wandbild;Poster/FineArt mit Holzaufhaenger;Hahnemuehle Hemp Natural Line;FineArt-Inkjetdruck (Hahnemuehle);Hochformat;Quadratisch;50x50;Holzleisten-Aufhaengung (oben/unten)
Wandbild;Poster/FineArt mit Holzaufhaenger;Hahnemuehle Hemp Natural Line;FineArt-Inkjetdruck (Hahnemuehle);Hochformat;Quadratisch;60x60;Holzleisten-Aufhaengung (oben/unten)
Wandbild;Poster/FineArt mit Holzaufhaenger;Hahnemuehle Hemp Natural Line;FineArt-Inkjetdruck (Hahnemuehle);Hochformat;Quadratisch;70x70;Holzleisten-Aufhaengung (oben/unten)
Wandbild;Poster/FineArt mit Holzaufhaenger;Hahnemuehle Hemp Natural Line;FineArt-Inkjetdruck (Hahnemuehle);Hochformat;Panorama;10x18;Holzleisten-Aufhaengung (oben/unten)
Wandbild;Poster/FineArt mit Holzaufhaenger;Hahnemuehle Hemp Natural Line;FineArt-Inkjetdruck (Hahnemuehle);Hochformat;Panorama;10x20;Holzleisten-Aufhaengung (oben/unten)
Wandbild;Poster/FineArt mit Holzaufhaenger;Hahnemuehle Hemp Natural Line;FineArt-Inkjetdruck (Hahnemuehle);Hochformat;Panorama;20x40;Holzleisten-Aufhaengung (oben/unten)
Wandbild;Poster/FineArt mit Holzaufhaenger;Hahnemuehle Hemp Natural Line;FineArt-Inkjetdruck (Hahnemuehle);Hochformat;Panorama;20x60;Holzleisten-Aufhaengung (oben/unten)
Wandbild;Poster/FineArt mit Holzaufhaenger;Hahnemuehle Hemp Natural Line;FineArt-Inkjetdruck (Hahnemuehle);Hochformat;Panorama;30x60;Holzleisten-Aufhaengung (oben/unten)
Wandbild;Poster/FineArt mit Holzaufhaenger;Hahnemuehle Hemp Natural Line;FineArt-Inkjetdruck (Hahnemuehle);Hochformat;Panorama;30x90;Holzleisten-Aufhaengung (oben/unten)
Wandbild;Poster/FineArt mit Holzaufhaenger;Hahnemuehle Hemp Natural Line;FineArt-Inkjetdruck (Hahnemuehle);Hochformat;Panorama;40x80;Holzleisten-Aufhaengung (oben/unten)
Wandbild;Poster/FineArt mit Holzaufhaenger;Hahnemuehle Hemp Natural Line;FineArt-Inkjetdruck (Hahnemuehle);Hochformat;Panorama;50x100;Holzleisten-Aufhaengung (oben/unten)
Wandbild;Poster/FineArt mit Holzaufhaenger;Hahnemuehle Hemp Natural Line;FineArt-Inkjetdruck (Hahnemuehle);Hochformat;Panorama;60x120;Holzleisten-Aufhaengung (oben/unten)
Wandbild;Poster/FineArt mit Holzaufhaenger;Hahnemuehle Hemp Natural Line;FineArt-Inkjetdruck (Hahnemuehle);Hochformat;Panorama;60x180;Holzleisten-Aufhaengung (oben/unten)
Wandbild;Poster/FineArt mit Holzaufhaenger;Hahnemuehle Hemp Natural Line;FineArt-Inkjetdruck (Hahnemuehle);Hochformat;Panorama;70x180;Holzleisten-Aufhaengung (oben/unten)
Wandbild;Poster/FineArt mit Holzaufhaenger;Hahnemuehle Hemp Natural Line;FineArt-Inkjetdruck (Hahnemuehle);Querformat;~2:3;10x15;Holzleisten-Aufhaengung (oben/unten)
Wandbild;Poster/FineArt mit Holzaufhaenger;Hahnemuehle Hemp Natural Line;FineArt-Inkjetdruck (Hahnemuehle);Querformat;~2:3;10,5x14,8 (A6);Holzleisten-Aufhaengung (oben/unten)
Wandbild;Poster/FineArt mit Holzaufhaenger;Hahnemuehle Hemp Natural Line;FineArt-Inkjetdruck (Hahnemuehle);Querformat;~2:3;13x18;Holzleisten-Aufhaengung (oben/unten)
Wandbild;Poster/FineArt mit Holzaufhaenger;Hahnemuehle Hemp Natural Line;FineArt-Inkjetdruck (Hahnemuehle);Querformat;~2:3;13x19;Holzleisten-Aufhaengung (oben/unten)
Wandbild;Poster/FineArt mit Holzaufhaenger;Hahnemuehle Hemp Natural Line;FineArt-Inkjetdruck (Hahnemuehle);Querformat;~2:3;14,8x21 (A5);Holzleisten-Aufhaengung (oben/unten)
Wandbild;Poster/FineArt mit Holzaufhaenger;Hahnemuehle Hemp Natural Line;FineArt-Inkjetdruck (Hahnemuehle);Querformat;~2:3;15x21;Holzleisten-Aufhaengung (oben/unten)
Wandbild;Poster/FineArt mit Holzaufhaenger;Hahnemuehle Hemp Natural Line;FineArt-Inkjetdruck (Hahnemuehle);Querformat;~2:3;15x22;Holzleisten-Aufhaengung (oben/unten)
Wandbild;Poster/FineArt mit Holzaufhaenger;Hahnemuehle Hemp Natural Line;FineArt-Inkjetdruck (Hahnemuehle);Querformat;~2:3;20x30;Holzleisten-Aufhaengung (oben/unten)
Wandbild;Poster/FineArt mit Holzaufhaenger;Hahnemuehle Hemp Natural Line;FineArt-Inkjetdruck (Hahnemuehle);Querformat;~2:3;21x29,7 (A4);Holzleisten-Aufhaengung (oben/unten)
Wandbild;Poster/FineArt mit Holzaufhaenger;Hahnemuehle Hemp Natural Line;FineArt-Inkjetdruck (Hahnemuehle);Querformat;~2:3;21x30 (A4);Holzleisten-Aufhaengung (oben/unten)
Wandbild;Poster/FineArt mit Holzaufhaenger;Hahnemuehle Hemp Natural Line;FineArt-Inkjetdruck (Hahnemuehle);Querformat;~2:3;29,7x42 (A3);Holzleisten-Aufhaengung (oben/unten)
Wandbild;Poster/FineArt mit Holzaufhaenger;Hahnemuehle Hemp Natural Line;FineArt-Inkjetdruck (Hahnemuehle);Querformat;~2:3;30x45;Holzleisten-Aufhaengung (oben/unten)
Wandbild;Poster/FineArt mit Holzaufhaenger;Hahnemuehle Hemp Natural Line;FineArt-Inkjetdruck (Hahnemuehle);Querformat;~2:3;40x60;Holzleisten-Aufhaengung (oben/unten)
Wandbild;Poster/FineArt mit Holzaufhaenger;Hahnemuehle Hemp Natural Line;FineArt-Inkjetdruck (Hahnemuehle);Querformat;~2:3;42x59,4 (A2);Holzleisten-Aufhaengung (oben/unten)
Wandbild;Poster/FineArt mit Holzaufhaenger;Hahnemuehle Hemp Natural Line;FineArt-Inkjetdruck (Hahnemuehle);Querformat;~2:3;50x70;Holzleisten-Aufhaengung (oben/unten)
Wandbild;Poster/FineArt mit Holzaufhaenger;Hahnemuehle Hemp Natural Line;FineArt-Inkjetdruck (Hahnemuehle);Querformat;~2:3;50x75;Holzleisten-Aufhaengung (oben/unten)
Wandbild;Poster/FineArt mit Holzaufhaenger;Hahnemuehle Hemp Natural Line;FineArt-Inkjetdruck (Hahnemuehle);Querformat;~2:3;59,4x84,1 (A1);Holzleisten-Aufhaengung (oben/unten)
Wandbild;Poster/FineArt mit Holzaufhaenger;Hahnemuehle Hemp Natural Line;FineArt-Inkjetdruck (Hahnemuehle);Querformat;~2:3;60x90;Holzleisten-Aufhaengung (oben/unten)
Wandbild;Poster/FineArt mit Holzaufhaenger;Hahnemuehle Hemp Natural Line;FineArt-Inkjetdruck (Hahnemuehle);Querformat;~2:3;70x100;Holzleisten-Aufhaengung (oben/unten)
Wandbild;Poster/FineArt mit Holzaufhaenger;Hahnemuehle Hemp Natural Line;FineArt-Inkjetdruck (Hahnemuehle);Querformat;~2:3;70x105;Holzleisten-Aufhaengung (oben/unten)
Wandbild;Poster/FineArt mit Holzaufhaenger;Hahnemuehle Hemp Natural Line;FineArt-Inkjetdruck (Hahnemuehle);Querformat;~3:4;18x24;Holzleisten-Aufhaengung (oben/unten)
Wandbild;Poster/FineArt mit Holzaufhaenger;Hahnemuehle Hemp Natural Line;FineArt-Inkjetdruck (Hahnemuehle);Querformat;~3:4;30x40;Holzleisten-Aufhaengung (oben/unten)
Wandbild;Poster/FineArt mit Holzaufhaenger;Hahnemuehle Hemp Natural Line;FineArt-Inkjetdruck (Hahnemuehle);Querformat;~3:4;60x80;Holzleisten-Aufhaengung (oben/unten)
Wandbild;Poster/FineArt mit Holzaufhaenger;Hahnemuehle Hemp Natural Line;FineArt-Inkjetdruck (Hahnemuehle);Querformat;~3:4;75x100;Holzleisten-Aufhaengung (oben/unten)
Wandbild;Poster/FineArt mit Holzaufhaenger;Hahnemuehle Hemp Natural Line;FineArt-Inkjetdruck (Hahnemuehle);Querformat;~3:5;70x120;Holzleisten-Aufhaengung (oben/unten)
Wandbild;Poster/FineArt mit Holzaufhaenger;Hahnemuehle Hemp Natural Line;FineArt-Inkjetdruck (Hahnemuehle);Querformat;~4:5;10x13;Holzleisten-Aufhaengung (oben/unten)
Wandbild;Poster/FineArt mit Holzaufhaenger;Hahnemuehle Hemp Natural Line;FineArt-Inkjetdruck (Hahnemuehle);Querformat;~4:5;40x50;Holzleisten-Aufhaengung (oben/unten)
Wandbild;Poster/FineArt mit Holzaufhaenger;Hahnemuehle Hemp Natural Line;FineArt-Inkjetdruck (Hahnemuehle);Querformat;~4:5;70x90;Holzleisten-Aufhaengung (oben/unten)
Wandbild;Poster/FineArt mit Holzaufhaenger;Hahnemuehle Hemp Natural Line;FineArt-Inkjetdruck (Hahnemuehle);Querformat;~4:5;80x100;Holzleisten-Aufhaengung (oben/unten)
Wandbild;Poster/FineArt mit Holzaufhaenger;Hahnemuehle Hemp Natural Line;FineArt-Inkjetdruck (Hahnemuehle);Querformat;Quadratisch;15x15;Holzleisten-Aufhaengung (oben/unten)
Wandbild;Poster/FineArt mit Holzaufhaenger;Hahnemuehle Hemp Natural Line;FineArt-Inkjetdruck (Hahnemuehle);Querformat;Quadratisch;20x20;Holzleisten-Aufhaengung (oben/unten)
Wandbild;Poster/FineArt mit Holzaufhaenger;Hahnemuehle Hemp Natural Line;FineArt-Inkjetdruck (Hahnemuehle);Querformat;Quadratisch;21x21;Holzleisten-Aufhaengung (oben/unten)
Wandbild;Poster/FineArt mit Holzaufhaenger;Hahnemuehle Hemp Natural Line;FineArt-Inkjetdruck (Hahnemuehle);Querformat;Quadratisch;30x30;Holzleisten-Aufhaengung (oben/unten)
Wandbild;Poster/FineArt mit Holzaufhaenger;Hahnemuehle Hemp Natural Line;FineArt-Inkjetdruck (Hahnemuehle);Querformat;Quadratisch;40x40;Holzleisten-Aufhaengung (oben/unten)
Wandbild;Poster/FineArt mit Holzaufhaenger;Hahnemuehle Hemp Natural Line;FineArt-Inkjetdruck (Hahnemuehle);Querformat;Quadratisch;50x50;Holzleisten-Aufhaengung (oben/unten)
Wandbild;Poster/FineArt mit Holzaufhaenger;Hahnemuehle Hemp Natural Line;FineArt-Inkjetdruck (Hahnemuehle);Querformat;Quadratisch;60x60;Holzleisten-Aufhaengung (oben/unten)
Wandbild;Poster/FineArt mit Holzaufhaenger;Hahnemuehle Hemp Natural Line;FineArt-Inkjetdruck (Hahnemuehle);Querformat;Quadratisch;70x70;Holzleisten-Aufhaengung (oben/unten)
Wandbild;Poster/FineArt mit Holzaufhaenger;Hahnemuehle Hemp Natural Line;FineArt-Inkjetdruck (Hahnemuehle);Querformat;Panorama;10x18;Holzleisten-Aufhaengung (oben/unten)
Wandbild;Poster/FineArt mit Holzaufhaenger;Hahnemuehle Hemp Natural Line;FineArt-Inkjetdruck (Hahnemuehle);Querformat;Panorama;10x20;Holzleisten-Aufhaengung (oben/unten)
Wandbild;Poster/FineArt mit Holzaufhaenger;Hahnemuehle Hemp Natural Line;FineArt-Inkjetdruck (Hahnemuehle);Querformat;Panorama;20x40;Holzleisten-Aufhaengung (oben/unten)
Wandbild;Poster/FineArt mit Holzaufhaenger;Hahnemuehle Hemp Natural Line;FineArt-Inkjetdruck (Hahnemuehle);Querformat;Panorama;20x60;Holzleisten-Aufhaengung (oben/unten)
Wandbild;Poster/FineArt mit Holzaufhaenger;Hahnemuehle Hemp Natural Line;FineArt-Inkjetdruck (Hahnemuehle);Querformat;Panorama;30x60;Holzleisten-Aufhaengung (oben/unten)
Wandbild;Poster/FineArt mit Holzaufhaenger;Hahnemuehle Hemp Natural Line;FineArt-Inkjetdruck (Hahnemuehle);Querformat;Panorama;30x90;Holzleisten-Aufhaengung (oben/unten)
Wandbild;Poster/FineArt mit Holzaufhaenger;Hahnemuehle Hemp Natural Line;FineArt-Inkjetdruck (Hahnemuehle);Querformat;Panorama;40x80;Holzleisten-Aufhaengung (oben/unten)
Wandbild;Poster/FineArt mit Holzaufhaenger;Hahnemuehle Hemp Natural Line;FineArt-Inkjetdruck (Hahnemuehle);Querformat;Panorama;50x100;Holzleisten-Aufhaengung (oben/unten)
Wandbild;Poster/FineArt mit Holzaufhaenger;Hahnemuehle Hemp Natural Line;FineArt-Inkjetdruck (Hahnemuehle);Querformat;Panorama;60x120;Holzleisten-Aufhaengung (oben/unten)
Wandbild;Poster/FineArt mit Holzaufhaenger;Hahnemuehle Hemp Natural Line;FineArt-Inkjetdruck (Hahnemuehle);Querformat;Panorama;60x180;Holzleisten-Aufhaengung (oben/unten)
Wandbild;Poster/FineArt mit Holzaufhaenger;Hahnemuehle Hemp Natural Line;FineArt-Inkjetdruck (Hahnemuehle);Querformat;Panorama;70x180;Holzleisten-Aufhaengung (oben/unten)
Wandbild;Poster/FineArt mit Holzaufhaenger;Hahnemuehle Museum Etching;FineArt-Inkjetdruck (Hahnemuehle);Hochformat;~2:3;10x15;Holzleisten-Aufhaengung (oben/unten)
Wandbild;Poster/FineArt mit Holzaufhaenger;Hahnemuehle Museum Etching;FineArt-Inkjetdruck (Hahnemuehle);Hochformat;~2:3;10,5x14,8 (A6);Holzleisten-Aufhaengung (oben/unten)
Wandbild;Poster/FineArt mit Holzaufhaenger;Hahnemuehle Museum Etching;FineArt-Inkjetdruck (Hahnemuehle);Hochformat;~2:3;13x18;Holzleisten-Aufhaengung (oben/unten)
Wandbild;Poster/FineArt mit Holzaufhaenger;Hahnemuehle Museum Etching;FineArt-Inkjetdruck (Hahnemuehle);Hochformat;~2:3;13x19;Holzleisten-Aufhaengung (oben/unten)
Wandbild;Poster/FineArt mit Holzaufhaenger;Hahnemuehle Museum Etching;FineArt-Inkjetdruck (Hahnemuehle);Hochformat;~2:3;14,8x21 (A5);Holzleisten-Aufhaengung (oben/unten)
Wandbild;Poster/FineArt mit Holzaufhaenger;Hahnemuehle Museum Etching;FineArt-Inkjetdruck (Hahnemuehle);Hochformat;~2:3;15x21;Holzleisten-Aufhaengung (oben/unten)
Wandbild;Poster/FineArt mit Holzaufhaenger;Hahnemuehle Museum Etching;FineArt-Inkjetdruck (Hahnemuehle);Hochformat;~2:3;15x22;Holzleisten-Aufhaengung (oben/unten)
Wandbild;Poster/FineArt mit Holzaufhaenger;Hahnemuehle Museum Etching;FineArt-Inkjetdruck (Hahnemuehle);Hochformat;~2:3;20x30;Holzleisten-Aufhaengung (oben/unten)
Wandbild;Poster/FineArt mit Holzaufhaenger;Hahnemuehle Museum Etching;FineArt-Inkjetdruck (Hahnemuehle);Hochformat;~2:3;21x29,7 (A4);Holzleisten-Aufhaengung (oben/unten)
Wandbild;Poster/FineArt mit Holzaufhaenger;Hahnemuehle Museum Etching;FineArt-Inkjetdruck (Hahnemuehle);Hochformat;~2:3;21x30 (A4);Holzleisten-Aufhaengung (oben/unten)
Wandbild;Poster/FineArt mit Holzaufhaenger;Hahnemuehle Museum Etching;FineArt-Inkjetdruck (Hahnemuehle);Hochformat;~2:3;29,7x42 (A3);Holzleisten-Aufhaengung (oben/unten)
Wandbild;Poster/FineArt mit Holzaufhaenger;Hahnemuehle Museum Etching;FineArt-Inkjetdruck (Hahnemuehle);Hochformat;~2:3;30x45;Holzleisten-Aufhaengung (oben/unten)
Wandbild;Poster/FineArt mit Holzaufhaenger;Hahnemuehle Museum Etching;FineArt-Inkjetdruck (Hahnemuehle);Hochformat;~2:3;40x60;Holzleisten-Aufhaengung (oben/unten)
Wandbild;Poster/FineArt mit Holzaufhaenger;Hahnemuehle Museum Etching;FineArt-Inkjetdruck (Hahnemuehle);Hochformat;~2:3;42x59,4 (A2);Holzleisten-Aufhaengung (oben/unten)
Wandbild;Poster/FineArt mit Holzaufhaenger;Hahnemuehle Museum Etching;FineArt-Inkjetdruck (Hahnemuehle);Hochformat;~2:3;50x70;Holzleisten-Aufhaengung (oben/unten)
Wandbild;Poster/FineArt mit Holzaufhaenger;Hahnemuehle Museum Etching;FineArt-Inkjetdruck (Hahnemuehle);Hochformat;~2:3;50x75;Holzleisten-Aufhaengung (oben/unten)
Wandbild;Poster/FineArt mit Holzaufhaenger;Hahnemuehle Museum Etching;FineArt-Inkjetdruck (Hahnemuehle);Hochformat;~2:3;59,4x84,1 (A1);Holzleisten-Aufhaengung (oben/unten)
Wandbild;Poster/FineArt mit Holzaufhaenger;Hahnemuehle Museum Etching;FineArt-Inkjetdruck (Hahnemuehle);Hochformat;~2:3;60x90;Holzleisten-Aufhaengung (oben/unten)
Wandbild;Poster/FineArt mit Holzaufhaenger;Hahnemuehle Museum Etching;FineArt-Inkjetdruck (Hahnemuehle);Hochformat;~2:3;70x100;Holzleisten-Aufhaengung (oben/unten)
Wandbild;Poster/FineArt mit Holzaufhaenger;Hahnemuehle Museum Etching;FineArt-Inkjetdruck (Hahnemuehle);Hochformat;~2:3;70x105;Holzleisten-Aufhaengung (oben/unten)
Wandbild;Poster/FineArt mit Holzaufhaenger;Hahnemuehle Museum Etching;FineArt-Inkjetdruck (Hahnemuehle);Hochformat;~3:4;18x24;Holzleisten-Aufhaengung (oben/unten)
Wandbild;Poster/FineArt mit Holzaufhaenger;Hahnemuehle Museum Etching;FineArt-Inkjetdruck (Hahnemuehle);Hochformat;~3:4;30x40;Holzleisten-Aufhaengung (oben/unten)
Wandbild;Poster/FineArt mit Holzaufhaenger;Hahnemuehle Museum Etching;FineArt-Inkjetdruck (Hahnemuehle);Hochformat;~3:4;60x80;Holzleisten-Aufhaengung (oben/unten)
Wandbild;Poster/FineArt mit Holzaufhaenger;Hahnemuehle Museum Etching;FineArt-Inkjetdruck (Hahnemuehle);Hochformat;~3:4;75x100;Holzleisten-Aufhaengung (oben/unten)
Wandbild;Poster/FineArt mit Holzaufhaenger;Hahnemuehle Museum Etching;FineArt-Inkjetdruck (Hahnemuehle);Hochformat;~3:5;70x120;Holzleisten-Aufhaengung (oben/unten)
Wandbild;Poster/FineArt mit Holzaufhaenger;Hahnemuehle Museum Etching;FineArt-Inkjetdruck (Hahnemuehle);Hochformat;~4:5;10x13;Holzleisten-Aufhaengung (oben/unten)
Wandbild;Poster/FineArt mit Holzaufhaenger;Hahnemuehle Museum Etching;FineArt-Inkjetdruck (Hahnemuehle);Hochformat;~4:5;40x50;Holzleisten-Aufhaengung (oben/unten)
Wandbild;Poster/FineArt mit Holzaufhaenger;Hahnemuehle Museum Etching;FineArt-Inkjetdruck (Hahnemuehle);Hochformat;~4:5;70x90;Holzleisten-Aufhaengung (oben/unten)
Wandbild;Poster/FineArt mit Holzaufhaenger;Hahnemuehle Museum Etching;FineArt-Inkjetdruck (Hahnemuehle);Hochformat;~4:5;80x100;Holzleisten-Aufhaengung (oben/unten)
Wandbild;Poster/FineArt mit Holzaufhaenger;Hahnemuehle Museum Etching;FineArt-Inkjetdruck (Hahnemuehle);Hochformat;Quadratisch;15x15;Holzleisten-Aufhaengung (oben/unten)
Wandbild;Poster/FineArt mit Holzaufhaenger;Hahnemuehle Museum Etching;FineArt-Inkjetdruck (Hahnemuehle);Hochformat;Quadratisch;20x20;Holzleisten-Aufhaengung (oben/unten)
Wandbild;Poster/FineArt mit Holzaufhaenger;Hahnemuehle Museum Etching;FineArt-Inkjetdruck (Hahnemuehle);Hochformat;Quadratisch;21x21;Holzleisten-Aufhaengung (oben/unten)
Wandbild;Poster/FineArt mit Holzaufhaenger;Hahnemuehle Museum Etching;FineArt-Inkjetdruck (Hahnemuehle);Hochformat;Quadratisch;30x30;Holzleisten-Aufhaengung (oben/unten)
Wandbild;Poster/FineArt mit Holzaufhaenger;Hahnemuehle Museum Etching;FineArt-Inkjetdruck (Hahnemuehle);Hochformat;Quadratisch;40x40;Holzleisten-Aufhaengung (oben/unten)
Wandbild;Poster/FineArt mit Holzaufhaenger;Hahnemuehle Museum Etching;FineArt-Inkjetdruck (Hahnemuehle);Hochformat;Quadratisch;50x50;Holzleisten-Aufhaengung (oben/unten)
Wandbild;Poster/FineArt mit Holzaufhaenger;Hahnemuehle Museum Etching;FineArt-Inkjetdruck (Hahnemuehle);Hochformat;Quadratisch;60x60;Holzleisten-Aufhaengung (oben/unten)
Wandbild;Poster/FineArt mit Holzaufhaenger;Hahnemuehle Museum Etching;FineArt-Inkjetdruck (Hahnemuehle);Hochformat;Quadratisch;70x70;Holzleisten-Aufhaengung (oben/unten)
Wandbild;Poster/FineArt mit Holzaufhaenger;Hahnemuehle Museum Etching;FineArt-Inkjetdruck (Hahnemuehle);Hochformat;Panorama;10x18;Holzleisten-Aufhaengung (oben/unten)
Wandbild;Poster/FineArt mit Holzaufhaenger;Hahnemuehle Museum Etching;FineArt-Inkjetdruck (Hahnemuehle);Hochformat;Panorama;10x20;Holzleisten-Aufhaengung (oben/unten)
Wandbild;Poster/FineArt mit Holzaufhaenger;Hahnemuehle Museum Etching;FineArt-Inkjetdruck (Hahnemuehle);Hochformat;Panorama;20x40;Holzleisten-Aufhaengung (oben/unten)
Wandbild;Poster/FineArt mit Holzaufhaenger;Hahnemuehle Museum Etching;FineArt-Inkjetdruck (Hahnemuehle);Hochformat;Panorama;20x60;Holzleisten-Aufhaengung (oben/unten)
Wandbild;Poster/FineArt mit Holzaufhaenger;Hahnemuehle Museum Etching;FineArt-Inkjetdruck (Hahnemuehle);Hochformat;Panorama;30x60;Holzleisten-Aufhaengung (oben/unten)
Wandbild;Poster/FineArt mit Holzaufhaenger;Hahnemuehle Museum Etching;FineArt-Inkjetdruck (Hahnemuehle);Hochformat;Panorama;30x90;Holzleisten-Aufhaengung (oben/unten)
Wandbild;Poster/FineArt mit Holzaufhaenger;Hahnemuehle Museum Etching;FineArt-Inkjetdruck (Hahnemuehle);Hochformat;Panorama;40x80;Holzleisten-Aufhaengung (oben/unten)
Wandbild;Poster/FineArt mit Holzaufhaenger;Hahnemuehle Museum Etching;FineArt-Inkjetdruck (Hahnemuehle);Hochformat;Panorama;50x100;Holzleisten-Aufhaengung (oben/unten)
Wandbild;Poster/FineArt mit Holzaufhaenger;Hahnemuehle Museum Etching;FineArt-Inkjetdruck (Hahnemuehle);Hochformat;Panorama;60x120;Holzleisten-Aufhaengung (oben/unten)
Wandbild;Poster/FineArt mit Holzaufhaenger;Hahnemuehle Museum Etching;FineArt-Inkjetdruck (Hahnemuehle);Hochformat;Panorama;60x180;Holzleisten-Aufhaengung (oben/unten)
Wandbild;Poster/FineArt mit Holzaufhaenger;Hahnemuehle Museum Etching;FineArt-Inkjetdruck (Hahnemuehle);Hochformat;Panorama;70x180;Holzleisten-Aufhaengung (oben/unten)
Wandbild;Poster/FineArt mit Holzaufhaenger;Hahnemuehle Museum Etching;FineArt-Inkjetdruck (Hahnemuehle);Querformat;~2:3;10x15;Holzleisten-Aufhaengung (oben/unten)
Wandbild;Poster/FineArt mit Holzaufhaenger;Hahnemuehle Museum Etching;FineArt-Inkjetdruck (Hahnemuehle);Querformat;~2:3;10,5x14,8 (A6);Holzleisten-Aufhaengung (oben/unten)
Wandbild;Poster/FineArt mit Holzaufhaenger;Hahnemuehle Museum Etching;FineArt-Inkjetdruck (Hahnemuehle);Querformat;~2:3;13x18;Holzleisten-Aufhaengung (oben/unten)
Wandbild;Poster/FineArt mit Holzaufhaenger;Hahnemuehle Museum Etching;FineArt-Inkjetdruck (Hahnemuehle);Querformat;~2:3;13x19;Holzleisten-Aufhaengung (oben/unten)
Wandbild;Poster/FineArt mit Holzaufhaenger;Hahnemuehle Museum Etching;FineArt-Inkjetdruck (Hahnemuehle);Querformat;~2:3;14,8x21 (A5);Holzleisten-Aufhaengung (oben/unten)
Wandbild;Poster/FineArt mit Holzaufhaenger;Hahnemuehle Museum Etching;FineArt-Inkjetdruck (Hahnemuehle);Querformat;~2:3;15x21;Holzleisten-Aufhaengung (oben/unten)
Wandbild;Poster/FineArt mit Holzaufhaenger;Hahnemuehle Museum Etching;FineArt-Inkjetdruck (Hahnemuehle);Querformat;~2:3;15x22;Holzleisten-Aufhaengung (oben/unten)
Wandbild;Poster/FineArt mit Holzaufhaenger;Hahnemuehle Museum Etching;FineArt-Inkjetdruck (Hahnemuehle);Querformat;~2:3;20x30;Holzleisten-Aufhaengung (oben/unten)
Wandbild;Poster/FineArt mit Holzaufhaenger;Hahnemuehle Museum Etching;FineArt-Inkjetdruck (Hahnemuehle);Querformat;~2:3;21x29,7 (A4);Holzleisten-Aufhaengung (oben/unten)
Wandbild;Poster/FineArt mit Holzaufhaenger;Hahnemuehle Museum Etching;FineArt-Inkjetdruck (Hahnemuehle);Querformat;~2:3;21x30 (A4);Holzleisten-Aufhaengung (oben/unten)
Wandbild;Poster/FineArt mit Holzaufhaenger;Hahnemuehle Museum Etching;FineArt-Inkjetdruck (Hahnemuehle);Querformat;~2:3;29,7x42 (A3);Holzleisten-Aufhaengung (oben/unten)
Wandbild;Poster/FineArt mit Holzaufhaenger;Hahnemuehle Museum Etching;FineArt-Inkjetdruck (Hahnemuehle);Querformat;~2:3;30x45;Holzleisten-Aufhaengung (oben/unten)
Wandbild;Poster/FineArt mit Holzaufhaenger;Hahnemuehle Museum Etching;FineArt-Inkjetdruck (Hahnemuehle);Querformat;~2:3;40x60;Holzleisten-Aufhaengung (oben/unten)
Wandbild;Poster/FineArt mit Holzaufhaenger;Hahnemuehle Museum Etching;FineArt-Inkjetdruck (Hahnemuehle);Querformat;~2:3;42x59,4 (A2);Holzleisten-Aufhaengung (oben/unten)
Wandbild;Poster/FineArt mit Holzaufhaenger;Hahnemuehle Museum Etching;FineArt-Inkjetdruck (Hahnemuehle);Querformat;~2:3;50x70;Holzleisten-Aufhaengung (oben/unten)
Wandbild;Poster/FineArt mit Holzaufhaenger;Hahnemuehle Museum Etching;FineArt-Inkjetdruck (Hahnemuehle);Querformat;~2:3;50x75;Holzleisten-Aufhaengung (oben/unten)
Wandbild;Poster/FineArt mit Holzaufhaenger;Hahnemuehle Museum Etching;FineArt-Inkjetdruck (Hahnemuehle);Querformat;~2:3;59,4x84,1 (A1);Holzleisten-Aufhaengung (oben/unten)
Wandbild;Poster/FineArt mit Holzaufhaenger;Hahnemuehle Museum Etching;FineArt-Inkjetdruck (Hahnemuehle);Querformat;~2:3;60x90;Holzleisten-Aufhaengung (oben/unten)
Wandbild;Poster/FineArt mit Holzaufhaenger;Hahnemuehle Museum Etching;FineArt-Inkjetdruck (Hahnemuehle);Querformat;~2:3;70x100;Holzleisten-Aufhaengung (oben/unten)
Wandbild;Poster/FineArt mit Holzaufhaenger;Hahnemuehle Museum Etching;FineArt-Inkjetdruck (Hahnemuehle);Querformat;~2:3;70x105;Holzleisten-Aufhaengung (oben/unten)
Wandbild;Poster/FineArt mit Holzaufhaenger;Hahnemuehle Museum Etching;FineArt-Inkjetdruck (Hahnemuehle);Querformat;~3:4;18x24;Holzleisten-Aufhaengung (oben/unten)
Wandbild;Poster/FineArt mit Holzaufhaenger;Hahnemuehle Museum Etching;FineArt-Inkjetdruck (Hahnemuehle);Querformat;~3:4;30x40;Holzleisten-Aufhaengung (oben/unten)
Wandbild;Poster/FineArt mit Holzaufhaenger;Hahnemuehle Museum Etching;FineArt-Inkjetdruck (Hahnemuehle);Querformat;~3:4;60x80;Holzleisten-Aufhaengung (oben/unten)
Wandbild;Poster/FineArt mit Holzaufhaenger;Hahnemuehle Museum Etching;FineArt-Inkjetdruck (Hahnemuehle);Querformat;~3:4;75x100;Holzleisten-Aufhaengung (oben/unten)
Wandbild;Poster/FineArt mit Holzaufhaenger;Hahnemuehle Museum Etching;FineArt-Inkjetdruck (Hahnemuehle);Querformat;~3:5;70x120;Holzleisten-Aufhaengung (oben/unten)
Wandbild;Poster/FineArt mit Holzaufhaenger;Hahnemuehle Museum Etching;FineArt-Inkjetdruck (Hahnemuehle);Querformat;~4:5;10x13;Holzleisten-Aufhaengung (oben/unten)
Wandbild;Poster/FineArt mit Holzaufhaenger;Hahnemuehle Museum Etching;FineArt-Inkjetdruck (Hahnemuehle);Querformat;~4:5;40x50;Holzleisten-Aufhaengung (oben/unten)
Wandbild;Poster/FineArt mit Holzaufhaenger;Hahnemuehle Museum Etching;FineArt-Inkjetdruck (Hahnemuehle);Querformat;~4:5;70x90;Holzleisten-Aufhaengung (oben/unten)
Wandbild;Poster/FineArt mit Holzaufhaenger;Hahnemuehle Museum Etching;FineArt-Inkjetdruck (Hahnemuehle);Querformat;~4:5;80x100;Holzleisten-Aufhaengung (oben/unten)
Wandbild;Poster/FineArt mit Holzaufhaenger;Hahnemuehle Museum Etching;FineArt-Inkjetdruck (Hahnemuehle);Querformat;Quadratisch;15x15;Holzleisten-Aufhaengung (oben/unten)
Wandbild;Poster/FineArt mit Holzaufhaenger;Hahnemuehle Museum Etching;FineArt-Inkjetdruck (Hahnemuehle);Querformat;Quadratisch;20x20;Holzleisten-Aufhaengung (oben/unten)
Wandbild;Poster/FineArt mit Holzaufhaenger;Hahnemuehle Museum Etching;FineArt-Inkjetdruck (Hahnemuehle);Querformat;Quadratisch;21x21;Holzleisten-Aufhaengung (oben/unten)
Wandbild;Poster/FineArt mit Holzaufhaenger;Hahnemuehle Museum Etching;FineArt-Inkjetdruck (Hahnemuehle);Querformat;Quadratisch;30x30;Holzleisten-Aufhaengung (oben/unten)
Wandbild;Poster/FineArt mit Holzaufhaenger;Hahnemuehle Museum Etching;FineArt-Inkjetdruck (Hahnemuehle);Querformat;Quadratisch;40x40;Holzleisten-Aufhaengung (oben/unten)
Wandbild;Poster/FineArt mit Holzaufhaenger;Hahnemuehle Museum Etching;FineArt-Inkjetdruck (Hahnemuehle);Querformat;Quadratisch;50x50;Holzleisten-Aufhaengung (oben/unten)
Wandbild;Poster/FineArt mit Holzaufhaenger;Hahnemuehle Museum Etching;FineArt-Inkjetdruck (Hahnemuehle);Querformat;Quadratisch;60x60;Holzleisten-Aufhaengung (oben/unten)
Wandbild;Poster/FineArt mit Holzaufhaenger;Hahnemuehle Museum Etching;FineArt-Inkjetdruck (Hahnemuehle);Querformat;Quadratisch;70x70;Holzleisten-Aufhaengung (oben/unten)
Wandbild;Poster/FineArt mit Holzaufhaenger;Hahnemuehle Museum Etching;FineArt-Inkjetdruck (Hahnemuehle);Querformat;Panorama;10x18;Holzleisten-Aufhaengung (oben/unten)
Wandbild;Poster/FineArt mit Holzaufhaenger;Hahnemuehle Museum Etching;FineArt-Inkjetdruck (Hahnemuehle);Querformat;Panorama;10x20;Holzleisten-Aufhaengung (oben/unten)
Wandbild;Poster/FineArt mit Holzaufhaenger;Hahnemuehle Museum Etching;FineArt-Inkjetdruck (Hahnemuehle);Querformat;Panorama;20x40;Holzleisten-Aufhaengung (oben/unten)
Wandbild;Poster/FineArt mit Holzaufhaenger;Hahnemuehle Museum Etching;FineArt-Inkjetdruck (Hahnemuehle);Querformat;Panorama;20x60;Holzleisten-Aufhaengung (oben/unten)
Wandbild;Poster/FineArt mit Holzaufhaenger;Hahnemuehle Museum Etching;FineArt-Inkjetdruck (Hahnemuehle);Querformat;Panorama;30x60;Holzleisten-Aufhaengung (oben/unten)
Wandbild;Poster/FineArt mit Holzaufhaenger;Hahnemuehle Museum Etching;FineArt-Inkjetdruck (Hahnemuehle);Querformat;Panorama;30x90;Holzleisten-Aufhaengung (oben/unten)
Wandbild;Poster/FineArt mit Holzaufhaenger;Hahnemuehle Museum Etching;FineArt-Inkjetdruck (Hahnemuehle);Querformat;Panorama;40x80;Holzleisten-Aufhaengung (oben/unten)
Wandbild;Poster/FineArt mit Holzaufhaenger;Hahnemuehle Museum Etching;FineArt-Inkjetdruck (Hahnemuehle);Querformat;Panorama;50x100;Holzleisten-Aufhaengung (oben/unten)
Wandbild;Poster/FineArt mit Holzaufhaenger;Hahnemuehle Museum Etching;FineArt-Inkjetdruck (Hahnemuehle);Querformat;Panorama;60x120;Holzleisten-Aufhaengung (oben/unten)
Wandbild;Poster/FineArt mit Holzaufhaenger;Hahnemuehle Museum Etching;FineArt-Inkjetdruck (Hahnemuehle);Querformat;Panorama;60x180;Holzleisten-Aufhaengung (oben/unten)
Wandbild;Poster/FineArt mit Holzaufhaenger;Hahnemuehle Museum Etching;FineArt-Inkjetdruck (Hahnemuehle);Querformat;Panorama;70x180;Holzleisten-Aufhaengung (oben/unten)
Wandbild;Poster/FineArt mit Holzaufhaenger;Hahnemuehle Photo Rag;FineArt-Inkjetdruck (Hahnemuehle);Hochformat;~2:3;10x15;Holzleisten-Aufhaengung (oben/unten)
Wandbild;Poster/FineArt mit Holzaufhaenger;Hahnemuehle Photo Rag;FineArt-Inkjetdruck (Hahnemuehle);Hochformat;~2:3;10,5x14,8 (A6);Holzleisten-Aufhaengung (oben/unten)
Wandbild;Poster/FineArt mit Holzaufhaenger;Hahnemuehle Photo Rag;FineArt-Inkjetdruck (Hahnemuehle);Hochformat;~2:3;13x18;Holzleisten-Aufhaengung (oben/unten)
Wandbild;Poster/FineArt mit Holzaufhaenger;Hahnemuehle Photo Rag;FineArt-Inkjetdruck (Hahnemuehle);Hochformat;~2:3;13x19;Holzleisten-Aufhaengung (oben/unten)
Wandbild;Poster/FineArt mit Holzaufhaenger;Hahnemuehle Photo Rag;FineArt-Inkjetdruck (Hahnemuehle);Hochformat;~2:3;14,8x21 (A5);Holzleisten-Aufhaengung (oben/unten)
Wandbild;Poster/FineArt mit Holzaufhaenger;Hahnemuehle Photo Rag;FineArt-Inkjetdruck (Hahnemuehle);Hochformat;~2:3;15x21;Holzleisten-Aufhaengung (oben/unten)
Wandbild;Poster/FineArt mit Holzaufhaenger;Hahnemuehle Photo Rag;FineArt-Inkjetdruck (Hahnemuehle);Hochformat;~2:3;15x22;Holzleisten-Aufhaengung (oben/unten)
Wandbild;Poster/FineArt mit Holzaufhaenger;Hahnemuehle Photo Rag;FineArt-Inkjetdruck (Hahnemuehle);Hochformat;~2:3;20x30;Holzleisten-Aufhaengung (oben/unten)
Wandbild;Poster/FineArt mit Holzaufhaenger;Hahnemuehle Photo Rag;FineArt-Inkjetdruck (Hahnemuehle);Hochformat;~2:3;21x29,7 (A4);Holzleisten-Aufhaengung (oben/unten)
Wandbild;Poster/FineArt mit Holzaufhaenger;Hahnemuehle Photo Rag;FineArt-Inkjetdruck (Hahnemuehle);Hochformat;~2:3;21x30 (A4);Holzleisten-Aufhaengung (oben/unten)
Wandbild;Poster/FineArt mit Holzaufhaenger;Hahnemuehle Photo Rag;FineArt-Inkjetdruck (Hahnemuehle);Hochformat;~2:3;29,7x42 (A3);Holzleisten-Aufhaengung (oben/unten)
Wandbild;Poster/FineArt mit Holzaufhaenger;Hahnemuehle Photo Rag;FineArt-Inkjetdruck (Hahnemuehle);Hochformat;~2:3;30x45;Holzleisten-Aufhaengung (oben/unten)
Wandbild;Poster/FineArt mit Holzaufhaenger;Hahnemuehle Photo Rag;FineArt-Inkjetdruck (Hahnemuehle);Hochformat;~2:3;40x60;Holzleisten-Aufhaengung (oben/unten)
Wandbild;Poster/FineArt mit Holzaufhaenger;Hahnemuehle Photo Rag;FineArt-Inkjetdruck (Hahnemuehle);Hochformat;~2:3;42x59,4 (A2);Holzleisten-Aufhaengung (oben/unten)
Wandbild;Poster/FineArt mit Holzaufhaenger;Hahnemuehle Photo Rag;FineArt-Inkjetdruck (Hahnemuehle);Hochformat;~2:3;50x70;Holzleisten-Aufhaengung (oben/unten)
Wandbild;Poster/FineArt mit Holzaufhaenger;Hahnemuehle Photo Rag;FineArt-Inkjetdruck (Hahnemuehle);Hochformat;~2:3;50x75;Holzleisten-Aufhaengung (oben/unten)
Wandbild;Poster/FineArt mit Holzaufhaenger;Hahnemuehle Photo Rag;FineArt-Inkjetdruck (Hahnemuehle);Hochformat;~2:3;59,4x84,1 (A1);Holzleisten-Aufhaengung (oben/unten)
Wandbild;Poster/FineArt mit Holzaufhaenger;Hahnemuehle Photo Rag;FineArt-Inkjetdruck (Hahnemuehle);Hochformat;~2:3;60x90;Holzleisten-Aufhaengung (oben/unten)
Wandbild;Poster/FineArt mit Holzaufhaenger;Hahnemuehle Photo Rag;FineArt-Inkjetdruck (Hahnemuehle);Hochformat;~2:3;70x100;Holzleisten-Aufhaengung (oben/unten)
Wandbild;Poster/FineArt mit Holzaufhaenger;Hahnemuehle Photo Rag;FineArt-Inkjetdruck (Hahnemuehle);Hochformat;~2:3;70x105;Holzleisten-Aufhaengung (oben/unten)
Wandbild;Poster/FineArt mit Holzaufhaenger;Hahnemuehle Photo Rag;FineArt-Inkjetdruck (Hahnemuehle);Hochformat;~3:4;18x24;Holzleisten-Aufhaengung (oben/unten)
Wandbild;Poster/FineArt mit Holzaufhaenger;Hahnemuehle Photo Rag;FineArt-Inkjetdruck (Hahnemuehle);Hochformat;~3:4;30x40;Holzleisten-Aufhaengung (oben/unten)
Wandbild;Poster/FineArt mit Holzaufhaenger;Hahnemuehle Photo Rag;FineArt-Inkjetdruck (Hahnemuehle);Hochformat;~3:4;60x80;Holzleisten-Aufhaengung (oben/unten)
Wandbild;Poster/FineArt mit Holzaufhaenger;Hahnemuehle Photo Rag;FineArt-Inkjetdruck (Hahnemuehle);Hochformat;~3:4;75x100;Holzleisten-Aufhaengung (oben/unten)
Wandbild;Poster/FineArt mit Holzaufhaenger;Hahnemuehle Photo Rag;FineArt-Inkjetdruck (Hahnemuehle);Hochformat;~3:5;70x120;Holzleisten-Aufhaengung (oben/unten)
Wandbild;Poster/FineArt mit Holzaufhaenger;Hahnemuehle Photo Rag;FineArt-Inkjetdruck (Hahnemuehle);Hochformat;~4:5;10x13;Holzleisten-Aufhaengung (oben/unten)
Wandbild;Poster/FineArt mit Holzaufhaenger;Hahnemuehle Photo Rag;FineArt-Inkjetdruck (Hahnemuehle);Hochformat;~4:5;40x50;Holzleisten-Aufhaengung (oben/unten)
Wandbild;Poster/FineArt mit Holzaufhaenger;Hahnemuehle Photo Rag;FineArt-Inkjetdruck (Hahnemuehle);Hochformat;~4:5;70x90;Holzleisten-Aufhaengung (oben/unten)
Wandbild;Poster/FineArt mit Holzaufhaenger;Hahnemuehle Photo Rag;FineArt-Inkjetdruck (Hahnemuehle);Hochformat;~4:5;80x100;Holzleisten-Aufhaengung (oben/unten)
Wandbild;Poster/FineArt mit Holzaufhaenger;Hahnemuehle Photo Rag;FineArt-Inkjetdruck (Hahnemuehle);Hochformat;Quadratisch;15x15;Holzleisten-Aufhaengung (oben/unten)
Wandbild;Poster/FineArt mit Holzaufhaenger;Hahnemuehle Photo Rag;FineArt-Inkjetdruck (Hahnemuehle);Hochformat;Quadratisch;20x20;Holzleisten-Aufhaengung (oben/unten)
Wandbild;Poster/FineArt mit Holzaufhaenger;Hahnemuehle Photo Rag;FineArt-Inkjetdruck (Hahnemuehle);Hochformat;Quadratisch;21x21;Holzleisten-Aufhaengung (oben/unten)
Wandbild;Poster/FineArt mit Holzaufhaenger;Hahnemuehle Photo Rag;FineArt-Inkjetdruck (Hahnemuehle);Hochformat;Quadratisch;30x30;Holzleisten-Aufhaengung (oben/unten)
Wandbild;Poster/FineArt mit Holzaufhaenger;Hahnemuehle Photo Rag;FineArt-Inkjetdruck (Hahnemuehle);Hochformat;Quadratisch;40x40;Holzleisten-Aufhaengung (oben/unten)
Wandbild;Poster/FineArt mit Holzaufhaenger;Hahnemuehle Photo Rag;FineArt-Inkjetdruck (Hahnemuehle);Hochformat;Quadratisch;50x50;Holzleisten-Aufhaengung (oben/unten)
Wandbild;Poster/FineArt mit Holzaufhaenger;Hahnemuehle Photo Rag;FineArt-Inkjetdruck (Hahnemuehle);Hochformat;Quadratisch;60x60;Holzleisten-Aufhaengung (oben/unten)
Wandbild;Poster/FineArt mit Holzaufhaenger;Hahnemuehle Photo Rag;FineArt-Inkjetdruck (Hahnemuehle);Hochformat;Quadratisch;70x70;Holzleisten-Aufhaengung (oben/unten)
Wandbild;Poster/FineArt mit Holzaufhaenger;Hahnemuehle Photo Rag;FineArt-Inkjetdruck (Hahnemuehle);Hochformat;Panorama;10x18;Holzleisten-Aufhaengung (oben/unten)
Wandbild;Poster/FineArt mit Holzaufhaenger;Hahnemuehle Photo Rag;FineArt-Inkjetdruck (Hahnemuehle);Hochformat;Panorama;10x20;Holzleisten-Aufhaengung (oben/unten)
Wandbild;Poster/FineArt mit Holzaufhaenger;Hahnemuehle Photo Rag;FineArt-Inkjetdruck (Hahnemuehle);Hochformat;Panorama;20x40;Holzleisten-Aufhaengung (oben/unten)
Wandbild;Poster/FineArt mit Holzaufhaenger;Hahnemuehle Photo Rag;FineArt-Inkjetdruck (Hahnemuehle);Hochformat;Panorama;20x60;Holzleisten-Aufhaengung (oben/unten)
Wandbild;Poster/FineArt mit Holzaufhaenger;Hahnemuehle Photo Rag;FineArt-Inkjetdruck (Hahnemuehle);Hochformat;Panorama;30x60;Holzleisten-Aufhaengung (oben/unten)
Wandbild;Poster/FineArt mit Holzaufhaenger;Hahnemuehle Photo Rag;FineArt-Inkjetdruck (Hahnemuehle);Hochformat;Panorama;30x90;Holzleisten-Aufhaengung (oben/unten)
Wandbild;Poster/FineArt mit Holzaufhaenger;Hahnemuehle Photo Rag;FineArt-Inkjetdruck (Hahnemuehle);Hochformat;Panorama;40x80;Holzleisten-Aufhaengung (oben/unten)
Wandbild;Poster/FineArt mit Holzaufhaenger;Hahnemuehle Photo Rag;FineArt-Inkjetdruck (Hahnemuehle);Hochformat;Panorama;50x100;Holzleisten-Aufhaengung (oben/unten)
Wandbild;Poster/FineArt mit Holzaufhaenger;Hahnemuehle Photo Rag;FineArt-Inkjetdruck (Hahnemuehle);Hochformat;Panorama;60x120;Holzleisten-Aufhaengung (oben/unten)
Wandbild;Poster/FineArt mit Holzaufhaenger;Hahnemuehle Photo Rag;FineArt-Inkjetdruck (Hahnemuehle);Hochformat;Panorama;60x180;Holzleisten-Aufhaengung (oben/unten)
Wandbild;Poster/FineArt mit Holzaufhaenger;Hahnemuehle Photo Rag;FineArt-Inkjetdruck (Hahnemuehle);Hochformat;Panorama;70x180;Holzleisten-Aufhaengung (oben/unten)
Wandbild;Poster/FineArt mit Holzaufhaenger;Hahnemuehle Photo Rag;FineArt-Inkjetdruck (Hahnemuehle);Querformat;~2:3;10x15;Holzleisten-Aufhaengung (oben/unten)
Wandbild;Poster/FineArt mit Holzaufhaenger;Hahnemuehle Photo Rag;FineArt-Inkjetdruck (Hahnemuehle);Querformat;~2:3;10,5x14,8 (A6);Holzleisten-Aufhaengung (oben/unten)
Wandbild;Poster/FineArt mit Holzaufhaenger;Hahnemuehle Photo Rag;FineArt-Inkjetdruck (Hahnemuehle);Querformat;~2:3;13x18;Holzleisten-Aufhaengung (oben/unten)
Wandbild;Poster/FineArt mit Holzaufhaenger;Hahnemuehle Photo Rag;FineArt-Inkjetdruck (Hahnemuehle);Querformat;~2:3;13x19;Holzleisten-Aufhaengung (oben/unten)
Wandbild;Poster/FineArt mit Holzaufhaenger;Hahnemuehle Photo Rag;FineArt-Inkjetdruck (Hahnemuehle);Querformat;~2:3;14,8x21 (A5);Holzleisten-Aufhaengung (oben/unten)
Wandbild;Poster/FineArt mit Holzaufhaenger;Hahnemuehle Photo Rag;FineArt-Inkjetdruck (Hahnemuehle);Querformat;~2:3;15x21;Holzleisten-Aufhaengung (oben/unten)
Wandbild;Poster/FineArt mit Holzaufhaenger;Hahnemuehle Photo Rag;FineArt-Inkjetdruck (Hahnemuehle);Querformat;~2:3;15x22;Holzleisten-Aufhaengung (oben/unten)
Wandbild;Poster/FineArt mit Holzaufhaenger;Hahnemuehle Photo Rag;FineArt-Inkjetdruck (Hahnemuehle);Querformat;~2:3;20x30;Holzleisten-Aufhaengung (oben/unten)
Wandbild;Poster/FineArt mit Holzaufhaenger;Hahnemuehle Photo Rag;FineArt-Inkjetdruck (Hahnemuehle);Querformat;~2:3;21x29,7 (A4);Holzleisten-Aufhaengung (oben/unten)
Wandbild;Poster/FineArt mit Holzaufhaenger;Hahnemuehle Photo Rag;FineArt-Inkjetdruck (Hahnemuehle);Querformat;~2:3;21x30 (A4);Holzleisten-Aufhaengung (oben/unten)
Wandbild;Poster/FineArt mit Holzaufhaenger;Hahnemuehle Photo Rag;FineArt-Inkjetdruck (Hahnemuehle);Querformat;~2:3;29,7x42 (A3);Holzleisten-Aufhaengung (oben/unten)
Wandbild;Poster/FineArt mit Holzaufhaenger;Hahnemuehle Photo Rag;FineArt-Inkjetdruck (Hahnemuehle);Querformat;~2:3;30x45;Holzleisten-Aufhaengung (oben/unten)
Wandbild;Poster/FineArt mit Holzaufhaenger;Hahnemuehle Photo Rag;FineArt-Inkjetdruck (Hahnemuehle);Querformat;~2:3;40x60;Holzleisten-Aufhaengung (oben/unten)
Wandbild;Poster/FineArt mit Holzaufhaenger;Hahnemuehle Photo Rag;FineArt-Inkjetdruck (Hahnemuehle);Querformat;~2:3;42x59,4 (A2);Holzleisten-Aufhaengung (oben/unten)
Wandbild;Poster/FineArt mit Holzaufhaenger;Hahnemuehle Photo Rag;FineArt-Inkjetdruck (Hahnemuehle);Querformat;~2:3;50x70;Holzleisten-Aufhaengung (oben/unten)
Wandbild;Poster/FineArt mit Holzaufhaenger;Hahnemuehle Photo Rag;FineArt-Inkjetdruck (Hahnemuehle);Querformat;~2:3;50x75;Holzleisten-Aufhaengung (oben/unten)
Wandbild;Poster/FineArt mit Holzaufhaenger;Hahnemuehle Photo Rag;FineArt-Inkjetdruck (Hahnemuehle);Querformat;~2:3;59,4x84,1 (A1);Holzleisten-Aufhaengung (oben/unten)
Wandbild;Poster/FineArt mit Holzaufhaenger;Hahnemuehle Photo Rag;FineArt-Inkjetdruck (Hahnemuehle);Querformat;~2:3;60x90;Holzleisten-Aufhaengung (oben/unten)
Wandbild;Poster/FineArt mit Holzaufhaenger;Hahnemuehle Photo Rag;FineArt-Inkjetdruck (Hahnemuehle);Querformat;~2:3;70x100;Holzleisten-Aufhaengung (oben/unten)
Wandbild;Poster/FineArt mit Holzaufhaenger;Hahnemuehle Photo Rag;FineArt-Inkjetdruck (Hahnemuehle);Querformat;~2:3;70x105;Holzleisten-Aufhaengung (oben/unten)
Wandbild;Poster/FineArt mit Holzaufhaenger;Hahnemuehle Photo Rag;FineArt-Inkjetdruck (Hahnemuehle);Querformat;~3:4;18x24;Holzleisten-Aufhaengung (oben/unten)
Wandbild;Poster/FineArt mit Holzaufhaenger;Hahnemuehle Photo Rag;FineArt-Inkjetdruck (Hahnemuehle);Querformat;~3:4;30x40;Holzleisten-Aufhaengung (oben/unten)
Wandbild;Poster/FineArt mit Holzaufhaenger;Hahnemuehle Photo Rag;FineArt-Inkjetdruck (Hahnemuehle);Querformat;~3:4;60x80;Holzleisten-Aufhaengung (oben/unten)
Wandbild;Poster/FineArt mit Holzaufhaenger;Hahnemuehle Photo Rag;FineArt-Inkjetdruck (Hahnemuehle);Querformat;~3:4;75x100;Holzleisten-Aufhaengung (oben/unten)
Wandbild;Poster/FineArt mit Holzaufhaenger;Hahnemuehle Photo Rag;FineArt-Inkjetdruck (Hahnemuehle);Querformat;~3:5;70x120;Holzleisten-Aufhaengung (oben/unten)
Wandbild;Poster/FineArt mit Holzaufhaenger;Hahnemuehle Photo Rag;FineArt-Inkjetdruck (Hahnemuehle);Querformat;~4:5;10x13;Holzleisten-Aufhaengung (oben/unten)
Wandbild;Poster/FineArt mit Holzaufhaenger;Hahnemuehle Photo Rag;FineArt-Inkjetdruck (Hahnemuehle);Querformat;~4:5;40x50;Holzleisten-Aufhaengung (oben/unten)
Wandbild;Poster/FineArt mit Holzaufhaenger;Hahnemuehle Photo Rag;FineArt-Inkjetdruck (Hahnemuehle);Querformat;~4:5;70x90;Holzleisten-Aufhaengung (oben/unten)
Wandbild;Poster/FineArt mit Holzaufhaenger;Hahnemuehle Photo Rag;FineArt-Inkjetdruck (Hahnemuehle);Querformat;~4:5;80x100;Holzleisten-Aufhaengung (oben/unten)
Wandbild;Poster/FineArt mit Holzaufhaenger;Hahnemuehle Photo Rag;FineArt-Inkjetdruck (Hahnemuehle);Querformat;Quadratisch;15x15;Holzleisten-Aufhaengung (oben/unten)
Wandbild;Poster/FineArt mit Holzaufhaenger;Hahnemuehle Photo Rag;FineArt-Inkjetdruck (Hahnemuehle);Querformat;Quadratisch;20x20;Holzleisten-Aufhaengung (oben/unten)
Wandbild;Poster/FineArt mit Holzaufhaenger;Hahnemuehle Photo Rag;FineArt-Inkjetdruck (Hahnemuehle);Querformat;Quadratisch;21x21;Holzleisten-Aufhaengung (oben/unten)
Wandbild;Poster/FineArt mit Holzaufhaenger;Hahnemuehle Photo Rag;FineArt-Inkjetdruck (Hahnemuehle);Querformat;Quadratisch;30x30;Holzleisten-Aufhaengung (oben/unten)
Wandbild;Poster/FineArt mit Holzaufhaenger;Hahnemuehle Photo Rag;FineArt-Inkjetdruck (Hahnemuehle);Querformat;Quadratisch;40x40;Holzleisten-Aufhaengung (oben/unten)
Wandbild;Poster/FineArt mit Holzaufhaenger;Hahnemuehle Photo Rag;FineArt-Inkjetdruck (Hahnemuehle);Querformat;Quadratisch;50x50;Holzleisten-Aufhaengung (oben/unten)
Wandbild;Poster/FineArt mit Holzaufhaenger;Hahnemuehle Photo Rag;FineArt-Inkjetdruck (Hahnemuehle);Querformat;Quadratisch;60x60;Holzleisten-Aufhaengung (oben/unten)
Wandbild;Poster/FineArt mit Holzaufhaenger;Hahnemuehle Photo Rag;FineArt-Inkjetdruck (Hahnemuehle);Querformat;Quadratisch;70x70;Holzleisten-Aufhaengung (oben/unten)
Wandbild;Poster/FineArt mit Holzaufhaenger;Hahnemuehle Photo Rag;FineArt-Inkjetdruck (Hahnemuehle);Querformat;Panorama;10x18;Holzleisten-Aufhaengung (oben/unten)
Wandbild;Poster/FineArt mit Holzaufhaenger;Hahnemuehle Photo Rag;FineArt-Inkjetdruck (Hahnemuehle);Querformat;Panorama;10x20;Holzleisten-Aufhaengung (oben/unten)
Wandbild;Poster/FineArt mit Holzaufhaenger;Hahnemuehle Photo Rag;FineArt-Inkjetdruck (Hahnemuehle);Querformat;Panorama;20x40;Holzleisten-Aufhaengung (oben/unten)
Wandbild;Poster/FineArt mit Holzaufhaenger;Hahnemuehle Photo Rag;FineArt-Inkjetdruck (Hahnemuehle);Querformat;Panorama;20x60;Holzleisten-Aufhaengung (oben/unten)
Wandbild;Poster/FineArt mit Holzaufhaenger;Hahnemuehle Photo Rag;FineArt-Inkjetdruck (Hahnemuehle);Querformat;Panorama;30x60;Holzleisten-Aufhaengung (oben/unten)
Wandbild;Poster/FineArt mit Holzaufhaenger;Hahnemuehle Photo Rag;FineArt-Inkjetdruck (Hahnemuehle);Querformat;Panorama;30x90;Holzleisten-Aufhaengung (oben/unten)
Wandbild;Poster/FineArt mit Holzaufhaenger;Hahnemuehle Photo Rag;FineArt-Inkjetdruck (Hahnemuehle);Querformat;Panorama;40x80;Holzleisten-Aufhaengung (oben/unten)
Wandbild;Poster/FineArt mit Holzaufhaenger;Hahnemuehle Photo Rag;FineArt-Inkjetdruck (Hahnemuehle);Querformat;Panorama;50x100;Holzleisten-Aufhaengung (oben/unten)
Wandbild;Poster/FineArt mit Holzaufhaenger;Hahnemuehle Photo Rag;FineArt-Inkjetdruck (Hahnemuehle);Querformat;Panorama;60x120;Holzleisten-Aufhaengung (oben/unten)
Wandbild;Poster/FineArt mit Holzaufhaenger;Hahnemuehle Photo Rag;FineArt-Inkjetdruck (Hahnemuehle);Querformat;Panorama;60x180;Holzleisten-Aufhaengung (oben/unten)
Wandbild;Poster/FineArt mit Holzaufhaenger;Hahnemuehle Photo Rag;FineArt-Inkjetdruck (Hahnemuehle);Querformat;Panorama;70x180;Holzleisten-Aufhaengung (oben/unten)
Wandbild;Poster/FineArt mit Holzaufhaenger;Fotopapier Silk;Fotografische Belichtung / Digitaldruck (Fujifilm);Hochformat;~2:3;10x15;Holzleisten-Aufhaengung (oben/unten)
Wandbild;Poster/FineArt mit Holzaufhaenger;Fotopapier Silk;Fotografische Belichtung / Digitaldruck (Fujifilm);Hochformat;~2:3;10,5x14,8 (A6);Holzleisten-Aufhaengung (oben/unten)
Wandbild;Poster/FineArt mit Holzaufhaenger;Fotopapier Silk;Fotografische Belichtung / Digitaldruck (Fujifilm);Hochformat;~2:3;13x18;Holzleisten-Aufhaengung (oben/unten)
Wandbild;Poster/FineArt mit Holzaufhaenger;Fotopapier Silk;Fotografische Belichtung / Digitaldruck (Fujifilm);Hochformat;~2:3;13x19;Holzleisten-Aufhaengung (oben/unten)
Wandbild;Poster/FineArt mit Holzaufhaenger;Fotopapier Silk;Fotografische Belichtung / Digitaldruck (Fujifilm);Hochformat;~2:3;14,8x21 (A5);Holzleisten-Aufhaengung (oben/unten)
Wandbild;Poster/FineArt mit Holzaufhaenger;Fotopapier Silk;Fotografische Belichtung / Digitaldruck (Fujifilm);Hochformat;~2:3;15x21;Holzleisten-Aufhaengung (oben/unten)
Wandbild;Poster/FineArt mit Holzaufhaenger;Fotopapier Silk;Fotografische Belichtung / Digitaldruck (Fujifilm);Hochformat;~2:3;15x22;Holzleisten-Aufhaengung (oben/unten)
Wandbild;Poster/FineArt mit Holzaufhaenger;Fotopapier Silk;Fotografische Belichtung / Digitaldruck (Fujifilm);Hochformat;~2:3;20x30;Holzleisten-Aufhaengung (oben/unten)
Wandbild;Poster/FineArt mit Holzaufhaenger;Fotopapier Silk;Fotografische Belichtung / Digitaldruck (Fujifilm);Hochformat;~2:3;21x29,7 (A4);Holzleisten-Aufhaengung (oben/unten)
Wandbild;Poster/FineArt mit Holzaufhaenger;Fotopapier Silk;Fotografische Belichtung / Digitaldruck (Fujifilm);Hochformat;~2:3;21x30 (A4);Holzleisten-Aufhaengung (oben/unten)
Wandbild;Poster/FineArt mit Holzaufhaenger;Fotopapier Silk;Fotografische Belichtung / Digitaldruck (Fujifilm);Hochformat;~2:3;29,7x42 (A3);Holzleisten-Aufhaengung (oben/unten)
Wandbild;Poster/FineArt mit Holzaufhaenger;Fotopapier Silk;Fotografische Belichtung / Digitaldruck (Fujifilm);Hochformat;~2:3;30x45;Holzleisten-Aufhaengung (oben/unten)
Wandbild;Poster/FineArt mit Holzaufhaenger;Fotopapier Silk;Fotografische Belichtung / Digitaldruck (Fujifilm);Hochformat;~2:3;40x60;Holzleisten-Aufhaengung (oben/unten)
Wandbild;Poster/FineArt mit Holzaufhaenger;Fotopapier Silk;Fotografische Belichtung / Digitaldruck (Fujifilm);Hochformat;~2:3;42x59,4 (A2);Holzleisten-Aufhaengung (oben/unten)
Wandbild;Poster/FineArt mit Holzaufhaenger;Fotopapier Silk;Fotografische Belichtung / Digitaldruck (Fujifilm);Hochformat;~2:3;50x70;Holzleisten-Aufhaengung (oben/unten)
Wandbild;Poster/FineArt mit Holzaufhaenger;Fotopapier Silk;Fotografische Belichtung / Digitaldruck (Fujifilm);Hochformat;~2:3;50x75;Holzleisten-Aufhaengung (oben/unten)
Wandbild;Poster/FineArt mit Holzaufhaenger;Fotopapier Silk;Fotografische Belichtung / Digitaldruck (Fujifilm);Hochformat;~2:3;59,4x84,1 (A1);Holzleisten-Aufhaengung (oben/unten)
Wandbild;Poster/FineArt mit Holzaufhaenger;Fotopapier Silk;Fotografische Belichtung / Digitaldruck (Fujifilm);Hochformat;~2:3;60x90;Holzleisten-Aufhaengung (oben/unten)
Wandbild;Poster/FineArt mit Holzaufhaenger;Fotopapier Silk;Fotografische Belichtung / Digitaldruck (Fujifilm);Hochformat;~2:3;70x100;Holzleisten-Aufhaengung (oben/unten)
Wandbild;Poster/FineArt mit Holzaufhaenger;Fotopapier Silk;Fotografische Belichtung / Digitaldruck (Fujifilm);Hochformat;~2:3;70x105;Holzleisten-Aufhaengung (oben/unten)
Wandbild;Poster/FineArt mit Holzaufhaenger;Fotopapier Silk;Fotografische Belichtung / Digitaldruck (Fujifilm);Hochformat;~3:4;18x24;Holzleisten-Aufhaengung (oben/unten)
Wandbild;Poster/FineArt mit Holzaufhaenger;Fotopapier Silk;Fotografische Belichtung / Digitaldruck (Fujifilm);Hochformat;~3:4;30x40;Holzleisten-Aufhaengung (oben/unten)
Wandbild;Poster/FineArt mit Holzaufhaenger;Fotopapier Silk;Fotografische Belichtung / Digitaldruck (Fujifilm);Hochformat;~3:4;60x80;Holzleisten-Aufhaengung (oben/unten)
Wandbild;Poster/FineArt mit Holzaufhaenger;Fotopapier Silk;Fotografische Belichtung / Digitaldruck (Fujifilm);Hochformat;~3:4;75x100;Holzleisten-Aufhaengung (oben/unten)
Wandbild;Poster/FineArt mit Holzaufhaenger;Fotopapier Silk;Fotografische Belichtung / Digitaldruck (Fujifilm);Hochformat;~3:5;70x120;Holzleisten-Aufhaengung (oben/unten)
Wandbild;Poster/FineArt mit Holzaufhaenger;Fotopapier Silk;Fotografische Belichtung / Digitaldruck (Fujifilm);Hochformat;~4:5;10x13;Holzleisten-Aufhaengung (oben/unten)
Wandbild;Poster/FineArt mit Holzaufhaenger;Fotopapier Silk;Fotografische Belichtung / Digitaldruck (Fujifilm);Hochformat;~4:5;40x50;Holzleisten-Aufhaengung (oben/unten)
Wandbild;Poster/FineArt mit Holzaufhaenger;Fotopapier Silk;Fotografische Belichtung / Digitaldruck (Fujifilm);Hochformat;~4:5;70x90;Holzleisten-Aufhaengung (oben/unten)
Wandbild;Poster/FineArt mit Holzaufhaenger;Fotopapier Silk;Fotografische Belichtung / Digitaldruck (Fujifilm);Hochformat;~4:5;80x100;Holzleisten-Aufhaengung (oben/unten)
Wandbild;Poster/FineArt mit Holzaufhaenger;Fotopapier Silk;Fotografische Belichtung / Digitaldruck (Fujifilm);Hochformat;Quadratisch;15x15;Holzleisten-Aufhaengung (oben/unten)
Wandbild;Poster/FineArt mit Holzaufhaenger;Fotopapier Silk;Fotografische Belichtung / Digitaldruck (Fujifilm);Hochformat;Quadratisch;20x20;Holzleisten-Aufhaengung (oben/unten)
Wandbild;Poster/FineArt mit Holzaufhaenger;Fotopapier Silk;Fotografische Belichtung / Digitaldruck (Fujifilm);Hochformat;Quadratisch;21x21;Holzleisten-Aufhaengung (oben/unten)
Wandbild;Poster/FineArt mit Holzaufhaenger;Fotopapier Silk;Fotografische Belichtung / Digitaldruck (Fujifilm);Hochformat;Quadratisch;30x30;Holzleisten-Aufhaengung (oben/unten)
Wandbild;Poster/FineArt mit Holzaufhaenger;Fotopapier Silk;Fotografische Belichtung / Digitaldruck (Fujifilm);Hochformat;Quadratisch;40x40;Holzleisten-Aufhaengung (oben/unten)
Wandbild;Poster/FineArt mit Holzaufhaenger;Fotopapier Silk;Fotografische Belichtung / Digitaldruck (Fujifilm);Hochformat;Quadratisch;50x50;Holzleisten-Aufhaengung (oben/unten)
Wandbild;Poster/FineArt mit Holzaufhaenger;Fotopapier Silk;Fotografische Belichtung / Digitaldruck (Fujifilm);Hochformat;Quadratisch;60x60;Holzleisten-Aufhaengung (oben/unten)
Wandbild;Poster/FineArt mit Holzaufhaenger;Fotopapier Silk;Fotografische Belichtung / Digitaldruck (Fujifilm);Hochformat;Quadratisch;70x70;Holzleisten-Aufhaengung (oben/unten)
Wandbild;Poster/FineArt mit Holzaufhaenger;Fotopapier Silk;Fotografische Belichtung / Digitaldruck (Fujifilm);Hochformat;Panorama;10x18;Holzleisten-Aufhaengung (oben/unten)
Wandbild;Poster/FineArt mit Holzaufhaenger;Fotopapier Silk;Fotografische Belichtung / Digitaldruck (Fujifilm);Hochformat;Panorama;10x20;Holzleisten-Aufhaengung (oben/unten)
Wandbild;Poster/FineArt mit Holzaufhaenger;Fotopapier Silk;Fotografische Belichtung / Digitaldruck (Fujifilm);Hochformat;Panorama;20x40;Holzleisten-Aufhaengung (oben/unten)
Wandbild;Poster/FineArt mit Holzaufhaenger;Fotopapier Silk;Fotografische Belichtung / Digitaldruck (Fujifilm);Hochformat;Panorama;20x60;Holzleisten-Aufhaengung (oben/unten)
Wandbild;Poster/FineArt mit Holzaufhaenger;Fotopapier Silk;Fotografische Belichtung / Digitaldruck (Fujifilm);Hochformat;Panorama;30x60;Holzleisten-Aufhaengung (oben/unten)
Wandbild;Poster/FineArt mit Holzaufhaenger;Fotopapier Silk;Fotografische Belichtung / Digitaldruck (Fujifilm);Hochformat;Panorama;30x90;Holzleisten-Aufhaengung (oben/unten)
Wandbild;Poster/FineArt mit Holzaufhaenger;Fotopapier Silk;Fotografische Belichtung / Digitaldruck (Fujifilm);Hochformat;Panorama;40x80;Holzleisten-Aufhaengung (oben/unten)
Wandbild;Poster/FineArt mit Holzaufhaenger;Fotopapier Silk;Fotografische Belichtung / Digitaldruck (Fujifilm);Hochformat;Panorama;50x100;Holzleisten-Aufhaengung (oben/unten)
Wandbild;Poster/FineArt mit Holzaufhaenger;Fotopapier Silk;Fotografische Belichtung / Digitaldruck (Fujifilm);Hochformat;Panorama;60x120;Holzleisten-Aufhaengung (oben/unten)
Wandbild;Poster/FineArt mit Holzaufhaenger;Fotopapier Silk;Fotografische Belichtung / Digitaldruck (Fujifilm);Hochformat;Panorama;60x180;Holzleisten-Aufhaengung (oben/unten)
Wandbild;Poster/FineArt mit Holzaufhaenger;Fotopapier Silk;Fotografische Belichtung / Digitaldruck (Fujifilm);Hochformat;Panorama;70x180;Holzleisten-Aufhaengung (oben/unten)
Wandbild;Poster/FineArt mit Holzaufhaenger;Fotopapier Silk;Fotografische Belichtung / Digitaldruck (Fujifilm);Querformat;~2:3;10x15;Holzleisten-Aufhaengung (oben/unten)
Wandbild;Poster/FineArt mit Holzaufhaenger;Fotopapier Silk;Fotografische Belichtung / Digitaldruck (Fujifilm);Querformat;~2:3;10,5x14,8 (A6);Holzleisten-Aufhaengung (oben/unten)
Wandbild;Poster/FineArt mit Holzaufhaenger;Fotopapier Silk;Fotografische Belichtung / Digitaldruck (Fujifilm);Querformat;~2:3;13x18;Holzleisten-Aufhaengung (oben/unten)
Wandbild;Poster/FineArt mit Holzaufhaenger;Fotopapier Silk;Fotografische Belichtung / Digitaldruck (Fujifilm);Querformat;~2:3;13x19;Holzleisten-Aufhaengung (oben/unten)
Wandbild;Poster/FineArt mit Holzaufhaenger;Fotopapier Silk;Fotografische Belichtung / Digitaldruck (Fujifilm);Querformat;~2:3;14,8x21 (A5);Holzleisten-Aufhaengung (oben/unten)
Wandbild;Poster/FineArt mit Holzaufhaenger;Fotopapier Silk;Fotografische Belichtung / Digitaldruck (Fujifilm);Querformat;~2:3;15x21;Holzleisten-Aufhaengung (oben/unten)
Wandbild;Poster/FineArt mit Holzaufhaenger;Fotopapier Silk;Fotografische Belichtung / Digitaldruck (Fujifilm);Querformat;~2:3;15x22;Holzleisten-Aufhaengung (oben/unten)
Wandbild;Poster/FineArt mit Holzaufhaenger;Fotopapier Silk;Fotografische Belichtung / Digitaldruck (Fujifilm);Querformat;~2:3;20x30;Holzleisten-Aufhaengung (oben/unten)
Wandbild;Poster/FineArt mit Holzaufhaenger;Fotopapier Silk;Fotografische Belichtung / Digitaldruck (Fujifilm);Querformat;~2:3;21x29,7 (A4);Holzleisten-Aufhaengung (oben/unten)
Wandbild;Poster/FineArt mit Holzaufhaenger;Fotopapier Silk;Fotografische Belichtung / Digitaldruck (Fujifilm);Querformat;~2:3;21x30 (A4);Holzleisten-Aufhaengung (oben/unten)
Wandbild;Poster/FineArt mit Holzaufhaenger;Fotopapier Silk;Fotografische Belichtung / Digitaldruck (Fujifilm);Querformat;~2:3;29,7x42 (A3);Holzleisten-Aufhaengung (oben/unten)
Wandbild;Poster/FineArt mit Holzaufhaenger;Fotopapier Silk;Fotografische Belichtung / Digitaldruck (Fujifilm);Querformat;~2:3;30x45;Holzleisten-Aufhaengung (oben/unten)
Wandbild;Poster/FineArt mit Holzaufhaenger;Fotopapier Silk;Fotografische Belichtung / Digitaldruck (Fujifilm);Querformat;~2:3;40x60;Holzleisten-Aufhaengung (oben/unten)
Wandbild;Poster/FineArt mit Holzaufhaenger;Fotopapier Silk;Fotografische Belichtung / Digitaldruck (Fujifilm);Querformat;~2:3;42x59,4 (A2);Holzleisten-Aufhaengung (oben/unten)
Wandbild;Poster/FineArt mit Holzaufhaenger;Fotopapier Silk;Fotografische Belichtung / Digitaldruck (Fujifilm);Querformat;~2:3;50x70;Holzleisten-Aufhaengung (oben/unten)
Wandbild;Poster/FineArt mit Holzaufhaenger;Fotopapier Silk;Fotografische Belichtung / Digitaldruck (Fujifilm);Querformat;~2:3;50x75;Holzleisten-Aufhaengung (oben/unten)
Wandbild;Poster/FineArt mit Holzaufhaenger;Fotopapier Silk;Fotografische Belichtung / Digitaldruck (Fujifilm);Querformat;~2:3;59,4x84,1 (A1);Holzleisten-Aufhaengung (oben/unten)
Wandbild;Poster/FineArt mit Holzaufhaenger;Fotopapier Silk;Fotografische Belichtung / Digitaldruck (Fujifilm);Querformat;~2:3;60x90;Holzleisten-Aufhaengung (oben/unten)
Wandbild;Poster/FineArt mit Holzaufhaenger;Fotopapier Silk;Fotografische Belichtung / Digitaldruck (Fujifilm);Querformat;~2:3;70x100;Holzleisten-Aufhaengung (oben/unten)
Wandbild;Poster/FineArt mit Holzaufhaenger;Fotopapier Silk;Fotografische Belichtung / Digitaldruck (Fujifilm);Querformat;~2:3;70x105;Holzleisten-Aufhaengung (oben/unten)
Wandbild;Poster/FineArt mit Holzaufhaenger;Fotopapier Silk;Fotografische Belichtung / Digitaldruck (Fujifilm);Querformat;~3:4;18x24;Holzleisten-Aufhaengung (oben/unten)
Wandbild;Poster/FineArt mit Holzaufhaenger;Fotopapier Silk;Fotografische Belichtung / Digitaldruck (Fujifilm);Querformat;~3:4;30x40;Holzleisten-Aufhaengung (oben/unten)
Wandbild;Poster/FineArt mit Holzaufhaenger;Fotopapier Silk;Fotografische Belichtung / Digitaldruck (Fujifilm);Querformat;~3:4;60x80;Holzleisten-Aufhaengung (oben/unten)
Wandbild;Poster/FineArt mit Holzaufhaenger;Fotopapier Silk;Fotografische Belichtung / Digitaldruck (Fujifilm);Querformat;~3:4;75x100;Holzleisten-Aufhaengung (oben/unten)
Wandbild;Poster/FineArt mit Holzaufhaenger;Fotopapier Silk;Fotografische Belichtung / Digitaldruck (Fujifilm);Querformat;~3:5;70x120;Holzleisten-Aufhaengung (oben/unten)
Wandbild;Poster/FineArt mit Holzaufhaenger;Fotopapier Silk;Fotografische Belichtung / Digitaldruck (Fujifilm);Querformat;~4:5;10x13;Holzleisten-Aufhaengung (oben/unten)
Wandbild;Poster/FineArt mit Holzaufhaenger;Fotopapier Silk;Fotografische Belichtung / Digitaldruck (Fujifilm);Querformat;~4:5;40x50;Holzleisten-Aufhaengung (oben/unten)
Wandbild;Poster/FineArt mit Holzaufhaenger;Fotopapier Silk;Fotografische Belichtung / Digitaldruck (Fujifilm);Querformat;~4:5;70x90;Holzleisten-Aufhaengung (oben/unten)
Wandbild;Poster/FineArt mit Holzaufhaenger;Fotopapier Silk;Fotografische Belichtung / Digitaldruck (Fujifilm);Querformat;~4:5;80x100;Holzleisten-Aufhaengung (oben/unten)
Wandbild;Poster/FineArt mit Holzaufhaenger;Fotopapier Silk;Fotografische Belichtung / Digitaldruck (Fujifilm);Querformat;Quadratisch;15x15;Holzleisten-Aufhaengung (oben/unten)
Wandbild;Poster/FineArt mit Holzaufhaenger;Fotopapier Silk;Fotografische Belichtung / Digitaldruck (Fujifilm);Querformat;Quadratisch;20x20;Holzleisten-Aufhaengung (oben/unten)
Wandbild;Poster/FineArt mit Holzaufhaenger;Fotopapier Silk;Fotografische Belichtung / Digitaldruck (Fujifilm);Querformat;Quadratisch;21x21;Holzleisten-Aufhaengung (oben/unten)
Wandbild;Poster/FineArt mit Holzaufhaenger;Fotopapier Silk;Fotografische Belichtung / Digitaldruck (Fujifilm);Querformat;Quadratisch;30x30;Holzleisten-Aufhaengung (oben/unten)
Wandbild;Poster/FineArt mit Holzaufhaenger;Fotopapier Silk;Fotografische Belichtung / Digitaldruck (Fujifilm);Querformat;Quadratisch;40x40;Holzleisten-Aufhaengung (oben/unten)
Wandbild;Poster/FineArt mit Holzaufhaenger;Fotopapier Silk;Fotografische Belichtung / Digitaldruck (Fujifilm);Querformat;Quadratisch;50x50;Holzleisten-Aufhaengung (oben/unten)
Wandbild;Poster/FineArt mit Holzaufhaenger;Fotopapier Silk;Fotografische Belichtung / Digitaldruck (Fujifilm);Querformat;Quadratisch;60x60;Holzleisten-Aufhaengung (oben/unten)
Wandbild;Poster/FineArt mit Holzaufhaenger;Fotopapier Silk;Fotografische Belichtung / Digitaldruck (Fujifilm);Querformat;Quadratisch;70x70;Holzleisten-Aufhaengung (oben/unten)
Wandbild;Poster/FineArt mit Holzaufhaenger;Fotopapier Silk;Fotografische Belichtung / Digitaldruck (Fujifilm);Querformat;Panorama;10x18;Holzleisten-Aufhaengung (oben/unten)
Wandbild;Poster/FineArt mit Holzaufhaenger;Fotopapier Silk;Fotografische Belichtung / Digitaldruck (Fujifilm);Querformat;Panorama;10x20;Holzleisten-Aufhaengung (oben/unten)
Wandbild;Poster/FineArt mit Holzaufhaenger;Fotopapier Silk;Fotografische Belichtung / Digitaldruck (Fujifilm);Querformat;Panorama;20x40;Holzleisten-Aufhaengung (oben/unten)
Wandbild;Poster/FineArt mit Holzaufhaenger;Fotopapier Silk;Fotografische Belichtung / Digitaldruck (Fujifilm);Querformat;Panorama;20x60;Holzleisten-Aufhaengung (oben/unten)
Wandbild;Poster/FineArt mit Holzaufhaenger;Fotopapier Silk;Fotografische Belichtung / Digitaldruck (Fujifilm);Querformat;Panorama;30x60;Holzleisten-Aufhaengung (oben/unten)
Wandbild;Poster/FineArt mit Holzaufhaenger;Fotopapier Silk;Fotografische Belichtung / Digitaldruck (Fujifilm);Querformat;Panorama;30x90;Holzleisten-Aufhaengung (oben/unten)
Wandbild;Poster/FineArt mit Holzaufhaenger;Fotopapier Silk;Fotografische Belichtung / Digitaldruck (Fujifilm);Querformat;Panorama;40x80;Holzleisten-Aufhaengung (oben/unten)
Wandbild;Poster/FineArt mit Holzaufhaenger;Fotopapier Silk;Fotografische Belichtung / Digitaldruck (Fujifilm);Querformat;Panorama;50x100;Holzleisten-Aufhaengung (oben/unten)
Wandbild;Poster/FineArt mit Holzaufhaenger;Fotopapier Silk;Fotografische Belichtung / Digitaldruck (Fujifilm);Querformat;Panorama;60x120;Holzleisten-Aufhaengung (oben/unten)
Wandbild;Poster/FineArt mit Holzaufhaenger;Fotopapier Silk;Fotografische Belichtung / Digitaldruck (Fujifilm);Querformat;Panorama;60x180;Holzleisten-Aufhaengung (oben/unten)
Wandbild;Poster/FineArt mit Holzaufhaenger;Fotopapier Silk;Fotografische Belichtung / Digitaldruck (Fujifilm);Querformat;Panorama;70x180;Holzleisten-Aufhaengung (oben/unten)
Wandbild;Poster/FineArt mit Holzaufhaenger;Fotopapier glaenzend;Fotografische Belichtung / Digitaldruck (Fujifilm);Hochformat;~2:3;10x15;Holzleisten-Aufhaengung (oben/unten)
Wandbild;Poster/FineArt mit Holzaufhaenger;Fotopapier glaenzend;Fotografische Belichtung / Digitaldruck (Fujifilm);Hochformat;~2:3;10,5x14,8 (A6);Holzleisten-Aufhaengung (oben/unten)
Wandbild;Poster/FineArt mit Holzaufhaenger;Fotopapier glaenzend;Fotografische Belichtung / Digitaldruck (Fujifilm);Hochformat;~2:3;13x18;Holzleisten-Aufhaengung (oben/unten)
Wandbild;Poster/FineArt mit Holzaufhaenger;Fotopapier glaenzend;Fotografische Belichtung / Digitaldruck (Fujifilm);Hochformat;~2:3;13x19;Holzleisten-Aufhaengung (oben/unten)
Wandbild;Poster/FineArt mit Holzaufhaenger;Fotopapier glaenzend;Fotografische Belichtung / Digitaldruck (Fujifilm);Hochformat;~2:3;14,8x21 (A5);Holzleisten-Aufhaengung (oben/unten)
Wandbild;Poster/FineArt mit Holzaufhaenger;Fotopapier glaenzend;Fotografische Belichtung / Digitaldruck (Fujifilm);Hochformat;~2:3;15x21;Holzleisten-Aufhaengung (oben/unten)
Wandbild;Poster/FineArt mit Holzaufhaenger;Fotopapier glaenzend;Fotografische Belichtung / Digitaldruck (Fujifilm);Hochformat;~2:3;15x22;Holzleisten-Aufhaengung (oben/unten)
Wandbild;Poster/FineArt mit Holzaufhaenger;Fotopapier glaenzend;Fotografische Belichtung / Digitaldruck (Fujifilm);Hochformat;~2:3;20x30;Holzleisten-Aufhaengung (oben/unten)
Wandbild;Poster/FineArt mit Holzaufhaenger;Fotopapier glaenzend;Fotografische Belichtung / Digitaldruck (Fujifilm);Hochformat;~2:3;21x29,7 (A4);Holzleisten-Aufhaengung (oben/unten)
Wandbild;Poster/FineArt mit Holzaufhaenger;Fotopapier glaenzend;Fotografische Belichtung / Digitaldruck (Fujifilm);Hochformat;~2:3;21x30 (A4);Holzleisten-Aufhaengung (oben/unten)
Wandbild;Poster/FineArt mit Holzaufhaenger;Fotopapier glaenzend;Fotografische Belichtung / Digitaldruck (Fujifilm);Hochformat;~2:3;29,7x42 (A3);Holzleisten-Aufhaengung (oben/unten)
Wandbild;Poster/FineArt mit Holzaufhaenger;Fotopapier glaenzend;Fotografische Belichtung / Digitaldruck (Fujifilm);Hochformat;~2:3;30x45;Holzleisten-Aufhaengung (oben/unten)
Wandbild;Poster/FineArt mit Holzaufhaenger;Fotopapier glaenzend;Fotografische Belichtung / Digitaldruck (Fujifilm);Hochformat;~2:3;40x60;Holzleisten-Aufhaengung (oben/unten)
Wandbild;Poster/FineArt mit Holzaufhaenger;Fotopapier glaenzend;Fotografische Belichtung / Digitaldruck (Fujifilm);Hochformat;~2:3;42x59,4 (A2);Holzleisten-Aufhaengung (oben/unten)
Wandbild;Poster/FineArt mit Holzaufhaenger;Fotopapier glaenzend;Fotografische Belichtung / Digitaldruck (Fujifilm);Hochformat;~2:3;50x70;Holzleisten-Aufhaengung (oben/unten)
Wandbild;Poster/FineArt mit Holzaufhaenger;Fotopapier glaenzend;Fotografische Belichtung / Digitaldruck (Fujifilm);Hochformat;~2:3;50x75;Holzleisten-Aufhaengung (oben/unten)
Wandbild;Poster/FineArt mit Holzaufhaenger;Fotopapier glaenzend;Fotografische Belichtung / Digitaldruck (Fujifilm);Hochformat;~2:3;59,4x84,1 (A1);Holzleisten-Aufhaengung (oben/unten)
Wandbild;Poster/FineArt mit Holzaufhaenger;Fotopapier glaenzend;Fotografische Belichtung / Digitaldruck (Fujifilm);Hochformat;~2:3;60x90;Holzleisten-Aufhaengung (oben/unten)
Wandbild;Poster/FineArt mit Holzaufhaenger;Fotopapier glaenzend;Fotografische Belichtung / Digitaldruck (Fujifilm);Hochformat;~2:3;70x100;Holzleisten-Aufhaengung (oben/unten)
Wandbild;Poster/FineArt mit Holzaufhaenger;Fotopapier glaenzend;Fotografische Belichtung / Digitaldruck (Fujifilm);Hochformat;~2:3;70x105;Holzleisten-Aufhaengung (oben/unten)
Wandbild;Poster/FineArt mit Holzaufhaenger;Fotopapier glaenzend;Fotografische Belichtung / Digitaldruck (Fujifilm);Hochformat;~3:4;18x24;Holzleisten-Aufhaengung (oben/unten)
Wandbild;Poster/FineArt mit Holzaufhaenger;Fotopapier glaenzend;Fotografische Belichtung / Digitaldruck (Fujifilm);Hochformat;~3:4;30x40;Holzleisten-Aufhaengung (oben/unten)
Wandbild;Poster/FineArt mit Holzaufhaenger;Fotopapier glaenzend;Fotografische Belichtung / Digitaldruck (Fujifilm);Hochformat;~3:4;60x80;Holzleisten-Aufhaengung (oben/unten)
Wandbild;Poster/FineArt mit Holzaufhaenger;Fotopapier glaenzend;Fotografische Belichtung / Digitaldruck (Fujifilm);Hochformat;~3:4;75x100;Holzleisten-Aufhaengung (oben/unten)
Wandbild;Poster/FineArt mit Holzaufhaenger;Fotopapier glaenzend;Fotografische Belichtung / Digitaldruck (Fujifilm);Hochformat;~3:5;70x120;Holzleisten-Aufhaengung (oben/unten)
Wandbild;Poster/FineArt mit Holzaufhaenger;Fotopapier glaenzend;Fotografische Belichtung / Digitaldruck (Fujifilm);Hochformat;~4:5;10x13;Holzleisten-Aufhaengung (oben/unten)
Wandbild;Poster/FineArt mit Holzaufhaenger;Fotopapier glaenzend;Fotografische Belichtung / Digitaldruck (Fujifilm);Hochformat;~4:5;40x50;Holzleisten-Aufhaengung (oben/unten)
Wandbild;Poster/FineArt mit Holzaufhaenger;Fotopapier glaenzend;Fotografische Belichtung / Digitaldruck (Fujifilm);Hochformat;~4:5;70x90;Holzleisten-Aufhaengung (oben/unten)
Wandbild;Poster/FineArt mit Holzaufhaenger;Fotopapier glaenzend;Fotografische Belichtung / Digitaldruck (Fujifilm);Hochformat;~4:5;80x100;Holzleisten-Aufhaengung (oben/unten)
Wandbild;Poster/FineArt mit Holzaufhaenger;Fotopapier glaenzend;Fotografische Belichtung / Digitaldruck (Fujifilm);Hochformat;Quadratisch;15x15;Holzleisten-Aufhaengung (oben/unten)
Wandbild;Poster/FineArt mit Holzaufhaenger;Fotopapier glaenzend;Fotografische Belichtung / Digitaldruck (Fujifilm);Hochformat;Quadratisch;20x20;Holzleisten-Aufhaengung (oben/unten)
Wandbild;Poster/FineArt mit Holzaufhaenger;Fotopapier glaenzend;Fotografische Belichtung / Digitaldruck (Fujifilm);Hochformat;Quadratisch;21x21;Holzleisten-Aufhaengung (oben/unten)
Wandbild;Poster/FineArt mit Holzaufhaenger;Fotopapier glaenzend;Fotografische Belichtung / Digitaldruck (Fujifilm);Hochformat;Quadratisch;30x30;Holzleisten-Aufhaengung (oben/unten)
Wandbild;Poster/FineArt mit Holzaufhaenger;Fotopapier glaenzend;Fotografische Belichtung / Digitaldruck (Fujifilm);Hochformat;Quadratisch;40x40;Holzleisten-Aufhaengung (oben/unten)
Wandbild;Poster/FineArt mit Holzaufhaenger;Fotopapier glaenzend;Fotografische Belichtung / Digitaldruck (Fujifilm);Hochformat;Quadratisch;50x50;Holzleisten-Aufhaengung (oben/unten)
Wandbild;Poster/FineArt mit Holzaufhaenger;Fotopapier glaenzend;Fotografische Belichtung / Digitaldruck (Fujifilm);Hochformat;Quadratisch;60x60;Holzleisten-Aufhaengung (oben/unten)
Wandbild;Poster/FineArt mit Holzaufhaenger;Fotopapier glaenzend;Fotografische Belichtung / Digitaldruck (Fujifilm);Hochformat;Quadratisch;70x70;Holzleisten-Aufhaengung (oben/unten)
Wandbild;Poster/FineArt mit Holzaufhaenger;Fotopapier glaenzend;Fotografische Belichtung / Digitaldruck (Fujifilm);Hochformat;Panorama;10x18;Holzleisten-Aufhaengung (oben/unten)
Wandbild;Poster/FineArt mit Holzaufhaenger;Fotopapier glaenzend;Fotografische Belichtung / Digitaldruck (Fujifilm);Hochformat;Panorama;10x20;Holzleisten-Aufhaengung (oben/unten)
Wandbild;Poster/FineArt mit Holzaufhaenger;Fotopapier glaenzend;Fotografische Belichtung / Digitaldruck (Fujifilm);Hochformat;Panorama;20x40;Holzleisten-Aufhaengung (oben/unten)
Wandbild;Poster/FineArt mit Holzaufhaenger;Fotopapier glaenzend;Fotografische Belichtung / Digitaldruck (Fujifilm);Hochformat;Panorama;20x60;Holzleisten-Aufhaengung (oben/unten)
Wandbild;Poster/FineArt mit Holzaufhaenger;Fotopapier glaenzend;Fotografische Belichtung / Digitaldruck (Fujifilm);Hochformat;Panorama;30x60;Holzleisten-Aufhaengung (oben/unten)
Wandbild;Poster/FineArt mit Holzaufhaenger;Fotopapier glaenzend;Fotografische Belichtung / Digitaldruck (Fujifilm);Hochformat;Panorama;30x90;Holzleisten-Aufhaengung (oben/unten)
Wandbild;Poster/FineArt mit Holzaufhaenger;Fotopapier glaenzend;Fotografische Belichtung / Digitaldruck (Fujifilm);Hochformat;Panorama;40x80;Holzleisten-Aufhaengung (oben/unten)
Wandbild;Poster/FineArt mit Holzaufhaenger;Fotopapier glaenzend;Fotografische Belichtung / Digitaldruck (Fujifilm);Hochformat;Panorama;50x100;Holzleisten-Aufhaengung (oben/unten)
Wandbild;Poster/FineArt mit Holzaufhaenger;Fotopapier glaenzend;Fotografische Belichtung / Digitaldruck (Fujifilm);Hochformat;Panorama;60x120;Holzleisten-Aufhaengung (oben/unten)
Wandbild;Poster/FineArt mit Holzaufhaenger;Fotopapier glaenzend;Fotografische Belichtung / Digitaldruck (Fujifilm);Hochformat;Panorama;60x180;Holzleisten-Aufhaengung (oben/unten)
Wandbild;Poster/FineArt mit Holzaufhaenger;Fotopapier glaenzend;Fotografische Belichtung / Digitaldruck (Fujifilm);Hochformat;Panorama;70x180;Holzleisten-Aufhaengung (oben/unten)
Wandbild;Poster/FineArt mit Holzaufhaenger;Fotopapier glaenzend;Fotografische Belichtung / Digitaldruck (Fujifilm);Querformat;~2:3;10x15;Holzleisten-Aufhaengung (oben/unten)
Wandbild;Poster/FineArt mit Holzaufhaenger;Fotopapier glaenzend;Fotografische Belichtung / Digitaldruck (Fujifilm);Querformat;~2:3;10,5x14,8 (A6);Holzleisten-Aufhaengung (oben/unten)
Wandbild;Poster/FineArt mit Holzaufhaenger;Fotopapier glaenzend;Fotografische Belichtung / Digitaldruck (Fujifilm);Querformat;~2:3;13x18;Holzleisten-Aufhaengung (oben/unten)
Wandbild;Poster/FineArt mit Holzaufhaenger;Fotopapier glaenzend;Fotografische Belichtung / Digitaldruck (Fujifilm);Querformat;~2:3;13x19;Holzleisten-Aufhaengung (oben/unten)
Wandbild;Poster/FineArt mit Holzaufhaenger;Fotopapier glaenzend;Fotografische Belichtung / Digitaldruck (Fujifilm);Querformat;~2:3;14,8x21 (A5);Holzleisten-Aufhaengung (oben/unten)
Wandbild;Poster/FineArt mit Holzaufhaenger;Fotopapier glaenzend;Fotografische Belichtung / Digitaldruck (Fujifilm);Querformat;~2:3;15x21;Holzleisten-Aufhaengung (oben/unten)
Wandbild;Poster/FineArt mit Holzaufhaenger;Fotopapier glaenzend;Fotografische Belichtung / Digitaldruck (Fujifilm);Querformat;~2:3;15x22;Holzleisten-Aufhaengung (oben/unten)
Wandbild;Poster/FineArt mit Holzaufhaenger;Fotopapier glaenzend;Fotografische Belichtung / Digitaldruck (Fujifilm);Querformat;~2:3;20x30;Holzleisten-Aufhaengung (oben/unten)
Wandbild;Poster/FineArt mit Holzaufhaenger;Fotopapier glaenzend;Fotografische Belichtung / Digitaldruck (Fujifilm);Querformat;~2:3;21x29,7 (A4);Holzleisten-Aufhaengung (oben/unten)
Wandbild;Poster/FineArt mit Holzaufhaenger;Fotopapier glaenzend;Fotografische Belichtung / Digitaldruck (Fujifilm);Querformat;~2:3;21x30 (A4);Holzleisten-Aufhaengung (oben/unten)
Wandbild;Poster/FineArt mit Holzaufhaenger;Fotopapier glaenzend;Fotografische Belichtung / Digitaldruck (Fujifilm);Querformat;~2:3;29,7x42 (A3);Holzleisten-Aufhaengung (oben/unten)
Wandbild;Poster/FineArt mit Holzaufhaenger;Fotopapier glaenzend;Fotografische Belichtung / Digitaldruck (Fujifilm);Querformat;~2:3;30x45;Holzleisten-Aufhaengung (oben/unten)
Wandbild;Poster/FineArt mit Holzaufhaenger;Fotopapier glaenzend;Fotografische Belichtung / Digitaldruck (Fujifilm);Querformat;~2:3;40x60;Holzleisten-Aufhaengung (oben/unten)
Wandbild;Poster/FineArt mit Holzaufhaenger;Fotopapier glaenzend;Fotografische Belichtung / Digitaldruck (Fujifilm);Querformat;~2:3;42x59,4 (A2);Holzleisten-Aufhaengung (oben/unten)
Wandbild;Poster/FineArt mit Holzaufhaenger;Fotopapier glaenzend;Fotografische Belichtung / Digitaldruck (Fujifilm);Querformat;~2:3;50x70;Holzleisten-Aufhaengung (oben/unten)
Wandbild;Poster/FineArt mit Holzaufhaenger;Fotopapier glaenzend;Fotografische Belichtung / Digitaldruck (Fujifilm);Querformat;~2:3;50x75;Holzleisten-Aufhaengung (oben/unten)
Wandbild;Poster/FineArt mit Holzaufhaenger;Fotopapier glaenzend;Fotografische Belichtung / Digitaldruck (Fujifilm);Querformat;~2:3;59,4x84,1 (A1);Holzleisten-Aufhaengung (oben/unten)
Wandbild;Poster/FineArt mit Holzaufhaenger;Fotopapier glaenzend;Fotografische Belichtung / Digitaldruck (Fujifilm);Querformat;~2:3;60x90;Holzleisten-Aufhaengung (oben/unten)
Wandbild;Poster/FineArt mit Holzaufhaenger;Fotopapier glaenzend;Fotografische Belichtung / Digitaldruck (Fujifilm);Querformat;~2:3;70x100;Holzleisten-Aufhaengung (oben/unten)
Wandbild;Poster/FineArt mit Holzaufhaenger;Fotopapier glaenzend;Fotografische Belichtung / Digitaldruck (Fujifilm);Querformat;~2:3;70x105;Holzleisten-Aufhaengung (oben/unten)
Wandbild;Poster/FineArt mit Holzaufhaenger;Fotopapier glaenzend;Fotografische Belichtung / Digitaldruck (Fujifilm);Querformat;~3:4;18x24;Holzleisten-Aufhaengung (oben/unten)
Wandbild;Poster/FineArt mit Holzaufhaenger;Fotopapier glaenzend;Fotografische Belichtung / Digitaldruck (Fujifilm);Querformat;~3:4;30x40;Holzleisten-Aufhaengung (oben/unten)
Wandbild;Poster/FineArt mit Holzaufhaenger;Fotopapier glaenzend;Fotografische Belichtung / Digitaldruck (Fujifilm);Querformat;~3:4;60x80;Holzleisten-Aufhaengung (oben/unten)
Wandbild;Poster/FineArt mit Holzaufhaenger;Fotopapier glaenzend;Fotografische Belichtung / Digitaldruck (Fujifilm);Querformat;~3:4;75x100;Holzleisten-Aufhaengung (oben/unten)
Wandbild;Poster/FineArt mit Holzaufhaenger;Fotopapier glaenzend;Fotografische Belichtung / Digitaldruck (Fujifilm);Querformat;~3:5;70x120;Holzleisten-Aufhaengung (oben/unten)
Wandbild;Poster/FineArt mit Holzaufhaenger;Fotopapier glaenzend;Fotografische Belichtung / Digitaldruck (Fujifilm);Querformat;~4:5;10x13;Holzleisten-Aufhaengung (oben/unten)
Wandbild;Poster/FineArt mit Holzaufhaenger;Fotopapier glaenzend;Fotografische Belichtung / Digitaldruck (Fujifilm);Querformat;~4:5;40x50;Holzleisten-Aufhaengung (oben/unten)
Wandbild;Poster/FineArt mit Holzaufhaenger;Fotopapier glaenzend;Fotografische Belichtung / Digitaldruck (Fujifilm);Querformat;~4:5;70x90;Holzleisten-Aufhaengung (oben/unten)
Wandbild;Poster/FineArt mit Holzaufhaenger;Fotopapier glaenzend;Fotografische Belichtung / Digitaldruck (Fujifilm);Querformat;~4:5;80x100;Holzleisten-Aufhaengung (oben/unten)
Wandbild;Poster/FineArt mit Holzaufhaenger;Fotopapier glaenzend;Fotografische Belichtung / Digitaldruck (Fujifilm);Querformat;Quadratisch;15x15;Holzleisten-Aufhaengung (oben/unten)
Wandbild;Poster/FineArt mit Holzaufhaenger;Fotopapier glaenzend;Fotografische Belichtung / Digitaldruck (Fujifilm);Querformat;Quadratisch;20x20;Holzleisten-Aufhaengung (oben/unten)
Wandbild;Poster/FineArt mit Holzaufhaenger;Fotopapier glaenzend;Fotografische Belichtung / Digitaldruck (Fujifilm);Querformat;Quadratisch;21x21;Holzleisten-Aufhaengung (oben/unten)
Wandbild;Poster/FineArt mit Holzaufhaenger;Fotopapier glaenzend;Fotografische Belichtung / Digitaldruck (Fujifilm);Querformat;Quadratisch;30x30;Holzleisten-Aufhaengung (oben/unten)
Wandbild;Poster/FineArt mit Holzaufhaenger;Fotopapier glaenzend;Fotografische Belichtung / Digitaldruck (Fujifilm);Querformat;Quadratisch;40x40;Holzleisten-Aufhaengung (oben/unten)
Wandbild;Poster/FineArt mit Holzaufhaenger;Fotopapier glaenzend;Fotografische Belichtung / Digitaldruck (Fujifilm);Querformat;Quadratisch;50x50;Holzleisten-Aufhaengung (oben/unten)
Wandbild;Poster/FineArt mit Holzaufhaenger;Fotopapier glaenzend;Fotografische Belichtung / Digitaldruck (Fujifilm);Querformat;Quadratisch;60x60;Holzleisten-Aufhaengung (oben/unten)
Wandbild;Poster/FineArt mit Holzaufhaenger;Fotopapier glaenzend;Fotografische Belichtung / Digitaldruck (Fujifilm);Querformat;Quadratisch;70x70;Holzleisten-Aufhaengung (oben/unten)
Wandbild;Poster/FineArt mit Holzaufhaenger;Fotopapier glaenzend;Fotografische Belichtung / Digitaldruck (Fujifilm);Querformat;Panorama;10x18;Holzleisten-Aufhaengung (oben/unten)
Wandbild;Poster/FineArt mit Holzaufhaenger;Fotopapier glaenzend;Fotografische Belichtung / Digitaldruck (Fujifilm);Querformat;Panorama;10x20;Holzleisten-Aufhaengung (oben/unten)
Wandbild;Poster/FineArt mit Holzaufhaenger;Fotopapier glaenzend;Fotografische Belichtung / Digitaldruck (Fujifilm);Querformat;Panorama;20x40;Holzleisten-Aufhaengung (oben/unten)
Wandbild;Poster/FineArt mit Holzaufhaenger;Fotopapier glaenzend;Fotografische Belichtung / Digitaldruck (Fujifilm);Querformat;Panorama;20x60;Holzleisten-Aufhaengung (oben/unten)
Wandbild;Poster/FineArt mit Holzaufhaenger;Fotopapier glaenzend;Fotografische Belichtung / Digitaldruck (Fujifilm);Querformat;Panorama;30x60;Holzleisten-Aufhaengung (oben/unten)
Wandbild;Poster/FineArt mit Holzaufhaenger;Fotopapier glaenzend;Fotografische Belichtung / Digitaldruck (Fujifilm);Querformat;Panorama;30x90;Holzleisten-Aufhaengung (oben/unten)
Wandbild;Poster/FineArt mit Holzaufhaenger;Fotopapier glaenzend;Fotografische Belichtung / Digitaldruck (Fujifilm);Querformat;Panorama;40x80;Holzleisten-Aufhaengung (oben/unten)
Wandbild;Poster/FineArt mit Holzaufhaenger;Fotopapier glaenzend;Fotografische Belichtung / Digitaldruck (Fujifilm);Querformat;Panorama;50x100;Holzleisten-Aufhaengung (oben/unten)
Wandbild;Poster/FineArt mit Holzaufhaenger;Fotopapier glaenzend;Fotografische Belichtung / Digitaldruck (Fujifilm);Querformat;Panorama;60x120;Holzleisten-Aufhaengung (oben/unten)
Wandbild;Poster/FineArt mit Holzaufhaenger;Fotopapier glaenzend;Fotografische Belichtung / Digitaldruck (Fujifilm);Querformat;Panorama;60x180;Holzleisten-Aufhaengung (oben/unten)
Wandbild;Poster/FineArt mit Holzaufhaenger;Fotopapier glaenzend;Fotografische Belichtung / Digitaldruck (Fujifilm);Querformat;Panorama;70x180;Holzleisten-Aufhaengung (oben/unten)
Wandbild;Poster/FineArt mit Holzaufhaenger;Fotopapier matt;Fotografische Belichtung / Digitaldruck (Fujifilm);Hochformat;~2:3;10x15;Holzleisten-Aufhaengung (oben/unten)
Wandbild;Poster/FineArt mit Holzaufhaenger;Fotopapier matt;Fotografische Belichtung / Digitaldruck (Fujifilm);Hochformat;~2:3;10,5x14,8 (A6);Holzleisten-Aufhaengung (oben/unten)
Wandbild;Poster/FineArt mit Holzaufhaenger;Fotopapier matt;Fotografische Belichtung / Digitaldruck (Fujifilm);Hochformat;~2:3;13x18;Holzleisten-Aufhaengung (oben/unten)
Wandbild;Poster/FineArt mit Holzaufhaenger;Fotopapier matt;Fotografische Belichtung / Digitaldruck (Fujifilm);Hochformat;~2:3;13x19;Holzleisten-Aufhaengung (oben/unten)
Wandbild;Poster/FineArt mit Holzaufhaenger;Fotopapier matt;Fotografische Belichtung / Digitaldruck (Fujifilm);Hochformat;~2:3;14,8x21 (A5);Holzleisten-Aufhaengung (oben/unten)
Wandbild;Poster/FineArt mit Holzaufhaenger;Fotopapier matt;Fotografische Belichtung / Digitaldruck (Fujifilm);Hochformat;~2:3;15x21;Holzleisten-Aufhaengung (oben/unten)
Wandbild;Poster/FineArt mit Holzaufhaenger;Fotopapier matt;Fotografische Belichtung / Digitaldruck (Fujifilm);Hochformat;~2:3;15x22;Holzleisten-Aufhaengung (oben/unten)
Wandbild;Poster/FineArt mit Holzaufhaenger;Fotopapier matt;Fotografische Belichtung / Digitaldruck (Fujifilm);Hochformat;~2:3;20x30;Holzleisten-Aufhaengung (oben/unten)
Wandbild;Poster/FineArt mit Holzaufhaenger;Fotopapier matt;Fotografische Belichtung / Digitaldruck (Fujifilm);Hochformat;~2:3;21x29,7 (A4);Holzleisten-Aufhaengung (oben/unten)
Wandbild;Poster/FineArt mit Holzaufhaenger;Fotopapier matt;Fotografische Belichtung / Digitaldruck (Fujifilm);Hochformat;~2:3;21x30 (A4);Holzleisten-Aufhaengung (oben/unten)
Wandbild;Poster/FineArt mit Holzaufhaenger;Fotopapier matt;Fotografische Belichtung / Digitaldruck (Fujifilm);Hochformat;~2:3;29,7x42 (A3);Holzleisten-Aufhaengung (oben/unten)
Wandbild;Poster/FineArt mit Holzaufhaenger;Fotopapier matt;Fotografische Belichtung / Digitaldruck (Fujifilm);Hochformat;~2:3;30x45;Holzleisten-Aufhaengung (oben/unten)
Wandbild;Poster/FineArt mit Holzaufhaenger;Fotopapier matt;Fotografische Belichtung / Digitaldruck (Fujifilm);Hochformat;~2:3;40x60;Holzleisten-Aufhaengung (oben/unten)
Wandbild;Poster/FineArt mit Holzaufhaenger;Fotopapier matt;Fotografische Belichtung / Digitaldruck (Fujifilm);Hochformat;~2:3;42x59,4 (A2);Holzleisten-Aufhaengung (oben/unten)
Wandbild;Poster/FineArt mit Holzaufhaenger;Fotopapier matt;Fotografische Belichtung / Digitaldruck (Fujifilm);Hochformat;~2:3;50x70;Holzleisten-Aufhaengung (oben/unten)
Wandbild;Poster/FineArt mit Holzaufhaenger;Fotopapier matt;Fotografische Belichtung / Digitaldruck (Fujifilm);Hochformat;~2:3;50x75;Holzleisten-Aufhaengung (oben/unten)
Wandbild;Poster/FineArt mit Holzaufhaenger;Fotopapier matt;Fotografische Belichtung / Digitaldruck (Fujifilm);Hochformat;~2:3;59,4x84,1 (A1);Holzleisten-Aufhaengung (oben/unten)
Wandbild;Poster/FineArt mit Holzaufhaenger;Fotopapier matt;Fotografische Belichtung / Digitaldruck (Fujifilm);Hochformat;~2:3;60x90;Holzleisten-Aufhaengung (oben/unten)
Wandbild;Poster/FineArt mit Holzaufhaenger;Fotopapier matt;Fotografische Belichtung / Digitaldruck (Fujifilm);Hochformat;~2:3;70x100;Holzleisten-Aufhaengung (oben/unten)
Wandbild;Poster/FineArt mit Holzaufhaenger;Fotopapier matt;Fotografische Belichtung / Digitaldruck (Fujifilm);Hochformat;~2:3;70x105;Holzleisten-Aufhaengung (oben/unten)
Wandbild;Poster/FineArt mit Holzaufhaenger;Fotopapier matt;Fotografische Belichtung / Digitaldruck (Fujifilm);Hochformat;~3:4;18x24;Holzleisten-Aufhaengung (oben/unten)
Wandbild;Poster/FineArt mit Holzaufhaenger;Fotopapier matt;Fotografische Belichtung / Digitaldruck (Fujifilm);Hochformat;~3:4;30x40;Holzleisten-Aufhaengung (oben/unten)
Wandbild;Poster/FineArt mit Holzaufhaenger;Fotopapier matt;Fotografische Belichtung / Digitaldruck (Fujifilm);Hochformat;~3:4;60x80;Holzleisten-Aufhaengung (oben/unten)
Wandbild;Poster/FineArt mit Holzaufhaenger;Fotopapier matt;Fotografische Belichtung / Digitaldruck (Fujifilm);Hochformat;~3:4;75x100;Holzleisten-Aufhaengung (oben/unten)
Wandbild;Poster/FineArt mit Holzaufhaenger;Fotopapier matt;Fotografische Belichtung / Digitaldruck (Fujifilm);Hochformat;~3:5;70x120;Holzleisten-Aufhaengung (oben/unten)
Wandbild;Poster/FineArt mit Holzaufhaenger;Fotopapier matt;Fotografische Belichtung / Digitaldruck (Fujifilm);Hochformat;~4:5;10x13;Holzleisten-Aufhaengung (oben/unten)
Wandbild;Poster/FineArt mit Holzaufhaenger;Fotopapier matt;Fotografische Belichtung / Digitaldruck (Fujifilm);Hochformat;~4:5;40x50;Holzleisten-Aufhaengung (oben/unten)
Wandbild;Poster/FineArt mit Holzaufhaenger;Fotopapier matt;Fotografische Belichtung / Digitaldruck (Fujifilm);Hochformat;~4:5;70x90;Holzleisten-Aufhaengung (oben/unten)
Wandbild;Poster/FineArt mit Holzaufhaenger;Fotopapier matt;Fotografische Belichtung / Digitaldruck (Fujifilm);Hochformat;~4:5;80x100;Holzleisten-Aufhaengung (oben/unten)
Wandbild;Poster/FineArt mit Holzaufhaenger;Fotopapier matt;Fotografische Belichtung / Digitaldruck (Fujifilm);Hochformat;Quadratisch;15x15;Holzleisten-Aufhaengung (oben/unten)
Wandbild;Poster/FineArt mit Holzaufhaenger;Fotopapier matt;Fotografische Belichtung / Digitaldruck (Fujifilm);Hochformat;Quadratisch;20x20;Holzleisten-Aufhaengung (oben/unten)
Wandbild;Poster/FineArt mit Holzaufhaenger;Fotopapier matt;Fotografische Belichtung / Digitaldruck (Fujifilm);Hochformat;Quadratisch;21x21;Holzleisten-Aufhaengung (oben/unten)
Wandbild;Poster/FineArt mit Holzaufhaenger;Fotopapier matt;Fotografische Belichtung / Digitaldruck (Fujifilm);Hochformat;Quadratisch;30x30;Holzleisten-Aufhaengung (oben/unten)
Wandbild;Poster/FineArt mit Holzaufhaenger;Fotopapier matt;Fotografische Belichtung / Digitaldruck (Fujifilm);Hochformat;Quadratisch;40x40;Holzleisten-Aufhaengung (oben/unten)
Wandbild;Poster/FineArt mit Holzaufhaenger;Fotopapier matt;Fotografische Belichtung / Digitaldruck (Fujifilm);Hochformat;Quadratisch;50x50;Holzleisten-Aufhaengung (oben/unten)
Wandbild;Poster/FineArt mit Holzaufhaenger;Fotopapier matt;Fotografische Belichtung / Digitaldruck (Fujifilm);Hochformat;Quadratisch;60x60;Holzleisten-Aufhaengung (oben/unten)
Wandbild;Poster/FineArt mit Holzaufhaenger;Fotopapier matt;Fotografische Belichtung / Digitaldruck (Fujifilm);Hochformat;Quadratisch;70x70;Holzleisten-Aufhaengung (oben/unten)
Wandbild;Poster/FineArt mit Holzaufhaenger;Fotopapier matt;Fotografische Belichtung / Digitaldruck (Fujifilm);Hochformat;Panorama;10x18;Holzleisten-Aufhaengung (oben/unten)
Wandbild;Poster/FineArt mit Holzaufhaenger;Fotopapier matt;Fotografische Belichtung / Digitaldruck (Fujifilm);Hochformat;Panorama;10x20;Holzleisten-Aufhaengung (oben/unten)
Wandbild;Poster/FineArt mit Holzaufhaenger;Fotopapier matt;Fotografische Belichtung / Digitaldruck (Fujifilm);Hochformat;Panorama;20x40;Holzleisten-Aufhaengung (oben/unten)
Wandbild;Poster/FineArt mit Holzaufhaenger;Fotopapier matt;Fotografische Belichtung / Digitaldruck (Fujifilm);Hochformat;Panorama;20x60;Holzleisten-Aufhaengung (oben/unten)
Wandbild;Poster/FineArt mit Holzaufhaenger;Fotopapier matt;Fotografische Belichtung / Digitaldruck (Fujifilm);Hochformat;Panorama;30x60;Holzleisten-Aufhaengung (oben/unten)
Wandbild;Poster/FineArt mit Holzaufhaenger;Fotopapier matt;Fotografische Belichtung / Digitaldruck (Fujifilm);Hochformat;Panorama;30x90;Holzleisten-Aufhaengung (oben/unten)
Wandbild;Poster/FineArt mit Holzaufhaenger;Fotopapier matt;Fotografische Belichtung / Digitaldruck (Fujifilm);Hochformat;Panorama;40x80;Holzleisten-Aufhaengung (oben/unten)
Wandbild;Poster/FineArt mit Holzaufhaenger;Fotopapier matt;Fotografische Belichtung / Digitaldruck (Fujifilm);Hochformat;Panorama;50x100;Holzleisten-Aufhaengung (oben/unten)
Wandbild;Poster/FineArt mit Holzaufhaenger;Fotopapier matt;Fotografische Belichtung / Digitaldruck (Fujifilm);Hochformat;Panorama;60x120;Holzleisten-Aufhaengung (oben/unten)
Wandbild;Poster/FineArt mit Holzaufhaenger;Fotopapier matt;Fotografische Belichtung / Digitaldruck (Fujifilm);Hochformat;Panorama;60x180;Holzleisten-Aufhaengung (oben/unten)
Wandbild;Poster/FineArt mit Holzaufhaenger;Fotopapier matt;Fotografische Belichtung / Digitaldruck (Fujifilm);Hochformat;Panorama;70x180;Holzleisten-Aufhaengung (oben/unten)
Wandbild;Poster/FineArt mit Holzaufhaenger;Fotopapier matt;Fotografische Belichtung / Digitaldruck (Fujifilm);Querformat;~2:3;10x15;Holzleisten-Aufhaengung (oben/unten)
Wandbild;Poster/FineArt mit Holzaufhaenger;Fotopapier matt;Fotografische Belichtung / Digitaldruck (Fujifilm);Querformat;~2:3;10,5x14,8 (A6);Holzleisten-Aufhaengung (oben/unten)
Wandbild;Poster/FineArt mit Holzaufhaenger;Fotopapier matt;Fotografische Belichtung / Digitaldruck (Fujifilm);Querformat;~2:3;13x18;Holzleisten-Aufhaengung (oben/unten)
Wandbild;Poster/FineArt mit Holzaufhaenger;Fotopapier matt;Fotografische Belichtung / Digitaldruck (Fujifilm);Querformat;~2:3;13x19;Holzleisten-Aufhaengung (oben/unten)
Wandbild;Poster/FineArt mit Holzaufhaenger;Fotopapier matt;Fotografische Belichtung / Digitaldruck (Fujifilm);Querformat;~2:3;14,8x21 (A5);Holzleisten-Aufhaengung (oben/unten)
Wandbild;Poster/FineArt mit Holzaufhaenger;Fotopapier matt;Fotografische Belichtung / Digitaldruck (Fujifilm);Querformat;~2:3;15x21;Holzleisten-Aufhaengung (oben/unten)
Wandbild;Poster/FineArt mit Holzaufhaenger;Fotopapier matt;Fotografische Belichtung / Digitaldruck (Fujifilm);Querformat;~2:3;15x22;Holzleisten-Aufhaengung (oben/unten)
Wandbild;Poster/FineArt mit Holzaufhaenger;Fotopapier matt;Fotografische Belichtung / Digitaldruck (Fujifilm);Querformat;~2:3;20x30;Holzleisten-Aufhaengung (oben/unten)
Wandbild;Poster/FineArt mit Holzaufhaenger;Fotopapier matt;Fotografische Belichtung / Digitaldruck (Fujifilm);Querformat;~2:3;21x29,7 (A4);Holzleisten-Aufhaengung (oben/unten)
Wandbild;Poster/FineArt mit Holzaufhaenger;Fotopapier matt;Fotografische Belichtung / Digitaldruck (Fujifilm);Querformat;~2:3;21x30 (A4);Holzleisten-Aufhaengung (oben/unten)
Wandbild;Poster/FineArt mit Holzaufhaenger;Fotopapier matt;Fotografische Belichtung / Digitaldruck (Fujifilm);Querformat;~2:3;29,7x42 (A3);Holzleisten-Aufhaengung (oben/unten)
Wandbild;Poster/FineArt mit Holzaufhaenger;Fotopapier matt;Fotografische Belichtung / Digitaldruck (Fujifilm);Querformat;~2:3;30x45;Holzleisten-Aufhaengung (oben/unten)
Wandbild;Poster/FineArt mit Holzaufhaenger;Fotopapier matt;Fotografische Belichtung / Digitaldruck (Fujifilm);Querformat;~2:3;40x60;Holzleisten-Aufhaengung (oben/unten)
Wandbild;Poster/FineArt mit Holzaufhaenger;Fotopapier matt;Fotografische Belichtung / Digitaldruck (Fujifilm);Querformat;~2:3;42x59,4 (A2);Holzleisten-Aufhaengung (oben/unten)
Wandbild;Poster/FineArt mit Holzaufhaenger;Fotopapier matt;Fotografische Belichtung / Digitaldruck (Fujifilm);Querformat;~2:3;50x70;Holzleisten-Aufhaengung (oben/unten)
Wandbild;Poster/FineArt mit Holzaufhaenger;Fotopapier matt;Fotografische Belichtung / Digitaldruck (Fujifilm);Querformat;~2:3;50x75;Holzleisten-Aufhaengung (oben/unten)
Wandbild;Poster/FineArt mit Holzaufhaenger;Fotopapier matt;Fotografische Belichtung / Digitaldruck (Fujifilm);Querformat;~2:3;59,4x84,1 (A1);Holzleisten-Aufhaengung (oben/unten)
Wandbild;Poster/FineArt mit Holzaufhaenger;Fotopapier matt;Fotografische Belichtung / Digitaldruck (Fujifilm);Querformat;~2:3;60x90;Holzleisten-Aufhaengung (oben/unten)
Wandbild;Poster/FineArt mit Holzaufhaenger;Fotopapier matt;Fotografische Belichtung / Digitaldruck (Fujifilm);Querformat;~2:3;70x100;Holzleisten-Aufhaengung (oben/unten)
Wandbild;Poster/FineArt mit Holzaufhaenger;Fotopapier matt;Fotografische Belichtung / Digitaldruck (Fujifilm);Querformat;~2:3;70x105;Holzleisten-Aufhaengung (oben/unten)
Wandbild;Poster/FineArt mit Holzaufhaenger;Fotopapier matt;Fotografische Belichtung / Digitaldruck (Fujifilm);Querformat;~3:4;18x24;Holzleisten-Aufhaengung (oben/unten)
Wandbild;Poster/FineArt mit Holzaufhaenger;Fotopapier matt;Fotografische Belichtung / Digitaldruck (Fujifilm);Querformat;~3:4;30x40;Holzleisten-Aufhaengung (oben/unten)
Wandbild;Poster/FineArt mit Holzaufhaenger;Fotopapier matt;Fotografische Belichtung / Digitaldruck (Fujifilm);Querformat;~3:4;60x80;Holzleisten-Aufhaengung (oben/unten)
Wandbild;Poster/FineArt mit Holzaufhaenger;Fotopapier matt;Fotografische Belichtung / Digitaldruck (Fujifilm);Querformat;~3:4;75x100;Holzleisten-Aufhaengung (oben/unten)
Wandbild;Poster/FineArt mit Holzaufhaenger;Fotopapier matt;Fotografische Belichtung / Digitaldruck (Fujifilm);Querformat;~3:5;70x120;Holzleisten-Aufhaengung (oben/unten)
Wandbild;Poster/FineArt mit Holzaufhaenger;Fotopapier matt;Fotografische Belichtung / Digitaldruck (Fujifilm);Querformat;~4:5;10x13;Holzleisten-Aufhaengung (oben/unten)
Wandbild;Poster/FineArt mit Holzaufhaenger;Fotopapier matt;Fotografische Belichtung / Digitaldruck (Fujifilm);Querformat;~4:5;40x50;Holzleisten-Aufhaengung (oben/unten)
Wandbild;Poster/FineArt mit Holzaufhaenger;Fotopapier matt;Fotografische Belichtung / Digitaldruck (Fujifilm);Querformat;~4:5;70x90;Holzleisten-Aufhaengung (oben/unten)
Wandbild;Poster/FineArt mit Holzaufhaenger;Fotopapier matt;Fotografische Belichtung / Digitaldruck (Fujifilm);Querformat;~4:5;80x100;Holzleisten-Aufhaengung (oben/unten)
Wandbild;Poster/FineArt mit Holzaufhaenger;Fotopapier matt;Fotografische Belichtung / Digitaldruck (Fujifilm);Querformat;Quadratisch;15x15;Holzleisten-Aufhaengung (oben/unten)
Wandbild;Poster/FineArt mit Holzaufhaenger;Fotopapier matt;Fotografische Belichtung / Digitaldruck (Fujifilm);Querformat;Quadratisch;20x20;Holzleisten-Aufhaengung (oben/unten)
Wandbild;Poster/FineArt mit Holzaufhaenger;Fotopapier matt;Fotografische Belichtung / Digitaldruck (Fujifilm);Querformat;Quadratisch;21x21;Holzleisten-Aufhaengung (oben/unten)
Wandbild;Poster/FineArt mit Holzaufhaenger;Fotopapier matt;Fotografische Belichtung / Digitaldruck (Fujifilm);Querformat;Quadratisch;30x30;Holzleisten-Aufhaengung (oben/unten)
Wandbild;Poster/FineArt mit Holzaufhaenger;Fotopapier matt;Fotografische Belichtung / Digitaldruck (Fujifilm);Querformat;Quadratisch;40x40;Holzleisten-Aufhaengung (oben/unten)
Wandbild;Poster/FineArt mit Holzaufhaenger;Fotopapier matt;Fotografische Belichtung / Digitaldruck (Fujifilm);Querformat;Quadratisch;50x50;Holzleisten-Aufhaengung (oben/unten)
Wandbild;Poster/FineArt mit Holzaufhaenger;Fotopapier matt;Fotografische Belichtung / Digitaldruck (Fujifilm);Querformat;Quadratisch;60x60;Holzleisten-Aufhaengung (oben/unten)
Wandbild;Poster/FineArt mit Holzaufhaenger;Fotopapier matt;Fotografische Belichtung / Digitaldruck (Fujifilm);Querformat;Quadratisch;70x70;Holzleisten-Aufhaengung (oben/unten)
Wandbild;Poster/FineArt mit Holzaufhaenger;Fotopapier matt;Fotografische Belichtung / Digitaldruck (Fujifilm);Querformat;Panorama;10x18;Holzleisten-Aufhaengung (oben/unten)
Wandbild;Poster/FineArt mit Holzaufhaenger;Fotopapier matt;Fotografische Belichtung / Digitaldruck (Fujifilm);Querformat;Panorama;10x20;Holzleisten-Aufhaengung (oben/unten)
Wandbild;Poster/FineArt mit Holzaufhaenger;Fotopapier matt;Fotografische Belichtung / Digitaldruck (Fujifilm);Querformat;Panorama;20x40;Holzleisten-Aufhaengung (oben/unten)
Wandbild;Poster/FineArt mit Holzaufhaenger;Fotopapier matt;Fotografische Belichtung / Digitaldruck (Fujifilm);Querformat;Panorama;20x60;Holzleisten-Aufhaengung (oben/unten)
Wandbild;Poster/FineArt mit Holzaufhaenger;Fotopapier matt;Fotografische Belichtung / Digitaldruck (Fujifilm);Querformat;Panorama;30x60;Holzleisten-Aufhaengung (oben/unten)
Wandbild;Poster/FineArt mit Holzaufhaenger;Fotopapier matt;Fotografische Belichtung / Digitaldruck (Fujifilm);Querformat;Panorama;30x90;Holzleisten-Aufhaengung (oben/unten)
Wandbild;Poster/FineArt mit Holzaufhaenger;Fotopapier matt;Fotografische Belichtung / Digitaldruck (Fujifilm);Querformat;Panorama;40x80;Holzleisten-Aufhaengung (oben/unten)
Wandbild;Poster/FineArt mit Holzaufhaenger;Fotopapier matt;Fotografische Belichtung / Digitaldruck (Fujifilm);Querformat;Panorama;50x100;Holzleisten-Aufhaengung (oben/unten)
Wandbild;Poster/FineArt mit Holzaufhaenger;Fotopapier matt;Fotografische Belichtung / Digitaldruck (Fujifilm);Querformat;Panorama;60x120;Holzleisten-Aufhaengung (oben/unten)
Wandbild;Poster/FineArt mit Holzaufhaenger;Fotopapier matt;Fotografische Belichtung / Digitaldruck (Fujifilm);Querformat;Panorama;60x180;Holzleisten-Aufhaengung (oben/unten)
Wandbild;Poster/FineArt mit Holzaufhaenger;Fotopapier matt;Fotografische Belichtung / Digitaldruck (Fujifilm);Querformat;Panorama;70x180;Holzleisten-Aufhaengung (oben/unten)
Wandbild;Schallschutz-Leinwand;Akustik-/Schallschutz-Leinwand;Latex-/Digitaldruck;Hochformat;diverse;40x60;Aufhaengung/Rahmen: ohne
Wandbild;Schallschutz-Leinwand;Akustik-/Schallschutz-Leinwand;Latex-/Digitaldruck;Hochformat;diverse;50x75;Aufhaengung/Rahmen: ohne
Wandbild;Schallschutz-Leinwand;Akustik-/Schallschutz-Leinwand;Latex-/Digitaldruck;Hochformat;diverse;60x80;Aufhaengung/Rahmen: ohne
Wandbild;Schallschutz-Leinwand;Akustik-/Schallschutz-Leinwand;Latex-/Digitaldruck;Hochformat;diverse;80x120;Aufhaengung/Rahmen: ohne
Wandbild;Schallschutz-Leinwand;Akustik-/Schallschutz-Leinwand;Latex-/Digitaldruck;Querformat;diverse;40x60;Aufhaengung/Rahmen: ohne
Wandbild;Schallschutz-Leinwand;Akustik-/Schallschutz-Leinwand;Latex-/Digitaldruck;Querformat;diverse;50x75;Aufhaengung/Rahmen: ohne
Wandbild;Schallschutz-Leinwand;Akustik-/Schallschutz-Leinwand;Latex-/Digitaldruck;Querformat;diverse;60x80;Aufhaengung/Rahmen: ohne
Wandbild;Schallschutz-Leinwand;Akustik-/Schallschutz-Leinwand;Latex-/Digitaldruck;Querformat;diverse;80x120;Aufhaengung/Rahmen: ohne
Wandbild;Schattenfugenrahmen;Fotoleinwand im Schattenfugenrahmen;Latex-/Digitaldruck HD (Standard);Hochformat;~2:3;20x30;Rahmenfarbe waehlbar (Holz/Schwarz/Weiss, je nach Variante)
Wandbild;Schattenfugenrahmen;Fotoleinwand im Schattenfugenrahmen;Latex-/Digitaldruck HD (Standard);Hochformat;~2:3;30x45;Rahmenfarbe waehlbar (Holz/Schwarz/Weiss, je nach Variante)
Wandbild;Schattenfugenrahmen;Fotoleinwand im Schattenfugenrahmen;Latex-/Digitaldruck HD (Standard);Hochformat;~2:3;40x60;Rahmenfarbe waehlbar (Holz/Schwarz/Weiss, je nach Variante)
Wandbild;Schattenfugenrahmen;Fotoleinwand im Schattenfugenrahmen;Latex-/Digitaldruck HD (Standard);Hochformat;~2:3;50x70;Rahmenfarbe waehlbar (Holz/Schwarz/Weiss, je nach Variante)
Wandbild;Schattenfugenrahmen;Fotoleinwand im Schattenfugenrahmen;Latex-/Digitaldruck HD (Standard);Hochformat;~2:3;50x75;Rahmenfarbe waehlbar (Holz/Schwarz/Weiss, je nach Variante)
Wandbild;Schattenfugenrahmen;Fotoleinwand im Schattenfugenrahmen;Latex-/Digitaldruck HD (Standard);Hochformat;~2:3;60x90;Rahmenfarbe waehlbar (Holz/Schwarz/Weiss, je nach Variante)
Wandbild;Schattenfugenrahmen;Fotoleinwand im Schattenfugenrahmen;Latex-/Digitaldruck HD (Standard);Hochformat;~2:3;80x120;Rahmenfarbe waehlbar (Holz/Schwarz/Weiss, je nach Variante)
Wandbild;Schattenfugenrahmen;Fotoleinwand im Schattenfugenrahmen;Latex-/Digitaldruck HD (Standard);Hochformat;~3:4;30x40;Rahmenfarbe waehlbar (Holz/Schwarz/Weiss, je nach Variante)
Wandbild;Schattenfugenrahmen;Fotoleinwand im Schattenfugenrahmen;Latex-/Digitaldruck HD (Standard);Hochformat;~3:4;45x60;Rahmenfarbe waehlbar (Holz/Schwarz/Weiss, je nach Variante)
Wandbild;Schattenfugenrahmen;Fotoleinwand im Schattenfugenrahmen;Latex-/Digitaldruck HD (Standard);Hochformat;~3:4;60x80;Rahmenfarbe waehlbar (Holz/Schwarz/Weiss, je nach Variante)
Wandbild;Schattenfugenrahmen;Fotoleinwand im Schattenfugenrahmen;Latex-/Digitaldruck HD (Standard);Hochformat;~3:4;75x100;Rahmenfarbe waehlbar (Holz/Schwarz/Weiss, je nach Variante)
Wandbild;Schattenfugenrahmen;Fotoleinwand im Schattenfugenrahmen;Latex-/Digitaldruck HD (Standard);Hochformat;~3:5;30x50;Rahmenfarbe waehlbar (Holz/Schwarz/Weiss, je nach Variante)
Wandbild;Schattenfugenrahmen;Fotoleinwand im Schattenfugenrahmen;Latex-/Digitaldruck HD (Standard);Hochformat;~3:5;40x70;Rahmenfarbe waehlbar (Holz/Schwarz/Weiss, je nach Variante)
Wandbild;Schattenfugenrahmen;Fotoleinwand im Schattenfugenrahmen;Latex-/Digitaldruck HD (Standard);Hochformat;~3:5;70x120;Rahmenfarbe waehlbar (Holz/Schwarz/Weiss, je nach Variante)
Wandbild;Schattenfugenrahmen;Fotoleinwand im Schattenfugenrahmen;Latex-/Digitaldruck HD (Standard);Hochformat;~4:5;40x50;Rahmenfarbe waehlbar (Holz/Schwarz/Weiss, je nach Variante)
Wandbild;Schattenfugenrahmen;Fotoleinwand im Schattenfugenrahmen;Latex-/Digitaldruck HD (Standard);Hochformat;~4:5;80x100;Rahmenfarbe waehlbar (Holz/Schwarz/Weiss, je nach Variante)
Wandbild;Schattenfugenrahmen;Fotoleinwand im Schattenfugenrahmen;Latex-/Digitaldruck HD (Standard);Hochformat;Quadratisch;20x20;Rahmenfarbe waehlbar (Holz/Schwarz/Weiss, je nach Variante)
Wandbild;Schattenfugenrahmen;Fotoleinwand im Schattenfugenrahmen;Latex-/Digitaldruck HD (Standard);Hochformat;Quadratisch;30x30;Rahmenfarbe waehlbar (Holz/Schwarz/Weiss, je nach Variante)
Wandbild;Schattenfugenrahmen;Fotoleinwand im Schattenfugenrahmen;Latex-/Digitaldruck HD (Standard);Hochformat;Quadratisch;40x40;Rahmenfarbe waehlbar (Holz/Schwarz/Weiss, je nach Variante)
Wandbild;Schattenfugenrahmen;Fotoleinwand im Schattenfugenrahmen;Latex-/Digitaldruck HD (Standard);Hochformat;Quadratisch;50x50;Rahmenfarbe waehlbar (Holz/Schwarz/Weiss, je nach Variante)
Wandbild;Schattenfugenrahmen;Fotoleinwand im Schattenfugenrahmen;Latex-/Digitaldruck HD (Standard);Hochformat;Quadratisch;60x60;Rahmenfarbe waehlbar (Holz/Schwarz/Weiss, je nach Variante)
Wandbild;Schattenfugenrahmen;Fotoleinwand im Schattenfugenrahmen;Latex-/Digitaldruck HD (Standard);Hochformat;Quadratisch;70x70;Rahmenfarbe waehlbar (Holz/Schwarz/Weiss, je nach Variante)
Wandbild;Schattenfugenrahmen;Fotoleinwand im Schattenfugenrahmen;Latex-/Digitaldruck HD (Standard);Hochformat;Quadratisch;75x75;Rahmenfarbe waehlbar (Holz/Schwarz/Weiss, je nach Variante)
Wandbild;Schattenfugenrahmen;Fotoleinwand im Schattenfugenrahmen;Latex-/Digitaldruck HD (Standard);Hochformat;Quadratisch;80x80;Rahmenfarbe waehlbar (Holz/Schwarz/Weiss, je nach Variante)
Wandbild;Schattenfugenrahmen;Fotoleinwand im Schattenfugenrahmen;Latex-/Digitaldruck HD (Standard);Hochformat;Panorama;20x40;Rahmenfarbe waehlbar (Holz/Schwarz/Weiss, je nach Variante)
Wandbild;Schattenfugenrahmen;Fotoleinwand im Schattenfugenrahmen;Latex-/Digitaldruck HD (Standard);Hochformat;Panorama;20x60;Rahmenfarbe waehlbar (Holz/Schwarz/Weiss, je nach Variante)
Wandbild;Schattenfugenrahmen;Fotoleinwand im Schattenfugenrahmen;Latex-/Digitaldruck HD (Standard);Hochformat;Panorama;20x80;Rahmenfarbe waehlbar (Holz/Schwarz/Weiss, je nach Variante)
Wandbild;Schattenfugenrahmen;Fotoleinwand im Schattenfugenrahmen;Latex-/Digitaldruck HD (Standard);Hochformat;Panorama;30x60;Rahmenfarbe waehlbar (Holz/Schwarz/Weiss, je nach Variante)
Wandbild;Schattenfugenrahmen;Fotoleinwand im Schattenfugenrahmen;Latex-/Digitaldruck HD (Standard);Hochformat;Panorama;30x90;Rahmenfarbe waehlbar (Holz/Schwarz/Weiss, je nach Variante)
Wandbild;Schattenfugenrahmen;Fotoleinwand im Schattenfugenrahmen;Latex-/Digitaldruck HD (Standard);Hochformat;Panorama;30x120;Rahmenfarbe waehlbar (Holz/Schwarz/Weiss, je nach Variante)
Wandbild;Schattenfugenrahmen;Fotoleinwand im Schattenfugenrahmen;Latex-/Digitaldruck HD (Standard);Hochformat;Panorama;40x80;Rahmenfarbe waehlbar (Holz/Schwarz/Weiss, je nach Variante)
Wandbild;Schattenfugenrahmen;Fotoleinwand im Schattenfugenrahmen;Latex-/Digitaldruck HD (Standard);Hochformat;Panorama;40x120;Rahmenfarbe waehlbar (Holz/Schwarz/Weiss, je nach Variante)
Wandbild;Schattenfugenrahmen;Fotoleinwand im Schattenfugenrahmen;Latex-/Digitaldruck HD (Standard);Hochformat;Panorama;50x100;Rahmenfarbe waehlbar (Holz/Schwarz/Weiss, je nach Variante)
Wandbild;Schattenfugenrahmen;Fotoleinwand im Schattenfugenrahmen;Latex-/Digitaldruck HD (Standard);Hochformat;Panorama;50x120;Rahmenfarbe waehlbar (Holz/Schwarz/Weiss, je nach Variante)
Wandbild;Schattenfugenrahmen;Fotoleinwand im Schattenfugenrahmen;Latex-/Digitaldruck HD (Standard);Hochformat;Panorama;60x120;Rahmenfarbe waehlbar (Holz/Schwarz/Weiss, je nach Variante)
Wandbild;Schattenfugenrahmen;Fotoleinwand im Schattenfugenrahmen;Latex-/Digitaldruck HD (Standard);Querformat;~2:3;20x30;Rahmenfarbe waehlbar (Holz/Schwarz/Weiss, je nach Variante)
Wandbild;Schattenfugenrahmen;Fotoleinwand im Schattenfugenrahmen;Latex-/Digitaldruck HD (Standard);Querformat;~2:3;30x45;Rahmenfarbe waehlbar (Holz/Schwarz/Weiss, je nach Variante)
Wandbild;Schattenfugenrahmen;Fotoleinwand im Schattenfugenrahmen;Latex-/Digitaldruck HD (Standard);Querformat;~2:3;40x60;Rahmenfarbe waehlbar (Holz/Schwarz/Weiss, je nach Variante)
Wandbild;Schattenfugenrahmen;Fotoleinwand im Schattenfugenrahmen;Latex-/Digitaldruck HD (Standard);Querformat;~2:3;50x70;Rahmenfarbe waehlbar (Holz/Schwarz/Weiss, je nach Variante)
Wandbild;Schattenfugenrahmen;Fotoleinwand im Schattenfugenrahmen;Latex-/Digitaldruck HD (Standard);Querformat;~2:3;50x75;Rahmenfarbe waehlbar (Holz/Schwarz/Weiss, je nach Variante)
Wandbild;Schattenfugenrahmen;Fotoleinwand im Schattenfugenrahmen;Latex-/Digitaldruck HD (Standard);Querformat;~2:3;60x90;Rahmenfarbe waehlbar (Holz/Schwarz/Weiss, je nach Variante)
Wandbild;Schattenfugenrahmen;Fotoleinwand im Schattenfugenrahmen;Latex-/Digitaldruck HD (Standard);Querformat;~2:3;80x120;Rahmenfarbe waehlbar (Holz/Schwarz/Weiss, je nach Variante)
Wandbild;Schattenfugenrahmen;Fotoleinwand im Schattenfugenrahmen;Latex-/Digitaldruck HD (Standard);Querformat;~3:4;30x40;Rahmenfarbe waehlbar (Holz/Schwarz/Weiss, je nach Variante)
Wandbild;Schattenfugenrahmen;Fotoleinwand im Schattenfugenrahmen;Latex-/Digitaldruck HD (Standard);Querformat;~3:4;45x60;Rahmenfarbe waehlbar (Holz/Schwarz/Weiss, je nach Variante)
Wandbild;Schattenfugenrahmen;Fotoleinwand im Schattenfugenrahmen;Latex-/Digitaldruck HD (Standard);Querformat;~3:4;60x80;Rahmenfarbe waehlbar (Holz/Schwarz/Weiss, je nach Variante)
Wandbild;Schattenfugenrahmen;Fotoleinwand im Schattenfugenrahmen;Latex-/Digitaldruck HD (Standard);Querformat;~3:4;75x100;Rahmenfarbe waehlbar (Holz/Schwarz/Weiss, je nach Variante)
Wandbild;Schattenfugenrahmen;Fotoleinwand im Schattenfugenrahmen;Latex-/Digitaldruck HD (Standard);Querformat;~3:5;30x50;Rahmenfarbe waehlbar (Holz/Schwarz/Weiss, je nach Variante)
Wandbild;Schattenfugenrahmen;Fotoleinwand im Schattenfugenrahmen;Latex-/Digitaldruck HD (Standard);Querformat;~3:5;40x70;Rahmenfarbe waehlbar (Holz/Schwarz/Weiss, je nach Variante)
Wandbild;Schattenfugenrahmen;Fotoleinwand im Schattenfugenrahmen;Latex-/Digitaldruck HD (Standard);Querformat;~3:5;70x120;Rahmenfarbe waehlbar (Holz/Schwarz/Weiss, je nach Variante)
Wandbild;Schattenfugenrahmen;Fotoleinwand im Schattenfugenrahmen;Latex-/Digitaldruck HD (Standard);Querformat;~4:5;40x50;Rahmenfarbe waehlbar (Holz/Schwarz/Weiss, je nach Variante)
Wandbild;Schattenfugenrahmen;Fotoleinwand im Schattenfugenrahmen;Latex-/Digitaldruck HD (Standard);Querformat;~4:5;80x100;Rahmenfarbe waehlbar (Holz/Schwarz/Weiss, je nach Variante)
Wandbild;Schattenfugenrahmen;Fotoleinwand im Schattenfugenrahmen;Latex-/Digitaldruck HD (Standard);Querformat;Quadratisch;20x20;Rahmenfarbe waehlbar (Holz/Schwarz/Weiss, je nach Variante)
Wandbild;Schattenfugenrahmen;Fotoleinwand im Schattenfugenrahmen;Latex-/Digitaldruck HD (Standard);Querformat;Quadratisch;30x30;Rahmenfarbe waehlbar (Holz/Schwarz/Weiss, je nach Variante)
Wandbild;Schattenfugenrahmen;Fotoleinwand im Schattenfugenrahmen;Latex-/Digitaldruck HD (Standard);Querformat;Quadratisch;40x40;Rahmenfarbe waehlbar (Holz/Schwarz/Weiss, je nach Variante)
Wandbild;Schattenfugenrahmen;Fotoleinwand im Schattenfugenrahmen;Latex-/Digitaldruck HD (Standard);Querformat;Quadratisch;50x50;Rahmenfarbe waehlbar (Holz/Schwarz/Weiss, je nach Variante)
Wandbild;Schattenfugenrahmen;Fotoleinwand im Schattenfugenrahmen;Latex-/Digitaldruck HD (Standard);Querformat;Quadratisch;60x60;Rahmenfarbe waehlbar (Holz/Schwarz/Weiss, je nach Variante)
Wandbild;Schattenfugenrahmen;Fotoleinwand im Schattenfugenrahmen;Latex-/Digitaldruck HD (Standard);Querformat;Quadratisch;70x70;Rahmenfarbe waehlbar (Holz/Schwarz/Weiss, je nach Variante)
Wandbild;Schattenfugenrahmen;Fotoleinwand im Schattenfugenrahmen;Latex-/Digitaldruck HD (Standard);Querformat;Quadratisch;75x75;Rahmenfarbe waehlbar (Holz/Schwarz/Weiss, je nach Variante)
Wandbild;Schattenfugenrahmen;Fotoleinwand im Schattenfugenrahmen;Latex-/Digitaldruck HD (Standard);Querformat;Quadratisch;80x80;Rahmenfarbe waehlbar (Holz/Schwarz/Weiss, je nach Variante)
Wandbild;Schattenfugenrahmen;Fotoleinwand im Schattenfugenrahmen;Latex-/Digitaldruck HD (Standard);Querformat;Panorama;20x40;Rahmenfarbe waehlbar (Holz/Schwarz/Weiss, je nach Variante)
Wandbild;Schattenfugenrahmen;Fotoleinwand im Schattenfugenrahmen;Latex-/Digitaldruck HD (Standard);Querformat;Panorama;20x60;Rahmenfarbe waehlbar (Holz/Schwarz/Weiss, je nach Variante)
Wandbild;Schattenfugenrahmen;Fotoleinwand im Schattenfugenrahmen;Latex-/Digitaldruck HD (Standard);Querformat;Panorama;20x80;Rahmenfarbe waehlbar (Holz/Schwarz/Weiss, je nach Variante)
Wandbild;Schattenfugenrahmen;Fotoleinwand im Schattenfugenrahmen;Latex-/Digitaldruck HD (Standard);Querformat;Panorama;30x60;Rahmenfarbe waehlbar (Holz/Schwarz/Weiss, je nach Variante)
Wandbild;Schattenfugenrahmen;Fotoleinwand im Schattenfugenrahmen;Latex-/Digitaldruck HD (Standard);Querformat;Panorama;30x90;Rahmenfarbe waehlbar (Holz/Schwarz/Weiss, je nach Variante)
Wandbild;Schattenfugenrahmen;Fotoleinwand im Schattenfugenrahmen;Latex-/Digitaldruck HD (Standard);Querformat;Panorama;30x120;Rahmenfarbe waehlbar (Holz/Schwarz/Weiss, je nach Variante)
Wandbild;Schattenfugenrahmen;Fotoleinwand im Schattenfugenrahmen;Latex-/Digitaldruck HD (Standard);Querformat;Panorama;40x80;Rahmenfarbe waehlbar (Holz/Schwarz/Weiss, je nach Variante)
Wandbild;Schattenfugenrahmen;Fotoleinwand im Schattenfugenrahmen;Latex-/Digitaldruck HD (Standard);Querformat;Panorama;40x120;Rahmenfarbe waehlbar (Holz/Schwarz/Weiss, je nach Variante)
Wandbild;Schattenfugenrahmen;Fotoleinwand im Schattenfugenrahmen;Latex-/Digitaldruck HD (Standard);Querformat;Panorama;50x100;Rahmenfarbe waehlbar (Holz/Schwarz/Weiss, je nach Variante)
Wandbild;Schattenfugenrahmen;Fotoleinwand im Schattenfugenrahmen;Latex-/Digitaldruck HD (Standard);Querformat;Panorama;50x120;Rahmenfarbe waehlbar (Holz/Schwarz/Weiss, je nach Variante)
Wandbild;Schattenfugenrahmen;Fotoleinwand im Schattenfugenrahmen;Latex-/Digitaldruck HD (Standard);Querformat;Panorama;60x120;Rahmenfarbe waehlbar (Holz/Schwarz/Weiss, je nach Variante)
Wandbild;Squares;Hartschaumplatte 5mm;Direktdruck HD;Hochformat/Querformat;Quadratisch;20x20;"Aufhaengung: Magnet-Aufhaengung; Form: Quadrat"
Wandbild;Squares;Hartschaumplatte 5mm;Direktdruck HD;Hochformat/Querformat;Quadratisch;30x30;"Aufhaengung: Magnet-Aufhaengung; Form: Quadrat"
Wandbild;Wandbild im Alu-Rahmen;Acryl;Direktdruck;Hochformat;diverse;20x20;Rahmenfarbe waehlbar: schwarz, gebuerstetes Gold, gebuerstetes Silber, grau, silber, weiss
Wandbild;Wandbild im Alu-Rahmen;Acryl;Direktdruck;Hochformat;diverse;20x30;Rahmenfarbe waehlbar: schwarz, gebuerstetes Gold, gebuerstetes Silber, grau, silber, weiss
Wandbild;Wandbild im Alu-Rahmen;Acryl;Direktdruck;Hochformat;diverse;30x30;Rahmenfarbe waehlbar: schwarz, gebuerstetes Gold, gebuerstetes Silber, grau, silber, weiss
Wandbild;Wandbild im Alu-Rahmen;Acryl;Direktdruck;Hochformat;diverse;30x45;Rahmenfarbe waehlbar: schwarz, gebuerstetes Gold, gebuerstetes Silber, grau, silber, weiss
Wandbild;Wandbild im Alu-Rahmen;Acryl;Direktdruck;Hochformat;diverse;40x40;Rahmenfarbe waehlbar: schwarz, gebuerstetes Gold, gebuerstetes Silber, grau, silber, weiss
Wandbild;Wandbild im Alu-Rahmen;Acryl;Direktdruck;Hochformat;diverse;40x60;Rahmenfarbe waehlbar: schwarz, gebuerstetes Gold, gebuerstetes Silber, grau, silber, weiss
Wandbild;Wandbild im Alu-Rahmen;Acryl;Direktdruck;Hochformat;diverse;60x60;Rahmenfarbe waehlbar: schwarz, gebuerstetes Gold, gebuerstetes Silber, grau, silber, weiss
Wandbild;Wandbild im Alu-Rahmen;Acryl;Direktdruck;Querformat;diverse;20x20;Rahmenfarbe waehlbar: schwarz, gebuerstetes Gold, gebuerstetes Silber, grau, silber, weiss
Wandbild;Wandbild im Alu-Rahmen;Acryl;Direktdruck;Querformat;diverse;20x30;Rahmenfarbe waehlbar: schwarz, gebuerstetes Gold, gebuerstetes Silber, grau, silber, weiss
Wandbild;Wandbild im Alu-Rahmen;Acryl;Direktdruck;Querformat;diverse;30x30;Rahmenfarbe waehlbar: schwarz, gebuerstetes Gold, gebuerstetes Silber, grau, silber, weiss
Wandbild;Wandbild im Alu-Rahmen;Acryl;Direktdruck;Querformat;diverse;30x45;Rahmenfarbe waehlbar: schwarz, gebuerstetes Gold, gebuerstetes Silber, grau, silber, weiss
Wandbild;Wandbild im Alu-Rahmen;Acryl;Direktdruck;Querformat;diverse;40x40;Rahmenfarbe waehlbar: schwarz, gebuerstetes Gold, gebuerstetes Silber, grau, silber, weiss
Wandbild;Wandbild im Alu-Rahmen;Acryl;Direktdruck;Querformat;diverse;40x60;Rahmenfarbe waehlbar: schwarz, gebuerstetes Gold, gebuerstetes Silber, grau, silber, weiss
Wandbild;Wandbild im Alu-Rahmen;Acryl;Direktdruck;Querformat;diverse;60x60;Rahmenfarbe waehlbar: schwarz, gebuerstetes Gold, gebuerstetes Silber, grau, silber, weiss
Wandbild;Wandbild im Alu-Rahmen;Alu-Verbund;Direktdruck;Hochformat;diverse;20x20;Rahmenfarbe waehlbar: schwarz, gebuerstetes Gold, gebuerstetes Silber, grau, silber, weiss
Wandbild;Wandbild im Alu-Rahmen;Alu-Verbund;Direktdruck;Hochformat;diverse;20x30;Rahmenfarbe waehlbar: schwarz, gebuerstetes Gold, gebuerstetes Silber, grau, silber, weiss
Wandbild;Wandbild im Alu-Rahmen;Alu-Verbund;Direktdruck;Hochformat;diverse;30x30;Rahmenfarbe waehlbar: schwarz, gebuerstetes Gold, gebuerstetes Silber, grau, silber, weiss
Wandbild;Wandbild im Alu-Rahmen;Alu-Verbund;Direktdruck;Hochformat;diverse;30x45;Rahmenfarbe waehlbar: schwarz, gebuerstetes Gold, gebuerstetes Silber, grau, silber, weiss
Wandbild;Wandbild im Alu-Rahmen;Alu-Verbund;Direktdruck;Hochformat;diverse;40x40;Rahmenfarbe waehlbar: schwarz, gebuerstetes Gold, gebuerstetes Silber, grau, silber, weiss
Wandbild;Wandbild im Alu-Rahmen;Alu-Verbund;Direktdruck;Hochformat;diverse;40x60;Rahmenfarbe waehlbar: schwarz, gebuerstetes Gold, gebuerstetes Silber, grau, silber, weiss
Wandbild;Wandbild im Alu-Rahmen;Alu-Verbund;Direktdruck;Hochformat;diverse;60x60;Rahmenfarbe waehlbar: schwarz, gebuerstetes Gold, gebuerstetes Silber, grau, silber, weiss
Wandbild;Wandbild im Alu-Rahmen;Alu-Verbund;Direktdruck;Querformat;diverse;20x20;Rahmenfarbe waehlbar: schwarz, gebuerstetes Gold, gebuerstetes Silber, grau, silber, weiss
Wandbild;Wandbild im Alu-Rahmen;Alu-Verbund;Direktdruck;Querformat;diverse;20x30;Rahmenfarbe waehlbar: schwarz, gebuerstetes Gold, gebuerstetes Silber, grau, silber, weiss
Wandbild;Wandbild im Alu-Rahmen;Alu-Verbund;Direktdruck;Querformat;diverse;30x30;Rahmenfarbe waehlbar: schwarz, gebuerstetes Gold, gebuerstetes Silber, grau, silber, weiss
Wandbild;Wandbild im Alu-Rahmen;Alu-Verbund;Direktdruck;Querformat;diverse;30x45;Rahmenfarbe waehlbar: schwarz, gebuerstetes Gold, gebuerstetes Silber, grau, silber, weiss
Wandbild;Wandbild im Alu-Rahmen;Alu-Verbund;Direktdruck;Querformat;diverse;40x40;Rahmenfarbe waehlbar: schwarz, gebuerstetes Gold, gebuerstetes Silber, grau, silber, weiss
Wandbild;Wandbild im Alu-Rahmen;Alu-Verbund;Direktdruck;Querformat;diverse;40x60;Rahmenfarbe waehlbar: schwarz, gebuerstetes Gold, gebuerstetes Silber, grau, silber, weiss
Wandbild;Wandbild im Alu-Rahmen;Alu-Verbund;Direktdruck;Querformat;diverse;60x60;Rahmenfarbe waehlbar: schwarz, gebuerstetes Gold, gebuerstetes Silber, grau, silber, weiss
Wandbild;Wandbild im Alu-Rahmen;Hahnemuehle Bamboo Natural Line;FineArt-Inkjetdruck (Hahnemuehle);Hochformat;diverse;20x20;Rahmenfarbe waehlbar: schwarz, gebuerstetes Gold, gebuerstetes Silber, grau, silber, weiss
Wandbild;Wandbild im Alu-Rahmen;Hahnemuehle Bamboo Natural Line;FineArt-Inkjetdruck (Hahnemuehle);Hochformat;diverse;20x30;Rahmenfarbe waehlbar: schwarz, gebuerstetes Gold, gebuerstetes Silber, grau, silber, weiss
Wandbild;Wandbild im Alu-Rahmen;Hahnemuehle Bamboo Natural Line;FineArt-Inkjetdruck (Hahnemuehle);Hochformat;diverse;30x30;Rahmenfarbe waehlbar: schwarz, gebuerstetes Gold, gebuerstetes Silber, grau, silber, weiss
Wandbild;Wandbild im Alu-Rahmen;Hahnemuehle Bamboo Natural Line;FineArt-Inkjetdruck (Hahnemuehle);Hochformat;diverse;30x45;Rahmenfarbe waehlbar: schwarz, gebuerstetes Gold, gebuerstetes Silber, grau, silber, weiss
Wandbild;Wandbild im Alu-Rahmen;Hahnemuehle Bamboo Natural Line;FineArt-Inkjetdruck (Hahnemuehle);Hochformat;diverse;40x40;Rahmenfarbe waehlbar: schwarz, gebuerstetes Gold, gebuerstetes Silber, grau, silber, weiss
Wandbild;Wandbild im Alu-Rahmen;Hahnemuehle Bamboo Natural Line;FineArt-Inkjetdruck (Hahnemuehle);Hochformat;diverse;40x60;Rahmenfarbe waehlbar: schwarz, gebuerstetes Gold, gebuerstetes Silber, grau, silber, weiss
Wandbild;Wandbild im Alu-Rahmen;Hahnemuehle Bamboo Natural Line;FineArt-Inkjetdruck (Hahnemuehle);Hochformat;diverse;60x60;Rahmenfarbe waehlbar: schwarz, gebuerstetes Gold, gebuerstetes Silber, grau, silber, weiss
Wandbild;Wandbild im Alu-Rahmen;Hahnemuehle Bamboo Natural Line;FineArt-Inkjetdruck (Hahnemuehle);Querformat;diverse;20x20;Rahmenfarbe waehlbar: schwarz, gebuerstetes Gold, gebuerstetes Silber, grau, silber, weiss
Wandbild;Wandbild im Alu-Rahmen;Hahnemuehle Bamboo Natural Line;FineArt-Inkjetdruck (Hahnemuehle);Querformat;diverse;20x30;Rahmenfarbe waehlbar: schwarz, gebuerstetes Gold, gebuerstetes Silber, grau, silber, weiss
Wandbild;Wandbild im Alu-Rahmen;Hahnemuehle Bamboo Natural Line;FineArt-Inkjetdruck (Hahnemuehle);Querformat;diverse;30x30;Rahmenfarbe waehlbar: schwarz, gebuerstetes Gold, gebuerstetes Silber, grau, silber, weiss
Wandbild;Wandbild im Alu-Rahmen;Hahnemuehle Bamboo Natural Line;FineArt-Inkjetdruck (Hahnemuehle);Querformat;diverse;30x45;Rahmenfarbe waehlbar: schwarz, gebuerstetes Gold, gebuerstetes Silber, grau, silber, weiss
Wandbild;Wandbild im Alu-Rahmen;Hahnemuehle Bamboo Natural Line;FineArt-Inkjetdruck (Hahnemuehle);Querformat;diverse;40x40;Rahmenfarbe waehlbar: schwarz, gebuerstetes Gold, gebuerstetes Silber, grau, silber, weiss
Wandbild;Wandbild im Alu-Rahmen;Hahnemuehle Bamboo Natural Line;FineArt-Inkjetdruck (Hahnemuehle);Querformat;diverse;40x60;Rahmenfarbe waehlbar: schwarz, gebuerstetes Gold, gebuerstetes Silber, grau, silber, weiss
Wandbild;Wandbild im Alu-Rahmen;Hahnemuehle Bamboo Natural Line;FineArt-Inkjetdruck (Hahnemuehle);Querformat;diverse;60x60;Rahmenfarbe waehlbar: schwarz, gebuerstetes Gold, gebuerstetes Silber, grau, silber, weiss
Wandbild;Wandbild im Alu-Rahmen;Hahnemuehle Baryta;FineArt-Inkjetdruck (Hahnemuehle);Hochformat;diverse;20x20;Rahmenfarbe waehlbar: schwarz, gebuerstetes Gold, gebuerstetes Silber, grau, silber, weiss
Wandbild;Wandbild im Alu-Rahmen;Hahnemuehle Baryta;FineArt-Inkjetdruck (Hahnemuehle);Hochformat;diverse;20x30;Rahmenfarbe waehlbar: schwarz, gebuerstetes Gold, gebuerstetes Silber, grau, silber, weiss
Wandbild;Wandbild im Alu-Rahmen;Hahnemuehle Baryta;FineArt-Inkjetdruck (Hahnemuehle);Hochformat;diverse;30x30;Rahmenfarbe waehlbar: schwarz, gebuerstetes Gold, gebuerstetes Silber, grau, silber, weiss
Wandbild;Wandbild im Alu-Rahmen;Hahnemuehle Baryta;FineArt-Inkjetdruck (Hahnemuehle);Hochformat;diverse;30x45;Rahmenfarbe waehlbar: schwarz, gebuerstetes Gold, gebuerstetes Silber, grau, silber, weiss
Wandbild;Wandbild im Alu-Rahmen;Hahnemuehle Baryta;FineArt-Inkjetdruck (Hahnemuehle);Hochformat;diverse;40x40;Rahmenfarbe waehlbar: schwarz, gebuerstetes Gold, gebuerstetes Silber, grau, silber, weiss
Wandbild;Wandbild im Alu-Rahmen;Hahnemuehle Baryta;FineArt-Inkjetdruck (Hahnemuehle);Hochformat;diverse;40x60;Rahmenfarbe waehlbar: schwarz, gebuerstetes Gold, gebuerstetes Silber, grau, silber, weiss
Wandbild;Wandbild im Alu-Rahmen;Hahnemuehle Baryta;FineArt-Inkjetdruck (Hahnemuehle);Hochformat;diverse;60x60;Rahmenfarbe waehlbar: schwarz, gebuerstetes Gold, gebuerstetes Silber, grau, silber, weiss
Wandbild;Wandbild im Alu-Rahmen;Hahnemuehle Baryta;FineArt-Inkjetdruck (Hahnemuehle);Querformat;diverse;20x20;Rahmenfarbe waehlbar: schwarz, gebuerstetes Gold, gebuerstetes Silber, grau, silber, weiss
Wandbild;Wandbild im Alu-Rahmen;Hahnemuehle Baryta;FineArt-Inkjetdruck (Hahnemuehle);Querformat;diverse;20x30;Rahmenfarbe waehlbar: schwarz, gebuerstetes Gold, gebuerstetes Silber, grau, silber, weiss
Wandbild;Wandbild im Alu-Rahmen;Hahnemuehle Baryta;FineArt-Inkjetdruck (Hahnemuehle);Querformat;diverse;30x30;Rahmenfarbe waehlbar: schwarz, gebuerstetes Gold, gebuerstetes Silber, grau, silber, weiss
Wandbild;Wandbild im Alu-Rahmen;Hahnemuehle Baryta;FineArt-Inkjetdruck (Hahnemuehle);Querformat;diverse;30x45;Rahmenfarbe waehlbar: schwarz, gebuerstetes Gold, gebuerstetes Silber, grau, silber, weiss
Wandbild;Wandbild im Alu-Rahmen;Hahnemuehle Baryta;FineArt-Inkjetdruck (Hahnemuehle);Querformat;diverse;40x40;Rahmenfarbe waehlbar: schwarz, gebuerstetes Gold, gebuerstetes Silber, grau, silber, weiss
Wandbild;Wandbild im Alu-Rahmen;Hahnemuehle Baryta;FineArt-Inkjetdruck (Hahnemuehle);Querformat;diverse;40x60;Rahmenfarbe waehlbar: schwarz, gebuerstetes Gold, gebuerstetes Silber, grau, silber, weiss
Wandbild;Wandbild im Alu-Rahmen;Hahnemuehle Baryta;FineArt-Inkjetdruck (Hahnemuehle);Querformat;diverse;60x60;Rahmenfarbe waehlbar: schwarz, gebuerstetes Gold, gebuerstetes Silber, grau, silber, weiss
Wandbild;Wandbild im Alu-Rahmen;Hahnemuehle Hemp Natural Line;FineArt-Inkjetdruck (Hahnemuehle);Hochformat;diverse;20x20;Rahmenfarbe waehlbar: schwarz, gebuerstetes Gold, gebuerstetes Silber, grau, silber, weiss
Wandbild;Wandbild im Alu-Rahmen;Hahnemuehle Hemp Natural Line;FineArt-Inkjetdruck (Hahnemuehle);Hochformat;diverse;20x30;Rahmenfarbe waehlbar: schwarz, gebuerstetes Gold, gebuerstetes Silber, grau, silber, weiss
Wandbild;Wandbild im Alu-Rahmen;Hahnemuehle Hemp Natural Line;FineArt-Inkjetdruck (Hahnemuehle);Hochformat;diverse;30x30;Rahmenfarbe waehlbar: schwarz, gebuerstetes Gold, gebuerstetes Silber, grau, silber, weiss
Wandbild;Wandbild im Alu-Rahmen;Hahnemuehle Hemp Natural Line;FineArt-Inkjetdruck (Hahnemuehle);Hochformat;diverse;30x45;Rahmenfarbe waehlbar: schwarz, gebuerstetes Gold, gebuerstetes Silber, grau, silber, weiss
Wandbild;Wandbild im Alu-Rahmen;Hahnemuehle Hemp Natural Line;FineArt-Inkjetdruck (Hahnemuehle);Hochformat;diverse;40x40;Rahmenfarbe waehlbar: schwarz, gebuerstetes Gold, gebuerstetes Silber, grau, silber, weiss
Wandbild;Wandbild im Alu-Rahmen;Hahnemuehle Hemp Natural Line;FineArt-Inkjetdruck (Hahnemuehle);Hochformat;diverse;40x60;Rahmenfarbe waehlbar: schwarz, gebuerstetes Gold, gebuerstetes Silber, grau, silber, weiss
Wandbild;Wandbild im Alu-Rahmen;Hahnemuehle Hemp Natural Line;FineArt-Inkjetdruck (Hahnemuehle);Hochformat;diverse;60x60;Rahmenfarbe waehlbar: schwarz, gebuerstetes Gold, gebuerstetes Silber, grau, silber, weiss
Wandbild;Wandbild im Alu-Rahmen;Hahnemuehle Hemp Natural Line;FineArt-Inkjetdruck (Hahnemuehle);Querformat;diverse;20x20;Rahmenfarbe waehlbar: schwarz, gebuerstetes Gold, gebuerstetes Silber, grau, silber, weiss
Wandbild;Wandbild im Alu-Rahmen;Hahnemuehle Hemp Natural Line;FineArt-Inkjetdruck (Hahnemuehle);Querformat;diverse;20x30;Rahmenfarbe waehlbar: schwarz, gebuerstetes Gold, gebuerstetes Silber, grau, silber, weiss
Wandbild;Wandbild im Alu-Rahmen;Hahnemuehle Hemp Natural Line;FineArt-Inkjetdruck (Hahnemuehle);Querformat;diverse;30x30;Rahmenfarbe waehlbar: schwarz, gebuerstetes Gold, gebuerstetes Silber, grau, silber, weiss
Wandbild;Wandbild im Alu-Rahmen;Hahnemuehle Hemp Natural Line;FineArt-Inkjetdruck (Hahnemuehle);Querformat;diverse;30x45;Rahmenfarbe waehlbar: schwarz, gebuerstetes Gold, gebuerstetes Silber, grau, silber, weiss
Wandbild;Wandbild im Alu-Rahmen;Hahnemuehle Hemp Natural Line;FineArt-Inkjetdruck (Hahnemuehle);Querformat;diverse;40x40;Rahmenfarbe waehlbar: schwarz, gebuerstetes Gold, gebuerstetes Silber, grau, silber, weiss
Wandbild;Wandbild im Alu-Rahmen;Hahnemuehle Hemp Natural Line;FineArt-Inkjetdruck (Hahnemuehle);Querformat;diverse;40x60;Rahmenfarbe waehlbar: schwarz, gebuerstetes Gold, gebuerstetes Silber, grau, silber, weiss
Wandbild;Wandbild im Alu-Rahmen;Hahnemuehle Hemp Natural Line;FineArt-Inkjetdruck (Hahnemuehle);Querformat;diverse;60x60;Rahmenfarbe waehlbar: schwarz, gebuerstetes Gold, gebuerstetes Silber, grau, silber, weiss
Wandbild;Wandbild im Alu-Rahmen;Hahnemuehle Museum Etching;FineArt-Inkjetdruck (Hahnemuehle);Hochformat;diverse;20x20;Rahmenfarbe waehlbar: schwarz, gebuerstetes Gold, gebuerstetes Silber, grau, silber, weiss
Wandbild;Wandbild im Alu-Rahmen;Hahnemuehle Museum Etching;FineArt-Inkjetdruck (Hahnemuehle);Hochformat;diverse;20x30;Rahmenfarbe waehlbar: schwarz, gebuerstetes Gold, gebuerstetes Silber, grau, silber, weiss
Wandbild;Wandbild im Alu-Rahmen;Hahnemuehle Museum Etching;FineArt-Inkjetdruck (Hahnemuehle);Hochformat;diverse;30x30;Rahmenfarbe waehlbar: schwarz, gebuerstetes Gold, gebuerstetes Silber, grau, silber, weiss
Wandbild;Wandbild im Alu-Rahmen;Hahnemuehle Museum Etching;FineArt-Inkjetdruck (Hahnemuehle);Hochformat;diverse;30x45;Rahmenfarbe waehlbar: schwarz, gebuerstetes Gold, gebuerstetes Silber, grau, silber, weiss
Wandbild;Wandbild im Alu-Rahmen;Hahnemuehle Museum Etching;FineArt-Inkjetdruck (Hahnemuehle);Hochformat;diverse;40x40;Rahmenfarbe waehlbar: schwarz, gebuerstetes Gold, gebuerstetes Silber, grau, silber, weiss
Wandbild;Wandbild im Alu-Rahmen;Hahnemuehle Museum Etching;FineArt-Inkjetdruck (Hahnemuehle);Hochformat;diverse;40x60;Rahmenfarbe waehlbar: schwarz, gebuerstetes Gold, gebuerstetes Silber, grau, silber, weiss
Wandbild;Wandbild im Alu-Rahmen;Hahnemuehle Museum Etching;FineArt-Inkjetdruck (Hahnemuehle);Hochformat;diverse;60x60;Rahmenfarbe waehlbar: schwarz, gebuerstetes Gold, gebuerstetes Silber, grau, silber, weiss
Wandbild;Wandbild im Alu-Rahmen;Hahnemuehle Museum Etching;FineArt-Inkjetdruck (Hahnemuehle);Querformat;diverse;20x20;Rahmenfarbe waehlbar: schwarz, gebuerstetes Gold, gebuerstetes Silber, grau, silber, weiss
Wandbild;Wandbild im Alu-Rahmen;Hahnemuehle Museum Etching;FineArt-Inkjetdruck (Hahnemuehle);Querformat;diverse;20x30;Rahmenfarbe waehlbar: schwarz, gebuerstetes Gold, gebuerstetes Silber, grau, silber, weiss
Wandbild;Wandbild im Alu-Rahmen;Hahnemuehle Museum Etching;FineArt-Inkjetdruck (Hahnemuehle);Querformat;diverse;30x30;Rahmenfarbe waehlbar: schwarz, gebuerstetes Gold, gebuerstetes Silber, grau, silber, weiss
Wandbild;Wandbild im Alu-Rahmen;Hahnemuehle Museum Etching;FineArt-Inkjetdruck (Hahnemuehle);Querformat;diverse;30x45;Rahmenfarbe waehlbar: schwarz, gebuerstetes Gold, gebuerstetes Silber, grau, silber, weiss
Wandbild;Wandbild im Alu-Rahmen;Hahnemuehle Museum Etching;FineArt-Inkjetdruck (Hahnemuehle);Querformat;diverse;40x40;Rahmenfarbe waehlbar: schwarz, gebuerstetes Gold, gebuerstetes Silber, grau, silber, weiss
Wandbild;Wandbild im Alu-Rahmen;Hahnemuehle Museum Etching;FineArt-Inkjetdruck (Hahnemuehle);Querformat;diverse;40x60;Rahmenfarbe waehlbar: schwarz, gebuerstetes Gold, gebuerstetes Silber, grau, silber, weiss
Wandbild;Wandbild im Alu-Rahmen;Hahnemuehle Museum Etching;FineArt-Inkjetdruck (Hahnemuehle);Querformat;diverse;60x60;Rahmenfarbe waehlbar: schwarz, gebuerstetes Gold, gebuerstetes Silber, grau, silber, weiss
Wandbild;Wandbild im Alu-Rahmen;Hahnemuehle Photo Rag;FineArt-Inkjetdruck (Hahnemuehle);Hochformat;diverse;20x20;Rahmenfarbe waehlbar: schwarz, gebuerstetes Gold, gebuerstetes Silber, grau, silber, weiss
Wandbild;Wandbild im Alu-Rahmen;Hahnemuehle Photo Rag;FineArt-Inkjetdruck (Hahnemuehle);Hochformat;diverse;20x30;Rahmenfarbe waehlbar: schwarz, gebuerstetes Gold, gebuerstetes Silber, grau, silber, weiss
Wandbild;Wandbild im Alu-Rahmen;Hahnemuehle Photo Rag;FineArt-Inkjetdruck (Hahnemuehle);Hochformat;diverse;30x30;Rahmenfarbe waehlbar: schwarz, gebuerstetes Gold, gebuerstetes Silber, grau, silber, weiss
Wandbild;Wandbild im Alu-Rahmen;Hahnemuehle Photo Rag;FineArt-Inkjetdruck (Hahnemuehle);Hochformat;diverse;30x45;Rahmenfarbe waehlbar: schwarz, gebuerstetes Gold, gebuerstetes Silber, grau, silber, weiss
Wandbild;Wandbild im Alu-Rahmen;Hahnemuehle Photo Rag;FineArt-Inkjetdruck (Hahnemuehle);Hochformat;diverse;40x40;Rahmenfarbe waehlbar: schwarz, gebuerstetes Gold, gebuerstetes Silber, grau, silber, weiss
Wandbild;Wandbild im Alu-Rahmen;Hahnemuehle Photo Rag;FineArt-Inkjetdruck (Hahnemuehle);Hochformat;diverse;40x60;Rahmenfarbe waehlbar: schwarz, gebuerstetes Gold, gebuerstetes Silber, grau, silber, weiss
Wandbild;Wandbild im Alu-Rahmen;Hahnemuehle Photo Rag;FineArt-Inkjetdruck (Hahnemuehle);Hochformat;diverse;60x60;Rahmenfarbe waehlbar: schwarz, gebuerstetes Gold, gebuerstetes Silber, grau, silber, weiss
Wandbild;Wandbild im Alu-Rahmen;Hahnemuehle Photo Rag;FineArt-Inkjetdruck (Hahnemuehle);Querformat;diverse;20x20;Rahmenfarbe waehlbar: schwarz, gebuerstetes Gold, gebuerstetes Silber, grau, silber, weiss
Wandbild;Wandbild im Alu-Rahmen;Hahnemuehle Photo Rag;FineArt-Inkjetdruck (Hahnemuehle);Querformat;diverse;20x30;Rahmenfarbe waehlbar: schwarz, gebuerstetes Gold, gebuerstetes Silber, grau, silber, weiss
Wandbild;Wandbild im Alu-Rahmen;Hahnemuehle Photo Rag;FineArt-Inkjetdruck (Hahnemuehle);Querformat;diverse;30x30;Rahmenfarbe waehlbar: schwarz, gebuerstetes Gold, gebuerstetes Silber, grau, silber, weiss
Wandbild;Wandbild im Alu-Rahmen;Hahnemuehle Photo Rag;FineArt-Inkjetdruck (Hahnemuehle);Querformat;diverse;30x45;Rahmenfarbe waehlbar: schwarz, gebuerstetes Gold, gebuerstetes Silber, grau, silber, weiss
Wandbild;Wandbild im Alu-Rahmen;Hahnemuehle Photo Rag;FineArt-Inkjetdruck (Hahnemuehle);Querformat;diverse;40x40;Rahmenfarbe waehlbar: schwarz, gebuerstetes Gold, gebuerstetes Silber, grau, silber, weiss
Wandbild;Wandbild im Alu-Rahmen;Hahnemuehle Photo Rag;FineArt-Inkjetdruck (Hahnemuehle);Querformat;diverse;40x60;Rahmenfarbe waehlbar: schwarz, gebuerstetes Gold, gebuerstetes Silber, grau, silber, weiss
Wandbild;Wandbild im Alu-Rahmen;Hahnemuehle Photo Rag;FineArt-Inkjetdruck (Hahnemuehle);Querformat;diverse;60x60;Rahmenfarbe waehlbar: schwarz, gebuerstetes Gold, gebuerstetes Silber, grau, silber, weiss
Wandbild;Wandbild im Alu-Rahmen;Fotopapier Silk;Fotografische Belichtung / Digitaldruck (Fujifilm);Hochformat;diverse;20x20;Rahmenfarbe waehlbar: schwarz, gebuerstetes Gold, gebuerstetes Silber, grau, silber, weiss
Wandbild;Wandbild im Alu-Rahmen;Fotopapier Silk;Fotografische Belichtung / Digitaldruck (Fujifilm);Hochformat;diverse;20x30;Rahmenfarbe waehlbar: schwarz, gebuerstetes Gold, gebuerstetes Silber, grau, silber, weiss
Wandbild;Wandbild im Alu-Rahmen;Fotopapier Silk;Fotografische Belichtung / Digitaldruck (Fujifilm);Hochformat;diverse;30x30;Rahmenfarbe waehlbar: schwarz, gebuerstetes Gold, gebuerstetes Silber, grau, silber, weiss
Wandbild;Wandbild im Alu-Rahmen;Fotopapier Silk;Fotografische Belichtung / Digitaldruck (Fujifilm);Hochformat;diverse;30x45;Rahmenfarbe waehlbar: schwarz, gebuerstetes Gold, gebuerstetes Silber, grau, silber, weiss
Wandbild;Wandbild im Alu-Rahmen;Fotopapier Silk;Fotografische Belichtung / Digitaldruck (Fujifilm);Hochformat;diverse;40x40;Rahmenfarbe waehlbar: schwarz, gebuerstetes Gold, gebuerstetes Silber, grau, silber, weiss
Wandbild;Wandbild im Alu-Rahmen;Fotopapier Silk;Fotografische Belichtung / Digitaldruck (Fujifilm);Hochformat;diverse;40x60;Rahmenfarbe waehlbar: schwarz, gebuerstetes Gold, gebuerstetes Silber, grau, silber, weiss
Wandbild;Wandbild im Alu-Rahmen;Fotopapier Silk;Fotografische Belichtung / Digitaldruck (Fujifilm);Hochformat;diverse;60x60;Rahmenfarbe waehlbar: schwarz, gebuerstetes Gold, gebuerstetes Silber, grau, silber, weiss
Wandbild;Wandbild im Alu-Rahmen;Fotopapier Silk;Fotografische Belichtung / Digitaldruck (Fujifilm);Querformat;diverse;20x20;Rahmenfarbe waehlbar: schwarz, gebuerstetes Gold, gebuerstetes Silber, grau, silber, weiss
Wandbild;Wandbild im Alu-Rahmen;Fotopapier Silk;Fotografische Belichtung / Digitaldruck (Fujifilm);Querformat;diverse;20x30;Rahmenfarbe waehlbar: schwarz, gebuerstetes Gold, gebuerstetes Silber, grau, silber, weiss
Wandbild;Wandbild im Alu-Rahmen;Fotopapier Silk;Fotografische Belichtung / Digitaldruck (Fujifilm);Querformat;diverse;30x30;Rahmenfarbe waehlbar: schwarz, gebuerstetes Gold, gebuerstetes Silber, grau, silber, weiss
Wandbild;Wandbild im Alu-Rahmen;Fotopapier Silk;Fotografische Belichtung / Digitaldruck (Fujifilm);Querformat;diverse;30x45;Rahmenfarbe waehlbar: schwarz, gebuerstetes Gold, gebuerstetes Silber, grau, silber, weiss
Wandbild;Wandbild im Alu-Rahmen;Fotopapier Silk;Fotografische Belichtung / Digitaldruck (Fujifilm);Querformat;diverse;40x40;Rahmenfarbe waehlbar: schwarz, gebuerstetes Gold, gebuerstetes Silber, grau, silber, weiss
Wandbild;Wandbild im Alu-Rahmen;Fotopapier Silk;Fotografische Belichtung / Digitaldruck (Fujifilm);Querformat;diverse;40x60;Rahmenfarbe waehlbar: schwarz, gebuerstetes Gold, gebuerstetes Silber, grau, silber, weiss
Wandbild;Wandbild im Alu-Rahmen;Fotopapier Silk;Fotografische Belichtung / Digitaldruck (Fujifilm);Querformat;diverse;60x60;Rahmenfarbe waehlbar: schwarz, gebuerstetes Gold, gebuerstetes Silber, grau, silber, weiss
Wandbild;Wandbild im Alu-Rahmen;Fotopapier matt;Fotografische Belichtung / Digitaldruck (Fujifilm);Hochformat;diverse;20x20;Rahmenfarbe waehlbar: schwarz, gebuerstetes Gold, gebuerstetes Silber, grau, silber, weiss
Wandbild;Wandbild im Alu-Rahmen;Fotopapier matt;Fotografische Belichtung / Digitaldruck (Fujifilm);Hochformat;diverse;20x30;Rahmenfarbe waehlbar: schwarz, gebuerstetes Gold, gebuerstetes Silber, grau, silber, weiss
Wandbild;Wandbild im Alu-Rahmen;Fotopapier matt;Fotografische Belichtung / Digitaldruck (Fujifilm);Hochformat;diverse;30x30;Rahmenfarbe waehlbar: schwarz, gebuerstetes Gold, gebuerstetes Silber, grau, silber, weiss
Wandbild;Wandbild im Alu-Rahmen;Fotopapier matt;Fotografische Belichtung / Digitaldruck (Fujifilm);Hochformat;diverse;30x45;Rahmenfarbe waehlbar: schwarz, gebuerstetes Gold, gebuerstetes Silber, grau, silber, weiss
Wandbild;Wandbild im Alu-Rahmen;Fotopapier matt;Fotografische Belichtung / Digitaldruck (Fujifilm);Hochformat;diverse;40x40;Rahmenfarbe waehlbar: schwarz, gebuerstetes Gold, gebuerstetes Silber, grau, silber, weiss
Wandbild;Wandbild im Alu-Rahmen;Fotopapier matt;Fotografische Belichtung / Digitaldruck (Fujifilm);Hochformat;diverse;40x60;Rahmenfarbe waehlbar: schwarz, gebuerstetes Gold, gebuerstetes Silber, grau, silber, weiss
Wandbild;Wandbild im Alu-Rahmen;Fotopapier matt;Fotografische Belichtung / Digitaldruck (Fujifilm);Hochformat;diverse;60x60;Rahmenfarbe waehlbar: schwarz, gebuerstetes Gold, gebuerstetes Silber, grau, silber, weiss
Wandbild;Wandbild im Alu-Rahmen;Fotopapier matt;Fotografische Belichtung / Digitaldruck (Fujifilm);Querformat;diverse;20x20;Rahmenfarbe waehlbar: schwarz, gebuerstetes Gold, gebuerstetes Silber, grau, silber, weiss
Wandbild;Wandbild im Alu-Rahmen;Fotopapier matt;Fotografische Belichtung / Digitaldruck (Fujifilm);Querformat;diverse;20x30;Rahmenfarbe waehlbar: schwarz, gebuerstetes Gold, gebuerstetes Silber, grau, silber, weiss
Wandbild;Wandbild im Alu-Rahmen;Fotopapier matt;Fotografische Belichtung / Digitaldruck (Fujifilm);Querformat;diverse;30x30;Rahmenfarbe waehlbar: schwarz, gebuerstetes Gold, gebuerstetes Silber, grau, silber, weiss
Wandbild;Wandbild im Alu-Rahmen;Fotopapier matt;Fotografische Belichtung / Digitaldruck (Fujifilm);Querformat;diverse;30x45;Rahmenfarbe waehlbar: schwarz, gebuerstetes Gold, gebuerstetes Silber, grau, silber, weiss
Wandbild;Wandbild im Alu-Rahmen;Fotopapier matt;Fotografische Belichtung / Digitaldruck (Fujifilm);Querformat;diverse;40x40;Rahmenfarbe waehlbar: schwarz, gebuerstetes Gold, gebuerstetes Silber, grau, silber, weiss
Wandbild;Wandbild im Alu-Rahmen;Fotopapier matt;Fotografische Belichtung / Digitaldruck (Fujifilm);Querformat;diverse;40x60;Rahmenfarbe waehlbar: schwarz, gebuerstetes Gold, gebuerstetes Silber, grau, silber, weiss
Wandbild;Wandbild im Alu-Rahmen;Fotopapier matt;Fotografische Belichtung / Digitaldruck (Fujifilm);Querformat;diverse;60x60;Rahmenfarbe waehlbar: schwarz, gebuerstetes Gold, gebuerstetes Silber, grau, silber, weiss
Wandbild;Mehrteilige Wandbilder - Zwei Teile;Alu-Verbund (weitere Materialien waehlbar);Direktdruck HD;je Teilbild;Mehrteilig;2x20x30 (gesamt 40x30);Aufhaengung: ohne Aufhaengung
Wandbild;Mehrteilige Wandbilder - Zwei Teile;Alu-Verbund (weitere Materialien waehlbar);Direktdruck HD;je Teilbild;Mehrteilig;2x30x30 (gesamt 60x30);Aufhaengung: ohne Aufhaengung
Wandbild;Mehrteilige Wandbilder - Zwei Teile;Alu-Verbund (weitere Materialien waehlbar);Direktdruck HD;je Teilbild;Mehrteilig;2x30x40 (gesamt 60x40);Aufhaengung: ohne Aufhaengung
Wandbild;Mehrteilige Wandbilder - Zwei Teile;Alu-Verbund (weitere Materialien waehlbar);Direktdruck HD;je Teilbild;Mehrteilig;2x30x45 (gesamt 60x45);Aufhaengung: ohne Aufhaengung
Wandbild;Mehrteilige Wandbilder - Zwei Teile;Alu-Verbund (weitere Materialien waehlbar);Direktdruck HD;je Teilbild;Mehrteilig;2x40x50 (gesamt 80x50);Aufhaengung: ohne Aufhaengung
Wandbild;Mehrteilige Wandbilder - Zwei Teile;Alu-Verbund (weitere Materialien waehlbar);Direktdruck HD;je Teilbild;Mehrteilig;2x40x60 (gesamt 80x60);Aufhaengung: ohne Aufhaengung
Wandbild;Mehrteilige Wandbilder - Zwei Teile;Alu-Verbund (weitere Materialien waehlbar);Direktdruck HD;je Teilbild;Mehrteilig;2x50x75 (gesamt 100x75);Aufhaengung: ohne Aufhaengung
Wandbild;Mehrteilige Wandbilder - Zwei Teile;Alu-Verbund (weitere Materialien waehlbar);Direktdruck HD;je Teilbild;Mehrteilig;2x50x100 (gesamt 100x100);Aufhaengung: ohne Aufhaengung
Wandbild;Mehrteilige Wandbilder - Drei Teile;Alu-Verbund (weitere Materialien waehlbar);Direktdruck HD;je Teilbild;Mehrteilig;diverse Groessen (siehe Konfigurator);Aufhaengung: ohne Aufhaengung
Wandbild;Mehrteilige Wandbilder - Vier Teile;Alu-Verbund (weitere Materialien waehlbar);Direktdruck HD;je Teilbild;Mehrteilig;diverse Groessen (siehe Konfigurator);Aufhaengung: ohne Aufhaengung
Wandbild;Mehrteilige Wandbilder - Vier Teile gekachelt;Alu-Verbund (weitere Materialien waehlbar);Direktdruck HD;je Teilbild;Mehrteilig;diverse Groessen (siehe Konfigurator);Aufhaengung: ohne Aufhaengung
Wandbild;Mehrteilige Wandbilder - Fuenf Teile;Alu-Verbund (weitere Materialien waehlbar);Direktdruck HD;je Teilbild;Mehrteilig;diverse Groessen (siehe Konfigurator);Aufhaengung: ohne Aufhaengung
Wandbild;Mehrteilige Wandbilder - Sechs Teile;Alu-Verbund (weitere Materialien waehlbar);Direktdruck HD;je Teilbild;Mehrteilig;diverse Groessen (siehe Konfigurator);Aufhaengung: ohne Aufhaengung
Wandbild;Mehrteilige Wandbilder - Neun Teile gekachelt;Alu-Verbund (weitere Materialien waehlbar);Direktdruck HD;je Teilbild;Mehrteilig;diverse Groessen (siehe Konfigurator);Aufhaengung: ohne Aufhaengung
Poster/FineArt;FineArt;Hahnemuehle Bamboo Natural Line;FineArt-Inkjetdruck (Hahnemuehle);Hochformat;~2:3;10x15;"ohne Aufhaengung (Rollen-/Flachversand); eigene ICC-Profile verfuegbar"
Poster/FineArt;FineArt;Hahnemuehle Bamboo Natural Line;FineArt-Inkjetdruck (Hahnemuehle);Hochformat;~2:3;10,5x14,8 (A6);"ohne Aufhaengung (Rollen-/Flachversand); eigene ICC-Profile verfuegbar"
Poster/FineArt;FineArt;Hahnemuehle Bamboo Natural Line;FineArt-Inkjetdruck (Hahnemuehle);Hochformat;~2:3;13x18;"ohne Aufhaengung (Rollen-/Flachversand); eigene ICC-Profile verfuegbar"
Poster/FineArt;FineArt;Hahnemuehle Bamboo Natural Line;FineArt-Inkjetdruck (Hahnemuehle);Hochformat;~2:3;13x19;"ohne Aufhaengung (Rollen-/Flachversand); eigene ICC-Profile verfuegbar"
Poster/FineArt;FineArt;Hahnemuehle Bamboo Natural Line;FineArt-Inkjetdruck (Hahnemuehle);Hochformat;~2:3;14,8x21 (A5);"ohne Aufhaengung (Rollen-/Flachversand); eigene ICC-Profile verfuegbar"
Poster/FineArt;FineArt;Hahnemuehle Bamboo Natural Line;FineArt-Inkjetdruck (Hahnemuehle);Hochformat;~2:3;15x21;"ohne Aufhaengung (Rollen-/Flachversand); eigene ICC-Profile verfuegbar"
Poster/FineArt;FineArt;Hahnemuehle Bamboo Natural Line;FineArt-Inkjetdruck (Hahnemuehle);Hochformat;~2:3;15x22;"ohne Aufhaengung (Rollen-/Flachversand); eigene ICC-Profile verfuegbar"
Poster/FineArt;FineArt;Hahnemuehle Bamboo Natural Line;FineArt-Inkjetdruck (Hahnemuehle);Hochformat;~2:3;20x30;"ohne Aufhaengung (Rollen-/Flachversand); eigene ICC-Profile verfuegbar"
Poster/FineArt;FineArt;Hahnemuehle Bamboo Natural Line;FineArt-Inkjetdruck (Hahnemuehle);Hochformat;~2:3;21x29,7 (A4);"ohne Aufhaengung (Rollen-/Flachversand); eigene ICC-Profile verfuegbar"
Poster/FineArt;FineArt;Hahnemuehle Bamboo Natural Line;FineArt-Inkjetdruck (Hahnemuehle);Hochformat;~2:3;29,7x42 (A3);"ohne Aufhaengung (Rollen-/Flachversand); eigene ICC-Profile verfuegbar"
Poster/FineArt;FineArt;Hahnemuehle Bamboo Natural Line;FineArt-Inkjetdruck (Hahnemuehle);Hochformat;~2:3;30x45;"ohne Aufhaengung (Rollen-/Flachversand); eigene ICC-Profile verfuegbar"
Poster/FineArt;FineArt;Hahnemuehle Bamboo Natural Line;FineArt-Inkjetdruck (Hahnemuehle);Hochformat;~2:3;40x60;"ohne Aufhaengung (Rollen-/Flachversand); eigene ICC-Profile verfuegbar"
Poster/FineArt;FineArt;Hahnemuehle Bamboo Natural Line;FineArt-Inkjetdruck (Hahnemuehle);Hochformat;~2:3;42x59,4 (A2);"ohne Aufhaengung (Rollen-/Flachversand); eigene ICC-Profile verfuegbar"
Poster/FineArt;FineArt;Hahnemuehle Bamboo Natural Line;FineArt-Inkjetdruck (Hahnemuehle);Hochformat;~2:3;50x70;"ohne Aufhaengung (Rollen-/Flachversand); eigene ICC-Profile verfuegbar"
Poster/FineArt;FineArt;Hahnemuehle Bamboo Natural Line;FineArt-Inkjetdruck (Hahnemuehle);Hochformat;~2:3;50x75;"ohne Aufhaengung (Rollen-/Flachversand); eigene ICC-Profile verfuegbar"
Poster/FineArt;FineArt;Hahnemuehle Bamboo Natural Line;FineArt-Inkjetdruck (Hahnemuehle);Hochformat;~2:3;59,4x84,1 (A1);"ohne Aufhaengung (Rollen-/Flachversand); eigene ICC-Profile verfuegbar"
Poster/FineArt;FineArt;Hahnemuehle Bamboo Natural Line;FineArt-Inkjetdruck (Hahnemuehle);Hochformat;~2:3;60x90;"ohne Aufhaengung (Rollen-/Flachversand); eigene ICC-Profile verfuegbar"
Poster/FineArt;FineArt;Hahnemuehle Bamboo Natural Line;FineArt-Inkjetdruck (Hahnemuehle);Hochformat;~2:3;70x100;"ohne Aufhaengung (Rollen-/Flachversand); eigene ICC-Profile verfuegbar"
Poster/FineArt;FineArt;Hahnemuehle Bamboo Natural Line;FineArt-Inkjetdruck (Hahnemuehle);Hochformat;~2:3;70x105;"ohne Aufhaengung (Rollen-/Flachversand); eigene ICC-Profile verfuegbar"
Poster/FineArt;FineArt;Hahnemuehle Bamboo Natural Line;FineArt-Inkjetdruck (Hahnemuehle);Hochformat;~3:4;18x24;"ohne Aufhaengung (Rollen-/Flachversand); eigene ICC-Profile verfuegbar"
Poster/FineArt;FineArt;Hahnemuehle Bamboo Natural Line;FineArt-Inkjetdruck (Hahnemuehle);Hochformat;~3:4;30x40;"ohne Aufhaengung (Rollen-/Flachversand); eigene ICC-Profile verfuegbar"
Poster/FineArt;FineArt;Hahnemuehle Bamboo Natural Line;FineArt-Inkjetdruck (Hahnemuehle);Hochformat;~3:4;60x80;"ohne Aufhaengung (Rollen-/Flachversand); eigene ICC-Profile verfuegbar"
Poster/FineArt;FineArt;Hahnemuehle Bamboo Natural Line;FineArt-Inkjetdruck (Hahnemuehle);Hochformat;~4:5;10x13;"ohne Aufhaengung (Rollen-/Flachversand); eigene ICC-Profile verfuegbar"
Poster/FineArt;FineArt;Hahnemuehle Bamboo Natural Line;FineArt-Inkjetdruck (Hahnemuehle);Hochformat;~4:5;40x50;"ohne Aufhaengung (Rollen-/Flachversand); eigene ICC-Profile verfuegbar"
Poster/FineArt;FineArt;Hahnemuehle Bamboo Natural Line;FineArt-Inkjetdruck (Hahnemuehle);Hochformat;~4:5;70x90;"ohne Aufhaengung (Rollen-/Flachversand); eigene ICC-Profile verfuegbar"
Poster/FineArt;FineArt;Hahnemuehle Bamboo Natural Line;FineArt-Inkjetdruck (Hahnemuehle);Hochformat;Quadratisch;15x15;"ohne Aufhaengung (Rollen-/Flachversand); eigene ICC-Profile verfuegbar"
Poster/FineArt;FineArt;Hahnemuehle Bamboo Natural Line;FineArt-Inkjetdruck (Hahnemuehle);Hochformat;Quadratisch;20x20;"ohne Aufhaengung (Rollen-/Flachversand); eigene ICC-Profile verfuegbar"
Poster/FineArt;FineArt;Hahnemuehle Bamboo Natural Line;FineArt-Inkjetdruck (Hahnemuehle);Hochformat;Quadratisch;21x21;"ohne Aufhaengung (Rollen-/Flachversand); eigene ICC-Profile verfuegbar"
Poster/FineArt;FineArt;Hahnemuehle Bamboo Natural Line;FineArt-Inkjetdruck (Hahnemuehle);Hochformat;Quadratisch;30x30;"ohne Aufhaengung (Rollen-/Flachversand); eigene ICC-Profile verfuegbar"
Poster/FineArt;FineArt;Hahnemuehle Bamboo Natural Line;FineArt-Inkjetdruck (Hahnemuehle);Hochformat;Quadratisch;40x40;"ohne Aufhaengung (Rollen-/Flachversand); eigene ICC-Profile verfuegbar"
Poster/FineArt;FineArt;Hahnemuehle Bamboo Natural Line;FineArt-Inkjetdruck (Hahnemuehle);Hochformat;Quadratisch;50x50;"ohne Aufhaengung (Rollen-/Flachversand); eigene ICC-Profile verfuegbar"
Poster/FineArt;FineArt;Hahnemuehle Bamboo Natural Line;FineArt-Inkjetdruck (Hahnemuehle);Hochformat;Quadratisch;60x60;"ohne Aufhaengung (Rollen-/Flachversand); eigene ICC-Profile verfuegbar"
Poster/FineArt;FineArt;Hahnemuehle Bamboo Natural Line;FineArt-Inkjetdruck (Hahnemuehle);Hochformat;Quadratisch;70x70;"ohne Aufhaengung (Rollen-/Flachversand); eigene ICC-Profile verfuegbar"
Poster/FineArt;FineArt;Hahnemuehle Bamboo Natural Line;FineArt-Inkjetdruck (Hahnemuehle);Hochformat;Panorama;10x18;"ohne Aufhaengung (Rollen-/Flachversand); eigene ICC-Profile verfuegbar"
Poster/FineArt;FineArt;Hahnemuehle Bamboo Natural Line;FineArt-Inkjetdruck (Hahnemuehle);Hochformat;Panorama;10x20;"ohne Aufhaengung (Rollen-/Flachversand); eigene ICC-Profile verfuegbar"
Poster/FineArt;FineArt;Hahnemuehle Bamboo Natural Line;FineArt-Inkjetdruck (Hahnemuehle);Hochformat;Panorama;20x40;"ohne Aufhaengung (Rollen-/Flachversand); eigene ICC-Profile verfuegbar"
Poster/FineArt;FineArt;Hahnemuehle Bamboo Natural Line;FineArt-Inkjetdruck (Hahnemuehle);Hochformat;Panorama;20x60;"ohne Aufhaengung (Rollen-/Flachversand); eigene ICC-Profile verfuegbar"
Poster/FineArt;FineArt;Hahnemuehle Bamboo Natural Line;FineArt-Inkjetdruck (Hahnemuehle);Hochformat;Panorama;30x60;"ohne Aufhaengung (Rollen-/Flachversand); eigene ICC-Profile verfuegbar"
Poster/FineArt;FineArt;Hahnemuehle Bamboo Natural Line;FineArt-Inkjetdruck (Hahnemuehle);Hochformat;Panorama;30x90;"ohne Aufhaengung (Rollen-/Flachversand); eigene ICC-Profile verfuegbar"
Poster/FineArt;FineArt;Hahnemuehle Bamboo Natural Line;FineArt-Inkjetdruck (Hahnemuehle);Hochformat;Panorama;40x80;"ohne Aufhaengung (Rollen-/Flachversand); eigene ICC-Profile verfuegbar"
Poster/FineArt;FineArt;Hahnemuehle Bamboo Natural Line;FineArt-Inkjetdruck (Hahnemuehle);Hochformat;Panorama;50x100;"ohne Aufhaengung (Rollen-/Flachversand); eigene ICC-Profile verfuegbar"
Poster/FineArt;FineArt;Hahnemuehle Bamboo Natural Line;FineArt-Inkjetdruck (Hahnemuehle);Querformat;~2:3;10x15;"ohne Aufhaengung (Rollen-/Flachversand); eigene ICC-Profile verfuegbar"
Poster/FineArt;FineArt;Hahnemuehle Bamboo Natural Line;FineArt-Inkjetdruck (Hahnemuehle);Querformat;~2:3;10,5x14,8 (A6);"ohne Aufhaengung (Rollen-/Flachversand); eigene ICC-Profile verfuegbar"
Poster/FineArt;FineArt;Hahnemuehle Bamboo Natural Line;FineArt-Inkjetdruck (Hahnemuehle);Querformat;~2:3;13x18;"ohne Aufhaengung (Rollen-/Flachversand); eigene ICC-Profile verfuegbar"
Poster/FineArt;FineArt;Hahnemuehle Bamboo Natural Line;FineArt-Inkjetdruck (Hahnemuehle);Querformat;~2:3;13x19;"ohne Aufhaengung (Rollen-/Flachversand); eigene ICC-Profile verfuegbar"
Poster/FineArt;FineArt;Hahnemuehle Bamboo Natural Line;FineArt-Inkjetdruck (Hahnemuehle);Querformat;~2:3;14,8x21 (A5);"ohne Aufhaengung (Rollen-/Flachversand); eigene ICC-Profile verfuegbar"
Poster/FineArt;FineArt;Hahnemuehle Bamboo Natural Line;FineArt-Inkjetdruck (Hahnemuehle);Querformat;~2:3;15x21;"ohne Aufhaengung (Rollen-/Flachversand); eigene ICC-Profile verfuegbar"
Poster/FineArt;FineArt;Hahnemuehle Bamboo Natural Line;FineArt-Inkjetdruck (Hahnemuehle);Querformat;~2:3;15x22;"ohne Aufhaengung (Rollen-/Flachversand); eigene ICC-Profile verfuegbar"
Poster/FineArt;FineArt;Hahnemuehle Bamboo Natural Line;FineArt-Inkjetdruck (Hahnemuehle);Querformat;~2:3;20x30;"ohne Aufhaengung (Rollen-/Flachversand); eigene ICC-Profile verfuegbar"
Poster/FineArt;FineArt;Hahnemuehle Bamboo Natural Line;FineArt-Inkjetdruck (Hahnemuehle);Querformat;~2:3;21x29,7 (A4);"ohne Aufhaengung (Rollen-/Flachversand); eigene ICC-Profile verfuegbar"
Poster/FineArt;FineArt;Hahnemuehle Bamboo Natural Line;FineArt-Inkjetdruck (Hahnemuehle);Querformat;~2:3;29,7x42 (A3);"ohne Aufhaengung (Rollen-/Flachversand); eigene ICC-Profile verfuegbar"
Poster/FineArt;FineArt;Hahnemuehle Bamboo Natural Line;FineArt-Inkjetdruck (Hahnemuehle);Querformat;~2:3;30x45;"ohne Aufhaengung (Rollen-/Flachversand); eigene ICC-Profile verfuegbar"
Poster/FineArt;FineArt;Hahnemuehle Bamboo Natural Line;FineArt-Inkjetdruck (Hahnemuehle);Querformat;~2:3;40x60;"ohne Aufhaengung (Rollen-/Flachversand); eigene ICC-Profile verfuegbar"
Poster/FineArt;FineArt;Hahnemuehle Bamboo Natural Line;FineArt-Inkjetdruck (Hahnemuehle);Querformat;~2:3;42x59,4 (A2);"ohne Aufhaengung (Rollen-/Flachversand); eigene ICC-Profile verfuegbar"
Poster/FineArt;FineArt;Hahnemuehle Bamboo Natural Line;FineArt-Inkjetdruck (Hahnemuehle);Querformat;~2:3;50x70;"ohne Aufhaengung (Rollen-/Flachversand); eigene ICC-Profile verfuegbar"
Poster/FineArt;FineArt;Hahnemuehle Bamboo Natural Line;FineArt-Inkjetdruck (Hahnemuehle);Querformat;~2:3;50x75;"ohne Aufhaengung (Rollen-/Flachversand); eigene ICC-Profile verfuegbar"
Poster/FineArt;FineArt;Hahnemuehle Bamboo Natural Line;FineArt-Inkjetdruck (Hahnemuehle);Querformat;~2:3;59,4x84,1 (A1);"ohne Aufhaengung (Rollen-/Flachversand); eigene ICC-Profile verfuegbar"
Poster/FineArt;FineArt;Hahnemuehle Bamboo Natural Line;FineArt-Inkjetdruck (Hahnemuehle);Querformat;~2:3;60x90;"ohne Aufhaengung (Rollen-/Flachversand); eigene ICC-Profile verfuegbar"
Poster/FineArt;FineArt;Hahnemuehle Bamboo Natural Line;FineArt-Inkjetdruck (Hahnemuehle);Querformat;~2:3;70x100;"ohne Aufhaengung (Rollen-/Flachversand); eigene ICC-Profile verfuegbar"
Poster/FineArt;FineArt;Hahnemuehle Bamboo Natural Line;FineArt-Inkjetdruck (Hahnemuehle);Querformat;~2:3;70x105;"ohne Aufhaengung (Rollen-/Flachversand); eigene ICC-Profile verfuegbar"
Poster/FineArt;FineArt;Hahnemuehle Bamboo Natural Line;FineArt-Inkjetdruck (Hahnemuehle);Querformat;~3:4;18x24;"ohne Aufhaengung (Rollen-/Flachversand); eigene ICC-Profile verfuegbar"
Poster/FineArt;FineArt;Hahnemuehle Bamboo Natural Line;FineArt-Inkjetdruck (Hahnemuehle);Querformat;~3:4;30x40;"ohne Aufhaengung (Rollen-/Flachversand); eigene ICC-Profile verfuegbar"
Poster/FineArt;FineArt;Hahnemuehle Bamboo Natural Line;FineArt-Inkjetdruck (Hahnemuehle);Querformat;~3:4;60x80;"ohne Aufhaengung (Rollen-/Flachversand); eigene ICC-Profile verfuegbar"
Poster/FineArt;FineArt;Hahnemuehle Bamboo Natural Line;FineArt-Inkjetdruck (Hahnemuehle);Querformat;~4:5;10x13;"ohne Aufhaengung (Rollen-/Flachversand); eigene ICC-Profile verfuegbar"
Poster/FineArt;FineArt;Hahnemuehle Bamboo Natural Line;FineArt-Inkjetdruck (Hahnemuehle);Querformat;~4:5;40x50;"ohne Aufhaengung (Rollen-/Flachversand); eigene ICC-Profile verfuegbar"
Poster/FineArt;FineArt;Hahnemuehle Bamboo Natural Line;FineArt-Inkjetdruck (Hahnemuehle);Querformat;~4:5;70x90;"ohne Aufhaengung (Rollen-/Flachversand); eigene ICC-Profile verfuegbar"
Poster/FineArt;FineArt;Hahnemuehle Bamboo Natural Line;FineArt-Inkjetdruck (Hahnemuehle);Querformat;Quadratisch;15x15;"ohne Aufhaengung (Rollen-/Flachversand); eigene ICC-Profile verfuegbar"
Poster/FineArt;FineArt;Hahnemuehle Bamboo Natural Line;FineArt-Inkjetdruck (Hahnemuehle);Querformat;Quadratisch;20x20;"ohne Aufhaengung (Rollen-/Flachversand); eigene ICC-Profile verfuegbar"
Poster/FineArt;FineArt;Hahnemuehle Bamboo Natural Line;FineArt-Inkjetdruck (Hahnemuehle);Querformat;Quadratisch;21x21;"ohne Aufhaengung (Rollen-/Flachversand); eigene ICC-Profile verfuegbar"
Poster/FineArt;FineArt;Hahnemuehle Bamboo Natural Line;FineArt-Inkjetdruck (Hahnemuehle);Querformat;Quadratisch;30x30;"ohne Aufhaengung (Rollen-/Flachversand); eigene ICC-Profile verfuegbar"
Poster/FineArt;FineArt;Hahnemuehle Bamboo Natural Line;FineArt-Inkjetdruck (Hahnemuehle);Querformat;Quadratisch;40x40;"ohne Aufhaengung (Rollen-/Flachversand); eigene ICC-Profile verfuegbar"
Poster/FineArt;FineArt;Hahnemuehle Bamboo Natural Line;FineArt-Inkjetdruck (Hahnemuehle);Querformat;Quadratisch;50x50;"ohne Aufhaengung (Rollen-/Flachversand); eigene ICC-Profile verfuegbar"
Poster/FineArt;FineArt;Hahnemuehle Bamboo Natural Line;FineArt-Inkjetdruck (Hahnemuehle);Querformat;Quadratisch;60x60;"ohne Aufhaengung (Rollen-/Flachversand); eigene ICC-Profile verfuegbar"
Poster/FineArt;FineArt;Hahnemuehle Bamboo Natural Line;FineArt-Inkjetdruck (Hahnemuehle);Querformat;Quadratisch;70x70;"ohne Aufhaengung (Rollen-/Flachversand); eigene ICC-Profile verfuegbar"
Poster/FineArt;FineArt;Hahnemuehle Bamboo Natural Line;FineArt-Inkjetdruck (Hahnemuehle);Querformat;Panorama;10x18;"ohne Aufhaengung (Rollen-/Flachversand); eigene ICC-Profile verfuegbar"
Poster/FineArt;FineArt;Hahnemuehle Bamboo Natural Line;FineArt-Inkjetdruck (Hahnemuehle);Querformat;Panorama;10x20;"ohne Aufhaengung (Rollen-/Flachversand); eigene ICC-Profile verfuegbar"
Poster/FineArt;FineArt;Hahnemuehle Bamboo Natural Line;FineArt-Inkjetdruck (Hahnemuehle);Querformat;Panorama;20x40;"ohne Aufhaengung (Rollen-/Flachversand); eigene ICC-Profile verfuegbar"
Poster/FineArt;FineArt;Hahnemuehle Bamboo Natural Line;FineArt-Inkjetdruck (Hahnemuehle);Querformat;Panorama;20x60;"ohne Aufhaengung (Rollen-/Flachversand); eigene ICC-Profile verfuegbar"
Poster/FineArt;FineArt;Hahnemuehle Bamboo Natural Line;FineArt-Inkjetdruck (Hahnemuehle);Querformat;Panorama;30x60;"ohne Aufhaengung (Rollen-/Flachversand); eigene ICC-Profile verfuegbar"
Poster/FineArt;FineArt;Hahnemuehle Bamboo Natural Line;FineArt-Inkjetdruck (Hahnemuehle);Querformat;Panorama;30x90;"ohne Aufhaengung (Rollen-/Flachversand); eigene ICC-Profile verfuegbar"
Poster/FineArt;FineArt;Hahnemuehle Bamboo Natural Line;FineArt-Inkjetdruck (Hahnemuehle);Querformat;Panorama;40x80;"ohne Aufhaengung (Rollen-/Flachversand); eigene ICC-Profile verfuegbar"
Poster/FineArt;FineArt;Hahnemuehle Bamboo Natural Line;FineArt-Inkjetdruck (Hahnemuehle);Querformat;Panorama;50x100;"ohne Aufhaengung (Rollen-/Flachversand); eigene ICC-Profile verfuegbar"
Poster/FineArt;FineArt;Hahnemuehle Baryta;FineArt-Inkjetdruck (Hahnemuehle);Hochformat;~2:3;10x15;"ohne Aufhaengung (Rollen-/Flachversand); eigene ICC-Profile verfuegbar"
Poster/FineArt;FineArt;Hahnemuehle Baryta;FineArt-Inkjetdruck (Hahnemuehle);Hochformat;~2:3;10,5x14,8 (A6);"ohne Aufhaengung (Rollen-/Flachversand); eigene ICC-Profile verfuegbar"
Poster/FineArt;FineArt;Hahnemuehle Baryta;FineArt-Inkjetdruck (Hahnemuehle);Hochformat;~2:3;13x18;"ohne Aufhaengung (Rollen-/Flachversand); eigene ICC-Profile verfuegbar"
Poster/FineArt;FineArt;Hahnemuehle Baryta;FineArt-Inkjetdruck (Hahnemuehle);Hochformat;~2:3;13x19;"ohne Aufhaengung (Rollen-/Flachversand); eigene ICC-Profile verfuegbar"
Poster/FineArt;FineArt;Hahnemuehle Baryta;FineArt-Inkjetdruck (Hahnemuehle);Hochformat;~2:3;14,8x21 (A5);"ohne Aufhaengung (Rollen-/Flachversand); eigene ICC-Profile verfuegbar"
Poster/FineArt;FineArt;Hahnemuehle Baryta;FineArt-Inkjetdruck (Hahnemuehle);Hochformat;~2:3;15x21;"ohne Aufhaengung (Rollen-/Flachversand); eigene ICC-Profile verfuegbar"
Poster/FineArt;FineArt;Hahnemuehle Baryta;FineArt-Inkjetdruck (Hahnemuehle);Hochformat;~2:3;15x22;"ohne Aufhaengung (Rollen-/Flachversand); eigene ICC-Profile verfuegbar"
Poster/FineArt;FineArt;Hahnemuehle Baryta;FineArt-Inkjetdruck (Hahnemuehle);Hochformat;~2:3;20x30;"ohne Aufhaengung (Rollen-/Flachversand); eigene ICC-Profile verfuegbar"
Poster/FineArt;FineArt;Hahnemuehle Baryta;FineArt-Inkjetdruck (Hahnemuehle);Hochformat;~2:3;21x29,7 (A4);"ohne Aufhaengung (Rollen-/Flachversand); eigene ICC-Profile verfuegbar"
Poster/FineArt;FineArt;Hahnemuehle Baryta;FineArt-Inkjetdruck (Hahnemuehle);Hochformat;~2:3;29,7x42 (A3);"ohne Aufhaengung (Rollen-/Flachversand); eigene ICC-Profile verfuegbar"
Poster/FineArt;FineArt;Hahnemuehle Baryta;FineArt-Inkjetdruck (Hahnemuehle);Hochformat;~2:3;30x45;"ohne Aufhaengung (Rollen-/Flachversand); eigene ICC-Profile verfuegbar"
Poster/FineArt;FineArt;Hahnemuehle Baryta;FineArt-Inkjetdruck (Hahnemuehle);Hochformat;~2:3;40x60;"ohne Aufhaengung (Rollen-/Flachversand); eigene ICC-Profile verfuegbar"
Poster/FineArt;FineArt;Hahnemuehle Baryta;FineArt-Inkjetdruck (Hahnemuehle);Hochformat;~2:3;42x59,4 (A2);"ohne Aufhaengung (Rollen-/Flachversand); eigene ICC-Profile verfuegbar"
Poster/FineArt;FineArt;Hahnemuehle Baryta;FineArt-Inkjetdruck (Hahnemuehle);Hochformat;~2:3;50x70;"ohne Aufhaengung (Rollen-/Flachversand); eigene ICC-Profile verfuegbar"
Poster/FineArt;FineArt;Hahnemuehle Baryta;FineArt-Inkjetdruck (Hahnemuehle);Hochformat;~2:3;50x75;"ohne Aufhaengung (Rollen-/Flachversand); eigene ICC-Profile verfuegbar"
Poster/FineArt;FineArt;Hahnemuehle Baryta;FineArt-Inkjetdruck (Hahnemuehle);Hochformat;~2:3;59,4x84,1 (A1);"ohne Aufhaengung (Rollen-/Flachversand); eigene ICC-Profile verfuegbar"
Poster/FineArt;FineArt;Hahnemuehle Baryta;FineArt-Inkjetdruck (Hahnemuehle);Hochformat;~2:3;60x90;"ohne Aufhaengung (Rollen-/Flachversand); eigene ICC-Profile verfuegbar"
Poster/FineArt;FineArt;Hahnemuehle Baryta;FineArt-Inkjetdruck (Hahnemuehle);Hochformat;~2:3;70x100;"ohne Aufhaengung (Rollen-/Flachversand); eigene ICC-Profile verfuegbar"
Poster/FineArt;FineArt;Hahnemuehle Baryta;FineArt-Inkjetdruck (Hahnemuehle);Hochformat;~2:3;70x105;"ohne Aufhaengung (Rollen-/Flachversand); eigene ICC-Profile verfuegbar"
Poster/FineArt;FineArt;Hahnemuehle Baryta;FineArt-Inkjetdruck (Hahnemuehle);Hochformat;~3:4;18x24;"ohne Aufhaengung (Rollen-/Flachversand); eigene ICC-Profile verfuegbar"
Poster/FineArt;FineArt;Hahnemuehle Baryta;FineArt-Inkjetdruck (Hahnemuehle);Hochformat;~3:4;30x40;"ohne Aufhaengung (Rollen-/Flachversand); eigene ICC-Profile verfuegbar"
Poster/FineArt;FineArt;Hahnemuehle Baryta;FineArt-Inkjetdruck (Hahnemuehle);Hochformat;~3:4;60x80;"ohne Aufhaengung (Rollen-/Flachversand); eigene ICC-Profile verfuegbar"
Poster/FineArt;FineArt;Hahnemuehle Baryta;FineArt-Inkjetdruck (Hahnemuehle);Hochformat;~4:5;10x13;"ohne Aufhaengung (Rollen-/Flachversand); eigene ICC-Profile verfuegbar"
Poster/FineArt;FineArt;Hahnemuehle Baryta;FineArt-Inkjetdruck (Hahnemuehle);Hochformat;~4:5;40x50;"ohne Aufhaengung (Rollen-/Flachversand); eigene ICC-Profile verfuegbar"
Poster/FineArt;FineArt;Hahnemuehle Baryta;FineArt-Inkjetdruck (Hahnemuehle);Hochformat;~4:5;70x90;"ohne Aufhaengung (Rollen-/Flachversand); eigene ICC-Profile verfuegbar"
Poster/FineArt;FineArt;Hahnemuehle Baryta;FineArt-Inkjetdruck (Hahnemuehle);Hochformat;Quadratisch;15x15;"ohne Aufhaengung (Rollen-/Flachversand); eigene ICC-Profile verfuegbar"
Poster/FineArt;FineArt;Hahnemuehle Baryta;FineArt-Inkjetdruck (Hahnemuehle);Hochformat;Quadratisch;20x20;"ohne Aufhaengung (Rollen-/Flachversand); eigene ICC-Profile verfuegbar"
Poster/FineArt;FineArt;Hahnemuehle Baryta;FineArt-Inkjetdruck (Hahnemuehle);Hochformat;Quadratisch;21x21;"ohne Aufhaengung (Rollen-/Flachversand); eigene ICC-Profile verfuegbar"
Poster/FineArt;FineArt;Hahnemuehle Baryta;FineArt-Inkjetdruck (Hahnemuehle);Hochformat;Quadratisch;30x30;"ohne Aufhaengung (Rollen-/Flachversand); eigene ICC-Profile verfuegbar"
Poster/FineArt;FineArt;Hahnemuehle Baryta;FineArt-Inkjetdruck (Hahnemuehle);Hochformat;Quadratisch;40x40;"ohne Aufhaengung (Rollen-/Flachversand); eigene ICC-Profile verfuegbar"
Poster/FineArt;FineArt;Hahnemuehle Baryta;FineArt-Inkjetdruck (Hahnemuehle);Hochformat;Quadratisch;50x50;"ohne Aufhaengung (Rollen-/Flachversand); eigene ICC-Profile verfuegbar"
Poster/FineArt;FineArt;Hahnemuehle Baryta;FineArt-Inkjetdruck (Hahnemuehle);Hochformat;Quadratisch;60x60;"ohne Aufhaengung (Rollen-/Flachversand); eigene ICC-Profile verfuegbar"
Poster/FineArt;FineArt;Hahnemuehle Baryta;FineArt-Inkjetdruck (Hahnemuehle);Hochformat;Quadratisch;70x70;"ohne Aufhaengung (Rollen-/Flachversand); eigene ICC-Profile verfuegbar"
Poster/FineArt;FineArt;Hahnemuehle Baryta;FineArt-Inkjetdruck (Hahnemuehle);Hochformat;Panorama;10x18;"ohne Aufhaengung (Rollen-/Flachversand); eigene ICC-Profile verfuegbar"
Poster/FineArt;FineArt;Hahnemuehle Baryta;FineArt-Inkjetdruck (Hahnemuehle);Hochformat;Panorama;10x20;"ohne Aufhaengung (Rollen-/Flachversand); eigene ICC-Profile verfuegbar"
Poster/FineArt;FineArt;Hahnemuehle Baryta;FineArt-Inkjetdruck (Hahnemuehle);Hochformat;Panorama;20x40;"ohne Aufhaengung (Rollen-/Flachversand); eigene ICC-Profile verfuegbar"
Poster/FineArt;FineArt;Hahnemuehle Baryta;FineArt-Inkjetdruck (Hahnemuehle);Hochformat;Panorama;20x60;"ohne Aufhaengung (Rollen-/Flachversand); eigene ICC-Profile verfuegbar"
Poster/FineArt;FineArt;Hahnemuehle Baryta;FineArt-Inkjetdruck (Hahnemuehle);Hochformat;Panorama;30x60;"ohne Aufhaengung (Rollen-/Flachversand); eigene ICC-Profile verfuegbar"
Poster/FineArt;FineArt;Hahnemuehle Baryta;FineArt-Inkjetdruck (Hahnemuehle);Hochformat;Panorama;30x90;"ohne Aufhaengung (Rollen-/Flachversand); eigene ICC-Profile verfuegbar"
Poster/FineArt;FineArt;Hahnemuehle Baryta;FineArt-Inkjetdruck (Hahnemuehle);Hochformat;Panorama;40x80;"ohne Aufhaengung (Rollen-/Flachversand); eigene ICC-Profile verfuegbar"
Poster/FineArt;FineArt;Hahnemuehle Baryta;FineArt-Inkjetdruck (Hahnemuehle);Hochformat;Panorama;50x100;"ohne Aufhaengung (Rollen-/Flachversand); eigene ICC-Profile verfuegbar"
Poster/FineArt;FineArt;Hahnemuehle Baryta;FineArt-Inkjetdruck (Hahnemuehle);Querformat;~2:3;10x15;"ohne Aufhaengung (Rollen-/Flachversand); eigene ICC-Profile verfuegbar"
Poster/FineArt;FineArt;Hahnemuehle Baryta;FineArt-Inkjetdruck (Hahnemuehle);Querformat;~2:3;10,5x14,8 (A6);"ohne Aufhaengung (Rollen-/Flachversand); eigene ICC-Profile verfuegbar"
Poster/FineArt;FineArt;Hahnemuehle Baryta;FineArt-Inkjetdruck (Hahnemuehle);Querformat;~2:3;13x18;"ohne Aufhaengung (Rollen-/Flachversand); eigene ICC-Profile verfuegbar"
Poster/FineArt;FineArt;Hahnemuehle Baryta;FineArt-Inkjetdruck (Hahnemuehle);Querformat;~2:3;13x19;"ohne Aufhaengung (Rollen-/Flachversand); eigene ICC-Profile verfuegbar"
Poster/FineArt;FineArt;Hahnemuehle Baryta;FineArt-Inkjetdruck (Hahnemuehle);Querformat;~2:3;14,8x21 (A5);"ohne Aufhaengung (Rollen-/Flachversand); eigene ICC-Profile verfuegbar"
Poster/FineArt;FineArt;Hahnemuehle Baryta;FineArt-Inkjetdruck (Hahnemuehle);Querformat;~2:3;15x21;"ohne Aufhaengung (Rollen-/Flachversand); eigene ICC-Profile verfuegbar"
Poster/FineArt;FineArt;Hahnemuehle Baryta;FineArt-Inkjetdruck (Hahnemuehle);Querformat;~2:3;15x22;"ohne Aufhaengung (Rollen-/Flachversand); eigene ICC-Profile verfuegbar"
Poster/FineArt;FineArt;Hahnemuehle Baryta;FineArt-Inkjetdruck (Hahnemuehle);Querformat;~2:3;20x30;"ohne Aufhaengung (Rollen-/Flachversand); eigene ICC-Profile verfuegbar"
Poster/FineArt;FineArt;Hahnemuehle Baryta;FineArt-Inkjetdruck (Hahnemuehle);Querformat;~2:3;21x29,7 (A4);"ohne Aufhaengung (Rollen-/Flachversand); eigene ICC-Profile verfuegbar"
Poster/FineArt;FineArt;Hahnemuehle Baryta;FineArt-Inkjetdruck (Hahnemuehle);Querformat;~2:3;29,7x42 (A3);"ohne Aufhaengung (Rollen-/Flachversand); eigene ICC-Profile verfuegbar"
Poster/FineArt;FineArt;Hahnemuehle Baryta;FineArt-Inkjetdruck (Hahnemuehle);Querformat;~2:3;30x45;"ohne Aufhaengung (Rollen-/Flachversand); eigene ICC-Profile verfuegbar"
Poster/FineArt;FineArt;Hahnemuehle Baryta;FineArt-Inkjetdruck (Hahnemuehle);Querformat;~2:3;40x60;"ohne Aufhaengung (Rollen-/Flachversand); eigene ICC-Profile verfuegbar"
Poster/FineArt;FineArt;Hahnemuehle Baryta;FineArt-Inkjetdruck (Hahnemuehle);Querformat;~2:3;42x59,4 (A2);"ohne Aufhaengung (Rollen-/Flachversand); eigene ICC-Profile verfuegbar"
Poster/FineArt;FineArt;Hahnemuehle Baryta;FineArt-Inkjetdruck (Hahnemuehle);Querformat;~2:3;50x70;"ohne Aufhaengung (Rollen-/Flachversand); eigene ICC-Profile verfuegbar"
Poster/FineArt;FineArt;Hahnemuehle Baryta;FineArt-Inkjetdruck (Hahnemuehle);Querformat;~2:3;50x75;"ohne Aufhaengung (Rollen-/Flachversand); eigene ICC-Profile verfuegbar"
Poster/FineArt;FineArt;Hahnemuehle Baryta;FineArt-Inkjetdruck (Hahnemuehle);Querformat;~2:3;59,4x84,1 (A1);"ohne Aufhaengung (Rollen-/Flachversand); eigene ICC-Profile verfuegbar"
Poster/FineArt;FineArt;Hahnemuehle Baryta;FineArt-Inkjetdruck (Hahnemuehle);Querformat;~2:3;60x90;"ohne Aufhaengung (Rollen-/Flachversand); eigene ICC-Profile verfuegbar"
Poster/FineArt;FineArt;Hahnemuehle Baryta;FineArt-Inkjetdruck (Hahnemuehle);Querformat;~2:3;70x100;"ohne Aufhaengung (Rollen-/Flachversand); eigene ICC-Profile verfuegbar"
Poster/FineArt;FineArt;Hahnemuehle Baryta;FineArt-Inkjetdruck (Hahnemuehle);Querformat;~2:3;70x105;"ohne Aufhaengung (Rollen-/Flachversand); eigene ICC-Profile verfuegbar"
Poster/FineArt;FineArt;Hahnemuehle Baryta;FineArt-Inkjetdruck (Hahnemuehle);Querformat;~3:4;18x24;"ohne Aufhaengung (Rollen-/Flachversand); eigene ICC-Profile verfuegbar"
Poster/FineArt;FineArt;Hahnemuehle Baryta;FineArt-Inkjetdruck (Hahnemuehle);Querformat;~3:4;30x40;"ohne Aufhaengung (Rollen-/Flachversand); eigene ICC-Profile verfuegbar"
Poster/FineArt;FineArt;Hahnemuehle Baryta;FineArt-Inkjetdruck (Hahnemuehle);Querformat;~3:4;60x80;"ohne Aufhaengung (Rollen-/Flachversand); eigene ICC-Profile verfuegbar"
Poster/FineArt;FineArt;Hahnemuehle Baryta;FineArt-Inkjetdruck (Hahnemuehle);Querformat;~4:5;10x13;"ohne Aufhaengung (Rollen-/Flachversand); eigene ICC-Profile verfuegbar"
Poster/FineArt;FineArt;Hahnemuehle Baryta;FineArt-Inkjetdruck (Hahnemuehle);Querformat;~4:5;40x50;"ohne Aufhaengung (Rollen-/Flachversand); eigene ICC-Profile verfuegbar"
Poster/FineArt;FineArt;Hahnemuehle Baryta;FineArt-Inkjetdruck (Hahnemuehle);Querformat;~4:5;70x90;"ohne Aufhaengung (Rollen-/Flachversand); eigene ICC-Profile verfuegbar"
Poster/FineArt;FineArt;Hahnemuehle Baryta;FineArt-Inkjetdruck (Hahnemuehle);Querformat;Quadratisch;15x15;"ohne Aufhaengung (Rollen-/Flachversand); eigene ICC-Profile verfuegbar"
Poster/FineArt;FineArt;Hahnemuehle Baryta;FineArt-Inkjetdruck (Hahnemuehle);Querformat;Quadratisch;20x20;"ohne Aufhaengung (Rollen-/Flachversand); eigene ICC-Profile verfuegbar"
Poster/FineArt;FineArt;Hahnemuehle Baryta;FineArt-Inkjetdruck (Hahnemuehle);Querformat;Quadratisch;21x21;"ohne Aufhaengung (Rollen-/Flachversand); eigene ICC-Profile verfuegbar"
Poster/FineArt;FineArt;Hahnemuehle Baryta;FineArt-Inkjetdruck (Hahnemuehle);Querformat;Quadratisch;30x30;"ohne Aufhaengung (Rollen-/Flachversand); eigene ICC-Profile verfuegbar"
Poster/FineArt;FineArt;Hahnemuehle Baryta;FineArt-Inkjetdruck (Hahnemuehle);Querformat;Quadratisch;40x40;"ohne Aufhaengung (Rollen-/Flachversand); eigene ICC-Profile verfuegbar"
Poster/FineArt;FineArt;Hahnemuehle Baryta;FineArt-Inkjetdruck (Hahnemuehle);Querformat;Quadratisch;50x50;"ohne Aufhaengung (Rollen-/Flachversand); eigene ICC-Profile verfuegbar"
Poster/FineArt;FineArt;Hahnemuehle Baryta;FineArt-Inkjetdruck (Hahnemuehle);Querformat;Quadratisch;60x60;"ohne Aufhaengung (Rollen-/Flachversand); eigene ICC-Profile verfuegbar"
Poster/FineArt;FineArt;Hahnemuehle Baryta;FineArt-Inkjetdruck (Hahnemuehle);Querformat;Quadratisch;70x70;"ohne Aufhaengung (Rollen-/Flachversand); eigene ICC-Profile verfuegbar"
Poster/FineArt;FineArt;Hahnemuehle Baryta;FineArt-Inkjetdruck (Hahnemuehle);Querformat;Panorama;10x18;"ohne Aufhaengung (Rollen-/Flachversand); eigene ICC-Profile verfuegbar"
Poster/FineArt;FineArt;Hahnemuehle Baryta;FineArt-Inkjetdruck (Hahnemuehle);Querformat;Panorama;10x20;"ohne Aufhaengung (Rollen-/Flachversand); eigene ICC-Profile verfuegbar"
Poster/FineArt;FineArt;Hahnemuehle Baryta;FineArt-Inkjetdruck (Hahnemuehle);Querformat;Panorama;20x40;"ohne Aufhaengung (Rollen-/Flachversand); eigene ICC-Profile verfuegbar"
Poster/FineArt;FineArt;Hahnemuehle Baryta;FineArt-Inkjetdruck (Hahnemuehle);Querformat;Panorama;20x60;"ohne Aufhaengung (Rollen-/Flachversand); eigene ICC-Profile verfuegbar"
Poster/FineArt;FineArt;Hahnemuehle Baryta;FineArt-Inkjetdruck (Hahnemuehle);Querformat;Panorama;30x60;"ohne Aufhaengung (Rollen-/Flachversand); eigene ICC-Profile verfuegbar"
Poster/FineArt;FineArt;Hahnemuehle Baryta;FineArt-Inkjetdruck (Hahnemuehle);Querformat;Panorama;30x90;"ohne Aufhaengung (Rollen-/Flachversand); eigene ICC-Profile verfuegbar"
Poster/FineArt;FineArt;Hahnemuehle Baryta;FineArt-Inkjetdruck (Hahnemuehle);Querformat;Panorama;40x80;"ohne Aufhaengung (Rollen-/Flachversand); eigene ICC-Profile verfuegbar"
Poster/FineArt;FineArt;Hahnemuehle Baryta;FineArt-Inkjetdruck (Hahnemuehle);Querformat;Panorama;50x100;"ohne Aufhaengung (Rollen-/Flachversand); eigene ICC-Profile verfuegbar"
Poster/FineArt;FineArt;Hahnemuehle Hemp Natural Line;FineArt-Inkjetdruck (Hahnemuehle);Hochformat;~2:3;10x15;"ohne Aufhaengung (Rollen-/Flachversand); eigene ICC-Profile verfuegbar"
Poster/FineArt;FineArt;Hahnemuehle Hemp Natural Line;FineArt-Inkjetdruck (Hahnemuehle);Hochformat;~2:3;10,5x14,8 (A6);"ohne Aufhaengung (Rollen-/Flachversand); eigene ICC-Profile verfuegbar"
Poster/FineArt;FineArt;Hahnemuehle Hemp Natural Line;FineArt-Inkjetdruck (Hahnemuehle);Hochformat;~2:3;13x18;"ohne Aufhaengung (Rollen-/Flachversand); eigene ICC-Profile verfuegbar"
Poster/FineArt;FineArt;Hahnemuehle Hemp Natural Line;FineArt-Inkjetdruck (Hahnemuehle);Hochformat;~2:3;13x19;"ohne Aufhaengung (Rollen-/Flachversand); eigene ICC-Profile verfuegbar"
Poster/FineArt;FineArt;Hahnemuehle Hemp Natural Line;FineArt-Inkjetdruck (Hahnemuehle);Hochformat;~2:3;14,8x21 (A5);"ohne Aufhaengung (Rollen-/Flachversand); eigene ICC-Profile verfuegbar"
Poster/FineArt;FineArt;Hahnemuehle Hemp Natural Line;FineArt-Inkjetdruck (Hahnemuehle);Hochformat;~2:3;15x21;"ohne Aufhaengung (Rollen-/Flachversand); eigene ICC-Profile verfuegbar"
Poster/FineArt;FineArt;Hahnemuehle Hemp Natural Line;FineArt-Inkjetdruck (Hahnemuehle);Hochformat;~2:3;15x22;"ohne Aufhaengung (Rollen-/Flachversand); eigene ICC-Profile verfuegbar"
Poster/FineArt;FineArt;Hahnemuehle Hemp Natural Line;FineArt-Inkjetdruck (Hahnemuehle);Hochformat;~2:3;20x30;"ohne Aufhaengung (Rollen-/Flachversand); eigene ICC-Profile verfuegbar"
Poster/FineArt;FineArt;Hahnemuehle Hemp Natural Line;FineArt-Inkjetdruck (Hahnemuehle);Hochformat;~2:3;21x29,7 (A4);"ohne Aufhaengung (Rollen-/Flachversand); eigene ICC-Profile verfuegbar"
Poster/FineArt;FineArt;Hahnemuehle Hemp Natural Line;FineArt-Inkjetdruck (Hahnemuehle);Hochformat;~2:3;29,7x42 (A3);"ohne Aufhaengung (Rollen-/Flachversand); eigene ICC-Profile verfuegbar"
Poster/FineArt;FineArt;Hahnemuehle Hemp Natural Line;FineArt-Inkjetdruck (Hahnemuehle);Hochformat;~2:3;30x45;"ohne Aufhaengung (Rollen-/Flachversand); eigene ICC-Profile verfuegbar"
Poster/FineArt;FineArt;Hahnemuehle Hemp Natural Line;FineArt-Inkjetdruck (Hahnemuehle);Hochformat;~2:3;40x60;"ohne Aufhaengung (Rollen-/Flachversand); eigene ICC-Profile verfuegbar"
Poster/FineArt;FineArt;Hahnemuehle Hemp Natural Line;FineArt-Inkjetdruck (Hahnemuehle);Hochformat;~2:3;42x59,4 (A2);"ohne Aufhaengung (Rollen-/Flachversand); eigene ICC-Profile verfuegbar"
Poster/FineArt;FineArt;Hahnemuehle Hemp Natural Line;FineArt-Inkjetdruck (Hahnemuehle);Hochformat;~2:3;50x70;"ohne Aufhaengung (Rollen-/Flachversand); eigene ICC-Profile verfuegbar"
Poster/FineArt;FineArt;Hahnemuehle Hemp Natural Line;FineArt-Inkjetdruck (Hahnemuehle);Hochformat;~2:3;50x75;"ohne Aufhaengung (Rollen-/Flachversand); eigene ICC-Profile verfuegbar"
Poster/FineArt;FineArt;Hahnemuehle Hemp Natural Line;FineArt-Inkjetdruck (Hahnemuehle);Hochformat;~2:3;59,4x84,1 (A1);"ohne Aufhaengung (Rollen-/Flachversand); eigene ICC-Profile verfuegbar"
Poster/FineArt;FineArt;Hahnemuehle Hemp Natural Line;FineArt-Inkjetdruck (Hahnemuehle);Hochformat;~2:3;60x90;"ohne Aufhaengung (Rollen-/Flachversand); eigene ICC-Profile verfuegbar"
Poster/FineArt;FineArt;Hahnemuehle Hemp Natural Line;FineArt-Inkjetdruck (Hahnemuehle);Hochformat;~2:3;70x100;"ohne Aufhaengung (Rollen-/Flachversand); eigene ICC-Profile verfuegbar"
Poster/FineArt;FineArt;Hahnemuehle Hemp Natural Line;FineArt-Inkjetdruck (Hahnemuehle);Hochformat;~2:3;70x105;"ohne Aufhaengung (Rollen-/Flachversand); eigene ICC-Profile verfuegbar"
Poster/FineArt;FineArt;Hahnemuehle Hemp Natural Line;FineArt-Inkjetdruck (Hahnemuehle);Hochformat;~3:4;18x24;"ohne Aufhaengung (Rollen-/Flachversand); eigene ICC-Profile verfuegbar"
Poster/FineArt;FineArt;Hahnemuehle Hemp Natural Line;FineArt-Inkjetdruck (Hahnemuehle);Hochformat;~3:4;30x40;"ohne Aufhaengung (Rollen-/Flachversand); eigene ICC-Profile verfuegbar"
Poster/FineArt;FineArt;Hahnemuehle Hemp Natural Line;FineArt-Inkjetdruck (Hahnemuehle);Hochformat;~3:4;60x80;"ohne Aufhaengung (Rollen-/Flachversand); eigene ICC-Profile verfuegbar"
Poster/FineArt;FineArt;Hahnemuehle Hemp Natural Line;FineArt-Inkjetdruck (Hahnemuehle);Hochformat;~4:5;10x13;"ohne Aufhaengung (Rollen-/Flachversand); eigene ICC-Profile verfuegbar"
Poster/FineArt;FineArt;Hahnemuehle Hemp Natural Line;FineArt-Inkjetdruck (Hahnemuehle);Hochformat;~4:5;40x50;"ohne Aufhaengung (Rollen-/Flachversand); eigene ICC-Profile verfuegbar"
Poster/FineArt;FineArt;Hahnemuehle Hemp Natural Line;FineArt-Inkjetdruck (Hahnemuehle);Hochformat;~4:5;70x90;"ohne Aufhaengung (Rollen-/Flachversand); eigene ICC-Profile verfuegbar"
Poster/FineArt;FineArt;Hahnemuehle Hemp Natural Line;FineArt-Inkjetdruck (Hahnemuehle);Hochformat;Quadratisch;15x15;"ohne Aufhaengung (Rollen-/Flachversand); eigene ICC-Profile verfuegbar"
Poster/FineArt;FineArt;Hahnemuehle Hemp Natural Line;FineArt-Inkjetdruck (Hahnemuehle);Hochformat;Quadratisch;20x20;"ohne Aufhaengung (Rollen-/Flachversand); eigene ICC-Profile verfuegbar"
Poster/FineArt;FineArt;Hahnemuehle Hemp Natural Line;FineArt-Inkjetdruck (Hahnemuehle);Hochformat;Quadratisch;21x21;"ohne Aufhaengung (Rollen-/Flachversand); eigene ICC-Profile verfuegbar"
Poster/FineArt;FineArt;Hahnemuehle Hemp Natural Line;FineArt-Inkjetdruck (Hahnemuehle);Hochformat;Quadratisch;30x30;"ohne Aufhaengung (Rollen-/Flachversand); eigene ICC-Profile verfuegbar"
Poster/FineArt;FineArt;Hahnemuehle Hemp Natural Line;FineArt-Inkjetdruck (Hahnemuehle);Hochformat;Quadratisch;40x40;"ohne Aufhaengung (Rollen-/Flachversand); eigene ICC-Profile verfuegbar"
Poster/FineArt;FineArt;Hahnemuehle Hemp Natural Line;FineArt-Inkjetdruck (Hahnemuehle);Hochformat;Quadratisch;50x50;"ohne Aufhaengung (Rollen-/Flachversand); eigene ICC-Profile verfuegbar"
Poster/FineArt;FineArt;Hahnemuehle Hemp Natural Line;FineArt-Inkjetdruck (Hahnemuehle);Hochformat;Quadratisch;60x60;"ohne Aufhaengung (Rollen-/Flachversand); eigene ICC-Profile verfuegbar"
Poster/FineArt;FineArt;Hahnemuehle Hemp Natural Line;FineArt-Inkjetdruck (Hahnemuehle);Hochformat;Quadratisch;70x70;"ohne Aufhaengung (Rollen-/Flachversand); eigene ICC-Profile verfuegbar"
Poster/FineArt;FineArt;Hahnemuehle Hemp Natural Line;FineArt-Inkjetdruck (Hahnemuehle);Hochformat;Panorama;10x18;"ohne Aufhaengung (Rollen-/Flachversand); eigene ICC-Profile verfuegbar"
Poster/FineArt;FineArt;Hahnemuehle Hemp Natural Line;FineArt-Inkjetdruck (Hahnemuehle);Hochformat;Panorama;10x20;"ohne Aufhaengung (Rollen-/Flachversand); eigene ICC-Profile verfuegbar"
Poster/FineArt;FineArt;Hahnemuehle Hemp Natural Line;FineArt-Inkjetdruck (Hahnemuehle);Hochformat;Panorama;20x40;"ohne Aufhaengung (Rollen-/Flachversand); eigene ICC-Profile verfuegbar"
Poster/FineArt;FineArt;Hahnemuehle Hemp Natural Line;FineArt-Inkjetdruck (Hahnemuehle);Hochformat;Panorama;20x60;"ohne Aufhaengung (Rollen-/Flachversand); eigene ICC-Profile verfuegbar"
Poster/FineArt;FineArt;Hahnemuehle Hemp Natural Line;FineArt-Inkjetdruck (Hahnemuehle);Hochformat;Panorama;30x60;"ohne Aufhaengung (Rollen-/Flachversand); eigene ICC-Profile verfuegbar"
Poster/FineArt;FineArt;Hahnemuehle Hemp Natural Line;FineArt-Inkjetdruck (Hahnemuehle);Hochformat;Panorama;30x90;"ohne Aufhaengung (Rollen-/Flachversand); eigene ICC-Profile verfuegbar"
Poster/FineArt;FineArt;Hahnemuehle Hemp Natural Line;FineArt-Inkjetdruck (Hahnemuehle);Hochformat;Panorama;40x80;"ohne Aufhaengung (Rollen-/Flachversand); eigene ICC-Profile verfuegbar"
Poster/FineArt;FineArt;Hahnemuehle Hemp Natural Line;FineArt-Inkjetdruck (Hahnemuehle);Hochformat;Panorama;50x100;"ohne Aufhaengung (Rollen-/Flachversand); eigene ICC-Profile verfuegbar"
Poster/FineArt;FineArt;Hahnemuehle Hemp Natural Line;FineArt-Inkjetdruck (Hahnemuehle);Querformat;~2:3;10x15;"ohne Aufhaengung (Rollen-/Flachversand); eigene ICC-Profile verfuegbar"
Poster/FineArt;FineArt;Hahnemuehle Hemp Natural Line;FineArt-Inkjetdruck (Hahnemuehle);Querformat;~2:3;10,5x14,8 (A6);"ohne Aufhaengung (Rollen-/Flachversand); eigene ICC-Profile verfuegbar"
Poster/FineArt;FineArt;Hahnemuehle Hemp Natural Line;FineArt-Inkjetdruck (Hahnemuehle);Querformat;~2:3;13x18;"ohne Aufhaengung (Rollen-/Flachversand); eigene ICC-Profile verfuegbar"
Poster/FineArt;FineArt;Hahnemuehle Hemp Natural Line;FineArt-Inkjetdruck (Hahnemuehle);Querformat;~2:3;13x19;"ohne Aufhaengung (Rollen-/Flachversand); eigene ICC-Profile verfuegbar"
Poster/FineArt;FineArt;Hahnemuehle Hemp Natural Line;FineArt-Inkjetdruck (Hahnemuehle);Querformat;~2:3;14,8x21 (A5);"ohne Aufhaengung (Rollen-/Flachversand); eigene ICC-Profile verfuegbar"
Poster/FineArt;FineArt;Hahnemuehle Hemp Natural Line;FineArt-Inkjetdruck (Hahnemuehle);Querformat;~2:3;15x21;"ohne Aufhaengung (Rollen-/Flachversand); eigene ICC-Profile verfuegbar"
Poster/FineArt;FineArt;Hahnemuehle Hemp Natural Line;FineArt-Inkjetdruck (Hahnemuehle);Querformat;~2:3;15x22;"ohne Aufhaengung (Rollen-/Flachversand); eigene ICC-Profile verfuegbar"
Poster/FineArt;FineArt;Hahnemuehle Hemp Natural Line;FineArt-Inkjetdruck (Hahnemuehle);Querformat;~2:3;20x30;"ohne Aufhaengung (Rollen-/Flachversand); eigene ICC-Profile verfuegbar"
Poster/FineArt;FineArt;Hahnemuehle Hemp Natural Line;FineArt-Inkjetdruck (Hahnemuehle);Querformat;~2:3;21x29,7 (A4);"ohne Aufhaengung (Rollen-/Flachversand); eigene ICC-Profile verfuegbar"
Poster/FineArt;FineArt;Hahnemuehle Hemp Natural Line;FineArt-Inkjetdruck (Hahnemuehle);Querformat;~2:3;29,7x42 (A3);"ohne Aufhaengung (Rollen-/Flachversand); eigene ICC-Profile verfuegbar"
Poster/FineArt;FineArt;Hahnemuehle Hemp Natural Line;FineArt-Inkjetdruck (Hahnemuehle);Querformat;~2:3;30x45;"ohne Aufhaengung (Rollen-/Flachversand); eigene ICC-Profile verfuegbar"
Poster/FineArt;FineArt;Hahnemuehle Hemp Natural Line;FineArt-Inkjetdruck (Hahnemuehle);Querformat;~2:3;40x60;"ohne Aufhaengung (Rollen-/Flachversand); eigene ICC-Profile verfuegbar"
Poster/FineArt;FineArt;Hahnemuehle Hemp Natural Line;FineArt-Inkjetdruck (Hahnemuehle);Querformat;~2:3;42x59,4 (A2);"ohne Aufhaengung (Rollen-/Flachversand); eigene ICC-Profile verfuegbar"
Poster/FineArt;FineArt;Hahnemuehle Hemp Natural Line;FineArt-Inkjetdruck (Hahnemuehle);Querformat;~2:3;50x70;"ohne Aufhaengung (Rollen-/Flachversand); eigene ICC-Profile verfuegbar"
Poster/FineArt;FineArt;Hahnemuehle Hemp Natural Line;FineArt-Inkjetdruck (Hahnemuehle);Querformat;~2:3;50x75;"ohne Aufhaengung (Rollen-/Flachversand); eigene ICC-Profile verfuegbar"
Poster/FineArt;FineArt;Hahnemuehle Hemp Natural Line;FineArt-Inkjetdruck (Hahnemuehle);Querformat;~2:3;59,4x84,1 (A1);"ohne Aufhaengung (Rollen-/Flachversand); eigene ICC-Profile verfuegbar"
Poster/FineArt;FineArt;Hahnemuehle Hemp Natural Line;FineArt-Inkjetdruck (Hahnemuehle);Querformat;~2:3;60x90;"ohne Aufhaengung (Rollen-/Flachversand); eigene ICC-Profile verfuegbar"
Poster/FineArt;FineArt;Hahnemuehle Hemp Natural Line;FineArt-Inkjetdruck (Hahnemuehle);Querformat;~2:3;70x100;"ohne Aufhaengung (Rollen-/Flachversand); eigene ICC-Profile verfuegbar"
Poster/FineArt;FineArt;Hahnemuehle Hemp Natural Line;FineArt-Inkjetdruck (Hahnemuehle);Querformat;~2:3;70x105;"ohne Aufhaengung (Rollen-/Flachversand); eigene ICC-Profile verfuegbar"
Poster/FineArt;FineArt;Hahnemuehle Hemp Natural Line;FineArt-Inkjetdruck (Hahnemuehle);Querformat;~3:4;18x24;"ohne Aufhaengung (Rollen-/Flachversand); eigene ICC-Profile verfuegbar"
Poster/FineArt;FineArt;Hahnemuehle Hemp Natural Line;FineArt-Inkjetdruck (Hahnemuehle);Querformat;~3:4;30x40;"ohne Aufhaengung (Rollen-/Flachversand); eigene ICC-Profile verfuegbar"
Poster/FineArt;FineArt;Hahnemuehle Hemp Natural Line;FineArt-Inkjetdruck (Hahnemuehle);Querformat;~3:4;60x80;"ohne Aufhaengung (Rollen-/Flachversand); eigene ICC-Profile verfuegbar"
Poster/FineArt;FineArt;Hahnemuehle Hemp Natural Line;FineArt-Inkjetdruck (Hahnemuehle);Querformat;~4:5;10x13;"ohne Aufhaengung (Rollen-/Flachversand); eigene ICC-Profile verfuegbar"
Poster/FineArt;FineArt;Hahnemuehle Hemp Natural Line;FineArt-Inkjetdruck (Hahnemuehle);Querformat;~4:5;40x50;"ohne Aufhaengung (Rollen-/Flachversand); eigene ICC-Profile verfuegbar"
Poster/FineArt;FineArt;Hahnemuehle Hemp Natural Line;FineArt-Inkjetdruck (Hahnemuehle);Querformat;~4:5;70x90;"ohne Aufhaengung (Rollen-/Flachversand); eigene ICC-Profile verfuegbar"
Poster/FineArt;FineArt;Hahnemuehle Hemp Natural Line;FineArt-Inkjetdruck (Hahnemuehle);Querformat;Quadratisch;15x15;"ohne Aufhaengung (Rollen-/Flachversand); eigene ICC-Profile verfuegbar"
Poster/FineArt;FineArt;Hahnemuehle Hemp Natural Line;FineArt-Inkjetdruck (Hahnemuehle);Querformat;Quadratisch;20x20;"ohne Aufhaengung (Rollen-/Flachversand); eigene ICC-Profile verfuegbar"
Poster/FineArt;FineArt;Hahnemuehle Hemp Natural Line;FineArt-Inkjetdruck (Hahnemuehle);Querformat;Quadratisch;21x21;"ohne Aufhaengung (Rollen-/Flachversand); eigene ICC-Profile verfuegbar"
Poster/FineArt;FineArt;Hahnemuehle Hemp Natural Line;FineArt-Inkjetdruck (Hahnemuehle);Querformat;Quadratisch;30x30;"ohne Aufhaengung (Rollen-/Flachversand); eigene ICC-Profile verfuegbar"
Poster/FineArt;FineArt;Hahnemuehle Hemp Natural Line;FineArt-Inkjetdruck (Hahnemuehle);Querformat;Quadratisch;40x40;"ohne Aufhaengung (Rollen-/Flachversand); eigene ICC-Profile verfuegbar"
Poster/FineArt;FineArt;Hahnemuehle Hemp Natural Line;FineArt-Inkjetdruck (Hahnemuehle);Querformat;Quadratisch;50x50;"ohne Aufhaengung (Rollen-/Flachversand); eigene ICC-Profile verfuegbar"
Poster/FineArt;FineArt;Hahnemuehle Hemp Natural Line;FineArt-Inkjetdruck (Hahnemuehle);Querformat;Quadratisch;60x60;"ohne Aufhaengung (Rollen-/Flachversand); eigene ICC-Profile verfuegbar"
Poster/FineArt;FineArt;Hahnemuehle Hemp Natural Line;FineArt-Inkjetdruck (Hahnemuehle);Querformat;Quadratisch;70x70;"ohne Aufhaengung (Rollen-/Flachversand); eigene ICC-Profile verfuegbar"
Poster/FineArt;FineArt;Hahnemuehle Hemp Natural Line;FineArt-Inkjetdruck (Hahnemuehle);Querformat;Panorama;10x18;"ohne Aufhaengung (Rollen-/Flachversand); eigene ICC-Profile verfuegbar"
Poster/FineArt;FineArt;Hahnemuehle Hemp Natural Line;FineArt-Inkjetdruck (Hahnemuehle);Querformat;Panorama;10x20;"ohne Aufhaengung (Rollen-/Flachversand); eigene ICC-Profile verfuegbar"
Poster/FineArt;FineArt;Hahnemuehle Hemp Natural Line;FineArt-Inkjetdruck (Hahnemuehle);Querformat;Panorama;20x40;"ohne Aufhaengung (Rollen-/Flachversand); eigene ICC-Profile verfuegbar"
Poster/FineArt;FineArt;Hahnemuehle Hemp Natural Line;FineArt-Inkjetdruck (Hahnemuehle);Querformat;Panorama;20x60;"ohne Aufhaengung (Rollen-/Flachversand); eigene ICC-Profile verfuegbar"
Poster/FineArt;FineArt;Hahnemuehle Hemp Natural Line;FineArt-Inkjetdruck (Hahnemuehle);Querformat;Panorama;30x60;"ohne Aufhaengung (Rollen-/Flachversand); eigene ICC-Profile verfuegbar"
Poster/FineArt;FineArt;Hahnemuehle Hemp Natural Line;FineArt-Inkjetdruck (Hahnemuehle);Querformat;Panorama;30x90;"ohne Aufhaengung (Rollen-/Flachversand); eigene ICC-Profile verfuegbar"
Poster/FineArt;FineArt;Hahnemuehle Hemp Natural Line;FineArt-Inkjetdruck (Hahnemuehle);Querformat;Panorama;40x80;"ohne Aufhaengung (Rollen-/Flachversand); eigene ICC-Profile verfuegbar"
Poster/FineArt;FineArt;Hahnemuehle Hemp Natural Line;FineArt-Inkjetdruck (Hahnemuehle);Querformat;Panorama;50x100;"ohne Aufhaengung (Rollen-/Flachversand); eigene ICC-Profile verfuegbar"
Poster/FineArt;FineArt;Hahnemuehle Museum Etching;FineArt-Inkjetdruck (Hahnemuehle);Hochformat;~2:3;10x15;"ohne Aufhaengung (Rollen-/Flachversand); eigene ICC-Profile verfuegbar"
Poster/FineArt;FineArt;Hahnemuehle Museum Etching;FineArt-Inkjetdruck (Hahnemuehle);Hochformat;~2:3;10,5x14,8 (A6);"ohne Aufhaengung (Rollen-/Flachversand); eigene ICC-Profile verfuegbar"
Poster/FineArt;FineArt;Hahnemuehle Museum Etching;FineArt-Inkjetdruck (Hahnemuehle);Hochformat;~2:3;13x18;"ohne Aufhaengung (Rollen-/Flachversand); eigene ICC-Profile verfuegbar"
Poster/FineArt;FineArt;Hahnemuehle Museum Etching;FineArt-Inkjetdruck (Hahnemuehle);Hochformat;~2:3;13x19;"ohne Aufhaengung (Rollen-/Flachversand); eigene ICC-Profile verfuegbar"
Poster/FineArt;FineArt;Hahnemuehle Museum Etching;FineArt-Inkjetdruck (Hahnemuehle);Hochformat;~2:3;14,8x21 (A5);"ohne Aufhaengung (Rollen-/Flachversand); eigene ICC-Profile verfuegbar"
Poster/FineArt;FineArt;Hahnemuehle Museum Etching;FineArt-Inkjetdruck (Hahnemuehle);Hochformat;~2:3;15x21;"ohne Aufhaengung (Rollen-/Flachversand); eigene ICC-Profile verfuegbar"
Poster/FineArt;FineArt;Hahnemuehle Museum Etching;FineArt-Inkjetdruck (Hahnemuehle);Hochformat;~2:3;15x22;"ohne Aufhaengung (Rollen-/Flachversand); eigene ICC-Profile verfuegbar"
Poster/FineArt;FineArt;Hahnemuehle Museum Etching;FineArt-Inkjetdruck (Hahnemuehle);Hochformat;~2:3;20x30;"ohne Aufhaengung (Rollen-/Flachversand); eigene ICC-Profile verfuegbar"
Poster/FineArt;FineArt;Hahnemuehle Museum Etching;FineArt-Inkjetdruck (Hahnemuehle);Hochformat;~2:3;21x29,7 (A4);"ohne Aufhaengung (Rollen-/Flachversand); eigene ICC-Profile verfuegbar"
Poster/FineArt;FineArt;Hahnemuehle Museum Etching;FineArt-Inkjetdruck (Hahnemuehle);Hochformat;~2:3;29,7x42 (A3);"ohne Aufhaengung (Rollen-/Flachversand); eigene ICC-Profile verfuegbar"
Poster/FineArt;FineArt;Hahnemuehle Museum Etching;FineArt-Inkjetdruck (Hahnemuehle);Hochformat;~2:3;30x45;"ohne Aufhaengung (Rollen-/Flachversand); eigene ICC-Profile verfuegbar"
Poster/FineArt;FineArt;Hahnemuehle Museum Etching;FineArt-Inkjetdruck (Hahnemuehle);Hochformat;~2:3;40x60;"ohne Aufhaengung (Rollen-/Flachversand); eigene ICC-Profile verfuegbar"
Poster/FineArt;FineArt;Hahnemuehle Museum Etching;FineArt-Inkjetdruck (Hahnemuehle);Hochformat;~2:3;42x59,4 (A2);"ohne Aufhaengung (Rollen-/Flachversand); eigene ICC-Profile verfuegbar"
Poster/FineArt;FineArt;Hahnemuehle Museum Etching;FineArt-Inkjetdruck (Hahnemuehle);Hochformat;~2:3;50x70;"ohne Aufhaengung (Rollen-/Flachversand); eigene ICC-Profile verfuegbar"
Poster/FineArt;FineArt;Hahnemuehle Museum Etching;FineArt-Inkjetdruck (Hahnemuehle);Hochformat;~2:3;50x75;"ohne Aufhaengung (Rollen-/Flachversand); eigene ICC-Profile verfuegbar"
Poster/FineArt;FineArt;Hahnemuehle Museum Etching;FineArt-Inkjetdruck (Hahnemuehle);Hochformat;~2:3;59,4x84,1 (A1);"ohne Aufhaengung (Rollen-/Flachversand); eigene ICC-Profile verfuegbar"
Poster/FineArt;FineArt;Hahnemuehle Museum Etching;FineArt-Inkjetdruck (Hahnemuehle);Hochformat;~2:3;60x90;"ohne Aufhaengung (Rollen-/Flachversand); eigene ICC-Profile verfuegbar"
Poster/FineArt;FineArt;Hahnemuehle Museum Etching;FineArt-Inkjetdruck (Hahnemuehle);Hochformat;~2:3;70x100;"ohne Aufhaengung (Rollen-/Flachversand); eigene ICC-Profile verfuegbar"
Poster/FineArt;FineArt;Hahnemuehle Museum Etching;FineArt-Inkjetdruck (Hahnemuehle);Hochformat;~2:3;70x105;"ohne Aufhaengung (Rollen-/Flachversand); eigene ICC-Profile verfuegbar"
Poster/FineArt;FineArt;Hahnemuehle Museum Etching;FineArt-Inkjetdruck (Hahnemuehle);Hochformat;~3:4;18x24;"ohne Aufhaengung (Rollen-/Flachversand); eigene ICC-Profile verfuegbar"
Poster/FineArt;FineArt;Hahnemuehle Museum Etching;FineArt-Inkjetdruck (Hahnemuehle);Hochformat;~3:4;30x40;"ohne Aufhaengung (Rollen-/Flachversand); eigene ICC-Profile verfuegbar"
Poster/FineArt;FineArt;Hahnemuehle Museum Etching;FineArt-Inkjetdruck (Hahnemuehle);Hochformat;~3:4;60x80;"ohne Aufhaengung (Rollen-/Flachversand); eigene ICC-Profile verfuegbar"
Poster/FineArt;FineArt;Hahnemuehle Museum Etching;FineArt-Inkjetdruck (Hahnemuehle);Hochformat;~4:5;10x13;"ohne Aufhaengung (Rollen-/Flachversand); eigene ICC-Profile verfuegbar"
Poster/FineArt;FineArt;Hahnemuehle Museum Etching;FineArt-Inkjetdruck (Hahnemuehle);Hochformat;~4:5;40x50;"ohne Aufhaengung (Rollen-/Flachversand); eigene ICC-Profile verfuegbar"
Poster/FineArt;FineArt;Hahnemuehle Museum Etching;FineArt-Inkjetdruck (Hahnemuehle);Hochformat;~4:5;70x90;"ohne Aufhaengung (Rollen-/Flachversand); eigene ICC-Profile verfuegbar"
Poster/FineArt;FineArt;Hahnemuehle Museum Etching;FineArt-Inkjetdruck (Hahnemuehle);Hochformat;Quadratisch;15x15;"ohne Aufhaengung (Rollen-/Flachversand); eigene ICC-Profile verfuegbar"
Poster/FineArt;FineArt;Hahnemuehle Museum Etching;FineArt-Inkjetdruck (Hahnemuehle);Hochformat;Quadratisch;20x20;"ohne Aufhaengung (Rollen-/Flachversand); eigene ICC-Profile verfuegbar"
Poster/FineArt;FineArt;Hahnemuehle Museum Etching;FineArt-Inkjetdruck (Hahnemuehle);Hochformat;Quadratisch;21x21;"ohne Aufhaengung (Rollen-/Flachversand); eigene ICC-Profile verfuegbar"
Poster/FineArt;FineArt;Hahnemuehle Museum Etching;FineArt-Inkjetdruck (Hahnemuehle);Hochformat;Quadratisch;30x30;"ohne Aufhaengung (Rollen-/Flachversand); eigene ICC-Profile verfuegbar"
Poster/FineArt;FineArt;Hahnemuehle Museum Etching;FineArt-Inkjetdruck (Hahnemuehle);Hochformat;Quadratisch;40x40;"ohne Aufhaengung (Rollen-/Flachversand); eigene ICC-Profile verfuegbar"
Poster/FineArt;FineArt;Hahnemuehle Museum Etching;FineArt-Inkjetdruck (Hahnemuehle);Hochformat;Quadratisch;50x50;"ohne Aufhaengung (Rollen-/Flachversand); eigene ICC-Profile verfuegbar"
Poster/FineArt;FineArt;Hahnemuehle Museum Etching;FineArt-Inkjetdruck (Hahnemuehle);Hochformat;Quadratisch;60x60;"ohne Aufhaengung (Rollen-/Flachversand); eigene ICC-Profile verfuegbar"
Poster/FineArt;FineArt;Hahnemuehle Museum Etching;FineArt-Inkjetdruck (Hahnemuehle);Hochformat;Quadratisch;70x70;"ohne Aufhaengung (Rollen-/Flachversand); eigene ICC-Profile verfuegbar"
Poster/FineArt;FineArt;Hahnemuehle Museum Etching;FineArt-Inkjetdruck (Hahnemuehle);Hochformat;Panorama;10x18;"ohne Aufhaengung (Rollen-/Flachversand); eigene ICC-Profile verfuegbar"
Poster/FineArt;FineArt;Hahnemuehle Museum Etching;FineArt-Inkjetdruck (Hahnemuehle);Hochformat;Panorama;10x20;"ohne Aufhaengung (Rollen-/Flachversand); eigene ICC-Profile verfuegbar"
Poster/FineArt;FineArt;Hahnemuehle Museum Etching;FineArt-Inkjetdruck (Hahnemuehle);Hochformat;Panorama;20x40;"ohne Aufhaengung (Rollen-/Flachversand); eigene ICC-Profile verfuegbar"
Poster/FineArt;FineArt;Hahnemuehle Museum Etching;FineArt-Inkjetdruck (Hahnemuehle);Hochformat;Panorama;20x60;"ohne Aufhaengung (Rollen-/Flachversand); eigene ICC-Profile verfuegbar"
Poster/FineArt;FineArt;Hahnemuehle Museum Etching;FineArt-Inkjetdruck (Hahnemuehle);Hochformat;Panorama;30x60;"ohne Aufhaengung (Rollen-/Flachversand); eigene ICC-Profile verfuegbar"
Poster/FineArt;FineArt;Hahnemuehle Museum Etching;FineArt-Inkjetdruck (Hahnemuehle);Hochformat;Panorama;30x90;"ohne Aufhaengung (Rollen-/Flachversand); eigene ICC-Profile verfuegbar"
Poster/FineArt;FineArt;Hahnemuehle Museum Etching;FineArt-Inkjetdruck (Hahnemuehle);Hochformat;Panorama;40x80;"ohne Aufhaengung (Rollen-/Flachversand); eigene ICC-Profile verfuegbar"
Poster/FineArt;FineArt;Hahnemuehle Museum Etching;FineArt-Inkjetdruck (Hahnemuehle);Hochformat;Panorama;50x100;"ohne Aufhaengung (Rollen-/Flachversand); eigene ICC-Profile verfuegbar"
Poster/FineArt;FineArt;Hahnemuehle Museum Etching;FineArt-Inkjetdruck (Hahnemuehle);Querformat;~2:3;10x15;"ohne Aufhaengung (Rollen-/Flachversand); eigene ICC-Profile verfuegbar"
Poster/FineArt;FineArt;Hahnemuehle Museum Etching;FineArt-Inkjetdruck (Hahnemuehle);Querformat;~2:3;10,5x14,8 (A6);"ohne Aufhaengung (Rollen-/Flachversand); eigene ICC-Profile verfuegbar"
Poster/FineArt;FineArt;Hahnemuehle Museum Etching;FineArt-Inkjetdruck (Hahnemuehle);Querformat;~2:3;13x18;"ohne Aufhaengung (Rollen-/Flachversand); eigene ICC-Profile verfuegbar"
Poster/FineArt;FineArt;Hahnemuehle Museum Etching;FineArt-Inkjetdruck (Hahnemuehle);Querformat;~2:3;13x19;"ohne Aufhaengung (Rollen-/Flachversand); eigene ICC-Profile verfuegbar"
Poster/FineArt;FineArt;Hahnemuehle Museum Etching;FineArt-Inkjetdruck (Hahnemuehle);Querformat;~2:3;14,8x21 (A5);"ohne Aufhaengung (Rollen-/Flachversand); eigene ICC-Profile verfuegbar"
Poster/FineArt;FineArt;Hahnemuehle Museum Etching;FineArt-Inkjetdruck (Hahnemuehle);Querformat;~2:3;15x21;"ohne Aufhaengung (Rollen-/Flachversand); eigene ICC-Profile verfuegbar"
Poster/FineArt;FineArt;Hahnemuehle Museum Etching;FineArt-Inkjetdruck (Hahnemuehle);Querformat;~2:3;15x22;"ohne Aufhaengung (Rollen-/Flachversand); eigene ICC-Profile verfuegbar"
Poster/FineArt;FineArt;Hahnemuehle Museum Etching;FineArt-Inkjetdruck (Hahnemuehle);Querformat;~2:3;20x30;"ohne Aufhaengung (Rollen-/Flachversand); eigene ICC-Profile verfuegbar"
Poster/FineArt;FineArt;Hahnemuehle Museum Etching;FineArt-Inkjetdruck (Hahnemuehle);Querformat;~2:3;21x29,7 (A4);"ohne Aufhaengung (Rollen-/Flachversand); eigene ICC-Profile verfuegbar"
Poster/FineArt;FineArt;Hahnemuehle Museum Etching;FineArt-Inkjetdruck (Hahnemuehle);Querformat;~2:3;29,7x42 (A3);"ohne Aufhaengung (Rollen-/Flachversand); eigene ICC-Profile verfuegbar"
Poster/FineArt;FineArt;Hahnemuehle Museum Etching;FineArt-Inkjetdruck (Hahnemuehle);Querformat;~2:3;30x45;"ohne Aufhaengung (Rollen-/Flachversand); eigene ICC-Profile verfuegbar"
Poster/FineArt;FineArt;Hahnemuehle Museum Etching;FineArt-Inkjetdruck (Hahnemuehle);Querformat;~2:3;40x60;"ohne Aufhaengung (Rollen-/Flachversand); eigene ICC-Profile verfuegbar"
Poster/FineArt;FineArt;Hahnemuehle Museum Etching;FineArt-Inkjetdruck (Hahnemuehle);Querformat;~2:3;42x59,4 (A2);"ohne Aufhaengung (Rollen-/Flachversand); eigene ICC-Profile verfuegbar"
Poster/FineArt;FineArt;Hahnemuehle Museum Etching;FineArt-Inkjetdruck (Hahnemuehle);Querformat;~2:3;50x70;"ohne Aufhaengung (Rollen-/Flachversand); eigene ICC-Profile verfuegbar"
Poster/FineArt;FineArt;Hahnemuehle Museum Etching;FineArt-Inkjetdruck (Hahnemuehle);Querformat;~2:3;50x75;"ohne Aufhaengung (Rollen-/Flachversand); eigene ICC-Profile verfuegbar"
Poster/FineArt;FineArt;Hahnemuehle Museum Etching;FineArt-Inkjetdruck (Hahnemuehle);Querformat;~2:3;59,4x84,1 (A1);"ohne Aufhaengung (Rollen-/Flachversand); eigene ICC-Profile verfuegbar"
Poster/FineArt;FineArt;Hahnemuehle Museum Etching;FineArt-Inkjetdruck (Hahnemuehle);Querformat;~2:3;60x90;"ohne Aufhaengung (Rollen-/Flachversand); eigene ICC-Profile verfuegbar"
Poster/FineArt;FineArt;Hahnemuehle Museum Etching;FineArt-Inkjetdruck (Hahnemuehle);Querformat;~2:3;70x100;"ohne Aufhaengung (Rollen-/Flachversand); eigene ICC-Profile verfuegbar"
Poster/FineArt;FineArt;Hahnemuehle Museum Etching;FineArt-Inkjetdruck (Hahnemuehle);Querformat;~2:3;70x105;"ohne Aufhaengung (Rollen-/Flachversand); eigene ICC-Profile verfuegbar"
Poster/FineArt;FineArt;Hahnemuehle Museum Etching;FineArt-Inkjetdruck (Hahnemuehle);Querformat;~3:4;18x24;"ohne Aufhaengung (Rollen-/Flachversand); eigene ICC-Profile verfuegbar"
Poster/FineArt;FineArt;Hahnemuehle Museum Etching;FineArt-Inkjetdruck (Hahnemuehle);Querformat;~3:4;30x40;"ohne Aufhaengung (Rollen-/Flachversand); eigene ICC-Profile verfuegbar"
Poster/FineArt;FineArt;Hahnemuehle Museum Etching;FineArt-Inkjetdruck (Hahnemuehle);Querformat;~3:4;60x80;"ohne Aufhaengung (Rollen-/Flachversand); eigene ICC-Profile verfuegbar"
Poster/FineArt;FineArt;Hahnemuehle Museum Etching;FineArt-Inkjetdruck (Hahnemuehle);Querformat;~4:5;10x13;"ohne Aufhaengung (Rollen-/Flachversand); eigene ICC-Profile verfuegbar"
Poster/FineArt;FineArt;Hahnemuehle Museum Etching;FineArt-Inkjetdruck (Hahnemuehle);Querformat;~4:5;40x50;"ohne Aufhaengung (Rollen-/Flachversand); eigene ICC-Profile verfuegbar"
Poster/FineArt;FineArt;Hahnemuehle Museum Etching;FineArt-Inkjetdruck (Hahnemuehle);Querformat;~4:5;70x90;"ohne Aufhaengung (Rollen-/Flachversand); eigene ICC-Profile verfuegbar"
Poster/FineArt;FineArt;Hahnemuehle Museum Etching;FineArt-Inkjetdruck (Hahnemuehle);Querformat;Quadratisch;15x15;"ohne Aufhaengung (Rollen-/Flachversand); eigene ICC-Profile verfuegbar"
Poster/FineArt;FineArt;Hahnemuehle Museum Etching;FineArt-Inkjetdruck (Hahnemuehle);Querformat;Quadratisch;20x20;"ohne Aufhaengung (Rollen-/Flachversand); eigene ICC-Profile verfuegbar"
Poster/FineArt;FineArt;Hahnemuehle Museum Etching;FineArt-Inkjetdruck (Hahnemuehle);Querformat;Quadratisch;21x21;"ohne Aufhaengung (Rollen-/Flachversand); eigene ICC-Profile verfuegbar"
Poster/FineArt;FineArt;Hahnemuehle Museum Etching;FineArt-Inkjetdruck (Hahnemuehle);Querformat;Quadratisch;30x30;"ohne Aufhaengung (Rollen-/Flachversand); eigene ICC-Profile verfuegbar"
Poster/FineArt;FineArt;Hahnemuehle Museum Etching;FineArt-Inkjetdruck (Hahnemuehle);Querformat;Quadratisch;40x40;"ohne Aufhaengung (Rollen-/Flachversand); eigene ICC-Profile verfuegbar"
Poster/FineArt;FineArt;Hahnemuehle Museum Etching;FineArt-Inkjetdruck (Hahnemuehle);Querformat;Quadratisch;50x50;"ohne Aufhaengung (Rollen-/Flachversand); eigene ICC-Profile verfuegbar"
Poster/FineArt;FineArt;Hahnemuehle Museum Etching;FineArt-Inkjetdruck (Hahnemuehle);Querformat;Quadratisch;60x60;"ohne Aufhaengung (Rollen-/Flachversand); eigene ICC-Profile verfuegbar"
Poster/FineArt;FineArt;Hahnemuehle Museum Etching;FineArt-Inkjetdruck (Hahnemuehle);Querformat;Quadratisch;70x70;"ohne Aufhaengung (Rollen-/Flachversand); eigene ICC-Profile verfuegbar"
Poster/FineArt;FineArt;Hahnemuehle Museum Etching;FineArt-Inkjetdruck (Hahnemuehle);Querformat;Panorama;10x18;"ohne Aufhaengung (Rollen-/Flachversand); eigene ICC-Profile verfuegbar"
Poster/FineArt;FineArt;Hahnemuehle Museum Etching;FineArt-Inkjetdruck (Hahnemuehle);Querformat;Panorama;10x20;"ohne Aufhaengung (Rollen-/Flachversand); eigene ICC-Profile verfuegbar"
Poster/FineArt;FineArt;Hahnemuehle Museum Etching;FineArt-Inkjetdruck (Hahnemuehle);Querformat;Panorama;20x40;"ohne Aufhaengung (Rollen-/Flachversand); eigene ICC-Profile verfuegbar"
Poster/FineArt;FineArt;Hahnemuehle Museum Etching;FineArt-Inkjetdruck (Hahnemuehle);Querformat;Panorama;20x60;"ohne Aufhaengung (Rollen-/Flachversand); eigene ICC-Profile verfuegbar"
Poster/FineArt;FineArt;Hahnemuehle Museum Etching;FineArt-Inkjetdruck (Hahnemuehle);Querformat;Panorama;30x60;"ohne Aufhaengung (Rollen-/Flachversand); eigene ICC-Profile verfuegbar"
Poster/FineArt;FineArt;Hahnemuehle Museum Etching;FineArt-Inkjetdruck (Hahnemuehle);Querformat;Panorama;30x90;"ohne Aufhaengung (Rollen-/Flachversand); eigene ICC-Profile verfuegbar"
Poster/FineArt;FineArt;Hahnemuehle Museum Etching;FineArt-Inkjetdruck (Hahnemuehle);Querformat;Panorama;40x80;"ohne Aufhaengung (Rollen-/Flachversand); eigene ICC-Profile verfuegbar"
Poster/FineArt;FineArt;Hahnemuehle Museum Etching;FineArt-Inkjetdruck (Hahnemuehle);Querformat;Panorama;50x100;"ohne Aufhaengung (Rollen-/Flachversand); eigene ICC-Profile verfuegbar"
Poster/FineArt;FineArt;Hahnemuehle Photo Rag;FineArt-Inkjetdruck (Hahnemuehle);Hochformat;~2:3;10x15;"ohne Aufhaengung (Rollen-/Flachversand); eigene ICC-Profile verfuegbar"
Poster/FineArt;FineArt;Hahnemuehle Photo Rag;FineArt-Inkjetdruck (Hahnemuehle);Hochformat;~2:3;10,5x14,8 (A6);"ohne Aufhaengung (Rollen-/Flachversand); eigene ICC-Profile verfuegbar"
Poster/FineArt;FineArt;Hahnemuehle Photo Rag;FineArt-Inkjetdruck (Hahnemuehle);Hochformat;~2:3;13x18;"ohne Aufhaengung (Rollen-/Flachversand); eigene ICC-Profile verfuegbar"
Poster/FineArt;FineArt;Hahnemuehle Photo Rag;FineArt-Inkjetdruck (Hahnemuehle);Hochformat;~2:3;13x19;"ohne Aufhaengung (Rollen-/Flachversand); eigene ICC-Profile verfuegbar"
Poster/FineArt;FineArt;Hahnemuehle Photo Rag;FineArt-Inkjetdruck (Hahnemuehle);Hochformat;~2:3;14,8x21 (A5);"ohne Aufhaengung (Rollen-/Flachversand); eigene ICC-Profile verfuegbar"
Poster/FineArt;FineArt;Hahnemuehle Photo Rag;FineArt-Inkjetdruck (Hahnemuehle);Hochformat;~2:3;15x21;"ohne Aufhaengung (Rollen-/Flachversand); eigene ICC-Profile verfuegbar"
Poster/FineArt;FineArt;Hahnemuehle Photo Rag;FineArt-Inkjetdruck (Hahnemuehle);Hochformat;~2:3;15x22;"ohne Aufhaengung (Rollen-/Flachversand); eigene ICC-Profile verfuegbar"
Poster/FineArt;FineArt;Hahnemuehle Photo Rag;FineArt-Inkjetdruck (Hahnemuehle);Hochformat;~2:3;20x30;"ohne Aufhaengung (Rollen-/Flachversand); eigene ICC-Profile verfuegbar"
Poster/FineArt;FineArt;Hahnemuehle Photo Rag;FineArt-Inkjetdruck (Hahnemuehle);Hochformat;~2:3;21x29,7 (A4);"ohne Aufhaengung (Rollen-/Flachversand); eigene ICC-Profile verfuegbar"
Poster/FineArt;FineArt;Hahnemuehle Photo Rag;FineArt-Inkjetdruck (Hahnemuehle);Hochformat;~2:3;29,7x42 (A3);"ohne Aufhaengung (Rollen-/Flachversand); eigene ICC-Profile verfuegbar"
Poster/FineArt;FineArt;Hahnemuehle Photo Rag;FineArt-Inkjetdruck (Hahnemuehle);Hochformat;~2:3;30x45;"ohne Aufhaengung (Rollen-/Flachversand); eigene ICC-Profile verfuegbar"
Poster/FineArt;FineArt;Hahnemuehle Photo Rag;FineArt-Inkjetdruck (Hahnemuehle);Hochformat;~2:3;40x60;"ohne Aufhaengung (Rollen-/Flachversand); eigene ICC-Profile verfuegbar"
Poster/FineArt;FineArt;Hahnemuehle Photo Rag;FineArt-Inkjetdruck (Hahnemuehle);Hochformat;~2:3;42x59,4 (A2);"ohne Aufhaengung (Rollen-/Flachversand); eigene ICC-Profile verfuegbar"
Poster/FineArt;FineArt;Hahnemuehle Photo Rag;FineArt-Inkjetdruck (Hahnemuehle);Hochformat;~2:3;50x70;"ohne Aufhaengung (Rollen-/Flachversand); eigene ICC-Profile verfuegbar"
Poster/FineArt;FineArt;Hahnemuehle Photo Rag;FineArt-Inkjetdruck (Hahnemuehle);Hochformat;~2:3;50x75;"ohne Aufhaengung (Rollen-/Flachversand); eigene ICC-Profile verfuegbar"
Poster/FineArt;FineArt;Hahnemuehle Photo Rag;FineArt-Inkjetdruck (Hahnemuehle);Hochformat;~2:3;59,4x84,1 (A1);"ohne Aufhaengung (Rollen-/Flachversand); eigene ICC-Profile verfuegbar"
Poster/FineArt;FineArt;Hahnemuehle Photo Rag;FineArt-Inkjetdruck (Hahnemuehle);Hochformat;~2:3;60x90;"ohne Aufhaengung (Rollen-/Flachversand); eigene ICC-Profile verfuegbar"
Poster/FineArt;FineArt;Hahnemuehle Photo Rag;FineArt-Inkjetdruck (Hahnemuehle);Hochformat;~2:3;70x100;"ohne Aufhaengung (Rollen-/Flachversand); eigene ICC-Profile verfuegbar"
Poster/FineArt;FineArt;Hahnemuehle Photo Rag;FineArt-Inkjetdruck (Hahnemuehle);Hochformat;~2:3;70x105;"ohne Aufhaengung (Rollen-/Flachversand); eigene ICC-Profile verfuegbar"
Poster/FineArt;FineArt;Hahnemuehle Photo Rag;FineArt-Inkjetdruck (Hahnemuehle);Hochformat;~3:4;18x24;"ohne Aufhaengung (Rollen-/Flachversand); eigene ICC-Profile verfuegbar"
Poster/FineArt;FineArt;Hahnemuehle Photo Rag;FineArt-Inkjetdruck (Hahnemuehle);Hochformat;~3:4;30x40;"ohne Aufhaengung (Rollen-/Flachversand); eigene ICC-Profile verfuegbar"
Poster/FineArt;FineArt;Hahnemuehle Photo Rag;FineArt-Inkjetdruck (Hahnemuehle);Hochformat;~3:4;60x80;"ohne Aufhaengung (Rollen-/Flachversand); eigene ICC-Profile verfuegbar"
Poster/FineArt;FineArt;Hahnemuehle Photo Rag;FineArt-Inkjetdruck (Hahnemuehle);Hochformat;~4:5;10x13;"ohne Aufhaengung (Rollen-/Flachversand); eigene ICC-Profile verfuegbar"
Poster/FineArt;FineArt;Hahnemuehle Photo Rag;FineArt-Inkjetdruck (Hahnemuehle);Hochformat;~4:5;40x50;"ohne Aufhaengung (Rollen-/Flachversand); eigene ICC-Profile verfuegbar"
Poster/FineArt;FineArt;Hahnemuehle Photo Rag;FineArt-Inkjetdruck (Hahnemuehle);Hochformat;~4:5;70x90;"ohne Aufhaengung (Rollen-/Flachversand); eigene ICC-Profile verfuegbar"
Poster/FineArt;FineArt;Hahnemuehle Photo Rag;FineArt-Inkjetdruck (Hahnemuehle);Hochformat;Quadratisch;15x15;"ohne Aufhaengung (Rollen-/Flachversand); eigene ICC-Profile verfuegbar"
Poster/FineArt;FineArt;Hahnemuehle Photo Rag;FineArt-Inkjetdruck (Hahnemuehle);Hochformat;Quadratisch;20x20;"ohne Aufhaengung (Rollen-/Flachversand); eigene ICC-Profile verfuegbar"
Poster/FineArt;FineArt;Hahnemuehle Photo Rag;FineArt-Inkjetdruck (Hahnemuehle);Hochformat;Quadratisch;21x21;"ohne Aufhaengung (Rollen-/Flachversand); eigene ICC-Profile verfuegbar"
Poster/FineArt;FineArt;Hahnemuehle Photo Rag;FineArt-Inkjetdruck (Hahnemuehle);Hochformat;Quadratisch;30x30;"ohne Aufhaengung (Rollen-/Flachversand); eigene ICC-Profile verfuegbar"
Poster/FineArt;FineArt;Hahnemuehle Photo Rag;FineArt-Inkjetdruck (Hahnemuehle);Hochformat;Quadratisch;40x40;"ohne Aufhaengung (Rollen-/Flachversand); eigene ICC-Profile verfuegbar"
Poster/FineArt;FineArt;Hahnemuehle Photo Rag;FineArt-Inkjetdruck (Hahnemuehle);Hochformat;Quadratisch;50x50;"ohne Aufhaengung (Rollen-/Flachversand); eigene ICC-Profile verfuegbar"
Poster/FineArt;FineArt;Hahnemuehle Photo Rag;FineArt-Inkjetdruck (Hahnemuehle);Hochformat;Quadratisch;60x60;"ohne Aufhaengung (Rollen-/Flachversand); eigene ICC-Profile verfuegbar"
Poster/FineArt;FineArt;Hahnemuehle Photo Rag;FineArt-Inkjetdruck (Hahnemuehle);Hochformat;Quadratisch;70x70;"ohne Aufhaengung (Rollen-/Flachversand); eigene ICC-Profile verfuegbar"
Poster/FineArt;FineArt;Hahnemuehle Photo Rag;FineArt-Inkjetdruck (Hahnemuehle);Hochformat;Panorama;10x18;"ohne Aufhaengung (Rollen-/Flachversand); eigene ICC-Profile verfuegbar"
Poster/FineArt;FineArt;Hahnemuehle Photo Rag;FineArt-Inkjetdruck (Hahnemuehle);Hochformat;Panorama;10x20;"ohne Aufhaengung (Rollen-/Flachversand); eigene ICC-Profile verfuegbar"
Poster/FineArt;FineArt;Hahnemuehle Photo Rag;FineArt-Inkjetdruck (Hahnemuehle);Hochformat;Panorama;20x40;"ohne Aufhaengung (Rollen-/Flachversand); eigene ICC-Profile verfuegbar"
Poster/FineArt;FineArt;Hahnemuehle Photo Rag;FineArt-Inkjetdruck (Hahnemuehle);Hochformat;Panorama;20x60;"ohne Aufhaengung (Rollen-/Flachversand); eigene ICC-Profile verfuegbar"
Poster/FineArt;FineArt;Hahnemuehle Photo Rag;FineArt-Inkjetdruck (Hahnemuehle);Hochformat;Panorama;30x60;"ohne Aufhaengung (Rollen-/Flachversand); eigene ICC-Profile verfuegbar"
Poster/FineArt;FineArt;Hahnemuehle Photo Rag;FineArt-Inkjetdruck (Hahnemuehle);Hochformat;Panorama;30x90;"ohne Aufhaengung (Rollen-/Flachversand); eigene ICC-Profile verfuegbar"
Poster/FineArt;FineArt;Hahnemuehle Photo Rag;FineArt-Inkjetdruck (Hahnemuehle);Hochformat;Panorama;40x80;"ohne Aufhaengung (Rollen-/Flachversand); eigene ICC-Profile verfuegbar"
Poster/FineArt;FineArt;Hahnemuehle Photo Rag;FineArt-Inkjetdruck (Hahnemuehle);Hochformat;Panorama;50x100;"ohne Aufhaengung (Rollen-/Flachversand); eigene ICC-Profile verfuegbar"
Poster/FineArt;FineArt;Hahnemuehle Photo Rag;FineArt-Inkjetdruck (Hahnemuehle);Querformat;~2:3;10x15;"ohne Aufhaengung (Rollen-/Flachversand); eigene ICC-Profile verfuegbar"
Poster/FineArt;FineArt;Hahnemuehle Photo Rag;FineArt-Inkjetdruck (Hahnemuehle);Querformat;~2:3;10,5x14,8 (A6);"ohne Aufhaengung (Rollen-/Flachversand); eigene ICC-Profile verfuegbar"
Poster/FineArt;FineArt;Hahnemuehle Photo Rag;FineArt-Inkjetdruck (Hahnemuehle);Querformat;~2:3;13x18;"ohne Aufhaengung (Rollen-/Flachversand); eigene ICC-Profile verfuegbar"
Poster/FineArt;FineArt;Hahnemuehle Photo Rag;FineArt-Inkjetdruck (Hahnemuehle);Querformat;~2:3;13x19;"ohne Aufhaengung (Rollen-/Flachversand); eigene ICC-Profile verfuegbar"
Poster/FineArt;FineArt;Hahnemuehle Photo Rag;FineArt-Inkjetdruck (Hahnemuehle);Querformat;~2:3;14,8x21 (A5);"ohne Aufhaengung (Rollen-/Flachversand); eigene ICC-Profile verfuegbar"
Poster/FineArt;FineArt;Hahnemuehle Photo Rag;FineArt-Inkjetdruck (Hahnemuehle);Querformat;~2:3;15x21;"ohne Aufhaengung (Rollen-/Flachversand); eigene ICC-Profile verfuegbar"
Poster/FineArt;FineArt;Hahnemuehle Photo Rag;FineArt-Inkjetdruck (Hahnemuehle);Querformat;~2:3;15x22;"ohne Aufhaengung (Rollen-/Flachversand); eigene ICC-Profile verfuegbar"
Poster/FineArt;FineArt;Hahnemuehle Photo Rag;FineArt-Inkjetdruck (Hahnemuehle);Querformat;~2:3;20x30;"ohne Aufhaengung (Rollen-/Flachversand); eigene ICC-Profile verfuegbar"
Poster/FineArt;FineArt;Hahnemuehle Photo Rag;FineArt-Inkjetdruck (Hahnemuehle);Querformat;~2:3;21x29,7 (A4);"ohne Aufhaengung (Rollen-/Flachversand); eigene ICC-Profile verfuegbar"
Poster/FineArt;FineArt;Hahnemuehle Photo Rag;FineArt-Inkjetdruck (Hahnemuehle);Querformat;~2:3;29,7x42 (A3);"ohne Aufhaengung (Rollen-/Flachversand); eigene ICC-Profile verfuegbar"
Poster/FineArt;FineArt;Hahnemuehle Photo Rag;FineArt-Inkjetdruck (Hahnemuehle);Querformat;~2:3;30x45;"ohne Aufhaengung (Rollen-/Flachversand); eigene ICC-Profile verfuegbar"
Poster/FineArt;FineArt;Hahnemuehle Photo Rag;FineArt-Inkjetdruck (Hahnemuehle);Querformat;~2:3;40x60;"ohne Aufhaengung (Rollen-/Flachversand); eigene ICC-Profile verfuegbar"
Poster/FineArt;FineArt;Hahnemuehle Photo Rag;FineArt-Inkjetdruck (Hahnemuehle);Querformat;~2:3;42x59,4 (A2);"ohne Aufhaengung (Rollen-/Flachversand); eigene ICC-Profile verfuegbar"
Poster/FineArt;FineArt;Hahnemuehle Photo Rag;FineArt-Inkjetdruck (Hahnemuehle);Querformat;~2:3;50x70;"ohne Aufhaengung (Rollen-/Flachversand); eigene ICC-Profile verfuegbar"
Poster/FineArt;FineArt;Hahnemuehle Photo Rag;FineArt-Inkjetdruck (Hahnemuehle);Querformat;~2:3;50x75;"ohne Aufhaengung (Rollen-/Flachversand); eigene ICC-Profile verfuegbar"
Poster/FineArt;FineArt;Hahnemuehle Photo Rag;FineArt-Inkjetdruck (Hahnemuehle);Querformat;~2:3;59,4x84,1 (A1);"ohne Aufhaengung (Rollen-/Flachversand); eigene ICC-Profile verfuegbar"
Poster/FineArt;FineArt;Hahnemuehle Photo Rag;FineArt-Inkjetdruck (Hahnemuehle);Querformat;~2:3;60x90;"ohne Aufhaengung (Rollen-/Flachversand); eigene ICC-Profile verfuegbar"
Poster/FineArt;FineArt;Hahnemuehle Photo Rag;FineArt-Inkjetdruck (Hahnemuehle);Querformat;~2:3;70x100;"ohne Aufhaengung (Rollen-/Flachversand); eigene ICC-Profile verfuegbar"
Poster/FineArt;FineArt;Hahnemuehle Photo Rag;FineArt-Inkjetdruck (Hahnemuehle);Querformat;~2:3;70x105;"ohne Aufhaengung (Rollen-/Flachversand); eigene ICC-Profile verfuegbar"
Poster/FineArt;FineArt;Hahnemuehle Photo Rag;FineArt-Inkjetdruck (Hahnemuehle);Querformat;~3:4;18x24;"ohne Aufhaengung (Rollen-/Flachversand); eigene ICC-Profile verfuegbar"
Poster/FineArt;FineArt;Hahnemuehle Photo Rag;FineArt-Inkjetdruck (Hahnemuehle);Querformat;~3:4;30x40;"ohne Aufhaengung (Rollen-/Flachversand); eigene ICC-Profile verfuegbar"
Poster/FineArt;FineArt;Hahnemuehle Photo Rag;FineArt-Inkjetdruck (Hahnemuehle);Querformat;~3:4;60x80;"ohne Aufhaengung (Rollen-/Flachversand); eigene ICC-Profile verfuegbar"
Poster/FineArt;FineArt;Hahnemuehle Photo Rag;FineArt-Inkjetdruck (Hahnemuehle);Querformat;~4:5;10x13;"ohne Aufhaengung (Rollen-/Flachversand); eigene ICC-Profile verfuegbar"
Poster/FineArt;FineArt;Hahnemuehle Photo Rag;FineArt-Inkjetdruck (Hahnemuehle);Querformat;~4:5;40x50;"ohne Aufhaengung (Rollen-/Flachversand); eigene ICC-Profile verfuegbar"
Poster/FineArt;FineArt;Hahnemuehle Photo Rag;FineArt-Inkjetdruck (Hahnemuehle);Querformat;~4:5;70x90;"ohne Aufhaengung (Rollen-/Flachversand); eigene ICC-Profile verfuegbar"
Poster/FineArt;FineArt;Hahnemuehle Photo Rag;FineArt-Inkjetdruck (Hahnemuehle);Querformat;Quadratisch;15x15;"ohne Aufhaengung (Rollen-/Flachversand); eigene ICC-Profile verfuegbar"
Poster/FineArt;FineArt;Hahnemuehle Photo Rag;FineArt-Inkjetdruck (Hahnemuehle);Querformat;Quadratisch;20x20;"ohne Aufhaengung (Rollen-/Flachversand); eigene ICC-Profile verfuegbar"
Poster/FineArt;FineArt;Hahnemuehle Photo Rag;FineArt-Inkjetdruck (Hahnemuehle);Querformat;Quadratisch;21x21;"ohne Aufhaengung (Rollen-/Flachversand); eigene ICC-Profile verfuegbar"
Poster/FineArt;FineArt;Hahnemuehle Photo Rag;FineArt-Inkjetdruck (Hahnemuehle);Querformat;Quadratisch;30x30;"ohne Aufhaengung (Rollen-/Flachversand); eigene ICC-Profile verfuegbar"
Poster/FineArt;FineArt;Hahnemuehle Photo Rag;FineArt-Inkjetdruck (Hahnemuehle);Querformat;Quadratisch;40x40;"ohne Aufhaengung (Rollen-/Flachversand); eigene ICC-Profile verfuegbar"
Poster/FineArt;FineArt;Hahnemuehle Photo Rag;FineArt-Inkjetdruck (Hahnemuehle);Querformat;Quadratisch;50x50;"ohne Aufhaengung (Rollen-/Flachversand); eigene ICC-Profile verfuegbar"
Poster/FineArt;FineArt;Hahnemuehle Photo Rag;FineArt-Inkjetdruck (Hahnemuehle);Querformat;Quadratisch;60x60;"ohne Aufhaengung (Rollen-/Flachversand); eigene ICC-Profile verfuegbar"
Poster/FineArt;FineArt;Hahnemuehle Photo Rag;FineArt-Inkjetdruck (Hahnemuehle);Querformat;Quadratisch;70x70;"ohne Aufhaengung (Rollen-/Flachversand); eigene ICC-Profile verfuegbar"
Poster/FineArt;FineArt;Hahnemuehle Photo Rag;FineArt-Inkjetdruck (Hahnemuehle);Querformat;Panorama;10x18;"ohne Aufhaengung (Rollen-/Flachversand); eigene ICC-Profile verfuegbar"
Poster/FineArt;FineArt;Hahnemuehle Photo Rag;FineArt-Inkjetdruck (Hahnemuehle);Querformat;Panorama;10x20;"ohne Aufhaengung (Rollen-/Flachversand); eigene ICC-Profile verfuegbar"
Poster/FineArt;FineArt;Hahnemuehle Photo Rag;FineArt-Inkjetdruck (Hahnemuehle);Querformat;Panorama;20x40;"ohne Aufhaengung (Rollen-/Flachversand); eigene ICC-Profile verfuegbar"
Poster/FineArt;FineArt;Hahnemuehle Photo Rag;FineArt-Inkjetdruck (Hahnemuehle);Querformat;Panorama;20x60;"ohne Aufhaengung (Rollen-/Flachversand); eigene ICC-Profile verfuegbar"
Poster/FineArt;FineArt;Hahnemuehle Photo Rag;FineArt-Inkjetdruck (Hahnemuehle);Querformat;Panorama;30x60;"ohne Aufhaengung (Rollen-/Flachversand); eigene ICC-Profile verfuegbar"
Poster/FineArt;FineArt;Hahnemuehle Photo Rag;FineArt-Inkjetdruck (Hahnemuehle);Querformat;Panorama;30x90;"ohne Aufhaengung (Rollen-/Flachversand); eigene ICC-Profile verfuegbar"
Poster/FineArt;FineArt;Hahnemuehle Photo Rag;FineArt-Inkjetdruck (Hahnemuehle);Querformat;Panorama;40x80;"ohne Aufhaengung (Rollen-/Flachversand); eigene ICC-Profile verfuegbar"
Poster/FineArt;FineArt;Hahnemuehle Photo Rag;FineArt-Inkjetdruck (Hahnemuehle);Querformat;Panorama;50x100;"ohne Aufhaengung (Rollen-/Flachversand); eigene ICC-Profile verfuegbar"
Poster/FineArt;Fotoposter;Fotopapier Silk;Fotografische Belichtung / Digitaldruck (Fujifilm);Hochformat;~2:3;10x15;ohne Aufhaengung (Rollen-/Flachversand)
Poster/FineArt;Fotoposter;Fotopapier Silk;Fotografische Belichtung / Digitaldruck (Fujifilm);Hochformat;~2:3;10,5x14,8 (A6);ohne Aufhaengung (Rollen-/Flachversand)
Poster/FineArt;Fotoposter;Fotopapier Silk;Fotografische Belichtung / Digitaldruck (Fujifilm);Hochformat;~2:3;13x18;ohne Aufhaengung (Rollen-/Flachversand)
Poster/FineArt;Fotoposter;Fotopapier Silk;Fotografische Belichtung / Digitaldruck (Fujifilm);Hochformat;~2:3;13x19;ohne Aufhaengung (Rollen-/Flachversand)
Poster/FineArt;Fotoposter;Fotopapier Silk;Fotografische Belichtung / Digitaldruck (Fujifilm);Hochformat;~2:3;14,8x21 (A5);ohne Aufhaengung (Rollen-/Flachversand)
Poster/FineArt;Fotoposter;Fotopapier Silk;Fotografische Belichtung / Digitaldruck (Fujifilm);Hochformat;~2:3;15x21;ohne Aufhaengung (Rollen-/Flachversand)
Poster/FineArt;Fotoposter;Fotopapier Silk;Fotografische Belichtung / Digitaldruck (Fujifilm);Hochformat;~2:3;15x22;ohne Aufhaengung (Rollen-/Flachversand)
Poster/FineArt;Fotoposter;Fotopapier Silk;Fotografische Belichtung / Digitaldruck (Fujifilm);Hochformat;~2:3;20x30;ohne Aufhaengung (Rollen-/Flachversand)
Poster/FineArt;Fotoposter;Fotopapier Silk;Fotografische Belichtung / Digitaldruck (Fujifilm);Hochformat;~2:3;21x30 (A4);ohne Aufhaengung (Rollen-/Flachversand)
Poster/FineArt;Fotoposter;Fotopapier Silk;Fotografische Belichtung / Digitaldruck (Fujifilm);Hochformat;~2:3;29,7x42 (A3);ohne Aufhaengung (Rollen-/Flachversand)
Poster/FineArt;Fotoposter;Fotopapier Silk;Fotografische Belichtung / Digitaldruck (Fujifilm);Hochformat;~2:3;30x45;ohne Aufhaengung (Rollen-/Flachversand)
Poster/FineArt;Fotoposter;Fotopapier Silk;Fotografische Belichtung / Digitaldruck (Fujifilm);Hochformat;~2:3;40x60;ohne Aufhaengung (Rollen-/Flachversand)
Poster/FineArt;Fotoposter;Fotopapier Silk;Fotografische Belichtung / Digitaldruck (Fujifilm);Hochformat;~2:3;42x59,4 (A2);ohne Aufhaengung (Rollen-/Flachversand)
Poster/FineArt;Fotoposter;Fotopapier Silk;Fotografische Belichtung / Digitaldruck (Fujifilm);Hochformat;~2:3;50x70;ohne Aufhaengung (Rollen-/Flachversand)
Poster/FineArt;Fotoposter;Fotopapier Silk;Fotografische Belichtung / Digitaldruck (Fujifilm);Hochformat;~2:3;50x75;ohne Aufhaengung (Rollen-/Flachversand)
Poster/FineArt;Fotoposter;Fotopapier Silk;Fotografische Belichtung / Digitaldruck (Fujifilm);Hochformat;~2:3;59,4x84,1 (A1);ohne Aufhaengung (Rollen-/Flachversand)
Poster/FineArt;Fotoposter;Fotopapier Silk;Fotografische Belichtung / Digitaldruck (Fujifilm);Hochformat;~2:3;60x90;ohne Aufhaengung (Rollen-/Flachversand)
Poster/FineArt;Fotoposter;Fotopapier Silk;Fotografische Belichtung / Digitaldruck (Fujifilm);Hochformat;~2:3;70x100;ohne Aufhaengung (Rollen-/Flachversand)
Poster/FineArt;Fotoposter;Fotopapier Silk;Fotografische Belichtung / Digitaldruck (Fujifilm);Hochformat;~2:3;70x105;ohne Aufhaengung (Rollen-/Flachversand)
Poster/FineArt;Fotoposter;Fotopapier Silk;Fotografische Belichtung / Digitaldruck (Fujifilm);Hochformat;~3:4;18x24;ohne Aufhaengung (Rollen-/Flachversand)
Poster/FineArt;Fotoposter;Fotopapier Silk;Fotografische Belichtung / Digitaldruck (Fujifilm);Hochformat;~3:4;30x40;ohne Aufhaengung (Rollen-/Flachversand)
Poster/FineArt;Fotoposter;Fotopapier Silk;Fotografische Belichtung / Digitaldruck (Fujifilm);Hochformat;~3:4;60x80;ohne Aufhaengung (Rollen-/Flachversand)
Poster/FineArt;Fotoposter;Fotopapier Silk;Fotografische Belichtung / Digitaldruck (Fujifilm);Hochformat;~3:5;70x120;ohne Aufhaengung (Rollen-/Flachversand)
Poster/FineArt;Fotoposter;Fotopapier Silk;Fotografische Belichtung / Digitaldruck (Fujifilm);Hochformat;~4:5;10x13;ohne Aufhaengung (Rollen-/Flachversand)
Poster/FineArt;Fotoposter;Fotopapier Silk;Fotografische Belichtung / Digitaldruck (Fujifilm);Hochformat;~4:5;40x50;ohne Aufhaengung (Rollen-/Flachversand)
Poster/FineArt;Fotoposter;Fotopapier Silk;Fotografische Belichtung / Digitaldruck (Fujifilm);Hochformat;Quadratisch;15x15;ohne Aufhaengung (Rollen-/Flachversand)
Poster/FineArt;Fotoposter;Fotopapier Silk;Fotografische Belichtung / Digitaldruck (Fujifilm);Hochformat;Quadratisch;20x20;ohne Aufhaengung (Rollen-/Flachversand)
Poster/FineArt;Fotoposter;Fotopapier Silk;Fotografische Belichtung / Digitaldruck (Fujifilm);Hochformat;Quadratisch;30x30;ohne Aufhaengung (Rollen-/Flachversand)
Poster/FineArt;Fotoposter;Fotopapier Silk;Fotografische Belichtung / Digitaldruck (Fujifilm);Hochformat;Quadratisch;40x40;ohne Aufhaengung (Rollen-/Flachversand)
Poster/FineArt;Fotoposter;Fotopapier Silk;Fotografische Belichtung / Digitaldruck (Fujifilm);Hochformat;Quadratisch;50x50;ohne Aufhaengung (Rollen-/Flachversand)
Poster/FineArt;Fotoposter;Fotopapier Silk;Fotografische Belichtung / Digitaldruck (Fujifilm);Hochformat;Quadratisch;60x60;ohne Aufhaengung (Rollen-/Flachversand)
Poster/FineArt;Fotoposter;Fotopapier Silk;Fotografische Belichtung / Digitaldruck (Fujifilm);Hochformat;Quadratisch;70x70;ohne Aufhaengung (Rollen-/Flachversand)
Poster/FineArt;Fotoposter;Fotopapier Silk;Fotografische Belichtung / Digitaldruck (Fujifilm);Hochformat;Panorama;10x20;ohne Aufhaengung (Rollen-/Flachversand)
Poster/FineArt;Fotoposter;Fotopapier Silk;Fotografische Belichtung / Digitaldruck (Fujifilm);Hochformat;Panorama;20x40;ohne Aufhaengung (Rollen-/Flachversand)
Poster/FineArt;Fotoposter;Fotopapier Silk;Fotografische Belichtung / Digitaldruck (Fujifilm);Hochformat;Panorama;20x60;ohne Aufhaengung (Rollen-/Flachversand)
Poster/FineArt;Fotoposter;Fotopapier Silk;Fotografische Belichtung / Digitaldruck (Fujifilm);Hochformat;Panorama;30x60;ohne Aufhaengung (Rollen-/Flachversand)
Poster/FineArt;Fotoposter;Fotopapier Silk;Fotografische Belichtung / Digitaldruck (Fujifilm);Hochformat;Panorama;30x90;ohne Aufhaengung (Rollen-/Flachversand)
Poster/FineArt;Fotoposter;Fotopapier Silk;Fotografische Belichtung / Digitaldruck (Fujifilm);Hochformat;Panorama;40x80;ohne Aufhaengung (Rollen-/Flachversand)
Poster/FineArt;Fotoposter;Fotopapier Silk;Fotografische Belichtung / Digitaldruck (Fujifilm);Hochformat;Panorama;50x100;ohne Aufhaengung (Rollen-/Flachversand)
Poster/FineArt;Fotoposter;Fotopapier Silk;Fotografische Belichtung / Digitaldruck (Fujifilm);Hochformat;Panorama;60x120;ohne Aufhaengung (Rollen-/Flachversand)
Poster/FineArt;Fotoposter;Fotopapier Silk;Fotografische Belichtung / Digitaldruck (Fujifilm);Hochformat;Panorama;60x180;ohne Aufhaengung (Rollen-/Flachversand)
Poster/FineArt;Fotoposter;Fotopapier Silk;Fotografische Belichtung / Digitaldruck (Fujifilm);Hochformat;Panorama;70x180;ohne Aufhaengung (Rollen-/Flachversand)
Poster/FineArt;Fotoposter;Fotopapier Silk;Fotografische Belichtung / Digitaldruck (Fujifilm);Querformat;~2:3;10x15;ohne Aufhaengung (Rollen-/Flachversand)
Poster/FineArt;Fotoposter;Fotopapier Silk;Fotografische Belichtung / Digitaldruck (Fujifilm);Querformat;~2:3;10,5x14,8 (A6);ohne Aufhaengung (Rollen-/Flachversand)
Poster/FineArt;Fotoposter;Fotopapier Silk;Fotografische Belichtung / Digitaldruck (Fujifilm);Querformat;~2:3;13x18;ohne Aufhaengung (Rollen-/Flachversand)
Poster/FineArt;Fotoposter;Fotopapier Silk;Fotografische Belichtung / Digitaldruck (Fujifilm);Querformat;~2:3;13x19;ohne Aufhaengung (Rollen-/Flachversand)
Poster/FineArt;Fotoposter;Fotopapier Silk;Fotografische Belichtung / Digitaldruck (Fujifilm);Querformat;~2:3;14,8x21 (A5);ohne Aufhaengung (Rollen-/Flachversand)
Poster/FineArt;Fotoposter;Fotopapier Silk;Fotografische Belichtung / Digitaldruck (Fujifilm);Querformat;~2:3;15x21;ohne Aufhaengung (Rollen-/Flachversand)
Poster/FineArt;Fotoposter;Fotopapier Silk;Fotografische Belichtung / Digitaldruck (Fujifilm);Querformat;~2:3;15x22;ohne Aufhaengung (Rollen-/Flachversand)
Poster/FineArt;Fotoposter;Fotopapier Silk;Fotografische Belichtung / Digitaldruck (Fujifilm);Querformat;~2:3;20x30;ohne Aufhaengung (Rollen-/Flachversand)
Poster/FineArt;Fotoposter;Fotopapier Silk;Fotografische Belichtung / Digitaldruck (Fujifilm);Querformat;~2:3;21x30 (A4);ohne Aufhaengung (Rollen-/Flachversand)
Poster/FineArt;Fotoposter;Fotopapier Silk;Fotografische Belichtung / Digitaldruck (Fujifilm);Querformat;~2:3;29,7x42 (A3);ohne Aufhaengung (Rollen-/Flachversand)
Poster/FineArt;Fotoposter;Fotopapier Silk;Fotografische Belichtung / Digitaldruck (Fujifilm);Querformat;~2:3;30x45;ohne Aufhaengung (Rollen-/Flachversand)
Poster/FineArt;Fotoposter;Fotopapier Silk;Fotografische Belichtung / Digitaldruck (Fujifilm);Querformat;~2:3;40x60;ohne Aufhaengung (Rollen-/Flachversand)
Poster/FineArt;Fotoposter;Fotopapier Silk;Fotografische Belichtung / Digitaldruck (Fujifilm);Querformat;~2:3;42x59,4 (A2);ohne Aufhaengung (Rollen-/Flachversand)
Poster/FineArt;Fotoposter;Fotopapier Silk;Fotografische Belichtung / Digitaldruck (Fujifilm);Querformat;~2:3;50x70;ohne Aufhaengung (Rollen-/Flachversand)
Poster/FineArt;Fotoposter;Fotopapier Silk;Fotografische Belichtung / Digitaldruck (Fujifilm);Querformat;~2:3;50x75;ohne Aufhaengung (Rollen-/Flachversand)
Poster/FineArt;Fotoposter;Fotopapier Silk;Fotografische Belichtung / Digitaldruck (Fujifilm);Querformat;~2:3;59,4x84,1 (A1);ohne Aufhaengung (Rollen-/Flachversand)
Poster/FineArt;Fotoposter;Fotopapier Silk;Fotografische Belichtung / Digitaldruck (Fujifilm);Querformat;~2:3;60x90;ohne Aufhaengung (Rollen-/Flachversand)
Poster/FineArt;Fotoposter;Fotopapier Silk;Fotografische Belichtung / Digitaldruck (Fujifilm);Querformat;~2:3;70x100;ohne Aufhaengung (Rollen-/Flachversand)
Poster/FineArt;Fotoposter;Fotopapier Silk;Fotografische Belichtung / Digitaldruck (Fujifilm);Querformat;~2:3;70x105;ohne Aufhaengung (Rollen-/Flachversand)
Poster/FineArt;Fotoposter;Fotopapier Silk;Fotografische Belichtung / Digitaldruck (Fujifilm);Querformat;~3:4;18x24;ohne Aufhaengung (Rollen-/Flachversand)
Poster/FineArt;Fotoposter;Fotopapier Silk;Fotografische Belichtung / Digitaldruck (Fujifilm);Querformat;~3:4;30x40;ohne Aufhaengung (Rollen-/Flachversand)
Poster/FineArt;Fotoposter;Fotopapier Silk;Fotografische Belichtung / Digitaldruck (Fujifilm);Querformat;~3:4;60x80;ohne Aufhaengung (Rollen-/Flachversand)
Poster/FineArt;Fotoposter;Fotopapier Silk;Fotografische Belichtung / Digitaldruck (Fujifilm);Querformat;~3:5;70x120;ohne Aufhaengung (Rollen-/Flachversand)
Poster/FineArt;Fotoposter;Fotopapier Silk;Fotografische Belichtung / Digitaldruck (Fujifilm);Querformat;~4:5;10x13;ohne Aufhaengung (Rollen-/Flachversand)
Poster/FineArt;Fotoposter;Fotopapier Silk;Fotografische Belichtung / Digitaldruck (Fujifilm);Querformat;~4:5;40x50;ohne Aufhaengung (Rollen-/Flachversand)
Poster/FineArt;Fotoposter;Fotopapier Silk;Fotografische Belichtung / Digitaldruck (Fujifilm);Querformat;Quadratisch;15x15;ohne Aufhaengung (Rollen-/Flachversand)
Poster/FineArt;Fotoposter;Fotopapier Silk;Fotografische Belichtung / Digitaldruck (Fujifilm);Querformat;Quadratisch;20x20;ohne Aufhaengung (Rollen-/Flachversand)
Poster/FineArt;Fotoposter;Fotopapier Silk;Fotografische Belichtung / Digitaldruck (Fujifilm);Querformat;Quadratisch;30x30;ohne Aufhaengung (Rollen-/Flachversand)
Poster/FineArt;Fotoposter;Fotopapier Silk;Fotografische Belichtung / Digitaldruck (Fujifilm);Querformat;Quadratisch;40x40;ohne Aufhaengung (Rollen-/Flachversand)
Poster/FineArt;Fotoposter;Fotopapier Silk;Fotografische Belichtung / Digitaldruck (Fujifilm);Querformat;Quadratisch;50x50;ohne Aufhaengung (Rollen-/Flachversand)
Poster/FineArt;Fotoposter;Fotopapier Silk;Fotografische Belichtung / Digitaldruck (Fujifilm);Querformat;Quadratisch;60x60;ohne Aufhaengung (Rollen-/Flachversand)
Poster/FineArt;Fotoposter;Fotopapier Silk;Fotografische Belichtung / Digitaldruck (Fujifilm);Querformat;Quadratisch;70x70;ohne Aufhaengung (Rollen-/Flachversand)
Poster/FineArt;Fotoposter;Fotopapier Silk;Fotografische Belichtung / Digitaldruck (Fujifilm);Querformat;Panorama;10x20;ohne Aufhaengung (Rollen-/Flachversand)
Poster/FineArt;Fotoposter;Fotopapier Silk;Fotografische Belichtung / Digitaldruck (Fujifilm);Querformat;Panorama;20x40;ohne Aufhaengung (Rollen-/Flachversand)
Poster/FineArt;Fotoposter;Fotopapier Silk;Fotografische Belichtung / Digitaldruck (Fujifilm);Querformat;Panorama;20x60;ohne Aufhaengung (Rollen-/Flachversand)
Poster/FineArt;Fotoposter;Fotopapier Silk;Fotografische Belichtung / Digitaldruck (Fujifilm);Querformat;Panorama;30x60;ohne Aufhaengung (Rollen-/Flachversand)
Poster/FineArt;Fotoposter;Fotopapier Silk;Fotografische Belichtung / Digitaldruck (Fujifilm);Querformat;Panorama;30x90;ohne Aufhaengung (Rollen-/Flachversand)
Poster/FineArt;Fotoposter;Fotopapier Silk;Fotografische Belichtung / Digitaldruck (Fujifilm);Querformat;Panorama;40x80;ohne Aufhaengung (Rollen-/Flachversand)
Poster/FineArt;Fotoposter;Fotopapier Silk;Fotografische Belichtung / Digitaldruck (Fujifilm);Querformat;Panorama;50x100;ohne Aufhaengung (Rollen-/Flachversand)
Poster/FineArt;Fotoposter;Fotopapier Silk;Fotografische Belichtung / Digitaldruck (Fujifilm);Querformat;Panorama;60x120;ohne Aufhaengung (Rollen-/Flachversand)
Poster/FineArt;Fotoposter;Fotopapier Silk;Fotografische Belichtung / Digitaldruck (Fujifilm);Querformat;Panorama;60x180;ohne Aufhaengung (Rollen-/Flachversand)
Poster/FineArt;Fotoposter;Fotopapier Silk;Fotografische Belichtung / Digitaldruck (Fujifilm);Querformat;Panorama;70x180;ohne Aufhaengung (Rollen-/Flachversand)
Poster/FineArt;Fotoposter;Fotopapier glaenzend;Fotografische Belichtung / Digitaldruck (Fujifilm);Hochformat;~2:3;10x15;ohne Aufhaengung (Rollen-/Flachversand)
Poster/FineArt;Fotoposter;Fotopapier glaenzend;Fotografische Belichtung / Digitaldruck (Fujifilm);Hochformat;~2:3;10,5x14,8 (A6);ohne Aufhaengung (Rollen-/Flachversand)
Poster/FineArt;Fotoposter;Fotopapier glaenzend;Fotografische Belichtung / Digitaldruck (Fujifilm);Hochformat;~2:3;13x18;ohne Aufhaengung (Rollen-/Flachversand)
Poster/FineArt;Fotoposter;Fotopapier glaenzend;Fotografische Belichtung / Digitaldruck (Fujifilm);Hochformat;~2:3;13x19;ohne Aufhaengung (Rollen-/Flachversand)
Poster/FineArt;Fotoposter;Fotopapier glaenzend;Fotografische Belichtung / Digitaldruck (Fujifilm);Hochformat;~2:3;14,8x21 (A5);ohne Aufhaengung (Rollen-/Flachversand)
Poster/FineArt;Fotoposter;Fotopapier glaenzend;Fotografische Belichtung / Digitaldruck (Fujifilm);Hochformat;~2:3;15x21;ohne Aufhaengung (Rollen-/Flachversand)
Poster/FineArt;Fotoposter;Fotopapier glaenzend;Fotografische Belichtung / Digitaldruck (Fujifilm);Hochformat;~2:3;15x22;ohne Aufhaengung (Rollen-/Flachversand)
Poster/FineArt;Fotoposter;Fotopapier glaenzend;Fotografische Belichtung / Digitaldruck (Fujifilm);Hochformat;~2:3;20x30;ohne Aufhaengung (Rollen-/Flachversand)
Poster/FineArt;Fotoposter;Fotopapier glaenzend;Fotografische Belichtung / Digitaldruck (Fujifilm);Hochformat;~2:3;21x30 (A4);ohne Aufhaengung (Rollen-/Flachversand)
Poster/FineArt;Fotoposter;Fotopapier glaenzend;Fotografische Belichtung / Digitaldruck (Fujifilm);Hochformat;~2:3;29,7x42 (A3);ohne Aufhaengung (Rollen-/Flachversand)
Poster/FineArt;Fotoposter;Fotopapier glaenzend;Fotografische Belichtung / Digitaldruck (Fujifilm);Hochformat;~2:3;30x45;ohne Aufhaengung (Rollen-/Flachversand)
Poster/FineArt;Fotoposter;Fotopapier glaenzend;Fotografische Belichtung / Digitaldruck (Fujifilm);Hochformat;~2:3;40x60;ohne Aufhaengung (Rollen-/Flachversand)
Poster/FineArt;Fotoposter;Fotopapier glaenzend;Fotografische Belichtung / Digitaldruck (Fujifilm);Hochformat;~2:3;42x59,4 (A2);ohne Aufhaengung (Rollen-/Flachversand)
Poster/FineArt;Fotoposter;Fotopapier glaenzend;Fotografische Belichtung / Digitaldruck (Fujifilm);Hochformat;~2:3;50x70;ohne Aufhaengung (Rollen-/Flachversand)
Poster/FineArt;Fotoposter;Fotopapier glaenzend;Fotografische Belichtung / Digitaldruck (Fujifilm);Hochformat;~2:3;50x75;ohne Aufhaengung (Rollen-/Flachversand)
Poster/FineArt;Fotoposter;Fotopapier glaenzend;Fotografische Belichtung / Digitaldruck (Fujifilm);Hochformat;~2:3;59,4x84,1 (A1);ohne Aufhaengung (Rollen-/Flachversand)
Poster/FineArt;Fotoposter;Fotopapier glaenzend;Fotografische Belichtung / Digitaldruck (Fujifilm);Hochformat;~2:3;60x90;ohne Aufhaengung (Rollen-/Flachversand)
Poster/FineArt;Fotoposter;Fotopapier glaenzend;Fotografische Belichtung / Digitaldruck (Fujifilm);Hochformat;~2:3;70x100;ohne Aufhaengung (Rollen-/Flachversand)
Poster/FineArt;Fotoposter;Fotopapier glaenzend;Fotografische Belichtung / Digitaldruck (Fujifilm);Hochformat;~2:3;70x105;ohne Aufhaengung (Rollen-/Flachversand)
Poster/FineArt;Fotoposter;Fotopapier glaenzend;Fotografische Belichtung / Digitaldruck (Fujifilm);Hochformat;~3:4;18x24;ohne Aufhaengung (Rollen-/Flachversand)
Poster/FineArt;Fotoposter;Fotopapier glaenzend;Fotografische Belichtung / Digitaldruck (Fujifilm);Hochformat;~3:4;30x40;ohne Aufhaengung (Rollen-/Flachversand)
Poster/FineArt;Fotoposter;Fotopapier glaenzend;Fotografische Belichtung / Digitaldruck (Fujifilm);Hochformat;~3:4;60x80;ohne Aufhaengung (Rollen-/Flachversand)
Poster/FineArt;Fotoposter;Fotopapier glaenzend;Fotografische Belichtung / Digitaldruck (Fujifilm);Hochformat;~3:5;70x120;ohne Aufhaengung (Rollen-/Flachversand)
Poster/FineArt;Fotoposter;Fotopapier glaenzend;Fotografische Belichtung / Digitaldruck (Fujifilm);Hochformat;~4:5;10x13;ohne Aufhaengung (Rollen-/Flachversand)
Poster/FineArt;Fotoposter;Fotopapier glaenzend;Fotografische Belichtung / Digitaldruck (Fujifilm);Hochformat;~4:5;40x50;ohne Aufhaengung (Rollen-/Flachversand)
Poster/FineArt;Fotoposter;Fotopapier glaenzend;Fotografische Belichtung / Digitaldruck (Fujifilm);Hochformat;Quadratisch;15x15;ohne Aufhaengung (Rollen-/Flachversand)
Poster/FineArt;Fotoposter;Fotopapier glaenzend;Fotografische Belichtung / Digitaldruck (Fujifilm);Hochformat;Quadratisch;20x20;ohne Aufhaengung (Rollen-/Flachversand)
Poster/FineArt;Fotoposter;Fotopapier glaenzend;Fotografische Belichtung / Digitaldruck (Fujifilm);Hochformat;Quadratisch;30x30;ohne Aufhaengung (Rollen-/Flachversand)
Poster/FineArt;Fotoposter;Fotopapier glaenzend;Fotografische Belichtung / Digitaldruck (Fujifilm);Hochformat;Quadratisch;40x40;ohne Aufhaengung (Rollen-/Flachversand)
Poster/FineArt;Fotoposter;Fotopapier glaenzend;Fotografische Belichtung / Digitaldruck (Fujifilm);Hochformat;Quadratisch;50x50;ohne Aufhaengung (Rollen-/Flachversand)
Poster/FineArt;Fotoposter;Fotopapier glaenzend;Fotografische Belichtung / Digitaldruck (Fujifilm);Hochformat;Quadratisch;60x60;ohne Aufhaengung (Rollen-/Flachversand)
Poster/FineArt;Fotoposter;Fotopapier glaenzend;Fotografische Belichtung / Digitaldruck (Fujifilm);Hochformat;Quadratisch;70x70;ohne Aufhaengung (Rollen-/Flachversand)
Poster/FineArt;Fotoposter;Fotopapier glaenzend;Fotografische Belichtung / Digitaldruck (Fujifilm);Hochformat;Panorama;10x20;ohne Aufhaengung (Rollen-/Flachversand)
Poster/FineArt;Fotoposter;Fotopapier glaenzend;Fotografische Belichtung / Digitaldruck (Fujifilm);Hochformat;Panorama;20x40;ohne Aufhaengung (Rollen-/Flachversand)
Poster/FineArt;Fotoposter;Fotopapier glaenzend;Fotografische Belichtung / Digitaldruck (Fujifilm);Hochformat;Panorama;20x60;ohne Aufhaengung (Rollen-/Flachversand)
Poster/FineArt;Fotoposter;Fotopapier glaenzend;Fotografische Belichtung / Digitaldruck (Fujifilm);Hochformat;Panorama;30x60;ohne Aufhaengung (Rollen-/Flachversand)
Poster/FineArt;Fotoposter;Fotopapier glaenzend;Fotografische Belichtung / Digitaldruck (Fujifilm);Hochformat;Panorama;30x90;ohne Aufhaengung (Rollen-/Flachversand)
Poster/FineArt;Fotoposter;Fotopapier glaenzend;Fotografische Belichtung / Digitaldruck (Fujifilm);Hochformat;Panorama;40x80;ohne Aufhaengung (Rollen-/Flachversand)
Poster/FineArt;Fotoposter;Fotopapier glaenzend;Fotografische Belichtung / Digitaldruck (Fujifilm);Hochformat;Panorama;50x100;ohne Aufhaengung (Rollen-/Flachversand)
Poster/FineArt;Fotoposter;Fotopapier glaenzend;Fotografische Belichtung / Digitaldruck (Fujifilm);Hochformat;Panorama;60x120;ohne Aufhaengung (Rollen-/Flachversand)
Poster/FineArt;Fotoposter;Fotopapier glaenzend;Fotografische Belichtung / Digitaldruck (Fujifilm);Hochformat;Panorama;60x180;ohne Aufhaengung (Rollen-/Flachversand)
Poster/FineArt;Fotoposter;Fotopapier glaenzend;Fotografische Belichtung / Digitaldruck (Fujifilm);Hochformat;Panorama;70x180;ohne Aufhaengung (Rollen-/Flachversand)
Poster/FineArt;Fotoposter;Fotopapier glaenzend;Fotografische Belichtung / Digitaldruck (Fujifilm);Querformat;~2:3;10x15;ohne Aufhaengung (Rollen-/Flachversand)
Poster/FineArt;Fotoposter;Fotopapier glaenzend;Fotografische Belichtung / Digitaldruck (Fujifilm);Querformat;~2:3;10,5x14,8 (A6);ohne Aufhaengung (Rollen-/Flachversand)
Poster/FineArt;Fotoposter;Fotopapier glaenzend;Fotografische Belichtung / Digitaldruck (Fujifilm);Querformat;~2:3;13x18;ohne Aufhaengung (Rollen-/Flachversand)
Poster/FineArt;Fotoposter;Fotopapier glaenzend;Fotografische Belichtung / Digitaldruck (Fujifilm);Querformat;~2:3;13x19;ohne Aufhaengung (Rollen-/Flachversand)
Poster/FineArt;Fotoposter;Fotopapier glaenzend;Fotografische Belichtung / Digitaldruck (Fujifilm);Querformat;~2:3;14,8x21 (A5);ohne Aufhaengung (Rollen-/Flachversand)
Poster/FineArt;Fotoposter;Fotopapier glaenzend;Fotografische Belichtung / Digitaldruck (Fujifilm);Querformat;~2:3;15x21;ohne Aufhaengung (Rollen-/Flachversand)
Poster/FineArt;Fotoposter;Fotopapier glaenzend;Fotografische Belichtung / Digitaldruck (Fujifilm);Querformat;~2:3;15x22;ohne Aufhaengung (Rollen-/Flachversand)
Poster/FineArt;Fotoposter;Fotopapier glaenzend;Fotografische Belichtung / Digitaldruck (Fujifilm);Querformat;~2:3;20x30;ohne Aufhaengung (Rollen-/Flachversand)
Poster/FineArt;Fotoposter;Fotopapier glaenzend;Fotografische Belichtung / Digitaldruck (Fujifilm);Querformat;~2:3;21x30 (A4);ohne Aufhaengung (Rollen-/Flachversand)
Poster/FineArt;Fotoposter;Fotopapier glaenzend;Fotografische Belichtung / Digitaldruck (Fujifilm);Querformat;~2:3;29,7x42 (A3);ohne Aufhaengung (Rollen-/Flachversand)
Poster/FineArt;Fotoposter;Fotopapier glaenzend;Fotografische Belichtung / Digitaldruck (Fujifilm);Querformat;~2:3;30x45;ohne Aufhaengung (Rollen-/Flachversand)
Poster/FineArt;Fotoposter;Fotopapier glaenzend;Fotografische Belichtung / Digitaldruck (Fujifilm);Querformat;~2:3;40x60;ohne Aufhaengung (Rollen-/Flachversand)
Poster/FineArt;Fotoposter;Fotopapier glaenzend;Fotografische Belichtung / Digitaldruck (Fujifilm);Querformat;~2:3;42x59,4 (A2);ohne Aufhaengung (Rollen-/Flachversand)
Poster/FineArt;Fotoposter;Fotopapier glaenzend;Fotografische Belichtung / Digitaldruck (Fujifilm);Querformat;~2:3;50x70;ohne Aufhaengung (Rollen-/Flachversand)
Poster/FineArt;Fotoposter;Fotopapier glaenzend;Fotografische Belichtung / Digitaldruck (Fujifilm);Querformat;~2:3;50x75;ohne Aufhaengung (Rollen-/Flachversand)
Poster/FineArt;Fotoposter;Fotopapier glaenzend;Fotografische Belichtung / Digitaldruck (Fujifilm);Querformat;~2:3;59,4x84,1 (A1);ohne Aufhaengung (Rollen-/Flachversand)
Poster/FineArt;Fotoposter;Fotopapier glaenzend;Fotografische Belichtung / Digitaldruck (Fujifilm);Querformat;~2:3;60x90;ohne Aufhaengung (Rollen-/Flachversand)
Poster/FineArt;Fotoposter;Fotopapier glaenzend;Fotografische Belichtung / Digitaldruck (Fujifilm);Querformat;~2:3;70x100;ohne Aufhaengung (Rollen-/Flachversand)
Poster/FineArt;Fotoposter;Fotopapier glaenzend;Fotografische Belichtung / Digitaldruck (Fujifilm);Querformat;~2:3;70x105;ohne Aufhaengung (Rollen-/Flachversand)
Poster/FineArt;Fotoposter;Fotopapier glaenzend;Fotografische Belichtung / Digitaldruck (Fujifilm);Querformat;~3:4;18x24;ohne Aufhaengung (Rollen-/Flachversand)
Poster/FineArt;Fotoposter;Fotopapier glaenzend;Fotografische Belichtung / Digitaldruck (Fujifilm);Querformat;~3:4;30x40;ohne Aufhaengung (Rollen-/Flachversand)
Poster/FineArt;Fotoposter;Fotopapier glaenzend;Fotografische Belichtung / Digitaldruck (Fujifilm);Querformat;~3:4;60x80;ohne Aufhaengung (Rollen-/Flachversand)
Poster/FineArt;Fotoposter;Fotopapier glaenzend;Fotografische Belichtung / Digitaldruck (Fujifilm);Querformat;~3:5;70x120;ohne Aufhaengung (Rollen-/Flachversand)
Poster/FineArt;Fotoposter;Fotopapier glaenzend;Fotografische Belichtung / Digitaldruck (Fujifilm);Querformat;~4:5;10x13;ohne Aufhaengung (Rollen-/Flachversand)
Poster/FineArt;Fotoposter;Fotopapier glaenzend;Fotografische Belichtung / Digitaldruck (Fujifilm);Querformat;~4:5;40x50;ohne Aufhaengung (Rollen-/Flachversand)
Poster/FineArt;Fotoposter;Fotopapier glaenzend;Fotografische Belichtung / Digitaldruck (Fujifilm);Querformat;Quadratisch;15x15;ohne Aufhaengung (Rollen-/Flachversand)
Poster/FineArt;Fotoposter;Fotopapier glaenzend;Fotografische Belichtung / Digitaldruck (Fujifilm);Querformat;Quadratisch;20x20;ohne Aufhaengung (Rollen-/Flachversand)
Poster/FineArt;Fotoposter;Fotopapier glaenzend;Fotografische Belichtung / Digitaldruck (Fujifilm);Querformat;Quadratisch;30x30;ohne Aufhaengung (Rollen-/Flachversand)
Poster/FineArt;Fotoposter;Fotopapier glaenzend;Fotografische Belichtung / Digitaldruck (Fujifilm);Querformat;Quadratisch;40x40;ohne Aufhaengung (Rollen-/Flachversand)
Poster/FineArt;Fotoposter;Fotopapier glaenzend;Fotografische Belichtung / Digitaldruck (Fujifilm);Querformat;Quadratisch;50x50;ohne Aufhaengung (Rollen-/Flachversand)
Poster/FineArt;Fotoposter;Fotopapier glaenzend;Fotografische Belichtung / Digitaldruck (Fujifilm);Querformat;Quadratisch;60x60;ohne Aufhaengung (Rollen-/Flachversand)
Poster/FineArt;Fotoposter;Fotopapier glaenzend;Fotografische Belichtung / Digitaldruck (Fujifilm);Querformat;Quadratisch;70x70;ohne Aufhaengung (Rollen-/Flachversand)
Poster/FineArt;Fotoposter;Fotopapier glaenzend;Fotografische Belichtung / Digitaldruck (Fujifilm);Querformat;Panorama;10x20;ohne Aufhaengung (Rollen-/Flachversand)
Poster/FineArt;Fotoposter;Fotopapier glaenzend;Fotografische Belichtung / Digitaldruck (Fujifilm);Querformat;Panorama;20x40;ohne Aufhaengung (Rollen-/Flachversand)
Poster/FineArt;Fotoposter;Fotopapier glaenzend;Fotografische Belichtung / Digitaldruck (Fujifilm);Querformat;Panorama;20x60;ohne Aufhaengung (Rollen-/Flachversand)
Poster/FineArt;Fotoposter;Fotopapier glaenzend;Fotografische Belichtung / Digitaldruck (Fujifilm);Querformat;Panorama;30x60;ohne Aufhaengung (Rollen-/Flachversand)
Poster/FineArt;Fotoposter;Fotopapier glaenzend;Fotografische Belichtung / Digitaldruck (Fujifilm);Querformat;Panorama;30x90;ohne Aufhaengung (Rollen-/Flachversand)
Poster/FineArt;Fotoposter;Fotopapier glaenzend;Fotografische Belichtung / Digitaldruck (Fujifilm);Querformat;Panorama;40x80;ohne Aufhaengung (Rollen-/Flachversand)
Poster/FineArt;Fotoposter;Fotopapier glaenzend;Fotografische Belichtung / Digitaldruck (Fujifilm);Querformat;Panorama;50x100;ohne Aufhaengung (Rollen-/Flachversand)
Poster/FineArt;Fotoposter;Fotopapier glaenzend;Fotografische Belichtung / Digitaldruck (Fujifilm);Querformat;Panorama;60x120;ohne Aufhaengung (Rollen-/Flachversand)
Poster/FineArt;Fotoposter;Fotopapier glaenzend;Fotografische Belichtung / Digitaldruck (Fujifilm);Querformat;Panorama;60x180;ohne Aufhaengung (Rollen-/Flachversand)
Poster/FineArt;Fotoposter;Fotopapier glaenzend;Fotografische Belichtung / Digitaldruck (Fujifilm);Querformat;Panorama;70x180;ohne Aufhaengung (Rollen-/Flachversand)
Poster/FineArt;Fotoposter;Fotopapier matt;Fotografische Belichtung / Digitaldruck (Fujifilm);Hochformat;~2:3;10x15;ohne Aufhaengung (Rollen-/Flachversand)
Poster/FineArt;Fotoposter;Fotopapier matt;Fotografische Belichtung / Digitaldruck (Fujifilm);Hochformat;~2:3;10,5x14,8 (A6);ohne Aufhaengung (Rollen-/Flachversand)
Poster/FineArt;Fotoposter;Fotopapier matt;Fotografische Belichtung / Digitaldruck (Fujifilm);Hochformat;~2:3;13x18;ohne Aufhaengung (Rollen-/Flachversand)
Poster/FineArt;Fotoposter;Fotopapier matt;Fotografische Belichtung / Digitaldruck (Fujifilm);Hochformat;~2:3;13x19;ohne Aufhaengung (Rollen-/Flachversand)
Poster/FineArt;Fotoposter;Fotopapier matt;Fotografische Belichtung / Digitaldruck (Fujifilm);Hochformat;~2:3;14,8x21 (A5);ohne Aufhaengung (Rollen-/Flachversand)
Poster/FineArt;Fotoposter;Fotopapier matt;Fotografische Belichtung / Digitaldruck (Fujifilm);Hochformat;~2:3;15x21;ohne Aufhaengung (Rollen-/Flachversand)
Poster/FineArt;Fotoposter;Fotopapier matt;Fotografische Belichtung / Digitaldruck (Fujifilm);Hochformat;~2:3;15x22;ohne Aufhaengung (Rollen-/Flachversand)
Poster/FineArt;Fotoposter;Fotopapier matt;Fotografische Belichtung / Digitaldruck (Fujifilm);Hochformat;~2:3;20x30;ohne Aufhaengung (Rollen-/Flachversand)
Poster/FineArt;Fotoposter;Fotopapier matt;Fotografische Belichtung / Digitaldruck (Fujifilm);Hochformat;~2:3;21x30 (A4);ohne Aufhaengung (Rollen-/Flachversand)
Poster/FineArt;Fotoposter;Fotopapier matt;Fotografische Belichtung / Digitaldruck (Fujifilm);Hochformat;~2:3;29,7x42 (A3);ohne Aufhaengung (Rollen-/Flachversand)
Poster/FineArt;Fotoposter;Fotopapier matt;Fotografische Belichtung / Digitaldruck (Fujifilm);Hochformat;~2:3;30x45;ohne Aufhaengung (Rollen-/Flachversand)
Poster/FineArt;Fotoposter;Fotopapier matt;Fotografische Belichtung / Digitaldruck (Fujifilm);Hochformat;~2:3;40x60;ohne Aufhaengung (Rollen-/Flachversand)
Poster/FineArt;Fotoposter;Fotopapier matt;Fotografische Belichtung / Digitaldruck (Fujifilm);Hochformat;~2:3;42x59,4 (A2);ohne Aufhaengung (Rollen-/Flachversand)
Poster/FineArt;Fotoposter;Fotopapier matt;Fotografische Belichtung / Digitaldruck (Fujifilm);Hochformat;~2:3;50x70;ohne Aufhaengung (Rollen-/Flachversand)
Poster/FineArt;Fotoposter;Fotopapier matt;Fotografische Belichtung / Digitaldruck (Fujifilm);Hochformat;~2:3;50x75;ohne Aufhaengung (Rollen-/Flachversand)
Poster/FineArt;Fotoposter;Fotopapier matt;Fotografische Belichtung / Digitaldruck (Fujifilm);Hochformat;~2:3;59,4x84,1 (A1);ohne Aufhaengung (Rollen-/Flachversand)
Poster/FineArt;Fotoposter;Fotopapier matt;Fotografische Belichtung / Digitaldruck (Fujifilm);Hochformat;~2:3;60x90;ohne Aufhaengung (Rollen-/Flachversand)
Poster/FineArt;Fotoposter;Fotopapier matt;Fotografische Belichtung / Digitaldruck (Fujifilm);Hochformat;~2:3;70x100;ohne Aufhaengung (Rollen-/Flachversand)
Poster/FineArt;Fotoposter;Fotopapier matt;Fotografische Belichtung / Digitaldruck (Fujifilm);Hochformat;~2:3;70x105;ohne Aufhaengung (Rollen-/Flachversand)
Poster/FineArt;Fotoposter;Fotopapier matt;Fotografische Belichtung / Digitaldruck (Fujifilm);Hochformat;~3:4;18x24;ohne Aufhaengung (Rollen-/Flachversand)
Poster/FineArt;Fotoposter;Fotopapier matt;Fotografische Belichtung / Digitaldruck (Fujifilm);Hochformat;~3:4;30x40;ohne Aufhaengung (Rollen-/Flachversand)
Poster/FineArt;Fotoposter;Fotopapier matt;Fotografische Belichtung / Digitaldruck (Fujifilm);Hochformat;~3:4;60x80;ohne Aufhaengung (Rollen-/Flachversand)
Poster/FineArt;Fotoposter;Fotopapier matt;Fotografische Belichtung / Digitaldruck (Fujifilm);Hochformat;~3:5;70x120;ohne Aufhaengung (Rollen-/Flachversand)
Poster/FineArt;Fotoposter;Fotopapier matt;Fotografische Belichtung / Digitaldruck (Fujifilm);Hochformat;~4:5;10x13;ohne Aufhaengung (Rollen-/Flachversand)
Poster/FineArt;Fotoposter;Fotopapier matt;Fotografische Belichtung / Digitaldruck (Fujifilm);Hochformat;~4:5;40x50;ohne Aufhaengung (Rollen-/Flachversand)
Poster/FineArt;Fotoposter;Fotopapier matt;Fotografische Belichtung / Digitaldruck (Fujifilm);Hochformat;Quadratisch;15x15;ohne Aufhaengung (Rollen-/Flachversand)
Poster/FineArt;Fotoposter;Fotopapier matt;Fotografische Belichtung / Digitaldruck (Fujifilm);Hochformat;Quadratisch;20x20;ohne Aufhaengung (Rollen-/Flachversand)
Poster/FineArt;Fotoposter;Fotopapier matt;Fotografische Belichtung / Digitaldruck (Fujifilm);Hochformat;Quadratisch;30x30;ohne Aufhaengung (Rollen-/Flachversand)
Poster/FineArt;Fotoposter;Fotopapier matt;Fotografische Belichtung / Digitaldruck (Fujifilm);Hochformat;Quadratisch;40x40;ohne Aufhaengung (Rollen-/Flachversand)
Poster/FineArt;Fotoposter;Fotopapier matt;Fotografische Belichtung / Digitaldruck (Fujifilm);Hochformat;Quadratisch;50x50;ohne Aufhaengung (Rollen-/Flachversand)
Poster/FineArt;Fotoposter;Fotopapier matt;Fotografische Belichtung / Digitaldruck (Fujifilm);Hochformat;Quadratisch;60x60;ohne Aufhaengung (Rollen-/Flachversand)
Poster/FineArt;Fotoposter;Fotopapier matt;Fotografische Belichtung / Digitaldruck (Fujifilm);Hochformat;Quadratisch;70x70;ohne Aufhaengung (Rollen-/Flachversand)
Poster/FineArt;Fotoposter;Fotopapier matt;Fotografische Belichtung / Digitaldruck (Fujifilm);Hochformat;Panorama;10x20;ohne Aufhaengung (Rollen-/Flachversand)
Poster/FineArt;Fotoposter;Fotopapier matt;Fotografische Belichtung / Digitaldruck (Fujifilm);Hochformat;Panorama;20x40;ohne Aufhaengung (Rollen-/Flachversand)
Poster/FineArt;Fotoposter;Fotopapier matt;Fotografische Belichtung / Digitaldruck (Fujifilm);Hochformat;Panorama;20x60;ohne Aufhaengung (Rollen-/Flachversand)
Poster/FineArt;Fotoposter;Fotopapier matt;Fotografische Belichtung / Digitaldruck (Fujifilm);Hochformat;Panorama;30x60;ohne Aufhaengung (Rollen-/Flachversand)
Poster/FineArt;Fotoposter;Fotopapier matt;Fotografische Belichtung / Digitaldruck (Fujifilm);Hochformat;Panorama;30x90;ohne Aufhaengung (Rollen-/Flachversand)
Poster/FineArt;Fotoposter;Fotopapier matt;Fotografische Belichtung / Digitaldruck (Fujifilm);Hochformat;Panorama;40x80;ohne Aufhaengung (Rollen-/Flachversand)
Poster/FineArt;Fotoposter;Fotopapier matt;Fotografische Belichtung / Digitaldruck (Fujifilm);Hochformat;Panorama;50x100;ohne Aufhaengung (Rollen-/Flachversand)
Poster/FineArt;Fotoposter;Fotopapier matt;Fotografische Belichtung / Digitaldruck (Fujifilm);Hochformat;Panorama;60x120;ohne Aufhaengung (Rollen-/Flachversand)
Poster/FineArt;Fotoposter;Fotopapier matt;Fotografische Belichtung / Digitaldruck (Fujifilm);Hochformat;Panorama;60x180;ohne Aufhaengung (Rollen-/Flachversand)
Poster/FineArt;Fotoposter;Fotopapier matt;Fotografische Belichtung / Digitaldruck (Fujifilm);Hochformat;Panorama;70x180;ohne Aufhaengung (Rollen-/Flachversand)
Poster/FineArt;Fotoposter;Fotopapier matt;Fotografische Belichtung / Digitaldruck (Fujifilm);Querformat;~2:3;10x15;ohne Aufhaengung (Rollen-/Flachversand)
Poster/FineArt;Fotoposter;Fotopapier matt;Fotografische Belichtung / Digitaldruck (Fujifilm);Querformat;~2:3;10,5x14,8 (A6);ohne Aufhaengung (Rollen-/Flachversand)
Poster/FineArt;Fotoposter;Fotopapier matt;Fotografische Belichtung / Digitaldruck (Fujifilm);Querformat;~2:3;13x18;ohne Aufhaengung (Rollen-/Flachversand)
Poster/FineArt;Fotoposter;Fotopapier matt;Fotografische Belichtung / Digitaldruck (Fujifilm);Querformat;~2:3;13x19;ohne Aufhaengung (Rollen-/Flachversand)
Poster/FineArt;Fotoposter;Fotopapier matt;Fotografische Belichtung / Digitaldruck (Fujifilm);Querformat;~2:3;14,8x21 (A5);ohne Aufhaengung (Rollen-/Flachversand)
Poster/FineArt;Fotoposter;Fotopapier matt;Fotografische Belichtung / Digitaldruck (Fujifilm);Querformat;~2:3;15x21;ohne Aufhaengung (Rollen-/Flachversand)
Poster/FineArt;Fotoposter;Fotopapier matt;Fotografische Belichtung / Digitaldruck (Fujifilm);Querformat;~2:3;15x22;ohne Aufhaengung (Rollen-/Flachversand)
Poster/FineArt;Fotoposter;Fotopapier matt;Fotografische Belichtung / Digitaldruck (Fujifilm);Querformat;~2:3;20x30;ohne Aufhaengung (Rollen-/Flachversand)
Poster/FineArt;Fotoposter;Fotopapier matt;Fotografische Belichtung / Digitaldruck (Fujifilm);Querformat;~2:3;21x30 (A4);ohne Aufhaengung (Rollen-/Flachversand)
Poster/FineArt;Fotoposter;Fotopapier matt;Fotografische Belichtung / Digitaldruck (Fujifilm);Querformat;~2:3;29,7x42 (A3);ohne Aufhaengung (Rollen-/Flachversand)
Poster/FineArt;Fotoposter;Fotopapier matt;Fotografische Belichtung / Digitaldruck (Fujifilm);Querformat;~2:3;30x45;ohne Aufhaengung (Rollen-/Flachversand)
Poster/FineArt;Fotoposter;Fotopapier matt;Fotografische Belichtung / Digitaldruck (Fujifilm);Querformat;~2:3;40x60;ohne Aufhaengung (Rollen-/Flachversand)
Poster/FineArt;Fotoposter;Fotopapier matt;Fotografische Belichtung / Digitaldruck (Fujifilm);Querformat;~2:3;42x59,4 (A2);ohne Aufhaengung (Rollen-/Flachversand)
Poster/FineArt;Fotoposter;Fotopapier matt;Fotografische Belichtung / Digitaldruck (Fujifilm);Querformat;~2:3;50x70;ohne Aufhaengung (Rollen-/Flachversand)
Poster/FineArt;Fotoposter;Fotopapier matt;Fotografische Belichtung / Digitaldruck (Fujifilm);Querformat;~2:3;50x75;ohne Aufhaengung (Rollen-/Flachversand)
Poster/FineArt;Fotoposter;Fotopapier matt;Fotografische Belichtung / Digitaldruck (Fujifilm);Querformat;~2:3;59,4x84,1 (A1);ohne Aufhaengung (Rollen-/Flachversand)
Poster/FineArt;Fotoposter;Fotopapier matt;Fotografische Belichtung / Digitaldruck (Fujifilm);Querformat;~2:3;60x90;ohne Aufhaengung (Rollen-/Flachversand)
Poster/FineArt;Fotoposter;Fotopapier matt;Fotografische Belichtung / Digitaldruck (Fujifilm);Querformat;~2:3;70x100;ohne Aufhaengung (Rollen-/Flachversand)
Poster/FineArt;Fotoposter;Fotopapier matt;Fotografische Belichtung / Digitaldruck (Fujifilm);Querformat;~2:3;70x105;ohne Aufhaengung (Rollen-/Flachversand)
Poster/FineArt;Fotoposter;Fotopapier matt;Fotografische Belichtung / Digitaldruck (Fujifilm);Querformat;~3:4;18x24;ohne Aufhaengung (Rollen-/Flachversand)
Poster/FineArt;Fotoposter;Fotopapier matt;Fotografische Belichtung / Digitaldruck (Fujifilm);Querformat;~3:4;30x40;ohne Aufhaengung (Rollen-/Flachversand)
Poster/FineArt;Fotoposter;Fotopapier matt;Fotografische Belichtung / Digitaldruck (Fujifilm);Querformat;~3:4;60x80;ohne Aufhaengung (Rollen-/Flachversand)
Poster/FineArt;Fotoposter;Fotopapier matt;Fotografische Belichtung / Digitaldruck (Fujifilm);Querformat;~3:5;70x120;ohne Aufhaengung (Rollen-/Flachversand)
Poster/FineArt;Fotoposter;Fotopapier matt;Fotografische Belichtung / Digitaldruck (Fujifilm);Querformat;~4:5;10x13;ohne Aufhaengung (Rollen-/Flachversand)
Poster/FineArt;Fotoposter;Fotopapier matt;Fotografische Belichtung / Digitaldruck (Fujifilm);Querformat;~4:5;40x50;ohne Aufhaengung (Rollen-/Flachversand)
Poster/FineArt;Fotoposter;Fotopapier matt;Fotografische Belichtung / Digitaldruck (Fujifilm);Querformat;Quadratisch;15x15;ohne Aufhaengung (Rollen-/Flachversand)
Poster/FineArt;Fotoposter;Fotopapier matt;Fotografische Belichtung / Digitaldruck (Fujifilm);Querformat;Quadratisch;20x20;ohne Aufhaengung (Rollen-/Flachversand)
Poster/FineArt;Fotoposter;Fotopapier matt;Fotografische Belichtung / Digitaldruck (Fujifilm);Querformat;Quadratisch;30x30;ohne Aufhaengung (Rollen-/Flachversand)
Poster/FineArt;Fotoposter;Fotopapier matt;Fotografische Belichtung / Digitaldruck (Fujifilm);Querformat;Quadratisch;40x40;ohne Aufhaengung (Rollen-/Flachversand)
Poster/FineArt;Fotoposter;Fotopapier matt;Fotografische Belichtung / Digitaldruck (Fujifilm);Querformat;Quadratisch;50x50;ohne Aufhaengung (Rollen-/Flachversand)
Poster/FineArt;Fotoposter;Fotopapier matt;Fotografische Belichtung / Digitaldruck (Fujifilm);Querformat;Quadratisch;60x60;ohne Aufhaengung (Rollen-/Flachversand)
Poster/FineArt;Fotoposter;Fotopapier matt;Fotografische Belichtung / Digitaldruck (Fujifilm);Querformat;Quadratisch;70x70;ohne Aufhaengung (Rollen-/Flachversand)
Poster/FineArt;Fotoposter;Fotopapier matt;Fotografische Belichtung / Digitaldruck (Fujifilm);Querformat;Panorama;10x20;ohne Aufhaengung (Rollen-/Flachversand)
Poster/FineArt;Fotoposter;Fotopapier matt;Fotografische Belichtung / Digitaldruck (Fujifilm);Querformat;Panorama;20x40;ohne Aufhaengung (Rollen-/Flachversand)
Poster/FineArt;Fotoposter;Fotopapier matt;Fotografische Belichtung / Digitaldruck (Fujifilm);Querformat;Panorama;20x60;ohne Aufhaengung (Rollen-/Flachversand)
Poster/FineArt;Fotoposter;Fotopapier matt;Fotografische Belichtung / Digitaldruck (Fujifilm);Querformat;Panorama;30x60;ohne Aufhaengung (Rollen-/Flachversand)
Poster/FineArt;Fotoposter;Fotopapier matt;Fotografische Belichtung / Digitaldruck (Fujifilm);Querformat;Panorama;30x90;ohne Aufhaengung (Rollen-/Flachversand)
Poster/FineArt;Fotoposter;Fotopapier matt;Fotografische Belichtung / Digitaldruck (Fujifilm);Querformat;Panorama;40x80;ohne Aufhaengung (Rollen-/Flachversand)
Poster/FineArt;Fotoposter;Fotopapier matt;Fotografische Belichtung / Digitaldruck (Fujifilm);Querformat;Panorama;50x100;ohne Aufhaengung (Rollen-/Flachversand)
Poster/FineArt;Fotoposter;Fotopapier matt;Fotografische Belichtung / Digitaldruck (Fujifilm);Querformat;Panorama;60x120;ohne Aufhaengung (Rollen-/Flachversand)
Poster/FineArt;Fotoposter;Fotopapier matt;Fotografische Belichtung / Digitaldruck (Fujifilm);Querformat;Panorama;60x180;ohne Aufhaengung (Rollen-/Flachversand)
Poster/FineArt;Fotoposter;Fotopapier matt;Fotografische Belichtung / Digitaldruck (Fujifilm);Querformat;Panorama;70x180;ohne Aufhaengung (Rollen-/Flachversand)
Poster/FineArt;Poster/FineArt mit Holzaufhaenger;Hahnemuehle Bamboo Natural Line;FineArt-Inkjetdruck (Hahnemuehle);Hochformat;~2:3;10x15;Holzleisten-Aufhaengung (oben/unten)
Poster/FineArt;Poster/FineArt mit Holzaufhaenger;Hahnemuehle Bamboo Natural Line;FineArt-Inkjetdruck (Hahnemuehle);Hochformat;~2:3;10,5x14,8 (A6);Holzleisten-Aufhaengung (oben/unten)
Poster/FineArt;Poster/FineArt mit Holzaufhaenger;Hahnemuehle Bamboo Natural Line;FineArt-Inkjetdruck (Hahnemuehle);Hochformat;~2:3;13x18;Holzleisten-Aufhaengung (oben/unten)
Poster/FineArt;Poster/FineArt mit Holzaufhaenger;Hahnemuehle Bamboo Natural Line;FineArt-Inkjetdruck (Hahnemuehle);Hochformat;~2:3;13x19;Holzleisten-Aufhaengung (oben/unten)
Poster/FineArt;Poster/FineArt mit Holzaufhaenger;Hahnemuehle Bamboo Natural Line;FineArt-Inkjetdruck (Hahnemuehle);Hochformat;~2:3;14,8x21 (A5);Holzleisten-Aufhaengung (oben/unten)
Poster/FineArt;Poster/FineArt mit Holzaufhaenger;Hahnemuehle Bamboo Natural Line;FineArt-Inkjetdruck (Hahnemuehle);Hochformat;~2:3;15x21;Holzleisten-Aufhaengung (oben/unten)
Poster/FineArt;Poster/FineArt mit Holzaufhaenger;Hahnemuehle Bamboo Natural Line;FineArt-Inkjetdruck (Hahnemuehle);Hochformat;~2:3;15x22;Holzleisten-Aufhaengung (oben/unten)
Poster/FineArt;Poster/FineArt mit Holzaufhaenger;Hahnemuehle Bamboo Natural Line;FineArt-Inkjetdruck (Hahnemuehle);Hochformat;~2:3;20x30;Holzleisten-Aufhaengung (oben/unten)
Poster/FineArt;Poster/FineArt mit Holzaufhaenger;Hahnemuehle Bamboo Natural Line;FineArt-Inkjetdruck (Hahnemuehle);Hochformat;~2:3;21x29,7 (A4);Holzleisten-Aufhaengung (oben/unten)
Poster/FineArt;Poster/FineArt mit Holzaufhaenger;Hahnemuehle Bamboo Natural Line;FineArt-Inkjetdruck (Hahnemuehle);Hochformat;~2:3;21x30 (A4);Holzleisten-Aufhaengung (oben/unten)
Poster/FineArt;Poster/FineArt mit Holzaufhaenger;Hahnemuehle Bamboo Natural Line;FineArt-Inkjetdruck (Hahnemuehle);Hochformat;~2:3;29,7x42 (A3);Holzleisten-Aufhaengung (oben/unten)
Poster/FineArt;Poster/FineArt mit Holzaufhaenger;Hahnemuehle Bamboo Natural Line;FineArt-Inkjetdruck (Hahnemuehle);Hochformat;~2:3;30x45;Holzleisten-Aufhaengung (oben/unten)
Poster/FineArt;Poster/FineArt mit Holzaufhaenger;Hahnemuehle Bamboo Natural Line;FineArt-Inkjetdruck (Hahnemuehle);Hochformat;~2:3;40x60;Holzleisten-Aufhaengung (oben/unten)
Poster/FineArt;Poster/FineArt mit Holzaufhaenger;Hahnemuehle Bamboo Natural Line;FineArt-Inkjetdruck (Hahnemuehle);Hochformat;~2:3;42x59,4 (A2);Holzleisten-Aufhaengung (oben/unten)
Poster/FineArt;Poster/FineArt mit Holzaufhaenger;Hahnemuehle Bamboo Natural Line;FineArt-Inkjetdruck (Hahnemuehle);Hochformat;~2:3;50x70;Holzleisten-Aufhaengung (oben/unten)
Poster/FineArt;Poster/FineArt mit Holzaufhaenger;Hahnemuehle Bamboo Natural Line;FineArt-Inkjetdruck (Hahnemuehle);Hochformat;~2:3;50x75;Holzleisten-Aufhaengung (oben/unten)
Poster/FineArt;Poster/FineArt mit Holzaufhaenger;Hahnemuehle Bamboo Natural Line;FineArt-Inkjetdruck (Hahnemuehle);Hochformat;~2:3;59,4x84,1 (A1);Holzleisten-Aufhaengung (oben/unten)
Poster/FineArt;Poster/FineArt mit Holzaufhaenger;Hahnemuehle Bamboo Natural Line;FineArt-Inkjetdruck (Hahnemuehle);Hochformat;~2:3;60x90;Holzleisten-Aufhaengung (oben/unten)
Poster/FineArt;Poster/FineArt mit Holzaufhaenger;Hahnemuehle Bamboo Natural Line;FineArt-Inkjetdruck (Hahnemuehle);Hochformat;~2:3;70x100;Holzleisten-Aufhaengung (oben/unten)
Poster/FineArt;Poster/FineArt mit Holzaufhaenger;Hahnemuehle Bamboo Natural Line;FineArt-Inkjetdruck (Hahnemuehle);Hochformat;~2:3;70x105;Holzleisten-Aufhaengung (oben/unten)
Poster/FineArt;Poster/FineArt mit Holzaufhaenger;Hahnemuehle Bamboo Natural Line;FineArt-Inkjetdruck (Hahnemuehle);Hochformat;~3:4;18x24;Holzleisten-Aufhaengung (oben/unten)
Poster/FineArt;Poster/FineArt mit Holzaufhaenger;Hahnemuehle Bamboo Natural Line;FineArt-Inkjetdruck (Hahnemuehle);Hochformat;~3:4;30x40;Holzleisten-Aufhaengung (oben/unten)
Poster/FineArt;Poster/FineArt mit Holzaufhaenger;Hahnemuehle Bamboo Natural Line;FineArt-Inkjetdruck (Hahnemuehle);Hochformat;~3:4;60x80;Holzleisten-Aufhaengung (oben/unten)
Poster/FineArt;Poster/FineArt mit Holzaufhaenger;Hahnemuehle Bamboo Natural Line;FineArt-Inkjetdruck (Hahnemuehle);Hochformat;~3:4;75x100;Holzleisten-Aufhaengung (oben/unten)
Poster/FineArt;Poster/FineArt mit Holzaufhaenger;Hahnemuehle Bamboo Natural Line;FineArt-Inkjetdruck (Hahnemuehle);Hochformat;~3:5;70x120;Holzleisten-Aufhaengung (oben/unten)
Poster/FineArt;Poster/FineArt mit Holzaufhaenger;Hahnemuehle Bamboo Natural Line;FineArt-Inkjetdruck (Hahnemuehle);Hochformat;~4:5;10x13;Holzleisten-Aufhaengung (oben/unten)
Poster/FineArt;Poster/FineArt mit Holzaufhaenger;Hahnemuehle Bamboo Natural Line;FineArt-Inkjetdruck (Hahnemuehle);Hochformat;~4:5;40x50;Holzleisten-Aufhaengung (oben/unten)
Poster/FineArt;Poster/FineArt mit Holzaufhaenger;Hahnemuehle Bamboo Natural Line;FineArt-Inkjetdruck (Hahnemuehle);Hochformat;~4:5;70x90;Holzleisten-Aufhaengung (oben/unten)
Poster/FineArt;Poster/FineArt mit Holzaufhaenger;Hahnemuehle Bamboo Natural Line;FineArt-Inkjetdruck (Hahnemuehle);Hochformat;~4:5;80x100;Holzleisten-Aufhaengung (oben/unten)
Poster/FineArt;Poster/FineArt mit Holzaufhaenger;Hahnemuehle Bamboo Natural Line;FineArt-Inkjetdruck (Hahnemuehle);Hochformat;Quadratisch;15x15;Holzleisten-Aufhaengung (oben/unten)
Poster/FineArt;Poster/FineArt mit Holzaufhaenger;Hahnemuehle Bamboo Natural Line;FineArt-Inkjetdruck (Hahnemuehle);Hochformat;Quadratisch;20x20;Holzleisten-Aufhaengung (oben/unten)
Poster/FineArt;Poster/FineArt mit Holzaufhaenger;Hahnemuehle Bamboo Natural Line;FineArt-Inkjetdruck (Hahnemuehle);Hochformat;Quadratisch;21x21;Holzleisten-Aufhaengung (oben/unten)
Poster/FineArt;Poster/FineArt mit Holzaufhaenger;Hahnemuehle Bamboo Natural Line;FineArt-Inkjetdruck (Hahnemuehle);Hochformat;Quadratisch;30x30;Holzleisten-Aufhaengung (oben/unten)
Poster/FineArt;Poster/FineArt mit Holzaufhaenger;Hahnemuehle Bamboo Natural Line;FineArt-Inkjetdruck (Hahnemuehle);Hochformat;Quadratisch;40x40;Holzleisten-Aufhaengung (oben/unten)
Poster/FineArt;Poster/FineArt mit Holzaufhaenger;Hahnemuehle Bamboo Natural Line;FineArt-Inkjetdruck (Hahnemuehle);Hochformat;Quadratisch;50x50;Holzleisten-Aufhaengung (oben/unten)
Poster/FineArt;Poster/FineArt mit Holzaufhaenger;Hahnemuehle Bamboo Natural Line;FineArt-Inkjetdruck (Hahnemuehle);Hochformat;Quadratisch;60x60;Holzleisten-Aufhaengung (oben/unten)
Poster/FineArt;Poster/FineArt mit Holzaufhaenger;Hahnemuehle Bamboo Natural Line;FineArt-Inkjetdruck (Hahnemuehle);Hochformat;Quadratisch;70x70;Holzleisten-Aufhaengung (oben/unten)
Poster/FineArt;Poster/FineArt mit Holzaufhaenger;Hahnemuehle Bamboo Natural Line;FineArt-Inkjetdruck (Hahnemuehle);Hochformat;Panorama;10x18;Holzleisten-Aufhaengung (oben/unten)
Poster/FineArt;Poster/FineArt mit Holzaufhaenger;Hahnemuehle Bamboo Natural Line;FineArt-Inkjetdruck (Hahnemuehle);Hochformat;Panorama;10x20;Holzleisten-Aufhaengung (oben/unten)
Poster/FineArt;Poster/FineArt mit Holzaufhaenger;Hahnemuehle Bamboo Natural Line;FineArt-Inkjetdruck (Hahnemuehle);Hochformat;Panorama;20x40;Holzleisten-Aufhaengung (oben/unten)
Poster/FineArt;Poster/FineArt mit Holzaufhaenger;Hahnemuehle Bamboo Natural Line;FineArt-Inkjetdruck (Hahnemuehle);Hochformat;Panorama;20x60;Holzleisten-Aufhaengung (oben/unten)
Poster/FineArt;Poster/FineArt mit Holzaufhaenger;Hahnemuehle Bamboo Natural Line;FineArt-Inkjetdruck (Hahnemuehle);Hochformat;Panorama;30x60;Holzleisten-Aufhaengung (oben/unten)
Poster/FineArt;Poster/FineArt mit Holzaufhaenger;Hahnemuehle Bamboo Natural Line;FineArt-Inkjetdruck (Hahnemuehle);Hochformat;Panorama;30x90;Holzleisten-Aufhaengung (oben/unten)
Poster/FineArt;Poster/FineArt mit Holzaufhaenger;Hahnemuehle Bamboo Natural Line;FineArt-Inkjetdruck (Hahnemuehle);Hochformat;Panorama;40x80;Holzleisten-Aufhaengung (oben/unten)
Poster/FineArt;Poster/FineArt mit Holzaufhaenger;Hahnemuehle Bamboo Natural Line;FineArt-Inkjetdruck (Hahnemuehle);Hochformat;Panorama;50x100;Holzleisten-Aufhaengung (oben/unten)
Poster/FineArt;Poster/FineArt mit Holzaufhaenger;Hahnemuehle Bamboo Natural Line;FineArt-Inkjetdruck (Hahnemuehle);Hochformat;Panorama;60x120;Holzleisten-Aufhaengung (oben/unten)
Poster/FineArt;Poster/FineArt mit Holzaufhaenger;Hahnemuehle Bamboo Natural Line;FineArt-Inkjetdruck (Hahnemuehle);Hochformat;Panorama;60x180;Holzleisten-Aufhaengung (oben/unten)
Poster/FineArt;Poster/FineArt mit Holzaufhaenger;Hahnemuehle Bamboo Natural Line;FineArt-Inkjetdruck (Hahnemuehle);Hochformat;Panorama;70x180;Holzleisten-Aufhaengung (oben/unten)
Poster/FineArt;Poster/FineArt mit Holzaufhaenger;Hahnemuehle Bamboo Natural Line;FineArt-Inkjetdruck (Hahnemuehle);Querformat;~2:3;10x15;Holzleisten-Aufhaengung (oben/unten)
Poster/FineArt;Poster/FineArt mit Holzaufhaenger;Hahnemuehle Bamboo Natural Line;FineArt-Inkjetdruck (Hahnemuehle);Querformat;~2:3;10,5x14,8 (A6);Holzleisten-Aufhaengung (oben/unten)
Poster/FineArt;Poster/FineArt mit Holzaufhaenger;Hahnemuehle Bamboo Natural Line;FineArt-Inkjetdruck (Hahnemuehle);Querformat;~2:3;13x18;Holzleisten-Aufhaengung (oben/unten)
Poster/FineArt;Poster/FineArt mit Holzaufhaenger;Hahnemuehle Bamboo Natural Line;FineArt-Inkjetdruck (Hahnemuehle);Querformat;~2:3;13x19;Holzleisten-Aufhaengung (oben/unten)
Poster/FineArt;Poster/FineArt mit Holzaufhaenger;Hahnemuehle Bamboo Natural Line;FineArt-Inkjetdruck (Hahnemuehle);Querformat;~2:3;14,8x21 (A5);Holzleisten-Aufhaengung (oben/unten)
Poster/FineArt;Poster/FineArt mit Holzaufhaenger;Hahnemuehle Bamboo Natural Line;FineArt-Inkjetdruck (Hahnemuehle);Querformat;~2:3;15x21;Holzleisten-Aufhaengung (oben/unten)
Poster/FineArt;Poster/FineArt mit Holzaufhaenger;Hahnemuehle Bamboo Natural Line;FineArt-Inkjetdruck (Hahnemuehle);Querformat;~2:3;15x22;Holzleisten-Aufhaengung (oben/unten)
Poster/FineArt;Poster/FineArt mit Holzaufhaenger;Hahnemuehle Bamboo Natural Line;FineArt-Inkjetdruck (Hahnemuehle);Querformat;~2:3;20x30;Holzleisten-Aufhaengung (oben/unten)
Poster/FineArt;Poster/FineArt mit Holzaufhaenger;Hahnemuehle Bamboo Natural Line;FineArt-Inkjetdruck (Hahnemuehle);Querformat;~2:3;21x29,7 (A4);Holzleisten-Aufhaengung (oben/unten)
Poster/FineArt;Poster/FineArt mit Holzaufhaenger;Hahnemuehle Bamboo Natural Line;FineArt-Inkjetdruck (Hahnemuehle);Querformat;~2:3;21x30 (A4);Holzleisten-Aufhaengung (oben/unten)
Poster/FineArt;Poster/FineArt mit Holzaufhaenger;Hahnemuehle Bamboo Natural Line;FineArt-Inkjetdruck (Hahnemuehle);Querformat;~2:3;29,7x42 (A3);Holzleisten-Aufhaengung (oben/unten)
Poster/FineArt;Poster/FineArt mit Holzaufhaenger;Hahnemuehle Bamboo Natural Line;FineArt-Inkjetdruck (Hahnemuehle);Querformat;~2:3;30x45;Holzleisten-Aufhaengung (oben/unten)
Poster/FineArt;Poster/FineArt mit Holzaufhaenger;Hahnemuehle Bamboo Natural Line;FineArt-Inkjetdruck (Hahnemuehle);Querformat;~2:3;40x60;Holzleisten-Aufhaengung (oben/unten)
Poster/FineArt;Poster/FineArt mit Holzaufhaenger;Hahnemuehle Bamboo Natural Line;FineArt-Inkjetdruck (Hahnemuehle);Querformat;~2:3;42x59,4 (A2);Holzleisten-Aufhaengung (oben/unten)
Poster/FineArt;Poster/FineArt mit Holzaufhaenger;Hahnemuehle Bamboo Natural Line;FineArt-Inkjetdruck (Hahnemuehle);Querformat;~2:3;50x70;Holzleisten-Aufhaengung (oben/unten)
Poster/FineArt;Poster/FineArt mit Holzaufhaenger;Hahnemuehle Bamboo Natural Line;FineArt-Inkjetdruck (Hahnemuehle);Querformat;~2:3;50x75;Holzleisten-Aufhaengung (oben/unten)
Poster/FineArt;Poster/FineArt mit Holzaufhaenger;Hahnemuehle Bamboo Natural Line;FineArt-Inkjetdruck (Hahnemuehle);Querformat;~2:3;59,4x84,1 (A1);Holzleisten-Aufhaengung (oben/unten)
Poster/FineArt;Poster/FineArt mit Holzaufhaenger;Hahnemuehle Bamboo Natural Line;FineArt-Inkjetdruck (Hahnemuehle);Querformat;~2:3;60x90;Holzleisten-Aufhaengung (oben/unten)
Poster/FineArt;Poster/FineArt mit Holzaufhaenger;Hahnemuehle Bamboo Natural Line;FineArt-Inkjetdruck (Hahnemuehle);Querformat;~2:3;70x100;Holzleisten-Aufhaengung (oben/unten)
Poster/FineArt;Poster/FineArt mit Holzaufhaenger;Hahnemuehle Bamboo Natural Line;FineArt-Inkjetdruck (Hahnemuehle);Querformat;~2:3;70x105;Holzleisten-Aufhaengung (oben/unten)
Poster/FineArt;Poster/FineArt mit Holzaufhaenger;Hahnemuehle Bamboo Natural Line;FineArt-Inkjetdruck (Hahnemuehle);Querformat;~3:4;18x24;Holzleisten-Aufhaengung (oben/unten)
Poster/FineArt;Poster/FineArt mit Holzaufhaenger;Hahnemuehle Bamboo Natural Line;FineArt-Inkjetdruck (Hahnemuehle);Querformat;~3:4;30x40;Holzleisten-Aufhaengung (oben/unten)
Poster/FineArt;Poster/FineArt mit Holzaufhaenger;Hahnemuehle Bamboo Natural Line;FineArt-Inkjetdruck (Hahnemuehle);Querformat;~3:4;60x80;Holzleisten-Aufhaengung (oben/unten)
Poster/FineArt;Poster/FineArt mit Holzaufhaenger;Hahnemuehle Bamboo Natural Line;FineArt-Inkjetdruck (Hahnemuehle);Querformat;~3:4;75x100;Holzleisten-Aufhaengung (oben/unten)
Poster/FineArt;Poster/FineArt mit Holzaufhaenger;Hahnemuehle Bamboo Natural Line;FineArt-Inkjetdruck (Hahnemuehle);Querformat;~3:5;70x120;Holzleisten-Aufhaengung (oben/unten)
Poster/FineArt;Poster/FineArt mit Holzaufhaenger;Hahnemuehle Bamboo Natural Line;FineArt-Inkjetdruck (Hahnemuehle);Querformat;~4:5;10x13;Holzleisten-Aufhaengung (oben/unten)
Poster/FineArt;Poster/FineArt mit Holzaufhaenger;Hahnemuehle Bamboo Natural Line;FineArt-Inkjetdruck (Hahnemuehle);Querformat;~4:5;40x50;Holzleisten-Aufhaengung (oben/unten)
Poster/FineArt;Poster/FineArt mit Holzaufhaenger;Hahnemuehle Bamboo Natural Line;FineArt-Inkjetdruck (Hahnemuehle);Querformat;~4:5;70x90;Holzleisten-Aufhaengung (oben/unten)
Poster/FineArt;Poster/FineArt mit Holzaufhaenger;Hahnemuehle Bamboo Natural Line;FineArt-Inkjetdruck (Hahnemuehle);Querformat;~4:5;80x100;Holzleisten-Aufhaengung (oben/unten)
Poster/FineArt;Poster/FineArt mit Holzaufhaenger;Hahnemuehle Bamboo Natural Line;FineArt-Inkjetdruck (Hahnemuehle);Querformat;Quadratisch;15x15;Holzleisten-Aufhaengung (oben/unten)
Poster/FineArt;Poster/FineArt mit Holzaufhaenger;Hahnemuehle Bamboo Natural Line;FineArt-Inkjetdruck (Hahnemuehle);Querformat;Quadratisch;20x20;Holzleisten-Aufhaengung (oben/unten)
Poster/FineArt;Poster/FineArt mit Holzaufhaenger;Hahnemuehle Bamboo Natural Line;FineArt-Inkjetdruck (Hahnemuehle);Querformat;Quadratisch;21x21;Holzleisten-Aufhaengung (oben/unten)
Poster/FineArt;Poster/FineArt mit Holzaufhaenger;Hahnemuehle Bamboo Natural Line;FineArt-Inkjetdruck (Hahnemuehle);Querformat;Quadratisch;30x30;Holzleisten-Aufhaengung (oben/unten)
Poster/FineArt;Poster/FineArt mit Holzaufhaenger;Hahnemuehle Bamboo Natural Line;FineArt-Inkjetdruck (Hahnemuehle);Querformat;Quadratisch;40x40;Holzleisten-Aufhaengung (oben/unten)
Poster/FineArt;Poster/FineArt mit Holzaufhaenger;Hahnemuehle Bamboo Natural Line;FineArt-Inkjetdruck (Hahnemuehle);Querformat;Quadratisch;50x50;Holzleisten-Aufhaengung (oben/unten)
Poster/FineArt;Poster/FineArt mit Holzaufhaenger;Hahnemuehle Bamboo Natural Line;FineArt-Inkjetdruck (Hahnemuehle);Querformat;Quadratisch;60x60;Holzleisten-Aufhaengung (oben/unten)
Poster/FineArt;Poster/FineArt mit Holzaufhaenger;Hahnemuehle Bamboo Natural Line;FineArt-Inkjetdruck (Hahnemuehle);Querformat;Quadratisch;70x70;Holzleisten-Aufhaengung (oben/unten)
Poster/FineArt;Poster/FineArt mit Holzaufhaenger;Hahnemuehle Bamboo Natural Line;FineArt-Inkjetdruck (Hahnemuehle);Querformat;Panorama;10x18;Holzleisten-Aufhaengung (oben/unten)
Poster/FineArt;Poster/FineArt mit Holzaufhaenger;Hahnemuehle Bamboo Natural Line;FineArt-Inkjetdruck (Hahnemuehle);Querformat;Panorama;10x20;Holzleisten-Aufhaengung (oben/unten)
Poster/FineArt;Poster/FineArt mit Holzaufhaenger;Hahnemuehle Bamboo Natural Line;FineArt-Inkjetdruck (Hahnemuehle);Querformat;Panorama;20x40;Holzleisten-Aufhaengung (oben/unten)
Poster/FineArt;Poster/FineArt mit Holzaufhaenger;Hahnemuehle Bamboo Natural Line;FineArt-Inkjetdruck (Hahnemuehle);Querformat;Panorama;20x60;Holzleisten-Aufhaengung (oben/unten)
Poster/FineArt;Poster/FineArt mit Holzaufhaenger;Hahnemuehle Bamboo Natural Line;FineArt-Inkjetdruck (Hahnemuehle);Querformat;Panorama;30x60;Holzleisten-Aufhaengung (oben/unten)
Poster/FineArt;Poster/FineArt mit Holzaufhaenger;Hahnemuehle Bamboo Natural Line;FineArt-Inkjetdruck (Hahnemuehle);Querformat;Panorama;30x90;Holzleisten-Aufhaengung (oben/unten)
Poster/FineArt;Poster/FineArt mit Holzaufhaenger;Hahnemuehle Bamboo Natural Line;FineArt-Inkjetdruck (Hahnemuehle);Querformat;Panorama;40x80;Holzleisten-Aufhaengung (oben/unten)
Poster/FineArt;Poster/FineArt mit Holzaufhaenger;Hahnemuehle Bamboo Natural Line;FineArt-Inkjetdruck (Hahnemuehle);Querformat;Panorama;50x100;Holzleisten-Aufhaengung (oben/unten)
Poster/FineArt;Poster/FineArt mit Holzaufhaenger;Hahnemuehle Bamboo Natural Line;FineArt-Inkjetdruck (Hahnemuehle);Querformat;Panorama;60x120;Holzleisten-Aufhaengung (oben/unten)
Poster/FineArt;Poster/FineArt mit Holzaufhaenger;Hahnemuehle Bamboo Natural Line;FineArt-Inkjetdruck (Hahnemuehle);Querformat;Panorama;60x180;Holzleisten-Aufhaengung (oben/unten)
Poster/FineArt;Poster/FineArt mit Holzaufhaenger;Hahnemuehle Bamboo Natural Line;FineArt-Inkjetdruck (Hahnemuehle);Querformat;Panorama;70x180;Holzleisten-Aufhaengung (oben/unten)
Poster/FineArt;Poster/FineArt mit Holzaufhaenger;Hahnemuehle Baryta;FineArt-Inkjetdruck (Hahnemuehle);Hochformat;~2:3;10x15;Holzleisten-Aufhaengung (oben/unten)
Poster/FineArt;Poster/FineArt mit Holzaufhaenger;Hahnemuehle Baryta;FineArt-Inkjetdruck (Hahnemuehle);Hochformat;~2:3;10,5x14,8 (A6);Holzleisten-Aufhaengung (oben/unten)
Poster/FineArt;Poster/FineArt mit Holzaufhaenger;Hahnemuehle Baryta;FineArt-Inkjetdruck (Hahnemuehle);Hochformat;~2:3;13x18;Holzleisten-Aufhaengung (oben/unten)
Poster/FineArt;Poster/FineArt mit Holzaufhaenger;Hahnemuehle Baryta;FineArt-Inkjetdruck (Hahnemuehle);Hochformat;~2:3;13x19;Holzleisten-Aufhaengung (oben/unten)
Poster/FineArt;Poster/FineArt mit Holzaufhaenger;Hahnemuehle Baryta;FineArt-Inkjetdruck (Hahnemuehle);Hochformat;~2:3;14,8x21 (A5);Holzleisten-Aufhaengung (oben/unten)
Poster/FineArt;Poster/FineArt mit Holzaufhaenger;Hahnemuehle Baryta;FineArt-Inkjetdruck (Hahnemuehle);Hochformat;~2:3;15x21;Holzleisten-Aufhaengung (oben/unten)
Poster/FineArt;Poster/FineArt mit Holzaufhaenger;Hahnemuehle Baryta;FineArt-Inkjetdruck (Hahnemuehle);Hochformat;~2:3;15x22;Holzleisten-Aufhaengung (oben/unten)
Poster/FineArt;Poster/FineArt mit Holzaufhaenger;Hahnemuehle Baryta;FineArt-Inkjetdruck (Hahnemuehle);Hochformat;~2:3;20x30;Holzleisten-Aufhaengung (oben/unten)
Poster/FineArt;Poster/FineArt mit Holzaufhaenger;Hahnemuehle Baryta;FineArt-Inkjetdruck (Hahnemuehle);Hochformat;~2:3;21x29,7 (A4);Holzleisten-Aufhaengung (oben/unten)
Poster/FineArt;Poster/FineArt mit Holzaufhaenger;Hahnemuehle Baryta;FineArt-Inkjetdruck (Hahnemuehle);Hochformat;~2:3;21x30 (A4);Holzleisten-Aufhaengung (oben/unten)
Poster/FineArt;Poster/FineArt mit Holzaufhaenger;Hahnemuehle Baryta;FineArt-Inkjetdruck (Hahnemuehle);Hochformat;~2:3;29,7x42 (A3);Holzleisten-Aufhaengung (oben/unten)
Poster/FineArt;Poster/FineArt mit Holzaufhaenger;Hahnemuehle Baryta;FineArt-Inkjetdruck (Hahnemuehle);Hochformat;~2:3;30x45;Holzleisten-Aufhaengung (oben/unten)
Poster/FineArt;Poster/FineArt mit Holzaufhaenger;Hahnemuehle Baryta;FineArt-Inkjetdruck (Hahnemuehle);Hochformat;~2:3;40x60;Holzleisten-Aufhaengung (oben/unten)
Poster/FineArt;Poster/FineArt mit Holzaufhaenger;Hahnemuehle Baryta;FineArt-Inkjetdruck (Hahnemuehle);Hochformat;~2:3;42x59,4 (A2);Holzleisten-Aufhaengung (oben/unten)
Poster/FineArt;Poster/FineArt mit Holzaufhaenger;Hahnemuehle Baryta;FineArt-Inkjetdruck (Hahnemuehle);Hochformat;~2:3;50x70;Holzleisten-Aufhaengung (oben/unten)
Poster/FineArt;Poster/FineArt mit Holzaufhaenger;Hahnemuehle Baryta;FineArt-Inkjetdruck (Hahnemuehle);Hochformat;~2:3;50x75;Holzleisten-Aufhaengung (oben/unten)
Poster/FineArt;Poster/FineArt mit Holzaufhaenger;Hahnemuehle Baryta;FineArt-Inkjetdruck (Hahnemuehle);Hochformat;~2:3;59,4x84,1 (A1);Holzleisten-Aufhaengung (oben/unten)
Poster/FineArt;Poster/FineArt mit Holzaufhaenger;Hahnemuehle Baryta;FineArt-Inkjetdruck (Hahnemuehle);Hochformat;~2:3;60x90;Holzleisten-Aufhaengung (oben/unten)
Poster/FineArt;Poster/FineArt mit Holzaufhaenger;Hahnemuehle Baryta;FineArt-Inkjetdruck (Hahnemuehle);Hochformat;~2:3;70x100;Holzleisten-Aufhaengung (oben/unten)
Poster/FineArt;Poster/FineArt mit Holzaufhaenger;Hahnemuehle Baryta;FineArt-Inkjetdruck (Hahnemuehle);Hochformat;~2:3;70x105;Holzleisten-Aufhaengung (oben/unten)
Poster/FineArt;Poster/FineArt mit Holzaufhaenger;Hahnemuehle Baryta;FineArt-Inkjetdruck (Hahnemuehle);Hochformat;~3:4;18x24;Holzleisten-Aufhaengung (oben/unten)
Poster/FineArt;Poster/FineArt mit Holzaufhaenger;Hahnemuehle Baryta;FineArt-Inkjetdruck (Hahnemuehle);Hochformat;~3:4;30x40;Holzleisten-Aufhaengung (oben/unten)
Poster/FineArt;Poster/FineArt mit Holzaufhaenger;Hahnemuehle Baryta;FineArt-Inkjetdruck (Hahnemuehle);Hochformat;~3:4;60x80;Holzleisten-Aufhaengung (oben/unten)
Poster/FineArt;Poster/FineArt mit Holzaufhaenger;Hahnemuehle Baryta;FineArt-Inkjetdruck (Hahnemuehle);Hochformat;~3:4;75x100;Holzleisten-Aufhaengung (oben/unten)
Poster/FineArt;Poster/FineArt mit Holzaufhaenger;Hahnemuehle Baryta;FineArt-Inkjetdruck (Hahnemuehle);Hochformat;~3:5;70x120;Holzleisten-Aufhaengung (oben/unten)
Poster/FineArt;Poster/FineArt mit Holzaufhaenger;Hahnemuehle Baryta;FineArt-Inkjetdruck (Hahnemuehle);Hochformat;~4:5;10x13;Holzleisten-Aufhaengung (oben/unten)
Poster/FineArt;Poster/FineArt mit Holzaufhaenger;Hahnemuehle Baryta;FineArt-Inkjetdruck (Hahnemuehle);Hochformat;~4:5;40x50;Holzleisten-Aufhaengung (oben/unten)
Poster/FineArt;Poster/FineArt mit Holzaufhaenger;Hahnemuehle Baryta;FineArt-Inkjetdruck (Hahnemuehle);Hochformat;~4:5;70x90;Holzleisten-Aufhaengung (oben/unten)
Poster/FineArt;Poster/FineArt mit Holzaufhaenger;Hahnemuehle Baryta;FineArt-Inkjetdruck (Hahnemuehle);Hochformat;~4:5;80x100;Holzleisten-Aufhaengung (oben/unten)
Poster/FineArt;Poster/FineArt mit Holzaufhaenger;Hahnemuehle Baryta;FineArt-Inkjetdruck (Hahnemuehle);Hochformat;Quadratisch;15x15;Holzleisten-Aufhaengung (oben/unten)
Poster/FineArt;Poster/FineArt mit Holzaufhaenger;Hahnemuehle Baryta;FineArt-Inkjetdruck (Hahnemuehle);Hochformat;Quadratisch;20x20;Holzleisten-Aufhaengung (oben/unten)
Poster/FineArt;Poster/FineArt mit Holzaufhaenger;Hahnemuehle Baryta;FineArt-Inkjetdruck (Hahnemuehle);Hochformat;Quadratisch;21x21;Holzleisten-Aufhaengung (oben/unten)
Poster/FineArt;Poster/FineArt mit Holzaufhaenger;Hahnemuehle Baryta;FineArt-Inkjetdruck (Hahnemuehle);Hochformat;Quadratisch;30x30;Holzleisten-Aufhaengung (oben/unten)
Poster/FineArt;Poster/FineArt mit Holzaufhaenger;Hahnemuehle Baryta;FineArt-Inkjetdruck (Hahnemuehle);Hochformat;Quadratisch;40x40;Holzleisten-Aufhaengung (oben/unten)
Poster/FineArt;Poster/FineArt mit Holzaufhaenger;Hahnemuehle Baryta;FineArt-Inkjetdruck (Hahnemuehle);Hochformat;Quadratisch;50x50;Holzleisten-Aufhaengung (oben/unten)
Poster/FineArt;Poster/FineArt mit Holzaufhaenger;Hahnemuehle Baryta;FineArt-Inkjetdruck (Hahnemuehle);Hochformat;Quadratisch;60x60;Holzleisten-Aufhaengung (oben/unten)
Poster/FineArt;Poster/FineArt mit Holzaufhaenger;Hahnemuehle Baryta;FineArt-Inkjetdruck (Hahnemuehle);Hochformat;Quadratisch;70x70;Holzleisten-Aufhaengung (oben/unten)
Poster/FineArt;Poster/FineArt mit Holzaufhaenger;Hahnemuehle Baryta;FineArt-Inkjetdruck (Hahnemuehle);Hochformat;Panorama;10x18;Holzleisten-Aufhaengung (oben/unten)
Poster/FineArt;Poster/FineArt mit Holzaufhaenger;Hahnemuehle Baryta;FineArt-Inkjetdruck (Hahnemuehle);Hochformat;Panorama;10x20;Holzleisten-Aufhaengung (oben/unten)
Poster/FineArt;Poster/FineArt mit Holzaufhaenger;Hahnemuehle Baryta;FineArt-Inkjetdruck (Hahnemuehle);Hochformat;Panorama;20x40;Holzleisten-Aufhaengung (oben/unten)
Poster/FineArt;Poster/FineArt mit Holzaufhaenger;Hahnemuehle Baryta;FineArt-Inkjetdruck (Hahnemuehle);Hochformat;Panorama;20x60;Holzleisten-Aufhaengung (oben/unten)
Poster/FineArt;Poster/FineArt mit Holzaufhaenger;Hahnemuehle Baryta;FineArt-Inkjetdruck (Hahnemuehle);Hochformat;Panorama;30x60;Holzleisten-Aufhaengung (oben/unten)
Poster/FineArt;Poster/FineArt mit Holzaufhaenger;Hahnemuehle Baryta;FineArt-Inkjetdruck (Hahnemuehle);Hochformat;Panorama;30x90;Holzleisten-Aufhaengung (oben/unten)
Poster/FineArt;Poster/FineArt mit Holzaufhaenger;Hahnemuehle Baryta;FineArt-Inkjetdruck (Hahnemuehle);Hochformat;Panorama;40x80;Holzleisten-Aufhaengung (oben/unten)
Poster/FineArt;Poster/FineArt mit Holzaufhaenger;Hahnemuehle Baryta;FineArt-Inkjetdruck (Hahnemuehle);Hochformat;Panorama;50x100;Holzleisten-Aufhaengung (oben/unten)
Poster/FineArt;Poster/FineArt mit Holzaufhaenger;Hahnemuehle Baryta;FineArt-Inkjetdruck (Hahnemuehle);Hochformat;Panorama;60x120;Holzleisten-Aufhaengung (oben/unten)
Poster/FineArt;Poster/FineArt mit Holzaufhaenger;Hahnemuehle Baryta;FineArt-Inkjetdruck (Hahnemuehle);Hochformat;Panorama;60x180;Holzleisten-Aufhaengung (oben/unten)
Poster/FineArt;Poster/FineArt mit Holzaufhaenger;Hahnemuehle Baryta;FineArt-Inkjetdruck (Hahnemuehle);Hochformat;Panorama;70x180;Holzleisten-Aufhaengung (oben/unten)
Poster/FineArt;Poster/FineArt mit Holzaufhaenger;Hahnemuehle Baryta;FineArt-Inkjetdruck (Hahnemuehle);Querformat;~2:3;10x15;Holzleisten-Aufhaengung (oben/unten)
Poster/FineArt;Poster/FineArt mit Holzaufhaenger;Hahnemuehle Baryta;FineArt-Inkjetdruck (Hahnemuehle);Querformat;~2:3;10,5x14,8 (A6);Holzleisten-Aufhaengung (oben/unten)
Poster/FineArt;Poster/FineArt mit Holzaufhaenger;Hahnemuehle Baryta;FineArt-Inkjetdruck (Hahnemuehle);Querformat;~2:3;13x18;Holzleisten-Aufhaengung (oben/unten)
Poster/FineArt;Poster/FineArt mit Holzaufhaenger;Hahnemuehle Baryta;FineArt-Inkjetdruck (Hahnemuehle);Querformat;~2:3;13x19;Holzleisten-Aufhaengung (oben/unten)
Poster/FineArt;Poster/FineArt mit Holzaufhaenger;Hahnemuehle Baryta;FineArt-Inkjetdruck (Hahnemuehle);Querformat;~2:3;14,8x21 (A5);Holzleisten-Aufhaengung (oben/unten)
Poster/FineArt;Poster/FineArt mit Holzaufhaenger;Hahnemuehle Baryta;FineArt-Inkjetdruck (Hahnemuehle);Querformat;~2:3;15x21;Holzleisten-Aufhaengung (oben/unten)
Poster/FineArt;Poster/FineArt mit Holzaufhaenger;Hahnemuehle Baryta;FineArt-Inkjetdruck (Hahnemuehle);Querformat;~2:3;15x22;Holzleisten-Aufhaengung (oben/unten)
Poster/FineArt;Poster/FineArt mit Holzaufhaenger;Hahnemuehle Baryta;FineArt-Inkjetdruck (Hahnemuehle);Querformat;~2:3;20x30;Holzleisten-Aufhaengung (oben/unten)
Poster/FineArt;Poster/FineArt mit Holzaufhaenger;Hahnemuehle Baryta;FineArt-Inkjetdruck (Hahnemuehle);Querformat;~2:3;21x29,7 (A4);Holzleisten-Aufhaengung (oben/unten)
Poster/FineArt;Poster/FineArt mit Holzaufhaenger;Hahnemuehle Baryta;FineArt-Inkjetdruck (Hahnemuehle);Querformat;~2:3;21x30 (A4);Holzleisten-Aufhaengung (oben/unten)
Poster/FineArt;Poster/FineArt mit Holzaufhaenger;Hahnemuehle Baryta;FineArt-Inkjetdruck (Hahnemuehle);Querformat;~2:3;29,7x42 (A3);Holzleisten-Aufhaengung (oben/unten)
Poster/FineArt;Poster/FineArt mit Holzaufhaenger;Hahnemuehle Baryta;FineArt-Inkjetdruck (Hahnemuehle);Querformat;~2:3;30x45;Holzleisten-Aufhaengung (oben/unten)
Poster/FineArt;Poster/FineArt mit Holzaufhaenger;Hahnemuehle Baryta;FineArt-Inkjetdruck (Hahnemuehle);Querformat;~2:3;40x60;Holzleisten-Aufhaengung (oben/unten)
Poster/FineArt;Poster/FineArt mit Holzaufhaenger;Hahnemuehle Baryta;FineArt-Inkjetdruck (Hahnemuehle);Querformat;~2:3;42x59,4 (A2);Holzleisten-Aufhaengung (oben/unten)
Poster/FineArt;Poster/FineArt mit Holzaufhaenger;Hahnemuehle Baryta;FineArt-Inkjetdruck (Hahnemuehle);Querformat;~2:3;50x70;Holzleisten-Aufhaengung (oben/unten)
Poster/FineArt;Poster/FineArt mit Holzaufhaenger;Hahnemuehle Baryta;FineArt-Inkjetdruck (Hahnemuehle);Querformat;~2:3;50x75;Holzleisten-Aufhaengung (oben/unten)
Poster/FineArt;Poster/FineArt mit Holzaufhaenger;Hahnemuehle Baryta;FineArt-Inkjetdruck (Hahnemuehle);Querformat;~2:3;59,4x84,1 (A1);Holzleisten-Aufhaengung (oben/unten)
Poster/FineArt;Poster/FineArt mit Holzaufhaenger;Hahnemuehle Baryta;FineArt-Inkjetdruck (Hahnemuehle);Querformat;~2:3;60x90;Holzleisten-Aufhaengung (oben/unten)
Poster/FineArt;Poster/FineArt mit Holzaufhaenger;Hahnemuehle Baryta;FineArt-Inkjetdruck (Hahnemuehle);Querformat;~2:3;70x100;Holzleisten-Aufhaengung (oben/unten)
Poster/FineArt;Poster/FineArt mit Holzaufhaenger;Hahnemuehle Baryta;FineArt-Inkjetdruck (Hahnemuehle);Querformat;~2:3;70x105;Holzleisten-Aufhaengung (oben/unten)
Poster/FineArt;Poster/FineArt mit Holzaufhaenger;Hahnemuehle Baryta;FineArt-Inkjetdruck (Hahnemuehle);Querformat;~3:4;18x24;Holzleisten-Aufhaengung (oben/unten)
Poster/FineArt;Poster/FineArt mit Holzaufhaenger;Hahnemuehle Baryta;FineArt-Inkjetdruck (Hahnemuehle);Querformat;~3:4;30x40;Holzleisten-Aufhaengung (oben/unten)
Poster/FineArt;Poster/FineArt mit Holzaufhaenger;Hahnemuehle Baryta;FineArt-Inkjetdruck (Hahnemuehle);Querformat;~3:4;60x80;Holzleisten-Aufhaengung (oben/unten)
Poster/FineArt;Poster/FineArt mit Holzaufhaenger;Hahnemuehle Baryta;FineArt-Inkjetdruck (Hahnemuehle);Querformat;~3:4;75x100;Holzleisten-Aufhaengung (oben/unten)
Poster/FineArt;Poster/FineArt mit Holzaufhaenger;Hahnemuehle Baryta;FineArt-Inkjetdruck (Hahnemuehle);Querformat;~3:5;70x120;Holzleisten-Aufhaengung (oben/unten)
Poster/FineArt;Poster/FineArt mit Holzaufhaenger;Hahnemuehle Baryta;FineArt-Inkjetdruck (Hahnemuehle);Querformat;~4:5;10x13;Holzleisten-Aufhaengung (oben/unten)
Poster/FineArt;Poster/FineArt mit Holzaufhaenger;Hahnemuehle Baryta;FineArt-Inkjetdruck (Hahnemuehle);Querformat;~4:5;40x50;Holzleisten-Aufhaengung (oben/unten)
Poster/FineArt;Poster/FineArt mit Holzaufhaenger;Hahnemuehle Baryta;FineArt-Inkjetdruck (Hahnemuehle);Querformat;~4:5;70x90;Holzleisten-Aufhaengung (oben/unten)
Poster/FineArt;Poster/FineArt mit Holzaufhaenger;Hahnemuehle Baryta;FineArt-Inkjetdruck (Hahnemuehle);Querformat;~4:5;80x100;Holzleisten-Aufhaengung (oben/unten)
Poster/FineArt;Poster/FineArt mit Holzaufhaenger;Hahnemuehle Baryta;FineArt-Inkjetdruck (Hahnemuehle);Querformat;Quadratisch;15x15;Holzleisten-Aufhaengung (oben/unten)
Poster/FineArt;Poster/FineArt mit Holzaufhaenger;Hahnemuehle Baryta;FineArt-Inkjetdruck (Hahnemuehle);Querformat;Quadratisch;20x20;Holzleisten-Aufhaengung (oben/unten)
Poster/FineArt;Poster/FineArt mit Holzaufhaenger;Hahnemuehle Baryta;FineArt-Inkjetdruck (Hahnemuehle);Querformat;Quadratisch;21x21;Holzleisten-Aufhaengung (oben/unten)
Poster/FineArt;Poster/FineArt mit Holzaufhaenger;Hahnemuehle Baryta;FineArt-Inkjetdruck (Hahnemuehle);Querformat;Quadratisch;30x30;Holzleisten-Aufhaengung (oben/unten)
Poster/FineArt;Poster/FineArt mit Holzaufhaenger;Hahnemuehle Baryta;FineArt-Inkjetdruck (Hahnemuehle);Querformat;Quadratisch;40x40;Holzleisten-Aufhaengung (oben/unten)
Poster/FineArt;Poster/FineArt mit Holzaufhaenger;Hahnemuehle Baryta;FineArt-Inkjetdruck (Hahnemuehle);Querformat;Quadratisch;50x50;Holzleisten-Aufhaengung (oben/unten)
Poster/FineArt;Poster/FineArt mit Holzaufhaenger;Hahnemuehle Baryta;FineArt-Inkjetdruck (Hahnemuehle);Querformat;Quadratisch;60x60;Holzleisten-Aufhaengung (oben/unten)
Poster/FineArt;Poster/FineArt mit Holzaufhaenger;Hahnemuehle Baryta;FineArt-Inkjetdruck (Hahnemuehle);Querformat;Quadratisch;70x70;Holzleisten-Aufhaengung (oben/unten)
Poster/FineArt;Poster/FineArt mit Holzaufhaenger;Hahnemuehle Baryta;FineArt-Inkjetdruck (Hahnemuehle);Querformat;Panorama;10x18;Holzleisten-Aufhaengung (oben/unten)
Poster/FineArt;Poster/FineArt mit Holzaufhaenger;Hahnemuehle Baryta;FineArt-Inkjetdruck (Hahnemuehle);Querformat;Panorama;10x20;Holzleisten-Aufhaengung (oben/unten)
Poster/FineArt;Poster/FineArt mit Holzaufhaenger;Hahnemuehle Baryta;FineArt-Inkjetdruck (Hahnemuehle);Querformat;Panorama;20x40;Holzleisten-Aufhaengung (oben/unten)
Poster/FineArt;Poster/FineArt mit Holzaufhaenger;Hahnemuehle Baryta;FineArt-Inkjetdruck (Hahnemuehle);Querformat;Panorama;20x60;Holzleisten-Aufhaengung (oben/unten)
Poster/FineArt;Poster/FineArt mit Holzaufhaenger;Hahnemuehle Baryta;FineArt-Inkjetdruck (Hahnemuehle);Querformat;Panorama;30x60;Holzleisten-Aufhaengung (oben/unten)
Poster/FineArt;Poster/FineArt mit Holzaufhaenger;Hahnemuehle Baryta;FineArt-Inkjetdruck (Hahnemuehle);Querformat;Panorama;30x90;Holzleisten-Aufhaengung (oben/unten)
Poster/FineArt;Poster/FineArt mit Holzaufhaenger;Hahnemuehle Baryta;FineArt-Inkjetdruck (Hahnemuehle);Querformat;Panorama;40x80;Holzleisten-Aufhaengung (oben/unten)
Poster/FineArt;Poster/FineArt mit Holzaufhaenger;Hahnemuehle Baryta;FineArt-Inkjetdruck (Hahnemuehle);Querformat;Panorama;50x100;Holzleisten-Aufhaengung (oben/unten)
Poster/FineArt;Poster/FineArt mit Holzaufhaenger;Hahnemuehle Baryta;FineArt-Inkjetdruck (Hahnemuehle);Querformat;Panorama;60x120;Holzleisten-Aufhaengung (oben/unten)
Poster/FineArt;Poster/FineArt mit Holzaufhaenger;Hahnemuehle Baryta;FineArt-Inkjetdruck (Hahnemuehle);Querformat;Panorama;60x180;Holzleisten-Aufhaengung (oben/unten)
Poster/FineArt;Poster/FineArt mit Holzaufhaenger;Hahnemuehle Baryta;FineArt-Inkjetdruck (Hahnemuehle);Querformat;Panorama;70x180;Holzleisten-Aufhaengung (oben/unten)
Poster/FineArt;Poster/FineArt mit Holzaufhaenger;Hahnemuehle Hemp Natural Line;FineArt-Inkjetdruck (Hahnemuehle);Hochformat;~2:3;10x15;Holzleisten-Aufhaengung (oben/unten)
Poster/FineArt;Poster/FineArt mit Holzaufhaenger;Hahnemuehle Hemp Natural Line;FineArt-Inkjetdruck (Hahnemuehle);Hochformat;~2:3;10,5x14,8 (A6);Holzleisten-Aufhaengung (oben/unten)
Poster/FineArt;Poster/FineArt mit Holzaufhaenger;Hahnemuehle Hemp Natural Line;FineArt-Inkjetdruck (Hahnemuehle);Hochformat;~2:3;13x18;Holzleisten-Aufhaengung (oben/unten)
Poster/FineArt;Poster/FineArt mit Holzaufhaenger;Hahnemuehle Hemp Natural Line;FineArt-Inkjetdruck (Hahnemuehle);Hochformat;~2:3;13x19;Holzleisten-Aufhaengung (oben/unten)
Poster/FineArt;Poster/FineArt mit Holzaufhaenger;Hahnemuehle Hemp Natural Line;FineArt-Inkjetdruck (Hahnemuehle);Hochformat;~2:3;14,8x21 (A5);Holzleisten-Aufhaengung (oben/unten)
Poster/FineArt;Poster/FineArt mit Holzaufhaenger;Hahnemuehle Hemp Natural Line;FineArt-Inkjetdruck (Hahnemuehle);Hochformat;~2:3;15x21;Holzleisten-Aufhaengung (oben/unten)
Poster/FineArt;Poster/FineArt mit Holzaufhaenger;Hahnemuehle Hemp Natural Line;FineArt-Inkjetdruck (Hahnemuehle);Hochformat;~2:3;15x22;Holzleisten-Aufhaengung (oben/unten)
Poster/FineArt;Poster/FineArt mit Holzaufhaenger;Hahnemuehle Hemp Natural Line;FineArt-Inkjetdruck (Hahnemuehle);Hochformat;~2:3;20x30;Holzleisten-Aufhaengung (oben/unten)
Poster/FineArt;Poster/FineArt mit Holzaufhaenger;Hahnemuehle Hemp Natural Line;FineArt-Inkjetdruck (Hahnemuehle);Hochformat;~2:3;21x29,7 (A4);Holzleisten-Aufhaengung (oben/unten)
Poster/FineArt;Poster/FineArt mit Holzaufhaenger;Hahnemuehle Hemp Natural Line;FineArt-Inkjetdruck (Hahnemuehle);Hochformat;~2:3;21x30 (A4);Holzleisten-Aufhaengung (oben/unten)
Poster/FineArt;Poster/FineArt mit Holzaufhaenger;Hahnemuehle Hemp Natural Line;FineArt-Inkjetdruck (Hahnemuehle);Hochformat;~2:3;29,7x42 (A3);Holzleisten-Aufhaengung (oben/unten)
Poster/FineArt;Poster/FineArt mit Holzaufhaenger;Hahnemuehle Hemp Natural Line;FineArt-Inkjetdruck (Hahnemuehle);Hochformat;~2:3;30x45;Holzleisten-Aufhaengung (oben/unten)
Poster/FineArt;Poster/FineArt mit Holzaufhaenger;Hahnemuehle Hemp Natural Line;FineArt-Inkjetdruck (Hahnemuehle);Hochformat;~2:3;40x60;Holzleisten-Aufhaengung (oben/unten)
Poster/FineArt;Poster/FineArt mit Holzaufhaenger;Hahnemuehle Hemp Natural Line;FineArt-Inkjetdruck (Hahnemuehle);Hochformat;~2:3;42x59,4 (A2);Holzleisten-Aufhaengung (oben/unten)
Poster/FineArt;Poster/FineArt mit Holzaufhaenger;Hahnemuehle Hemp Natural Line;FineArt-Inkjetdruck (Hahnemuehle);Hochformat;~2:3;50x70;Holzleisten-Aufhaengung (oben/unten)
Poster/FineArt;Poster/FineArt mit Holzaufhaenger;Hahnemuehle Hemp Natural Line;FineArt-Inkjetdruck (Hahnemuehle);Hochformat;~2:3;50x75;Holzleisten-Aufhaengung (oben/unten)
Poster/FineArt;Poster/FineArt mit Holzaufhaenger;Hahnemuehle Hemp Natural Line;FineArt-Inkjetdruck (Hahnemuehle);Hochformat;~2:3;59,4x84,1 (A1);Holzleisten-Aufhaengung (oben/unten)
Poster/FineArt;Poster/FineArt mit Holzaufhaenger;Hahnemuehle Hemp Natural Line;FineArt-Inkjetdruck (Hahnemuehle);Hochformat;~2:3;60x90;Holzleisten-Aufhaengung (oben/unten)
Poster/FineArt;Poster/FineArt mit Holzaufhaenger;Hahnemuehle Hemp Natural Line;FineArt-Inkjetdruck (Hahnemuehle);Hochformat;~2:3;70x100;Holzleisten-Aufhaengung (oben/unten)
Poster/FineArt;Poster/FineArt mit Holzaufhaenger;Hahnemuehle Hemp Natural Line;FineArt-Inkjetdruck (Hahnemuehle);Hochformat;~2:3;70x105;Holzleisten-Aufhaengung (oben/unten)
Poster/FineArt;Poster/FineArt mit Holzaufhaenger;Hahnemuehle Hemp Natural Line;FineArt-Inkjetdruck (Hahnemuehle);Hochformat;~3:4;18x24;Holzleisten-Aufhaengung (oben/unten)
Poster/FineArt;Poster/FineArt mit Holzaufhaenger;Hahnemuehle Hemp Natural Line;FineArt-Inkjetdruck (Hahnemuehle);Hochformat;~3:4;30x40;Holzleisten-Aufhaengung (oben/unten)
Poster/FineArt;Poster/FineArt mit Holzaufhaenger;Hahnemuehle Hemp Natural Line;FineArt-Inkjetdruck (Hahnemuehle);Hochformat;~3:4;60x80;Holzleisten-Aufhaengung (oben/unten)
Poster/FineArt;Poster/FineArt mit Holzaufhaenger;Hahnemuehle Hemp Natural Line;FineArt-Inkjetdruck (Hahnemuehle);Hochformat;~3:4;75x100;Holzleisten-Aufhaengung (oben/unten)
Poster/FineArt;Poster/FineArt mit Holzaufhaenger;Hahnemuehle Hemp Natural Line;FineArt-Inkjetdruck (Hahnemuehle);Hochformat;~3:5;70x120;Holzleisten-Aufhaengung (oben/unten)
Poster/FineArt;Poster/FineArt mit Holzaufhaenger;Hahnemuehle Hemp Natural Line;FineArt-Inkjetdruck (Hahnemuehle);Hochformat;~4:5;10x13;Holzleisten-Aufhaengung (oben/unten)
Poster/FineArt;Poster/FineArt mit Holzaufhaenger;Hahnemuehle Hemp Natural Line;FineArt-Inkjetdruck (Hahnemuehle);Hochformat;~4:5;40x50;Holzleisten-Aufhaengung (oben/unten)
Poster/FineArt;Poster/FineArt mit Holzaufhaenger;Hahnemuehle Hemp Natural Line;FineArt-Inkjetdruck (Hahnemuehle);Hochformat;~4:5;70x90;Holzleisten-Aufhaengung (oben/unten)
Poster/FineArt;Poster/FineArt mit Holzaufhaenger;Hahnemuehle Hemp Natural Line;FineArt-Inkjetdruck (Hahnemuehle);Hochformat;~4:5;80x100;Holzleisten-Aufhaengung (oben/unten)
Poster/FineArt;Poster/FineArt mit Holzaufhaenger;Hahnemuehle Hemp Natural Line;FineArt-Inkjetdruck (Hahnemuehle);Hochformat;Quadratisch;15x15;Holzleisten-Aufhaengung (oben/unten)
Poster/FineArt;Poster/FineArt mit Holzaufhaenger;Hahnemuehle Hemp Natural Line;FineArt-Inkjetdruck (Hahnemuehle);Hochformat;Quadratisch;20x20;Holzleisten-Aufhaengung (oben/unten)
Poster/FineArt;Poster/FineArt mit Holzaufhaenger;Hahnemuehle Hemp Natural Line;FineArt-Inkjetdruck (Hahnemuehle);Hochformat;Quadratisch;21x21;Holzleisten-Aufhaengung (oben/unten)
Poster/FineArt;Poster/FineArt mit Holzaufhaenger;Hahnemuehle Hemp Natural Line;FineArt-Inkjetdruck (Hahnemuehle);Hochformat;Quadratisch;30x30;Holzleisten-Aufhaengung (oben/unten)
Poster/FineArt;Poster/FineArt mit Holzaufhaenger;Hahnemuehle Hemp Natural Line;FineArt-Inkjetdruck (Hahnemuehle);Hochformat;Quadratisch;40x40;Holzleisten-Aufhaengung (oben/unten)
Poster/FineArt;Poster/FineArt mit Holzaufhaenger;Hahnemuehle Hemp Natural Line;FineArt-Inkjetdruck (Hahnemuehle);Hochformat;Quadratisch;50x50;Holzleisten-Aufhaengung (oben/unten)
Poster/FineArt;Poster/FineArt mit Holzaufhaenger;Hahnemuehle Hemp Natural Line;FineArt-Inkjetdruck (Hahnemuehle);Hochformat;Quadratisch;60x60;Holzleisten-Aufhaengung (oben/unten)
Poster/FineArt;Poster/FineArt mit Holzaufhaenger;Hahnemuehle Hemp Natural Line;FineArt-Inkjetdruck (Hahnemuehle);Hochformat;Quadratisch;70x70;Holzleisten-Aufhaengung (oben/unten)
Poster/FineArt;Poster/FineArt mit Holzaufhaenger;Hahnemuehle Hemp Natural Line;FineArt-Inkjetdruck (Hahnemuehle);Hochformat;Panorama;10x18;Holzleisten-Aufhaengung (oben/unten)
Poster/FineArt;Poster/FineArt mit Holzaufhaenger;Hahnemuehle Hemp Natural Line;FineArt-Inkjetdruck (Hahnemuehle);Hochformat;Panorama;10x20;Holzleisten-Aufhaengung (oben/unten)
Poster/FineArt;Poster/FineArt mit Holzaufhaenger;Hahnemuehle Hemp Natural Line;FineArt-Inkjetdruck (Hahnemuehle);Hochformat;Panorama;20x40;Holzleisten-Aufhaengung (oben/unten)
Poster/FineArt;Poster/FineArt mit Holzaufhaenger;Hahnemuehle Hemp Natural Line;FineArt-Inkjetdruck (Hahnemuehle);Hochformat;Panorama;20x60;Holzleisten-Aufhaengung (oben/unten)
Poster/FineArt;Poster/FineArt mit Holzaufhaenger;Hahnemuehle Hemp Natural Line;FineArt-Inkjetdruck (Hahnemuehle);Hochformat;Panorama;30x60;Holzleisten-Aufhaengung (oben/unten)
Poster/FineArt;Poster/FineArt mit Holzaufhaenger;Hahnemuehle Hemp Natural Line;FineArt-Inkjetdruck (Hahnemuehle);Hochformat;Panorama;30x90;Holzleisten-Aufhaengung (oben/unten)
Poster/FineArt;Poster/FineArt mit Holzaufhaenger;Hahnemuehle Hemp Natural Line;FineArt-Inkjetdruck (Hahnemuehle);Hochformat;Panorama;40x80;Holzleisten-Aufhaengung (oben/unten)
Poster/FineArt;Poster/FineArt mit Holzaufhaenger;Hahnemuehle Hemp Natural Line;FineArt-Inkjetdruck (Hahnemuehle);Hochformat;Panorama;50x100;Holzleisten-Aufhaengung (oben/unten)
Poster/FineArt;Poster/FineArt mit Holzaufhaenger;Hahnemuehle Hemp Natural Line;FineArt-Inkjetdruck (Hahnemuehle);Hochformat;Panorama;60x120;Holzleisten-Aufhaengung (oben/unten)
Poster/FineArt;Poster/FineArt mit Holzaufhaenger;Hahnemuehle Hemp Natural Line;FineArt-Inkjetdruck (Hahnemuehle);Hochformat;Panorama;60x180;Holzleisten-Aufhaengung (oben/unten)
Poster/FineArt;Poster/FineArt mit Holzaufhaenger;Hahnemuehle Hemp Natural Line;FineArt-Inkjetdruck (Hahnemuehle);Hochformat;Panorama;70x180;Holzleisten-Aufhaengung (oben/unten)
Poster/FineArt;Poster/FineArt mit Holzaufhaenger;Hahnemuehle Hemp Natural Line;FineArt-Inkjetdruck (Hahnemuehle);Querformat;~2:3;10x15;Holzleisten-Aufhaengung (oben/unten)
Poster/FineArt;Poster/FineArt mit Holzaufhaenger;Hahnemuehle Hemp Natural Line;FineArt-Inkjetdruck (Hahnemuehle);Querformat;~2:3;10,5x14,8 (A6);Holzleisten-Aufhaengung (oben/unten)
Poster/FineArt;Poster/FineArt mit Holzaufhaenger;Hahnemuehle Hemp Natural Line;FineArt-Inkjetdruck (Hahnemuehle);Querformat;~2:3;13x18;Holzleisten-Aufhaengung (oben/unten)
Poster/FineArt;Poster/FineArt mit Holzaufhaenger;Hahnemuehle Hemp Natural Line;FineArt-Inkjetdruck (Hahnemuehle);Querformat;~2:3;13x19;Holzleisten-Aufhaengung (oben/unten)
Poster/FineArt;Poster/FineArt mit Holzaufhaenger;Hahnemuehle Hemp Natural Line;FineArt-Inkjetdruck (Hahnemuehle);Querformat;~2:3;14,8x21 (A5);Holzleisten-Aufhaengung (oben/unten)
Poster/FineArt;Poster/FineArt mit Holzaufhaenger;Hahnemuehle Hemp Natural Line;FineArt-Inkjetdruck (Hahnemuehle);Querformat;~2:3;15x21;Holzleisten-Aufhaengung (oben/unten)
Poster/FineArt;Poster/FineArt mit Holzaufhaenger;Hahnemuehle Hemp Natural Line;FineArt-Inkjetdruck (Hahnemuehle);Querformat;~2:3;15x22;Holzleisten-Aufhaengung (oben/unten)
Poster/FineArt;Poster/FineArt mit Holzaufhaenger;Hahnemuehle Hemp Natural Line;FineArt-Inkjetdruck (Hahnemuehle);Querformat;~2:3;20x30;Holzleisten-Aufhaengung (oben/unten)
Poster/FineArt;Poster/FineArt mit Holzaufhaenger;Hahnemuehle Hemp Natural Line;FineArt-Inkjetdruck (Hahnemuehle);Querformat;~2:3;21x29,7 (A4);Holzleisten-Aufhaengung (oben/unten)
Poster/FineArt;Poster/FineArt mit Holzaufhaenger;Hahnemuehle Hemp Natural Line;FineArt-Inkjetdruck (Hahnemuehle);Querformat;~2:3;21x30 (A4);Holzleisten-Aufhaengung (oben/unten)
Poster/FineArt;Poster/FineArt mit Holzaufhaenger;Hahnemuehle Hemp Natural Line;FineArt-Inkjetdruck (Hahnemuehle);Querformat;~2:3;29,7x42 (A3);Holzleisten-Aufhaengung (oben/unten)
Poster/FineArt;Poster/FineArt mit Holzaufhaenger;Hahnemuehle Hemp Natural Line;FineArt-Inkjetdruck (Hahnemuehle);Querformat;~2:3;30x45;Holzleisten-Aufhaengung (oben/unten)
Poster/FineArt;Poster/FineArt mit Holzaufhaenger;Hahnemuehle Hemp Natural Line;FineArt-Inkjetdruck (Hahnemuehle);Querformat;~2:3;40x60;Holzleisten-Aufhaengung (oben/unten)
Poster/FineArt;Poster/FineArt mit Holzaufhaenger;Hahnemuehle Hemp Natural Line;FineArt-Inkjetdruck (Hahnemuehle);Querformat;~2:3;42x59,4 (A2);Holzleisten-Aufhaengung (oben/unten)
Poster/FineArt;Poster/FineArt mit Holzaufhaenger;Hahnemuehle Hemp Natural Line;FineArt-Inkjetdruck (Hahnemuehle);Querformat;~2:3;50x70;Holzleisten-Aufhaengung (oben/unten)
Poster/FineArt;Poster/FineArt mit Holzaufhaenger;Hahnemuehle Hemp Natural Line;FineArt-Inkjetdruck (Hahnemuehle);Querformat;~2:3;50x75;Holzleisten-Aufhaengung (oben/unten)
Poster/FineArt;Poster/FineArt mit Holzaufhaenger;Hahnemuehle Hemp Natural Line;FineArt-Inkjetdruck (Hahnemuehle);Querformat;~2:3;59,4x84,1 (A1);Holzleisten-Aufhaengung (oben/unten)
Poster/FineArt;Poster/FineArt mit Holzaufhaenger;Hahnemuehle Hemp Natural Line;FineArt-Inkjetdruck (Hahnemuehle);Querformat;~2:3;60x90;Holzleisten-Aufhaengung (oben/unten)
Poster/FineArt;Poster/FineArt mit Holzaufhaenger;Hahnemuehle Hemp Natural Line;FineArt-Inkjetdruck (Hahnemuehle);Querformat;~2:3;70x100;Holzleisten-Aufhaengung (oben/unten)
Poster/FineArt;Poster/FineArt mit Holzaufhaenger;Hahnemuehle Hemp Natural Line;FineArt-Inkjetdruck (Hahnemuehle);Querformat;~2:3;70x105;Holzleisten-Aufhaengung (oben/unten)
Poster/FineArt;Poster/FineArt mit Holzaufhaenger;Hahnemuehle Hemp Natural Line;FineArt-Inkjetdruck (Hahnemuehle);Querformat;~3:4;18x24;Holzleisten-Aufhaengung (oben/unten)
Poster/FineArt;Poster/FineArt mit Holzaufhaenger;Hahnemuehle Hemp Natural Line;FineArt-Inkjetdruck (Hahnemuehle);Querformat;~3:4;30x40;Holzleisten-Aufhaengung (oben/unten)
Poster/FineArt;Poster/FineArt mit Holzaufhaenger;Hahnemuehle Hemp Natural Line;FineArt-Inkjetdruck (Hahnemuehle);Querformat;~3:4;60x80;Holzleisten-Aufhaengung (oben/unten)
Poster/FineArt;Poster/FineArt mit Holzaufhaenger;Hahnemuehle Hemp Natural Line;FineArt-Inkjetdruck (Hahnemuehle);Querformat;~3:4;75x100;Holzleisten-Aufhaengung (oben/unten)
Poster/FineArt;Poster/FineArt mit Holzaufhaenger;Hahnemuehle Hemp Natural Line;FineArt-Inkjetdruck (Hahnemuehle);Querformat;~3:5;70x120;Holzleisten-Aufhaengung (oben/unten)
Poster/FineArt;Poster/FineArt mit Holzaufhaenger;Hahnemuehle Hemp Natural Line;FineArt-Inkjetdruck (Hahnemuehle);Querformat;~4:5;10x13;Holzleisten-Aufhaengung (oben/unten)
Poster/FineArt;Poster/FineArt mit Holzaufhaenger;Hahnemuehle Hemp Natural Line;FineArt-Inkjetdruck (Hahnemuehle);Querformat;~4:5;40x50;Holzleisten-Aufhaengung (oben/unten)
Poster/FineArt;Poster/FineArt mit Holzaufhaenger;Hahnemuehle Hemp Natural Line;FineArt-Inkjetdruck (Hahnemuehle);Querformat;~4:5;70x90;Holzleisten-Aufhaengung (oben/unten)
Poster/FineArt;Poster/FineArt mit Holzaufhaenger;Hahnemuehle Hemp Natural Line;FineArt-Inkjetdruck (Hahnemuehle);Querformat;~4:5;80x100;Holzleisten-Aufhaengung (oben/unten)
Poster/FineArt;Poster/FineArt mit Holzaufhaenger;Hahnemuehle Hemp Natural Line;FineArt-Inkjetdruck (Hahnemuehle);Querformat;Quadratisch;15x15;Holzleisten-Aufhaengung (oben/unten)
Poster/FineArt;Poster/FineArt mit Holzaufhaenger;Hahnemuehle Hemp Natural Line;FineArt-Inkjetdruck (Hahnemuehle);Querformat;Quadratisch;20x20;Holzleisten-Aufhaengung (oben/unten)
Poster/FineArt;Poster/FineArt mit Holzaufhaenger;Hahnemuehle Hemp Natural Line;FineArt-Inkjetdruck (Hahnemuehle);Querformat;Quadratisch;21x21;Holzleisten-Aufhaengung (oben/unten)
Poster/FineArt;Poster/FineArt mit Holzaufhaenger;Hahnemuehle Hemp Natural Line;FineArt-Inkjetdruck (Hahnemuehle);Querformat;Quadratisch;30x30;Holzleisten-Aufhaengung (oben/unten)
Poster/FineArt;Poster/FineArt mit Holzaufhaenger;Hahnemuehle Hemp Natural Line;FineArt-Inkjetdruck (Hahnemuehle);Querformat;Quadratisch;40x40;Holzleisten-Aufhaengung (oben/unten)
Poster/FineArt;Poster/FineArt mit Holzaufhaenger;Hahnemuehle Hemp Natural Line;FineArt-Inkjetdruck (Hahnemuehle);Querformat;Quadratisch;50x50;Holzleisten-Aufhaengung (oben/unten)
Poster/FineArt;Poster/FineArt mit Holzaufhaenger;Hahnemuehle Hemp Natural Line;FineArt-Inkjetdruck (Hahnemuehle);Querformat;Quadratisch;60x60;Holzleisten-Aufhaengung (oben/unten)
Poster/FineArt;Poster/FineArt mit Holzaufhaenger;Hahnemuehle Hemp Natural Line;FineArt-Inkjetdruck (Hahnemuehle);Querformat;Quadratisch;70x70;Holzleisten-Aufhaengung (oben/unten)
Poster/FineArt;Poster/FineArt mit Holzaufhaenger;Hahnemuehle Hemp Natural Line;FineArt-Inkjetdruck (Hahnemuehle);Querformat;Panorama;10x18;Holzleisten-Aufhaengung (oben/unten)
Poster/FineArt;Poster/FineArt mit Holzaufhaenger;Hahnemuehle Hemp Natural Line;FineArt-Inkjetdruck (Hahnemuehle);Querformat;Panorama;10x20;Holzleisten-Aufhaengung (oben/unten)
Poster/FineArt;Poster/FineArt mit Holzaufhaenger;Hahnemuehle Hemp Natural Line;FineArt-Inkjetdruck (Hahnemuehle);Querformat;Panorama;20x40;Holzleisten-Aufhaengung (oben/unten)
Poster/FineArt;Poster/FineArt mit Holzaufhaenger;Hahnemuehle Hemp Natural Line;FineArt-Inkjetdruck (Hahnemuehle);Querformat;Panorama;20x60;Holzleisten-Aufhaengung (oben/unten)
Poster/FineArt;Poster/FineArt mit Holzaufhaenger;Hahnemuehle Hemp Natural Line;FineArt-Inkjetdruck (Hahnemuehle);Querformat;Panorama;30x60;Holzleisten-Aufhaengung (oben/unten)
Poster/FineArt;Poster/FineArt mit Holzaufhaenger;Hahnemuehle Hemp Natural Line;FineArt-Inkjetdruck (Hahnemuehle);Querformat;Panorama;30x90;Holzleisten-Aufhaengung (oben/unten)
Poster/FineArt;Poster/FineArt mit Holzaufhaenger;Hahnemuehle Hemp Natural Line;FineArt-Inkjetdruck (Hahnemuehle);Querformat;Panorama;40x80;Holzleisten-Aufhaengung (oben/unten)
Poster/FineArt;Poster/FineArt mit Holzaufhaenger;Hahnemuehle Hemp Natural Line;FineArt-Inkjetdruck (Hahnemuehle);Querformat;Panorama;50x100;Holzleisten-Aufhaengung (oben/unten)
Poster/FineArt;Poster/FineArt mit Holzaufhaenger;Hahnemuehle Hemp Natural Line;FineArt-Inkjetdruck (Hahnemuehle);Querformat;Panorama;60x120;Holzleisten-Aufhaengung (oben/unten)
Poster/FineArt;Poster/FineArt mit Holzaufhaenger;Hahnemuehle Hemp Natural Line;FineArt-Inkjetdruck (Hahnemuehle);Querformat;Panorama;60x180;Holzleisten-Aufhaengung (oben/unten)
Poster/FineArt;Poster/FineArt mit Holzaufhaenger;Hahnemuehle Hemp Natural Line;FineArt-Inkjetdruck (Hahnemuehle);Querformat;Panorama;70x180;Holzleisten-Aufhaengung (oben/unten)
Poster/FineArt;Poster/FineArt mit Holzaufhaenger;Hahnemuehle Museum Etching;FineArt-Inkjetdruck (Hahnemuehle);Hochformat;~2:3;10x15;Holzleisten-Aufhaengung (oben/unten)
Poster/FineArt;Poster/FineArt mit Holzaufhaenger;Hahnemuehle Museum Etching;FineArt-Inkjetdruck (Hahnemuehle);Hochformat;~2:3;10,5x14,8 (A6);Holzleisten-Aufhaengung (oben/unten)
Poster/FineArt;Poster/FineArt mit Holzaufhaenger;Hahnemuehle Museum Etching;FineArt-Inkjetdruck (Hahnemuehle);Hochformat;~2:3;13x18;Holzleisten-Aufhaengung (oben/unten)
Poster/FineArt;Poster/FineArt mit Holzaufhaenger;Hahnemuehle Museum Etching;FineArt-Inkjetdruck (Hahnemuehle);Hochformat;~2:3;13x19;Holzleisten-Aufhaengung (oben/unten)
Poster/FineArt;Poster/FineArt mit Holzaufhaenger;Hahnemuehle Museum Etching;FineArt-Inkjetdruck (Hahnemuehle);Hochformat;~2:3;14,8x21 (A5);Holzleisten-Aufhaengung (oben/unten)
Poster/FineArt;Poster/FineArt mit Holzaufhaenger;Hahnemuehle Museum Etching;FineArt-Inkjetdruck (Hahnemuehle);Hochformat;~2:3;15x21;Holzleisten-Aufhaengung (oben/unten)
Poster/FineArt;Poster/FineArt mit Holzaufhaenger;Hahnemuehle Museum Etching;FineArt-Inkjetdruck (Hahnemuehle);Hochformat;~2:3;15x22;Holzleisten-Aufhaengung (oben/unten)
Poster/FineArt;Poster/FineArt mit Holzaufhaenger;Hahnemuehle Museum Etching;FineArt-Inkjetdruck (Hahnemuehle);Hochformat;~2:3;20x30;Holzleisten-Aufhaengung (oben/unten)
Poster/FineArt;Poster/FineArt mit Holzaufhaenger;Hahnemuehle Museum Etching;FineArt-Inkjetdruck (Hahnemuehle);Hochformat;~2:3;21x29,7 (A4);Holzleisten-Aufhaengung (oben/unten)
Poster/FineArt;Poster/FineArt mit Holzaufhaenger;Hahnemuehle Museum Etching;FineArt-Inkjetdruck (Hahnemuehle);Hochformat;~2:3;21x30 (A4);Holzleisten-Aufhaengung (oben/unten)
Poster/FineArt;Poster/FineArt mit Holzaufhaenger;Hahnemuehle Museum Etching;FineArt-Inkjetdruck (Hahnemuehle);Hochformat;~2:3;29,7x42 (A3);Holzleisten-Aufhaengung (oben/unten)
Poster/FineArt;Poster/FineArt mit Holzaufhaenger;Hahnemuehle Museum Etching;FineArt-Inkjetdruck (Hahnemuehle);Hochformat;~2:3;30x45;Holzleisten-Aufhaengung (oben/unten)
Poster/FineArt;Poster/FineArt mit Holzaufhaenger;Hahnemuehle Museum Etching;FineArt-Inkjetdruck (Hahnemuehle);Hochformat;~2:3;40x60;Holzleisten-Aufhaengung (oben/unten)
Poster/FineArt;Poster/FineArt mit Holzaufhaenger;Hahnemuehle Museum Etching;FineArt-Inkjetdruck (Hahnemuehle);Hochformat;~2:3;42x59,4 (A2);Holzleisten-Aufhaengung (oben/unten)
Poster/FineArt;Poster/FineArt mit Holzaufhaenger;Hahnemuehle Museum Etching;FineArt-Inkjetdruck (Hahnemuehle);Hochformat;~2:3;50x70;Holzleisten-Aufhaengung (oben/unten)
Poster/FineArt;Poster/FineArt mit Holzaufhaenger;Hahnemuehle Museum Etching;FineArt-Inkjetdruck (Hahnemuehle);Hochformat;~2:3;50x75;Holzleisten-Aufhaengung (oben/unten)
Poster/FineArt;Poster/FineArt mit Holzaufhaenger;Hahnemuehle Museum Etching;FineArt-Inkjetdruck (Hahnemuehle);Hochformat;~2:3;59,4x84,1 (A1);Holzleisten-Aufhaengung (oben/unten)
Poster/FineArt;Poster/FineArt mit Holzaufhaenger;Hahnemuehle Museum Etching;FineArt-Inkjetdruck (Hahnemuehle);Hochformat;~2:3;60x90;Holzleisten-Aufhaengung (oben/unten)
Poster/FineArt;Poster/FineArt mit Holzaufhaenger;Hahnemuehle Museum Etching;FineArt-Inkjetdruck (Hahnemuehle);Hochformat;~2:3;70x100;Holzleisten-Aufhaengung (oben/unten)
Poster/FineArt;Poster/FineArt mit Holzaufhaenger;Hahnemuehle Museum Etching;FineArt-Inkjetdruck (Hahnemuehle);Hochformat;~2:3;70x105;Holzleisten-Aufhaengung (oben/unten)
Poster/FineArt;Poster/FineArt mit Holzaufhaenger;Hahnemuehle Museum Etching;FineArt-Inkjetdruck (Hahnemuehle);Hochformat;~3:4;18x24;Holzleisten-Aufhaengung (oben/unten)
Poster/FineArt;Poster/FineArt mit Holzaufhaenger;Hahnemuehle Museum Etching;FineArt-Inkjetdruck (Hahnemuehle);Hochformat;~3:4;30x40;Holzleisten-Aufhaengung (oben/unten)
Poster/FineArt;Poster/FineArt mit Holzaufhaenger;Hahnemuehle Museum Etching;FineArt-Inkjetdruck (Hahnemuehle);Hochformat;~3:4;60x80;Holzleisten-Aufhaengung (oben/unten)
Poster/FineArt;Poster/FineArt mit Holzaufhaenger;Hahnemuehle Museum Etching;FineArt-Inkjetdruck (Hahnemuehle);Hochformat;~3:4;75x100;Holzleisten-Aufhaengung (oben/unten)
Poster/FineArt;Poster/FineArt mit Holzaufhaenger;Hahnemuehle Museum Etching;FineArt-Inkjetdruck (Hahnemuehle);Hochformat;~3:5;70x120;Holzleisten-Aufhaengung (oben/unten)
Poster/FineArt;Poster/FineArt mit Holzaufhaenger;Hahnemuehle Museum Etching;FineArt-Inkjetdruck (Hahnemuehle);Hochformat;~4:5;10x13;Holzleisten-Aufhaengung (oben/unten)
Poster/FineArt;Poster/FineArt mit Holzaufhaenger;Hahnemuehle Museum Etching;FineArt-Inkjetdruck (Hahnemuehle);Hochformat;~4:5;40x50;Holzleisten-Aufhaengung (oben/unten)
Poster/FineArt;Poster/FineArt mit Holzaufhaenger;Hahnemuehle Museum Etching;FineArt-Inkjetdruck (Hahnemuehle);Hochformat;~4:5;70x90;Holzleisten-Aufhaengung (oben/unten)
Poster/FineArt;Poster/FineArt mit Holzaufhaenger;Hahnemuehle Museum Etching;FineArt-Inkjetdruck (Hahnemuehle);Hochformat;~4:5;80x100;Holzleisten-Aufhaengung (oben/unten)
Poster/FineArt;Poster/FineArt mit Holzaufhaenger;Hahnemuehle Museum Etching;FineArt-Inkjetdruck (Hahnemuehle);Hochformat;Quadratisch;15x15;Holzleisten-Aufhaengung (oben/unten)
Poster/FineArt;Poster/FineArt mit Holzaufhaenger;Hahnemuehle Museum Etching;FineArt-Inkjetdruck (Hahnemuehle);Hochformat;Quadratisch;20x20;Holzleisten-Aufhaengung (oben/unten)
Poster/FineArt;Poster/FineArt mit Holzaufhaenger;Hahnemuehle Museum Etching;FineArt-Inkjetdruck (Hahnemuehle);Hochformat;Quadratisch;21x21;Holzleisten-Aufhaengung (oben/unten)
Poster/FineArt;Poster/FineArt mit Holzaufhaenger;Hahnemuehle Museum Etching;FineArt-Inkjetdruck (Hahnemuehle);Hochformat;Quadratisch;30x30;Holzleisten-Aufhaengung (oben/unten)
Poster/FineArt;Poster/FineArt mit Holzaufhaenger;Hahnemuehle Museum Etching;FineArt-Inkjetdruck (Hahnemuehle);Hochformat;Quadratisch;40x40;Holzleisten-Aufhaengung (oben/unten)
Poster/FineArt;Poster/FineArt mit Holzaufhaenger;Hahnemuehle Museum Etching;FineArt-Inkjetdruck (Hahnemuehle);Hochformat;Quadratisch;50x50;Holzleisten-Aufhaengung (oben/unten)
Poster/FineArt;Poster/FineArt mit Holzaufhaenger;Hahnemuehle Museum Etching;FineArt-Inkjetdruck (Hahnemuehle);Hochformat;Quadratisch;60x60;Holzleisten-Aufhaengung (oben/unten)
Poster/FineArt;Poster/FineArt mit Holzaufhaenger;Hahnemuehle Museum Etching;FineArt-Inkjetdruck (Hahnemuehle);Hochformat;Quadratisch;70x70;Holzleisten-Aufhaengung (oben/unten)
Poster/FineArt;Poster/FineArt mit Holzaufhaenger;Hahnemuehle Museum Etching;FineArt-Inkjetdruck (Hahnemuehle);Hochformat;Panorama;10x18;Holzleisten-Aufhaengung (oben/unten)
Poster/FineArt;Poster/FineArt mit Holzaufhaenger;Hahnemuehle Museum Etching;FineArt-Inkjetdruck (Hahnemuehle);Hochformat;Panorama;10x20;Holzleisten-Aufhaengung (oben/unten)
Poster/FineArt;Poster/FineArt mit Holzaufhaenger;Hahnemuehle Museum Etching;FineArt-Inkjetdruck (Hahnemuehle);Hochformat;Panorama;20x40;Holzleisten-Aufhaengung (oben/unten)
Poster/FineArt;Poster/FineArt mit Holzaufhaenger;Hahnemuehle Museum Etching;FineArt-Inkjetdruck (Hahnemuehle);Hochformat;Panorama;20x60;Holzleisten-Aufhaengung (oben/unten)
Poster/FineArt;Poster/FineArt mit Holzaufhaenger;Hahnemuehle Museum Etching;FineArt-Inkjetdruck (Hahnemuehle);Hochformat;Panorama;30x60;Holzleisten-Aufhaengung (oben/unten)
Poster/FineArt;Poster/FineArt mit Holzaufhaenger;Hahnemuehle Museum Etching;FineArt-Inkjetdruck (Hahnemuehle);Hochformat;Panorama;30x90;Holzleisten-Aufhaengung (oben/unten)
Poster/FineArt;Poster/FineArt mit Holzaufhaenger;Hahnemuehle Museum Etching;FineArt-Inkjetdruck (Hahnemuehle);Hochformat;Panorama;40x80;Holzleisten-Aufhaengung (oben/unten)
Poster/FineArt;Poster/FineArt mit Holzaufhaenger;Hahnemuehle Museum Etching;FineArt-Inkjetdruck (Hahnemuehle);Hochformat;Panorama;50x100;Holzleisten-Aufhaengung (oben/unten)
Poster/FineArt;Poster/FineArt mit Holzaufhaenger;Hahnemuehle Museum Etching;FineArt-Inkjetdruck (Hahnemuehle);Hochformat;Panorama;60x120;Holzleisten-Aufhaengung (oben/unten)
Poster/FineArt;Poster/FineArt mit Holzaufhaenger;Hahnemuehle Museum Etching;FineArt-Inkjetdruck (Hahnemuehle);Hochformat;Panorama;60x180;Holzleisten-Aufhaengung (oben/unten)
Poster/FineArt;Poster/FineArt mit Holzaufhaenger;Hahnemuehle Museum Etching;FineArt-Inkjetdruck (Hahnemuehle);Hochformat;Panorama;70x180;Holzleisten-Aufhaengung (oben/unten)
Poster/FineArt;Poster/FineArt mit Holzaufhaenger;Hahnemuehle Museum Etching;FineArt-Inkjetdruck (Hahnemuehle);Querformat;~2:3;10x15;Holzleisten-Aufhaengung (oben/unten)
Poster/FineArt;Poster/FineArt mit Holzaufhaenger;Hahnemuehle Museum Etching;FineArt-Inkjetdruck (Hahnemuehle);Querformat;~2:3;10,5x14,8 (A6);Holzleisten-Aufhaengung (oben/unten)
Poster/FineArt;Poster/FineArt mit Holzaufhaenger;Hahnemuehle Museum Etching;FineArt-Inkjetdruck (Hahnemuehle);Querformat;~2:3;13x18;Holzleisten-Aufhaengung (oben/unten)
Poster/FineArt;Poster/FineArt mit Holzaufhaenger;Hahnemuehle Museum Etching;FineArt-Inkjetdruck (Hahnemuehle);Querformat;~2:3;13x19;Holzleisten-Aufhaengung (oben/unten)
Poster/FineArt;Poster/FineArt mit Holzaufhaenger;Hahnemuehle Museum Etching;FineArt-Inkjetdruck (Hahnemuehle);Querformat;~2:3;14,8x21 (A5);Holzleisten-Aufhaengung (oben/unten)
Poster/FineArt;Poster/FineArt mit Holzaufhaenger;Hahnemuehle Museum Etching;FineArt-Inkjetdruck (Hahnemuehle);Querformat;~2:3;15x21;Holzleisten-Aufhaengung (oben/unten)
Poster/FineArt;Poster/FineArt mit Holzaufhaenger;Hahnemuehle Museum Etching;FineArt-Inkjetdruck (Hahnemuehle);Querformat;~2:3;15x22;Holzleisten-Aufhaengung (oben/unten)
Poster/FineArt;Poster/FineArt mit Holzaufhaenger;Hahnemuehle Museum Etching;FineArt-Inkjetdruck (Hahnemuehle);Querformat;~2:3;20x30;Holzleisten-Aufhaengung (oben/unten)
Poster/FineArt;Poster/FineArt mit Holzaufhaenger;Hahnemuehle Museum Etching;FineArt-Inkjetdruck (Hahnemuehle);Querformat;~2:3;21x29,7 (A4);Holzleisten-Aufhaengung (oben/unten)
Poster/FineArt;Poster/FineArt mit Holzaufhaenger;Hahnemuehle Museum Etching;FineArt-Inkjetdruck (Hahnemuehle);Querformat;~2:3;21x30 (A4);Holzleisten-Aufhaengung (oben/unten)
Poster/FineArt;Poster/FineArt mit Holzaufhaenger;Hahnemuehle Museum Etching;FineArt-Inkjetdruck (Hahnemuehle);Querformat;~2:3;29,7x42 (A3);Holzleisten-Aufhaengung (oben/unten)
Poster/FineArt;Poster/FineArt mit Holzaufhaenger;Hahnemuehle Museum Etching;FineArt-Inkjetdruck (Hahnemuehle);Querformat;~2:3;30x45;Holzleisten-Aufhaengung (oben/unten)
Poster/FineArt;Poster/FineArt mit Holzaufhaenger;Hahnemuehle Museum Etching;FineArt-Inkjetdruck (Hahnemuehle);Querformat;~2:3;40x60;Holzleisten-Aufhaengung (oben/unten)
Poster/FineArt;Poster/FineArt mit Holzaufhaenger;Hahnemuehle Museum Etching;FineArt-Inkjetdruck (Hahnemuehle);Querformat;~2:3;42x59,4 (A2);Holzleisten-Aufhaengung (oben/unten)
Poster/FineArt;Poster/FineArt mit Holzaufhaenger;Hahnemuehle Museum Etching;FineArt-Inkjetdruck (Hahnemuehle);Querformat;~2:3;50x70;Holzleisten-Aufhaengung (oben/unten)
Poster/FineArt;Poster/FineArt mit Holzaufhaenger;Hahnemuehle Museum Etching;FineArt-Inkjetdruck (Hahnemuehle);Querformat;~2:3;50x75;Holzleisten-Aufhaengung (oben/unten)
Poster/FineArt;Poster/FineArt mit Holzaufhaenger;Hahnemuehle Museum Etching;FineArt-Inkjetdruck (Hahnemuehle);Querformat;~2:3;59,4x84,1 (A1);Holzleisten-Aufhaengung (oben/unten)
Poster/FineArt;Poster/FineArt mit Holzaufhaenger;Hahnemuehle Museum Etching;FineArt-Inkjetdruck (Hahnemuehle);Querformat;~2:3;60x90;Holzleisten-Aufhaengung (oben/unten)
Poster/FineArt;Poster/FineArt mit Holzaufhaenger;Hahnemuehle Museum Etching;FineArt-Inkjetdruck (Hahnemuehle);Querformat;~2:3;70x100;Holzleisten-Aufhaengung (oben/unten)
Poster/FineArt;Poster/FineArt mit Holzaufhaenger;Hahnemuehle Museum Etching;FineArt-Inkjetdruck (Hahnemuehle);Querformat;~2:3;70x105;Holzleisten-Aufhaengung (oben/unten)
Poster/FineArt;Poster/FineArt mit Holzaufhaenger;Hahnemuehle Museum Etching;FineArt-Inkjetdruck (Hahnemuehle);Querformat;~3:4;18x24;Holzleisten-Aufhaengung (oben/unten)
Poster/FineArt;Poster/FineArt mit Holzaufhaenger;Hahnemuehle Museum Etching;FineArt-Inkjetdruck (Hahnemuehle);Querformat;~3:4;30x40;Holzleisten-Aufhaengung (oben/unten)
Poster/FineArt;Poster/FineArt mit Holzaufhaenger;Hahnemuehle Museum Etching;FineArt-Inkjetdruck (Hahnemuehle);Querformat;~3:4;60x80;Holzleisten-Aufhaengung (oben/unten)
Poster/FineArt;Poster/FineArt mit Holzaufhaenger;Hahnemuehle Museum Etching;FineArt-Inkjetdruck (Hahnemuehle);Querformat;~3:4;75x100;Holzleisten-Aufhaengung (oben/unten)
Poster/FineArt;Poster/FineArt mit Holzaufhaenger;Hahnemuehle Museum Etching;FineArt-Inkjetdruck (Hahnemuehle);Querformat;~3:5;70x120;Holzleisten-Aufhaengung (oben/unten)
Poster/FineArt;Poster/FineArt mit Holzaufhaenger;Hahnemuehle Museum Etching;FineArt-Inkjetdruck (Hahnemuehle);Querformat;~4:5;10x13;Holzleisten-Aufhaengung (oben/unten)
Poster/FineArt;Poster/FineArt mit Holzaufhaenger;Hahnemuehle Museum Etching;FineArt-Inkjetdruck (Hahnemuehle);Querformat;~4:5;40x50;Holzleisten-Aufhaengung (oben/unten)
Poster/FineArt;Poster/FineArt mit Holzaufhaenger;Hahnemuehle Museum Etching;FineArt-Inkjetdruck (Hahnemuehle);Querformat;~4:5;70x90;Holzleisten-Aufhaengung (oben/unten)
Poster/FineArt;Poster/FineArt mit Holzaufhaenger;Hahnemuehle Museum Etching;FineArt-Inkjetdruck (Hahnemuehle);Querformat;~4:5;80x100;Holzleisten-Aufhaengung (oben/unten)
Poster/FineArt;Poster/FineArt mit Holzaufhaenger;Hahnemuehle Museum Etching;FineArt-Inkjetdruck (Hahnemuehle);Querformat;Quadratisch;15x15;Holzleisten-Aufhaengung (oben/unten)
Poster/FineArt;Poster/FineArt mit Holzaufhaenger;Hahnemuehle Museum Etching;FineArt-Inkjetdruck (Hahnemuehle);Querformat;Quadratisch;20x20;Holzleisten-Aufhaengung (oben/unten)
Poster/FineArt;Poster/FineArt mit Holzaufhaenger;Hahnemuehle Museum Etching;FineArt-Inkjetdruck (Hahnemuehle);Querformat;Quadratisch;21x21;Holzleisten-Aufhaengung (oben/unten)
Poster/FineArt;Poster/FineArt mit Holzaufhaenger;Hahnemuehle Museum Etching;FineArt-Inkjetdruck (Hahnemuehle);Querformat;Quadratisch;30x30;Holzleisten-Aufhaengung (oben/unten)
Poster/FineArt;Poster/FineArt mit Holzaufhaenger;Hahnemuehle Museum Etching;FineArt-Inkjetdruck (Hahnemuehle);Querformat;Quadratisch;40x40;Holzleisten-Aufhaengung (oben/unten)
Poster/FineArt;Poster/FineArt mit Holzaufhaenger;Hahnemuehle Museum Etching;FineArt-Inkjetdruck (Hahnemuehle);Querformat;Quadratisch;50x50;Holzleisten-Aufhaengung (oben/unten)
Poster/FineArt;Poster/FineArt mit Holzaufhaenger;Hahnemuehle Museum Etching;FineArt-Inkjetdruck (Hahnemuehle);Querformat;Quadratisch;60x60;Holzleisten-Aufhaengung (oben/unten)
Poster/FineArt;Poster/FineArt mit Holzaufhaenger;Hahnemuehle Museum Etching;FineArt-Inkjetdruck (Hahnemuehle);Querformat;Quadratisch;70x70;Holzleisten-Aufhaengung (oben/unten)
Poster/FineArt;Poster/FineArt mit Holzaufhaenger;Hahnemuehle Museum Etching;FineArt-Inkjetdruck (Hahnemuehle);Querformat;Panorama;10x18;Holzleisten-Aufhaengung (oben/unten)
Poster/FineArt;Poster/FineArt mit Holzaufhaenger;Hahnemuehle Museum Etching;FineArt-Inkjetdruck (Hahnemuehle);Querformat;Panorama;10x20;Holzleisten-Aufhaengung (oben/unten)
Poster/FineArt;Poster/FineArt mit Holzaufhaenger;Hahnemuehle Museum Etching;FineArt-Inkjetdruck (Hahnemuehle);Querformat;Panorama;20x40;Holzleisten-Aufhaengung (oben/unten)
Poster/FineArt;Poster/FineArt mit Holzaufhaenger;Hahnemuehle Museum Etching;FineArt-Inkjetdruck (Hahnemuehle);Querformat;Panorama;20x60;Holzleisten-Aufhaengung (oben/unten)
Poster/FineArt;Poster/FineArt mit Holzaufhaenger;Hahnemuehle Museum Etching;FineArt-Inkjetdruck (Hahnemuehle);Querformat;Panorama;30x60;Holzleisten-Aufhaengung (oben/unten)
Poster/FineArt;Poster/FineArt mit Holzaufhaenger;Hahnemuehle Museum Etching;FineArt-Inkjetdruck (Hahnemuehle);Querformat;Panorama;30x90;Holzleisten-Aufhaengung (oben/unten)
Poster/FineArt;Poster/FineArt mit Holzaufhaenger;Hahnemuehle Museum Etching;FineArt-Inkjetdruck (Hahnemuehle);Querformat;Panorama;40x80;Holzleisten-Aufhaengung (oben/unten)
Poster/FineArt;Poster/FineArt mit Holzaufhaenger;Hahnemuehle Museum Etching;FineArt-Inkjetdruck (Hahnemuehle);Querformat;Panorama;50x100;Holzleisten-Aufhaengung (oben/unten)
Poster/FineArt;Poster/FineArt mit Holzaufhaenger;Hahnemuehle Museum Etching;FineArt-Inkjetdruck (Hahnemuehle);Querformat;Panorama;60x120;Holzleisten-Aufhaengung (oben/unten)
Poster/FineArt;Poster/FineArt mit Holzaufhaenger;Hahnemuehle Museum Etching;FineArt-Inkjetdruck (Hahnemuehle);Querformat;Panorama;60x180;Holzleisten-Aufhaengung (oben/unten)
Poster/FineArt;Poster/FineArt mit Holzaufhaenger;Hahnemuehle Museum Etching;FineArt-Inkjetdruck (Hahnemuehle);Querformat;Panorama;70x180;Holzleisten-Aufhaengung (oben/unten)
Poster/FineArt;Poster/FineArt mit Holzaufhaenger;Hahnemuehle Photo Rag;FineArt-Inkjetdruck (Hahnemuehle);Hochformat;~2:3;10x15;Holzleisten-Aufhaengung (oben/unten)
Poster/FineArt;Poster/FineArt mit Holzaufhaenger;Hahnemuehle Photo Rag;FineArt-Inkjetdruck (Hahnemuehle);Hochformat;~2:3;10,5x14,8 (A6);Holzleisten-Aufhaengung (oben/unten)
Poster/FineArt;Poster/FineArt mit Holzaufhaenger;Hahnemuehle Photo Rag;FineArt-Inkjetdruck (Hahnemuehle);Hochformat;~2:3;13x18;Holzleisten-Aufhaengung (oben/unten)
Poster/FineArt;Poster/FineArt mit Holzaufhaenger;Hahnemuehle Photo Rag;FineArt-Inkjetdruck (Hahnemuehle);Hochformat;~2:3;13x19;Holzleisten-Aufhaengung (oben/unten)
Poster/FineArt;Poster/FineArt mit Holzaufhaenger;Hahnemuehle Photo Rag;FineArt-Inkjetdruck (Hahnemuehle);Hochformat;~2:3;14,8x21 (A5);Holzleisten-Aufhaengung (oben/unten)
Poster/FineArt;Poster/FineArt mit Holzaufhaenger;Hahnemuehle Photo Rag;FineArt-Inkjetdruck (Hahnemuehle);Hochformat;~2:3;15x21;Holzleisten-Aufhaengung (oben/unten)
Poster/FineArt;Poster/FineArt mit Holzaufhaenger;Hahnemuehle Photo Rag;FineArt-Inkjetdruck (Hahnemuehle);Hochformat;~2:3;15x22;Holzleisten-Aufhaengung (oben/unten)
Poster/FineArt;Poster/FineArt mit Holzaufhaenger;Hahnemuehle Photo Rag;FineArt-Inkjetdruck (Hahnemuehle);Hochformat;~2:3;20x30;Holzleisten-Aufhaengung (oben/unten)
Poster/FineArt;Poster/FineArt mit Holzaufhaenger;Hahnemuehle Photo Rag;FineArt-Inkjetdruck (Hahnemuehle);Hochformat;~2:3;21x29,7 (A4);Holzleisten-Aufhaengung (oben/unten)
Poster/FineArt;Poster/FineArt mit Holzaufhaenger;Hahnemuehle Photo Rag;FineArt-Inkjetdruck (Hahnemuehle);Hochformat;~2:3;21x30 (A4);Holzleisten-Aufhaengung (oben/unten)
Poster/FineArt;Poster/FineArt mit Holzaufhaenger;Hahnemuehle Photo Rag;FineArt-Inkjetdruck (Hahnemuehle);Hochformat;~2:3;29,7x42 (A3);Holzleisten-Aufhaengung (oben/unten)
Poster/FineArt;Poster/FineArt mit Holzaufhaenger;Hahnemuehle Photo Rag;FineArt-Inkjetdruck (Hahnemuehle);Hochformat;~2:3;30x45;Holzleisten-Aufhaengung (oben/unten)
Poster/FineArt;Poster/FineArt mit Holzaufhaenger;Hahnemuehle Photo Rag;FineArt-Inkjetdruck (Hahnemuehle);Hochformat;~2:3;40x60;Holzleisten-Aufhaengung (oben/unten)
Poster/FineArt;Poster/FineArt mit Holzaufhaenger;Hahnemuehle Photo Rag;FineArt-Inkjetdruck (Hahnemuehle);Hochformat;~2:3;42x59,4 (A2);Holzleisten-Aufhaengung (oben/unten)
Poster/FineArt;Poster/FineArt mit Holzaufhaenger;Hahnemuehle Photo Rag;FineArt-Inkjetdruck (Hahnemuehle);Hochformat;~2:3;50x70;Holzleisten-Aufhaengung (oben/unten)
Poster/FineArt;Poster/FineArt mit Holzaufhaenger;Hahnemuehle Photo Rag;FineArt-Inkjetdruck (Hahnemuehle);Hochformat;~2:3;50x75;Holzleisten-Aufhaengung (oben/unten)
Poster/FineArt;Poster/FineArt mit Holzaufhaenger;Hahnemuehle Photo Rag;FineArt-Inkjetdruck (Hahnemuehle);Hochformat;~2:3;59,4x84,1 (A1);Holzleisten-Aufhaengung (oben/unten)
Poster/FineArt;Poster/FineArt mit Holzaufhaenger;Hahnemuehle Photo Rag;FineArt-Inkjetdruck (Hahnemuehle);Hochformat;~2:3;60x90;Holzleisten-Aufhaengung (oben/unten)
Poster/FineArt;Poster/FineArt mit Holzaufhaenger;Hahnemuehle Photo Rag;FineArt-Inkjetdruck (Hahnemuehle);Hochformat;~2:3;70x100;Holzleisten-Aufhaengung (oben/unten)
Poster/FineArt;Poster/FineArt mit Holzaufhaenger;Hahnemuehle Photo Rag;FineArt-Inkjetdruck (Hahnemuehle);Hochformat;~2:3;70x105;Holzleisten-Aufhaengung (oben/unten)
Poster/FineArt;Poster/FineArt mit Holzaufhaenger;Hahnemuehle Photo Rag;FineArt-Inkjetdruck (Hahnemuehle);Hochformat;~3:4;18x24;Holzleisten-Aufhaengung (oben/unten)
Poster/FineArt;Poster/FineArt mit Holzaufhaenger;Hahnemuehle Photo Rag;FineArt-Inkjetdruck (Hahnemuehle);Hochformat;~3:4;30x40;Holzleisten-Aufhaengung (oben/unten)
Poster/FineArt;Poster/FineArt mit Holzaufhaenger;Hahnemuehle Photo Rag;FineArt-Inkjetdruck (Hahnemuehle);Hochformat;~3:4;60x80;Holzleisten-Aufhaengung (oben/unten)
Poster/FineArt;Poster/FineArt mit Holzaufhaenger;Hahnemuehle Photo Rag;FineArt-Inkjetdruck (Hahnemuehle);Hochformat;~3:4;75x100;Holzleisten-Aufhaengung (oben/unten)
Poster/FineArt;Poster/FineArt mit Holzaufhaenger;Hahnemuehle Photo Rag;FineArt-Inkjetdruck (Hahnemuehle);Hochformat;~3:5;70x120;Holzleisten-Aufhaengung (oben/unten)
Poster/FineArt;Poster/FineArt mit Holzaufhaenger;Hahnemuehle Photo Rag;FineArt-Inkjetdruck (Hahnemuehle);Hochformat;~4:5;10x13;Holzleisten-Aufhaengung (oben/unten)
Poster/FineArt;Poster/FineArt mit Holzaufhaenger;Hahnemuehle Photo Rag;FineArt-Inkjetdruck (Hahnemuehle);Hochformat;~4:5;40x50;Holzleisten-Aufhaengung (oben/unten)
Poster/FineArt;Poster/FineArt mit Holzaufhaenger;Hahnemuehle Photo Rag;FineArt-Inkjetdruck (Hahnemuehle);Hochformat;~4:5;70x90;Holzleisten-Aufhaengung (oben/unten)
Poster/FineArt;Poster/FineArt mit Holzaufhaenger;Hahnemuehle Photo Rag;FineArt-Inkjetdruck (Hahnemuehle);Hochformat;~4:5;80x100;Holzleisten-Aufhaengung (oben/unten)
Poster/FineArt;Poster/FineArt mit Holzaufhaenger;Hahnemuehle Photo Rag;FineArt-Inkjetdruck (Hahnemuehle);Hochformat;Quadratisch;15x15;Holzleisten-Aufhaengung (oben/unten)
Poster/FineArt;Poster/FineArt mit Holzaufhaenger;Hahnemuehle Photo Rag;FineArt-Inkjetdruck (Hahnemuehle);Hochformat;Quadratisch;20x20;Holzleisten-Aufhaengung (oben/unten)
Poster/FineArt;Poster/FineArt mit Holzaufhaenger;Hahnemuehle Photo Rag;FineArt-Inkjetdruck (Hahnemuehle);Hochformat;Quadratisch;21x21;Holzleisten-Aufhaengung (oben/unten)
Poster/FineArt;Poster/FineArt mit Holzaufhaenger;Hahnemuehle Photo Rag;FineArt-Inkjetdruck (Hahnemuehle);Hochformat;Quadratisch;30x30;Holzleisten-Aufhaengung (oben/unten)
Poster/FineArt;Poster/FineArt mit Holzaufhaenger;Hahnemuehle Photo Rag;FineArt-Inkjetdruck (Hahnemuehle);Hochformat;Quadratisch;40x40;Holzleisten-Aufhaengung (oben/unten)
Poster/FineArt;Poster/FineArt mit Holzaufhaenger;Hahnemuehle Photo Rag;FineArt-Inkjetdruck (Hahnemuehle);Hochformat;Quadratisch;50x50;Holzleisten-Aufhaengung (oben/unten)
Poster/FineArt;Poster/FineArt mit Holzaufhaenger;Hahnemuehle Photo Rag;FineArt-Inkjetdruck (Hahnemuehle);Hochformat;Quadratisch;60x60;Holzleisten-Aufhaengung (oben/unten)
Poster/FineArt;Poster/FineArt mit Holzaufhaenger;Hahnemuehle Photo Rag;FineArt-Inkjetdruck (Hahnemuehle);Hochformat;Quadratisch;70x70;Holzleisten-Aufhaengung (oben/unten)
Poster/FineArt;Poster/FineArt mit Holzaufhaenger;Hahnemuehle Photo Rag;FineArt-Inkjetdruck (Hahnemuehle);Hochformat;Panorama;10x18;Holzleisten-Aufhaengung (oben/unten)
Poster/FineArt;Poster/FineArt mit Holzaufhaenger;Hahnemuehle Photo Rag;FineArt-Inkjetdruck (Hahnemuehle);Hochformat;Panorama;10x20;Holzleisten-Aufhaengung (oben/unten)
Poster/FineArt;Poster/FineArt mit Holzaufhaenger;Hahnemuehle Photo Rag;FineArt-Inkjetdruck (Hahnemuehle);Hochformat;Panorama;20x40;Holzleisten-Aufhaengung (oben/unten)
Poster/FineArt;Poster/FineArt mit Holzaufhaenger;Hahnemuehle Photo Rag;FineArt-Inkjetdruck (Hahnemuehle);Hochformat;Panorama;20x60;Holzleisten-Aufhaengung (oben/unten)
Poster/FineArt;Poster/FineArt mit Holzaufhaenger;Hahnemuehle Photo Rag;FineArt-Inkjetdruck (Hahnemuehle);Hochformat;Panorama;30x60;Holzleisten-Aufhaengung (oben/unten)
Poster/FineArt;Poster/FineArt mit Holzaufhaenger;Hahnemuehle Photo Rag;FineArt-Inkjetdruck (Hahnemuehle);Hochformat;Panorama;30x90;Holzleisten-Aufhaengung (oben/unten)
Poster/FineArt;Poster/FineArt mit Holzaufhaenger;Hahnemuehle Photo Rag;FineArt-Inkjetdruck (Hahnemuehle);Hochformat;Panorama;40x80;Holzleisten-Aufhaengung (oben/unten)
Poster/FineArt;Poster/FineArt mit Holzaufhaenger;Hahnemuehle Photo Rag;FineArt-Inkjetdruck (Hahnemuehle);Hochformat;Panorama;50x100;Holzleisten-Aufhaengung (oben/unten)
Poster/FineArt;Poster/FineArt mit Holzaufhaenger;Hahnemuehle Photo Rag;FineArt-Inkjetdruck (Hahnemuehle);Hochformat;Panorama;60x120;Holzleisten-Aufhaengung (oben/unten)
Poster/FineArt;Poster/FineArt mit Holzaufhaenger;Hahnemuehle Photo Rag;FineArt-Inkjetdruck (Hahnemuehle);Hochformat;Panorama;60x180;Holzleisten-Aufhaengung (oben/unten)
Poster/FineArt;Poster/FineArt mit Holzaufhaenger;Hahnemuehle Photo Rag;FineArt-Inkjetdruck (Hahnemuehle);Hochformat;Panorama;70x180;Holzleisten-Aufhaengung (oben/unten)
Poster/FineArt;Poster/FineArt mit Holzaufhaenger;Hahnemuehle Photo Rag;FineArt-Inkjetdruck (Hahnemuehle);Querformat;~2:3;10x15;Holzleisten-Aufhaengung (oben/unten)
Poster/FineArt;Poster/FineArt mit Holzaufhaenger;Hahnemuehle Photo Rag;FineArt-Inkjetdruck (Hahnemuehle);Querformat;~2:3;10,5x14,8 (A6);Holzleisten-Aufhaengung (oben/unten)
Poster/FineArt;Poster/FineArt mit Holzaufhaenger;Hahnemuehle Photo Rag;FineArt-Inkjetdruck (Hahnemuehle);Querformat;~2:3;13x18;Holzleisten-Aufhaengung (oben/unten)
Poster/FineArt;Poster/FineArt mit Holzaufhaenger;Hahnemuehle Photo Rag;FineArt-Inkjetdruck (Hahnemuehle);Querformat;~2:3;13x19;Holzleisten-Aufhaengung (oben/unten)
Poster/FineArt;Poster/FineArt mit Holzaufhaenger;Hahnemuehle Photo Rag;FineArt-Inkjetdruck (Hahnemuehle);Querformat;~2:3;14,8x21 (A5);Holzleisten-Aufhaengung (oben/unten)
Poster/FineArt;Poster/FineArt mit Holzaufhaenger;Hahnemuehle Photo Rag;FineArt-Inkjetdruck (Hahnemuehle);Querformat;~2:3;15x21;Holzleisten-Aufhaengung (oben/unten)
Poster/FineArt;Poster/FineArt mit Holzaufhaenger;Hahnemuehle Photo Rag;FineArt-Inkjetdruck (Hahnemuehle);Querformat;~2:3;15x22;Holzleisten-Aufhaengung (oben/unten)
Poster/FineArt;Poster/FineArt mit Holzaufhaenger;Hahnemuehle Photo Rag;FineArt-Inkjetdruck (Hahnemuehle);Querformat;~2:3;20x30;Holzleisten-Aufhaengung (oben/unten)
Poster/FineArt;Poster/FineArt mit Holzaufhaenger;Hahnemuehle Photo Rag;FineArt-Inkjetdruck (Hahnemuehle);Querformat;~2:3;21x29,7 (A4);Holzleisten-Aufhaengung (oben/unten)
Poster/FineArt;Poster/FineArt mit Holzaufhaenger;Hahnemuehle Photo Rag;FineArt-Inkjetdruck (Hahnemuehle);Querformat;~2:3;21x30 (A4);Holzleisten-Aufhaengung (oben/unten)
Poster/FineArt;Poster/FineArt mit Holzaufhaenger;Hahnemuehle Photo Rag;FineArt-Inkjetdruck (Hahnemuehle);Querformat;~2:3;29,7x42 (A3);Holzleisten-Aufhaengung (oben/unten)
Poster/FineArt;Poster/FineArt mit Holzaufhaenger;Hahnemuehle Photo Rag;FineArt-Inkjetdruck (Hahnemuehle);Querformat;~2:3;30x45;Holzleisten-Aufhaengung (oben/unten)
Poster/FineArt;Poster/FineArt mit Holzaufhaenger;Hahnemuehle Photo Rag;FineArt-Inkjetdruck (Hahnemuehle);Querformat;~2:3;40x60;Holzleisten-Aufhaengung (oben/unten)
Poster/FineArt;Poster/FineArt mit Holzaufhaenger;Hahnemuehle Photo Rag;FineArt-Inkjetdruck (Hahnemuehle);Querformat;~2:3;42x59,4 (A2);Holzleisten-Aufhaengung (oben/unten)
Poster/FineArt;Poster/FineArt mit Holzaufhaenger;Hahnemuehle Photo Rag;FineArt-Inkjetdruck (Hahnemuehle);Querformat;~2:3;50x70;Holzleisten-Aufhaengung (oben/unten)
Poster/FineArt;Poster/FineArt mit Holzaufhaenger;Hahnemuehle Photo Rag;FineArt-Inkjetdruck (Hahnemuehle);Querformat;~2:3;50x75;Holzleisten-Aufhaengung (oben/unten)
Poster/FineArt;Poster/FineArt mit Holzaufhaenger;Hahnemuehle Photo Rag;FineArt-Inkjetdruck (Hahnemuehle);Querformat;~2:3;59,4x84,1 (A1);Holzleisten-Aufhaengung (oben/unten)
Poster/FineArt;Poster/FineArt mit Holzaufhaenger;Hahnemuehle Photo Rag;FineArt-Inkjetdruck (Hahnemuehle);Querformat;~2:3;60x90;Holzleisten-Aufhaengung (oben/unten)
Poster/FineArt;Poster/FineArt mit Holzaufhaenger;Hahnemuehle Photo Rag;FineArt-Inkjetdruck (Hahnemuehle);Querformat;~2:3;70x100;Holzleisten-Aufhaengung (oben/unten)
Poster/FineArt;Poster/FineArt mit Holzaufhaenger;Hahnemuehle Photo Rag;FineArt-Inkjetdruck (Hahnemuehle);Querformat;~2:3;70x105;Holzleisten-Aufhaengung (oben/unten)
Poster/FineArt;Poster/FineArt mit Holzaufhaenger;Hahnemuehle Photo Rag;FineArt-Inkjetdruck (Hahnemuehle);Querformat;~3:4;18x24;Holzleisten-Aufhaengung (oben/unten)
Poster/FineArt;Poster/FineArt mit Holzaufhaenger;Hahnemuehle Photo Rag;FineArt-Inkjetdruck (Hahnemuehle);Querformat;~3:4;30x40;Holzleisten-Aufhaengung (oben/unten)
Poster/FineArt;Poster/FineArt mit Holzaufhaenger;Hahnemuehle Photo Rag;FineArt-Inkjetdruck (Hahnemuehle);Querformat;~3:4;60x80;Holzleisten-Aufhaengung (oben/unten)
Poster/FineArt;Poster/FineArt mit Holzaufhaenger;Hahnemuehle Photo Rag;FineArt-Inkjetdruck (Hahnemuehle);Querformat;~3:4;75x100;Holzleisten-Aufhaengung (oben/unten)
Poster/FineArt;Poster/FineArt mit Holzaufhaenger;Hahnemuehle Photo Rag;FineArt-Inkjetdruck (Hahnemuehle);Querformat;~3:5;70x120;Holzleisten-Aufhaengung (oben/unten)
Poster/FineArt;Poster/FineArt mit Holzaufhaenger;Hahnemuehle Photo Rag;FineArt-Inkjetdruck (Hahnemuehle);Querformat;~4:5;10x13;Holzleisten-Aufhaengung (oben/unten)
Poster/FineArt;Poster/FineArt mit Holzaufhaenger;Hahnemuehle Photo Rag;FineArt-Inkjetdruck (Hahnemuehle);Querformat;~4:5;40x50;Holzleisten-Aufhaengung (oben/unten)
Poster/FineArt;Poster/FineArt mit Holzaufhaenger;Hahnemuehle Photo Rag;FineArt-Inkjetdruck (Hahnemuehle);Querformat;~4:5;70x90;Holzleisten-Aufhaengung (oben/unten)
Poster/FineArt;Poster/FineArt mit Holzaufhaenger;Hahnemuehle Photo Rag;FineArt-Inkjetdruck (Hahnemuehle);Querformat;~4:5;80x100;Holzleisten-Aufhaengung (oben/unten)
Poster/FineArt;Poster/FineArt mit Holzaufhaenger;Hahnemuehle Photo Rag;FineArt-Inkjetdruck (Hahnemuehle);Querformat;Quadratisch;15x15;Holzleisten-Aufhaengung (oben/unten)
Poster/FineArt;Poster/FineArt mit Holzaufhaenger;Hahnemuehle Photo Rag;FineArt-Inkjetdruck (Hahnemuehle);Querformat;Quadratisch;20x20;Holzleisten-Aufhaengung (oben/unten)
Poster/FineArt;Poster/FineArt mit Holzaufhaenger;Hahnemuehle Photo Rag;FineArt-Inkjetdruck (Hahnemuehle);Querformat;Quadratisch;21x21;Holzleisten-Aufhaengung (oben/unten)
Poster/FineArt;Poster/FineArt mit Holzaufhaenger;Hahnemuehle Photo Rag;FineArt-Inkjetdruck (Hahnemuehle);Querformat;Quadratisch;30x30;Holzleisten-Aufhaengung (oben/unten)
Poster/FineArt;Poster/FineArt mit Holzaufhaenger;Hahnemuehle Photo Rag;FineArt-Inkjetdruck (Hahnemuehle);Querformat;Quadratisch;40x40;Holzleisten-Aufhaengung (oben/unten)
Poster/FineArt;Poster/FineArt mit Holzaufhaenger;Hahnemuehle Photo Rag;FineArt-Inkjetdruck (Hahnemuehle);Querformat;Quadratisch;50x50;Holzleisten-Aufhaengung (oben/unten)
Poster/FineArt;Poster/FineArt mit Holzaufhaenger;Hahnemuehle Photo Rag;FineArt-Inkjetdruck (Hahnemuehle);Querformat;Quadratisch;60x60;Holzleisten-Aufhaengung (oben/unten)
Poster/FineArt;Poster/FineArt mit Holzaufhaenger;Hahnemuehle Photo Rag;FineArt-Inkjetdruck (Hahnemuehle);Querformat;Quadratisch;70x70;Holzleisten-Aufhaengung (oben/unten)
Poster/FineArt;Poster/FineArt mit Holzaufhaenger;Hahnemuehle Photo Rag;FineArt-Inkjetdruck (Hahnemuehle);Querformat;Panorama;10x18;Holzleisten-Aufhaengung (oben/unten)
Poster/FineArt;Poster/FineArt mit Holzaufhaenger;Hahnemuehle Photo Rag;FineArt-Inkjetdruck (Hahnemuehle);Querformat;Panorama;10x20;Holzleisten-Aufhaengung (oben/unten)
Poster/FineArt;Poster/FineArt mit Holzaufhaenger;Hahnemuehle Photo Rag;FineArt-Inkjetdruck (Hahnemuehle);Querformat;Panorama;20x40;Holzleisten-Aufhaengung (oben/unten)
Poster/FineArt;Poster/FineArt mit Holzaufhaenger;Hahnemuehle Photo Rag;FineArt-Inkjetdruck (Hahnemuehle);Querformat;Panorama;20x60;Holzleisten-Aufhaengung (oben/unten)
Poster/FineArt;Poster/FineArt mit Holzaufhaenger;Hahnemuehle Photo Rag;FineArt-Inkjetdruck (Hahnemuehle);Querformat;Panorama;30x60;Holzleisten-Aufhaengung (oben/unten)
Poster/FineArt;Poster/FineArt mit Holzaufhaenger;Hahnemuehle Photo Rag;FineArt-Inkjetdruck (Hahnemuehle);Querformat;Panorama;30x90;Holzleisten-Aufhaengung (oben/unten)
Poster/FineArt;Poster/FineArt mit Holzaufhaenger;Hahnemuehle Photo Rag;FineArt-Inkjetdruck (Hahnemuehle);Querformat;Panorama;40x80;Holzleisten-Aufhaengung (oben/unten)
Poster/FineArt;Poster/FineArt mit Holzaufhaenger;Hahnemuehle Photo Rag;FineArt-Inkjetdruck (Hahnemuehle);Querformat;Panorama;50x100;Holzleisten-Aufhaengung (oben/unten)
Poster/FineArt;Poster/FineArt mit Holzaufhaenger;Hahnemuehle Photo Rag;FineArt-Inkjetdruck (Hahnemuehle);Querformat;Panorama;60x120;Holzleisten-Aufhaengung (oben/unten)
Poster/FineArt;Poster/FineArt mit Holzaufhaenger;Hahnemuehle Photo Rag;FineArt-Inkjetdruck (Hahnemuehle);Querformat;Panorama;60x180;Holzleisten-Aufhaengung (oben/unten)
Poster/FineArt;Poster/FineArt mit Holzaufhaenger;Hahnemuehle Photo Rag;FineArt-Inkjetdruck (Hahnemuehle);Querformat;Panorama;70x180;Holzleisten-Aufhaengung (oben/unten)
Poster/FineArt;Poster/FineArt mit Holzaufhaenger;Fotopapier Silk;Fotografische Belichtung / Digitaldruck (Fujifilm);Hochformat;~2:3;10x15;Holzleisten-Aufhaengung (oben/unten)
Poster/FineArt;Poster/FineArt mit Holzaufhaenger;Fotopapier Silk;Fotografische Belichtung / Digitaldruck (Fujifilm);Hochformat;~2:3;10,5x14,8 (A6);Holzleisten-Aufhaengung (oben/unten)
Poster/FineArt;Poster/FineArt mit Holzaufhaenger;Fotopapier Silk;Fotografische Belichtung / Digitaldruck (Fujifilm);Hochformat;~2:3;13x18;Holzleisten-Aufhaengung (oben/unten)
Poster/FineArt;Poster/FineArt mit Holzaufhaenger;Fotopapier Silk;Fotografische Belichtung / Digitaldruck (Fujifilm);Hochformat;~2:3;13x19;Holzleisten-Aufhaengung (oben/unten)
Poster/FineArt;Poster/FineArt mit Holzaufhaenger;Fotopapier Silk;Fotografische Belichtung / Digitaldruck (Fujifilm);Hochformat;~2:3;14,8x21 (A5);Holzleisten-Aufhaengung (oben/unten)
Poster/FineArt;Poster/FineArt mit Holzaufhaenger;Fotopapier Silk;Fotografische Belichtung / Digitaldruck (Fujifilm);Hochformat;~2:3;15x21;Holzleisten-Aufhaengung (oben/unten)
Poster/FineArt;Poster/FineArt mit Holzaufhaenger;Fotopapier Silk;Fotografische Belichtung / Digitaldruck (Fujifilm);Hochformat;~2:3;15x22;Holzleisten-Aufhaengung (oben/unten)
Poster/FineArt;Poster/FineArt mit Holzaufhaenger;Fotopapier Silk;Fotografische Belichtung / Digitaldruck (Fujifilm);Hochformat;~2:3;20x30;Holzleisten-Aufhaengung (oben/unten)
Poster/FineArt;Poster/FineArt mit Holzaufhaenger;Fotopapier Silk;Fotografische Belichtung / Digitaldruck (Fujifilm);Hochformat;~2:3;21x29,7 (A4);Holzleisten-Aufhaengung (oben/unten)
Poster/FineArt;Poster/FineArt mit Holzaufhaenger;Fotopapier Silk;Fotografische Belichtung / Digitaldruck (Fujifilm);Hochformat;~2:3;21x30 (A4);Holzleisten-Aufhaengung (oben/unten)
Poster/FineArt;Poster/FineArt mit Holzaufhaenger;Fotopapier Silk;Fotografische Belichtung / Digitaldruck (Fujifilm);Hochformat;~2:3;29,7x42 (A3);Holzleisten-Aufhaengung (oben/unten)
Poster/FineArt;Poster/FineArt mit Holzaufhaenger;Fotopapier Silk;Fotografische Belichtung / Digitaldruck (Fujifilm);Hochformat;~2:3;30x45;Holzleisten-Aufhaengung (oben/unten)
Poster/FineArt;Poster/FineArt mit Holzaufhaenger;Fotopapier Silk;Fotografische Belichtung / Digitaldruck (Fujifilm);Hochformat;~2:3;40x60;Holzleisten-Aufhaengung (oben/unten)
Poster/FineArt;Poster/FineArt mit Holzaufhaenger;Fotopapier Silk;Fotografische Belichtung / Digitaldruck (Fujifilm);Hochformat;~2:3;42x59,4 (A2);Holzleisten-Aufhaengung (oben/unten)
Poster/FineArt;Poster/FineArt mit Holzaufhaenger;Fotopapier Silk;Fotografische Belichtung / Digitaldruck (Fujifilm);Hochformat;~2:3;50x70;Holzleisten-Aufhaengung (oben/unten)
Poster/FineArt;Poster/FineArt mit Holzaufhaenger;Fotopapier Silk;Fotografische Belichtung / Digitaldruck (Fujifilm);Hochformat;~2:3;50x75;Holzleisten-Aufhaengung (oben/unten)
Poster/FineArt;Poster/FineArt mit Holzaufhaenger;Fotopapier Silk;Fotografische Belichtung / Digitaldruck (Fujifilm);Hochformat;~2:3;59,4x84,1 (A1);Holzleisten-Aufhaengung (oben/unten)
Poster/FineArt;Poster/FineArt mit Holzaufhaenger;Fotopapier Silk;Fotografische Belichtung / Digitaldruck (Fujifilm);Hochformat;~2:3;60x90;Holzleisten-Aufhaengung (oben/unten)
Poster/FineArt;Poster/FineArt mit Holzaufhaenger;Fotopapier Silk;Fotografische Belichtung / Digitaldruck (Fujifilm);Hochformat;~2:3;70x100;Holzleisten-Aufhaengung (oben/unten)
Poster/FineArt;Poster/FineArt mit Holzaufhaenger;Fotopapier Silk;Fotografische Belichtung / Digitaldruck (Fujifilm);Hochformat;~2:3;70x105;Holzleisten-Aufhaengung (oben/unten)
Poster/FineArt;Poster/FineArt mit Holzaufhaenger;Fotopapier Silk;Fotografische Belichtung / Digitaldruck (Fujifilm);Hochformat;~3:4;18x24;Holzleisten-Aufhaengung (oben/unten)
Poster/FineArt;Poster/FineArt mit Holzaufhaenger;Fotopapier Silk;Fotografische Belichtung / Digitaldruck (Fujifilm);Hochformat;~3:4;30x40;Holzleisten-Aufhaengung (oben/unten)
Poster/FineArt;Poster/FineArt mit Holzaufhaenger;Fotopapier Silk;Fotografische Belichtung / Digitaldruck (Fujifilm);Hochformat;~3:4;60x80;Holzleisten-Aufhaengung (oben/unten)
Poster/FineArt;Poster/FineArt mit Holzaufhaenger;Fotopapier Silk;Fotografische Belichtung / Digitaldruck (Fujifilm);Hochformat;~3:4;75x100;Holzleisten-Aufhaengung (oben/unten)
Poster/FineArt;Poster/FineArt mit Holzaufhaenger;Fotopapier Silk;Fotografische Belichtung / Digitaldruck (Fujifilm);Hochformat;~3:5;70x120;Holzleisten-Aufhaengung (oben/unten)
Poster/FineArt;Poster/FineArt mit Holzaufhaenger;Fotopapier Silk;Fotografische Belichtung / Digitaldruck (Fujifilm);Hochformat;~4:5;10x13;Holzleisten-Aufhaengung (oben/unten)
Poster/FineArt;Poster/FineArt mit Holzaufhaenger;Fotopapier Silk;Fotografische Belichtung / Digitaldruck (Fujifilm);Hochformat;~4:5;40x50;Holzleisten-Aufhaengung (oben/unten)
Poster/FineArt;Poster/FineArt mit Holzaufhaenger;Fotopapier Silk;Fotografische Belichtung / Digitaldruck (Fujifilm);Hochformat;~4:5;70x90;Holzleisten-Aufhaengung (oben/unten)
Poster/FineArt;Poster/FineArt mit Holzaufhaenger;Fotopapier Silk;Fotografische Belichtung / Digitaldruck (Fujifilm);Hochformat;~4:5;80x100;Holzleisten-Aufhaengung (oben/unten)
Poster/FineArt;Poster/FineArt mit Holzaufhaenger;Fotopapier Silk;Fotografische Belichtung / Digitaldruck (Fujifilm);Hochformat;Quadratisch;15x15;Holzleisten-Aufhaengung (oben/unten)
Poster/FineArt;Poster/FineArt mit Holzaufhaenger;Fotopapier Silk;Fotografische Belichtung / Digitaldruck (Fujifilm);Hochformat;Quadratisch;20x20;Holzleisten-Aufhaengung (oben/unten)
Poster/FineArt;Poster/FineArt mit Holzaufhaenger;Fotopapier Silk;Fotografische Belichtung / Digitaldruck (Fujifilm);Hochformat;Quadratisch;21x21;Holzleisten-Aufhaengung (oben/unten)
Poster/FineArt;Poster/FineArt mit Holzaufhaenger;Fotopapier Silk;Fotografische Belichtung / Digitaldruck (Fujifilm);Hochformat;Quadratisch;30x30;Holzleisten-Aufhaengung (oben/unten)
Poster/FineArt;Poster/FineArt mit Holzaufhaenger;Fotopapier Silk;Fotografische Belichtung / Digitaldruck (Fujifilm);Hochformat;Quadratisch;40x40;Holzleisten-Aufhaengung (oben/unten)
Poster/FineArt;Poster/FineArt mit Holzaufhaenger;Fotopapier Silk;Fotografische Belichtung / Digitaldruck (Fujifilm);Hochformat;Quadratisch;50x50;Holzleisten-Aufhaengung (oben/unten)
Poster/FineArt;Poster/FineArt mit Holzaufhaenger;Fotopapier Silk;Fotografische Belichtung / Digitaldruck (Fujifilm);Hochformat;Quadratisch;60x60;Holzleisten-Aufhaengung (oben/unten)
Poster/FineArt;Poster/FineArt mit Holzaufhaenger;Fotopapier Silk;Fotografische Belichtung / Digitaldruck (Fujifilm);Hochformat;Quadratisch;70x70;Holzleisten-Aufhaengung (oben/unten)
Poster/FineArt;Poster/FineArt mit Holzaufhaenger;Fotopapier Silk;Fotografische Belichtung / Digitaldruck (Fujifilm);Hochformat;Panorama;10x18;Holzleisten-Aufhaengung (oben/unten)
Poster/FineArt;Poster/FineArt mit Holzaufhaenger;Fotopapier Silk;Fotografische Belichtung / Digitaldruck (Fujifilm);Hochformat;Panorama;10x20;Holzleisten-Aufhaengung (oben/unten)
Poster/FineArt;Poster/FineArt mit Holzaufhaenger;Fotopapier Silk;Fotografische Belichtung / Digitaldruck (Fujifilm);Hochformat;Panorama;20x40;Holzleisten-Aufhaengung (oben/unten)
Poster/FineArt;Poster/FineArt mit Holzaufhaenger;Fotopapier Silk;Fotografische Belichtung / Digitaldruck (Fujifilm);Hochformat;Panorama;20x60;Holzleisten-Aufhaengung (oben/unten)
Poster/FineArt;Poster/FineArt mit Holzaufhaenger;Fotopapier Silk;Fotografische Belichtung / Digitaldruck (Fujifilm);Hochformat;Panorama;30x60;Holzleisten-Aufhaengung (oben/unten)
Poster/FineArt;Poster/FineArt mit Holzaufhaenger;Fotopapier Silk;Fotografische Belichtung / Digitaldruck (Fujifilm);Hochformat;Panorama;30x90;Holzleisten-Aufhaengung (oben/unten)
Poster/FineArt;Poster/FineArt mit Holzaufhaenger;Fotopapier Silk;Fotografische Belichtung / Digitaldruck (Fujifilm);Hochformat;Panorama;40x80;Holzleisten-Aufhaengung (oben/unten)
Poster/FineArt;Poster/FineArt mit Holzaufhaenger;Fotopapier Silk;Fotografische Belichtung / Digitaldruck (Fujifilm);Hochformat;Panorama;50x100;Holzleisten-Aufhaengung (oben/unten)
Poster/FineArt;Poster/FineArt mit Holzaufhaenger;Fotopapier Silk;Fotografische Belichtung / Digitaldruck (Fujifilm);Hochformat;Panorama;60x120;Holzleisten-Aufhaengung (oben/unten)
Poster/FineArt;Poster/FineArt mit Holzaufhaenger;Fotopapier Silk;Fotografische Belichtung / Digitaldruck (Fujifilm);Hochformat;Panorama;60x180;Holzleisten-Aufhaengung (oben/unten)
Poster/FineArt;Poster/FineArt mit Holzaufhaenger;Fotopapier Silk;Fotografische Belichtung / Digitaldruck (Fujifilm);Hochformat;Panorama;70x180;Holzleisten-Aufhaengung (oben/unten)
Poster/FineArt;Poster/FineArt mit Holzaufhaenger;Fotopapier Silk;Fotografische Belichtung / Digitaldruck (Fujifilm);Querformat;~2:3;10x15;Holzleisten-Aufhaengung (oben/unten)
Poster/FineArt;Poster/FineArt mit Holzaufhaenger;Fotopapier Silk;Fotografische Belichtung / Digitaldruck (Fujifilm);Querformat;~2:3;10,5x14,8 (A6);Holzleisten-Aufhaengung (oben/unten)
Poster/FineArt;Poster/FineArt mit Holzaufhaenger;Fotopapier Silk;Fotografische Belichtung / Digitaldruck (Fujifilm);Querformat;~2:3;13x18;Holzleisten-Aufhaengung (oben/unten)
Poster/FineArt;Poster/FineArt mit Holzaufhaenger;Fotopapier Silk;Fotografische Belichtung / Digitaldruck (Fujifilm);Querformat;~2:3;13x19;Holzleisten-Aufhaengung (oben/unten)
Poster/FineArt;Poster/FineArt mit Holzaufhaenger;Fotopapier Silk;Fotografische Belichtung / Digitaldruck (Fujifilm);Querformat;~2:3;14,8x21 (A5);Holzleisten-Aufhaengung (oben/unten)
Poster/FineArt;Poster/FineArt mit Holzaufhaenger;Fotopapier Silk;Fotografische Belichtung / Digitaldruck (Fujifilm);Querformat;~2:3;15x21;Holzleisten-Aufhaengung (oben/unten)
Poster/FineArt;Poster/FineArt mit Holzaufhaenger;Fotopapier Silk;Fotografische Belichtung / Digitaldruck (Fujifilm);Querformat;~2:3;15x22;Holzleisten-Aufhaengung (oben/unten)
Poster/FineArt;Poster/FineArt mit Holzaufhaenger;Fotopapier Silk;Fotografische Belichtung / Digitaldruck (Fujifilm);Querformat;~2:3;20x30;Holzleisten-Aufhaengung (oben/unten)
Poster/FineArt;Poster/FineArt mit Holzaufhaenger;Fotopapier Silk;Fotografische Belichtung / Digitaldruck (Fujifilm);Querformat;~2:3;21x29,7 (A4);Holzleisten-Aufhaengung (oben/unten)
Poster/FineArt;Poster/FineArt mit Holzaufhaenger;Fotopapier Silk;Fotografische Belichtung / Digitaldruck (Fujifilm);Querformat;~2:3;21x30 (A4);Holzleisten-Aufhaengung (oben/unten)
Poster/FineArt;Poster/FineArt mit Holzaufhaenger;Fotopapier Silk;Fotografische Belichtung / Digitaldruck (Fujifilm);Querformat;~2:3;29,7x42 (A3);Holzleisten-Aufhaengung (oben/unten)
Poster/FineArt;Poster/FineArt mit Holzaufhaenger;Fotopapier Silk;Fotografische Belichtung / Digitaldruck (Fujifilm);Querformat;~2:3;30x45;Holzleisten-Aufhaengung (oben/unten)
Poster/FineArt;Poster/FineArt mit Holzaufhaenger;Fotopapier Silk;Fotografische Belichtung / Digitaldruck (Fujifilm);Querformat;~2:3;40x60;Holzleisten-Aufhaengung (oben/unten)
Poster/FineArt;Poster/FineArt mit Holzaufhaenger;Fotopapier Silk;Fotografische Belichtung / Digitaldruck (Fujifilm);Querformat;~2:3;42x59,4 (A2);Holzleisten-Aufhaengung (oben/unten)
Poster/FineArt;Poster/FineArt mit Holzaufhaenger;Fotopapier Silk;Fotografische Belichtung / Digitaldruck (Fujifilm);Querformat;~2:3;50x70;Holzleisten-Aufhaengung (oben/unten)
Poster/FineArt;Poster/FineArt mit Holzaufhaenger;Fotopapier Silk;Fotografische Belichtung / Digitaldruck (Fujifilm);Querformat;~2:3;50x75;Holzleisten-Aufhaengung (oben/unten)
Poster/FineArt;Poster/FineArt mit Holzaufhaenger;Fotopapier Silk;Fotografische Belichtung / Digitaldruck (Fujifilm);Querformat;~2:3;59,4x84,1 (A1);Holzleisten-Aufhaengung (oben/unten)
Poster/FineArt;Poster/FineArt mit Holzaufhaenger;Fotopapier Silk;Fotografische Belichtung / Digitaldruck (Fujifilm);Querformat;~2:3;60x90;Holzleisten-Aufhaengung (oben/unten)
Poster/FineArt;Poster/FineArt mit Holzaufhaenger;Fotopapier Silk;Fotografische Belichtung / Digitaldruck (Fujifilm);Querformat;~2:3;70x100;Holzleisten-Aufhaengung (oben/unten)
Poster/FineArt;Poster/FineArt mit Holzaufhaenger;Fotopapier Silk;Fotografische Belichtung / Digitaldruck (Fujifilm);Querformat;~2:3;70x105;Holzleisten-Aufhaengung (oben/unten)
Poster/FineArt;Poster/FineArt mit Holzaufhaenger;Fotopapier Silk;Fotografische Belichtung / Digitaldruck (Fujifilm);Querformat;~3:4;18x24;Holzleisten-Aufhaengung (oben/unten)
Poster/FineArt;Poster/FineArt mit Holzaufhaenger;Fotopapier Silk;Fotografische Belichtung / Digitaldruck (Fujifilm);Querformat;~3:4;30x40;Holzleisten-Aufhaengung (oben/unten)
Poster/FineArt;Poster/FineArt mit Holzaufhaenger;Fotopapier Silk;Fotografische Belichtung / Digitaldruck (Fujifilm);Querformat;~3:4;60x80;Holzleisten-Aufhaengung (oben/unten)
Poster/FineArt;Poster/FineArt mit Holzaufhaenger;Fotopapier Silk;Fotografische Belichtung / Digitaldruck (Fujifilm);Querformat;~3:4;75x100;Holzleisten-Aufhaengung (oben/unten)
Poster/FineArt;Poster/FineArt mit Holzaufhaenger;Fotopapier Silk;Fotografische Belichtung / Digitaldruck (Fujifilm);Querformat;~3:5;70x120;Holzleisten-Aufhaengung (oben/unten)
Poster/FineArt;Poster/FineArt mit Holzaufhaenger;Fotopapier Silk;Fotografische Belichtung / Digitaldruck (Fujifilm);Querformat;~4:5;10x13;Holzleisten-Aufhaengung (oben/unten)
Poster/FineArt;Poster/FineArt mit Holzaufhaenger;Fotopapier Silk;Fotografische Belichtung / Digitaldruck (Fujifilm);Querformat;~4:5;40x50;Holzleisten-Aufhaengung (oben/unten)
Poster/FineArt;Poster/FineArt mit Holzaufhaenger;Fotopapier Silk;Fotografische Belichtung / Digitaldruck (Fujifilm);Querformat;~4:5;70x90;Holzleisten-Aufhaengung (oben/unten)
Poster/FineArt;Poster/FineArt mit Holzaufhaenger;Fotopapier Silk;Fotografische Belichtung / Digitaldruck (Fujifilm);Querformat;~4:5;80x100;Holzleisten-Aufhaengung (oben/unten)
Poster/FineArt;Poster/FineArt mit Holzaufhaenger;Fotopapier Silk;Fotografische Belichtung / Digitaldruck (Fujifilm);Querformat;Quadratisch;15x15;Holzleisten-Aufhaengung (oben/unten)
Poster/FineArt;Poster/FineArt mit Holzaufhaenger;Fotopapier Silk;Fotografische Belichtung / Digitaldruck (Fujifilm);Querformat;Quadratisch;20x20;Holzleisten-Aufhaengung (oben/unten)
Poster/FineArt;Poster/FineArt mit Holzaufhaenger;Fotopapier Silk;Fotografische Belichtung / Digitaldruck (Fujifilm);Querformat;Quadratisch;21x21;Holzleisten-Aufhaengung (oben/unten)
Poster/FineArt;Poster/FineArt mit Holzaufhaenger;Fotopapier Silk;Fotografische Belichtung / Digitaldruck (Fujifilm);Querformat;Quadratisch;30x30;Holzleisten-Aufhaengung (oben/unten)
Poster/FineArt;Poster/FineArt mit Holzaufhaenger;Fotopapier Silk;Fotografische Belichtung / Digitaldruck (Fujifilm);Querformat;Quadratisch;40x40;Holzleisten-Aufhaengung (oben/unten)
Poster/FineArt;Poster/FineArt mit Holzaufhaenger;Fotopapier Silk;Fotografische Belichtung / Digitaldruck (Fujifilm);Querformat;Quadratisch;50x50;Holzleisten-Aufhaengung (oben/unten)
Poster/FineArt;Poster/FineArt mit Holzaufhaenger;Fotopapier Silk;Fotografische Belichtung / Digitaldruck (Fujifilm);Querformat;Quadratisch;60x60;Holzleisten-Aufhaengung (oben/unten)
Poster/FineArt;Poster/FineArt mit Holzaufhaenger;Fotopapier Silk;Fotografische Belichtung / Digitaldruck (Fujifilm);Querformat;Quadratisch;70x70;Holzleisten-Aufhaengung (oben/unten)
Poster/FineArt;Poster/FineArt mit Holzaufhaenger;Fotopapier Silk;Fotografische Belichtung / Digitaldruck (Fujifilm);Querformat;Panorama;10x18;Holzleisten-Aufhaengung (oben/unten)
Poster/FineArt;Poster/FineArt mit Holzaufhaenger;Fotopapier Silk;Fotografische Belichtung / Digitaldruck (Fujifilm);Querformat;Panorama;10x20;Holzleisten-Aufhaengung (oben/unten)
Poster/FineArt;Poster/FineArt mit Holzaufhaenger;Fotopapier Silk;Fotografische Belichtung / Digitaldruck (Fujifilm);Querformat;Panorama;20x40;Holzleisten-Aufhaengung (oben/unten)
Poster/FineArt;Poster/FineArt mit Holzaufhaenger;Fotopapier Silk;Fotografische Belichtung / Digitaldruck (Fujifilm);Querformat;Panorama;20x60;Holzleisten-Aufhaengung (oben/unten)
Poster/FineArt;Poster/FineArt mit Holzaufhaenger;Fotopapier Silk;Fotografische Belichtung / Digitaldruck (Fujifilm);Querformat;Panorama;30x60;Holzleisten-Aufhaengung (oben/unten)
Poster/FineArt;Poster/FineArt mit Holzaufhaenger;Fotopapier Silk;Fotografische Belichtung / Digitaldruck (Fujifilm);Querformat;Panorama;30x90;Holzleisten-Aufhaengung (oben/unten)
Poster/FineArt;Poster/FineArt mit Holzaufhaenger;Fotopapier Silk;Fotografische Belichtung / Digitaldruck (Fujifilm);Querformat;Panorama;40x80;Holzleisten-Aufhaengung (oben/unten)
Poster/FineArt;Poster/FineArt mit Holzaufhaenger;Fotopapier Silk;Fotografische Belichtung / Digitaldruck (Fujifilm);Querformat;Panorama;50x100;Holzleisten-Aufhaengung (oben/unten)
Poster/FineArt;Poster/FineArt mit Holzaufhaenger;Fotopapier Silk;Fotografische Belichtung / Digitaldruck (Fujifilm);Querformat;Panorama;60x120;Holzleisten-Aufhaengung (oben/unten)
Poster/FineArt;Poster/FineArt mit Holzaufhaenger;Fotopapier Silk;Fotografische Belichtung / Digitaldruck (Fujifilm);Querformat;Panorama;60x180;Holzleisten-Aufhaengung (oben/unten)
Poster/FineArt;Poster/FineArt mit Holzaufhaenger;Fotopapier Silk;Fotografische Belichtung / Digitaldruck (Fujifilm);Querformat;Panorama;70x180;Holzleisten-Aufhaengung (oben/unten)
Poster/FineArt;Poster/FineArt mit Holzaufhaenger;Fotopapier glaenzend;Fotografische Belichtung / Digitaldruck (Fujifilm);Hochformat;~2:3;10x15;Holzleisten-Aufhaengung (oben/unten)
Poster/FineArt;Poster/FineArt mit Holzaufhaenger;Fotopapier glaenzend;Fotografische Belichtung / Digitaldruck (Fujifilm);Hochformat;~2:3;10,5x14,8 (A6);Holzleisten-Aufhaengung (oben/unten)
Poster/FineArt;Poster/FineArt mit Holzaufhaenger;Fotopapier glaenzend;Fotografische Belichtung / Digitaldruck (Fujifilm);Hochformat;~2:3;13x18;Holzleisten-Aufhaengung (oben/unten)
Poster/FineArt;Poster/FineArt mit Holzaufhaenger;Fotopapier glaenzend;Fotografische Belichtung / Digitaldruck (Fujifilm);Hochformat;~2:3;13x19;Holzleisten-Aufhaengung (oben/unten)
Poster/FineArt;Poster/FineArt mit Holzaufhaenger;Fotopapier glaenzend;Fotografische Belichtung / Digitaldruck (Fujifilm);Hochformat;~2:3;14,8x21 (A5);Holzleisten-Aufhaengung (oben/unten)
Poster/FineArt;Poster/FineArt mit Holzaufhaenger;Fotopapier glaenzend;Fotografische Belichtung / Digitaldruck (Fujifilm);Hochformat;~2:3;15x21;Holzleisten-Aufhaengung (oben/unten)
Poster/FineArt;Poster/FineArt mit Holzaufhaenger;Fotopapier glaenzend;Fotografische Belichtung / Digitaldruck (Fujifilm);Hochformat;~2:3;15x22;Holzleisten-Aufhaengung (oben/unten)
Poster/FineArt;Poster/FineArt mit Holzaufhaenger;Fotopapier glaenzend;Fotografische Belichtung / Digitaldruck (Fujifilm);Hochformat;~2:3;20x30;Holzleisten-Aufhaengung (oben/unten)
Poster/FineArt;Poster/FineArt mit Holzaufhaenger;Fotopapier glaenzend;Fotografische Belichtung / Digitaldruck (Fujifilm);Hochformat;~2:3;21x29,7 (A4);Holzleisten-Aufhaengung (oben/unten)
Poster/FineArt;Poster/FineArt mit Holzaufhaenger;Fotopapier glaenzend;Fotografische Belichtung / Digitaldruck (Fujifilm);Hochformat;~2:3;21x30 (A4);Holzleisten-Aufhaengung (oben/unten)
Poster/FineArt;Poster/FineArt mit Holzaufhaenger;Fotopapier glaenzend;Fotografische Belichtung / Digitaldruck (Fujifilm);Hochformat;~2:3;29,7x42 (A3);Holzleisten-Aufhaengung (oben/unten)
Poster/FineArt;Poster/FineArt mit Holzaufhaenger;Fotopapier glaenzend;Fotografische Belichtung / Digitaldruck (Fujifilm);Hochformat;~2:3;30x45;Holzleisten-Aufhaengung (oben/unten)
Poster/FineArt;Poster/FineArt mit Holzaufhaenger;Fotopapier glaenzend;Fotografische Belichtung / Digitaldruck (Fujifilm);Hochformat;~2:3;40x60;Holzleisten-Aufhaengung (oben/unten)
Poster/FineArt;Poster/FineArt mit Holzaufhaenger;Fotopapier glaenzend;Fotografische Belichtung / Digitaldruck (Fujifilm);Hochformat;~2:3;42x59,4 (A2);Holzleisten-Aufhaengung (oben/unten)
Poster/FineArt;Poster/FineArt mit Holzaufhaenger;Fotopapier glaenzend;Fotografische Belichtung / Digitaldruck (Fujifilm);Hochformat;~2:3;50x70;Holzleisten-Aufhaengung (oben/unten)
Poster/FineArt;Poster/FineArt mit Holzaufhaenger;Fotopapier glaenzend;Fotografische Belichtung / Digitaldruck (Fujifilm);Hochformat;~2:3;50x75;Holzleisten-Aufhaengung (oben/unten)
Poster/FineArt;Poster/FineArt mit Holzaufhaenger;Fotopapier glaenzend;Fotografische Belichtung / Digitaldruck (Fujifilm);Hochformat;~2:3;59,4x84,1 (A1);Holzleisten-Aufhaengung (oben/unten)
Poster/FineArt;Poster/FineArt mit Holzaufhaenger;Fotopapier glaenzend;Fotografische Belichtung / Digitaldruck (Fujifilm);Hochformat;~2:3;60x90;Holzleisten-Aufhaengung (oben/unten)
Poster/FineArt;Poster/FineArt mit Holzaufhaenger;Fotopapier glaenzend;Fotografische Belichtung / Digitaldruck (Fujifilm);Hochformat;~2:3;70x100;Holzleisten-Aufhaengung (oben/unten)
Poster/FineArt;Poster/FineArt mit Holzaufhaenger;Fotopapier glaenzend;Fotografische Belichtung / Digitaldruck (Fujifilm);Hochformat;~2:3;70x105;Holzleisten-Aufhaengung (oben/unten)
Poster/FineArt;Poster/FineArt mit Holzaufhaenger;Fotopapier glaenzend;Fotografische Belichtung / Digitaldruck (Fujifilm);Hochformat;~3:4;18x24;Holzleisten-Aufhaengung (oben/unten)
Poster/FineArt;Poster/FineArt mit Holzaufhaenger;Fotopapier glaenzend;Fotografische Belichtung / Digitaldruck (Fujifilm);Hochformat;~3:4;30x40;Holzleisten-Aufhaengung (oben/unten)
Poster/FineArt;Poster/FineArt mit Holzaufhaenger;Fotopapier glaenzend;Fotografische Belichtung / Digitaldruck (Fujifilm);Hochformat;~3:4;60x80;Holzleisten-Aufhaengung (oben/unten)
Poster/FineArt;Poster/FineArt mit Holzaufhaenger;Fotopapier glaenzend;Fotografische Belichtung / Digitaldruck (Fujifilm);Hochformat;~3:4;75x100;Holzleisten-Aufhaengung (oben/unten)
Poster/FineArt;Poster/FineArt mit Holzaufhaenger;Fotopapier glaenzend;Fotografische Belichtung / Digitaldruck (Fujifilm);Hochformat;~3:5;70x120;Holzleisten-Aufhaengung (oben/unten)
Poster/FineArt;Poster/FineArt mit Holzaufhaenger;Fotopapier glaenzend;Fotografische Belichtung / Digitaldruck (Fujifilm);Hochformat;~4:5;10x13;Holzleisten-Aufhaengung (oben/unten)
Poster/FineArt;Poster/FineArt mit Holzaufhaenger;Fotopapier glaenzend;Fotografische Belichtung / Digitaldruck (Fujifilm);Hochformat;~4:5;40x50;Holzleisten-Aufhaengung (oben/unten)
Poster/FineArt;Poster/FineArt mit Holzaufhaenger;Fotopapier glaenzend;Fotografische Belichtung / Digitaldruck (Fujifilm);Hochformat;~4:5;70x90;Holzleisten-Aufhaengung (oben/unten)
Poster/FineArt;Poster/FineArt mit Holzaufhaenger;Fotopapier glaenzend;Fotografische Belichtung / Digitaldruck (Fujifilm);Hochformat;~4:5;80x100;Holzleisten-Aufhaengung (oben/unten)
Poster/FineArt;Poster/FineArt mit Holzaufhaenger;Fotopapier glaenzend;Fotografische Belichtung / Digitaldruck (Fujifilm);Hochformat;Quadratisch;15x15;Holzleisten-Aufhaengung (oben/unten)
Poster/FineArt;Poster/FineArt mit Holzaufhaenger;Fotopapier glaenzend;Fotografische Belichtung / Digitaldruck (Fujifilm);Hochformat;Quadratisch;20x20;Holzleisten-Aufhaengung (oben/unten)
Poster/FineArt;Poster/FineArt mit Holzaufhaenger;Fotopapier glaenzend;Fotografische Belichtung / Digitaldruck (Fujifilm);Hochformat;Quadratisch;21x21;Holzleisten-Aufhaengung (oben/unten)
Poster/FineArt;Poster/FineArt mit Holzaufhaenger;Fotopapier glaenzend;Fotografische Belichtung / Digitaldruck (Fujifilm);Hochformat;Quadratisch;30x30;Holzleisten-Aufhaengung (oben/unten)
Poster/FineArt;Poster/FineArt mit Holzaufhaenger;Fotopapier glaenzend;Fotografische Belichtung / Digitaldruck (Fujifilm);Hochformat;Quadratisch;40x40;Holzleisten-Aufhaengung (oben/unten)
Poster/FineArt;Poster/FineArt mit Holzaufhaenger;Fotopapier glaenzend;Fotografische Belichtung / Digitaldruck (Fujifilm);Hochformat;Quadratisch;50x50;Holzleisten-Aufhaengung (oben/unten)
Poster/FineArt;Poster/FineArt mit Holzaufhaenger;Fotopapier glaenzend;Fotografische Belichtung / Digitaldruck (Fujifilm);Hochformat;Quadratisch;60x60;Holzleisten-Aufhaengung (oben/unten)
Poster/FineArt;Poster/FineArt mit Holzaufhaenger;Fotopapier glaenzend;Fotografische Belichtung / Digitaldruck (Fujifilm);Hochformat;Quadratisch;70x70;Holzleisten-Aufhaengung (oben/unten)
Poster/FineArt;Poster/FineArt mit Holzaufhaenger;Fotopapier glaenzend;Fotografische Belichtung / Digitaldruck (Fujifilm);Hochformat;Panorama;10x18;Holzleisten-Aufhaengung (oben/unten)
Poster/FineArt;Poster/FineArt mit Holzaufhaenger;Fotopapier glaenzend;Fotografische Belichtung / Digitaldruck (Fujifilm);Hochformat;Panorama;10x20;Holzleisten-Aufhaengung (oben/unten)
Poster/FineArt;Poster/FineArt mit Holzaufhaenger;Fotopapier glaenzend;Fotografische Belichtung / Digitaldruck (Fujifilm);Hochformat;Panorama;20x40;Holzleisten-Aufhaengung (oben/unten)
Poster/FineArt;Poster/FineArt mit Holzaufhaenger;Fotopapier glaenzend;Fotografische Belichtung / Digitaldruck (Fujifilm);Hochformat;Panorama;20x60;Holzleisten-Aufhaengung (oben/unten)
Poster/FineArt;Poster/FineArt mit Holzaufhaenger;Fotopapier glaenzend;Fotografische Belichtung / Digitaldruck (Fujifilm);Hochformat;Panorama;30x60;Holzleisten-Aufhaengung (oben/unten)
Poster/FineArt;Poster/FineArt mit Holzaufhaenger;Fotopapier glaenzend;Fotografische Belichtung / Digitaldruck (Fujifilm);Hochformat;Panorama;30x90;Holzleisten-Aufhaengung (oben/unten)
Poster/FineArt;Poster/FineArt mit Holzaufhaenger;Fotopapier glaenzend;Fotografische Belichtung / Digitaldruck (Fujifilm);Hochformat;Panorama;40x80;Holzleisten-Aufhaengung (oben/unten)
Poster/FineArt;Poster/FineArt mit Holzaufhaenger;Fotopapier glaenzend;Fotografische Belichtung / Digitaldruck (Fujifilm);Hochformat;Panorama;50x100;Holzleisten-Aufhaengung (oben/unten)
Poster/FineArt;Poster/FineArt mit Holzaufhaenger;Fotopapier glaenzend;Fotografische Belichtung / Digitaldruck (Fujifilm);Hochformat;Panorama;60x120;Holzleisten-Aufhaengung (oben/unten)
Poster/FineArt;Poster/FineArt mit Holzaufhaenger;Fotopapier glaenzend;Fotografische Belichtung / Digitaldruck (Fujifilm);Hochformat;Panorama;60x180;Holzleisten-Aufhaengung (oben/unten)
Poster/FineArt;Poster/FineArt mit Holzaufhaenger;Fotopapier glaenzend;Fotografische Belichtung / Digitaldruck (Fujifilm);Hochformat;Panorama;70x180;Holzleisten-Aufhaengung (oben/unten)
Poster/FineArt;Poster/FineArt mit Holzaufhaenger;Fotopapier glaenzend;Fotografische Belichtung / Digitaldruck (Fujifilm);Querformat;~2:3;10x15;Holzleisten-Aufhaengung (oben/unten)
Poster/FineArt;Poster/FineArt mit Holzaufhaenger;Fotopapier glaenzend;Fotografische Belichtung / Digitaldruck (Fujifilm);Querformat;~2:3;10,5x14,8 (A6);Holzleisten-Aufhaengung (oben/unten)
Poster/FineArt;Poster/FineArt mit Holzaufhaenger;Fotopapier glaenzend;Fotografische Belichtung / Digitaldruck (Fujifilm);Querformat;~2:3;13x18;Holzleisten-Aufhaengung (oben/unten)
Poster/FineArt;Poster/FineArt mit Holzaufhaenger;Fotopapier glaenzend;Fotografische Belichtung / Digitaldruck (Fujifilm);Querformat;~2:3;13x19;Holzleisten-Aufhaengung (oben/unten)
Poster/FineArt;Poster/FineArt mit Holzaufhaenger;Fotopapier glaenzend;Fotografische Belichtung / Digitaldruck (Fujifilm);Querformat;~2:3;14,8x21 (A5);Holzleisten-Aufhaengung (oben/unten)
Poster/FineArt;Poster/FineArt mit Holzaufhaenger;Fotopapier glaenzend;Fotografische Belichtung / Digitaldruck (Fujifilm);Querformat;~2:3;15x21;Holzleisten-Aufhaengung (oben/unten)
Poster/FineArt;Poster/FineArt mit Holzaufhaenger;Fotopapier glaenzend;Fotografische Belichtung / Digitaldruck (Fujifilm);Querformat;~2:3;15x22;Holzleisten-Aufhaengung (oben/unten)
Poster/FineArt;Poster/FineArt mit Holzaufhaenger;Fotopapier glaenzend;Fotografische Belichtung / Digitaldruck (Fujifilm);Querformat;~2:3;20x30;Holzleisten-Aufhaengung (oben/unten)
Poster/FineArt;Poster/FineArt mit Holzaufhaenger;Fotopapier glaenzend;Fotografische Belichtung / Digitaldruck (Fujifilm);Querformat;~2:3;21x29,7 (A4);Holzleisten-Aufhaengung (oben/unten)
Poster/FineArt;Poster/FineArt mit Holzaufhaenger;Fotopapier glaenzend;Fotografische Belichtung / Digitaldruck (Fujifilm);Querformat;~2:3;21x30 (A4);Holzleisten-Aufhaengung (oben/unten)
Poster/FineArt;Poster/FineArt mit Holzaufhaenger;Fotopapier glaenzend;Fotografische Belichtung / Digitaldruck (Fujifilm);Querformat;~2:3;29,7x42 (A3);Holzleisten-Aufhaengung (oben/unten)
Poster/FineArt;Poster/FineArt mit Holzaufhaenger;Fotopapier glaenzend;Fotografische Belichtung / Digitaldruck (Fujifilm);Querformat;~2:3;30x45;Holzleisten-Aufhaengung (oben/unten)
Poster/FineArt;Poster/FineArt mit Holzaufhaenger;Fotopapier glaenzend;Fotografische Belichtung / Digitaldruck (Fujifilm);Querformat;~2:3;40x60;Holzleisten-Aufhaengung (oben/unten)
Poster/FineArt;Poster/FineArt mit Holzaufhaenger;Fotopapier glaenzend;Fotografische Belichtung / Digitaldruck (Fujifilm);Querformat;~2:3;42x59,4 (A2);Holzleisten-Aufhaengung (oben/unten)
Poster/FineArt;Poster/FineArt mit Holzaufhaenger;Fotopapier glaenzend;Fotografische Belichtung / Digitaldruck (Fujifilm);Querformat;~2:3;50x70;Holzleisten-Aufhaengung (oben/unten)
Poster/FineArt;Poster/FineArt mit Holzaufhaenger;Fotopapier glaenzend;Fotografische Belichtung / Digitaldruck (Fujifilm);Querformat;~2:3;50x75;Holzleisten-Aufhaengung (oben/unten)
Poster/FineArt;Poster/FineArt mit Holzaufhaenger;Fotopapier glaenzend;Fotografische Belichtung / Digitaldruck (Fujifilm);Querformat;~2:3;59,4x84,1 (A1);Holzleisten-Aufhaengung (oben/unten)
Poster/FineArt;Poster/FineArt mit Holzaufhaenger;Fotopapier glaenzend;Fotografische Belichtung / Digitaldruck (Fujifilm);Querformat;~2:3;60x90;Holzleisten-Aufhaengung (oben/unten)
Poster/FineArt;Poster/FineArt mit Holzaufhaenger;Fotopapier glaenzend;Fotografische Belichtung / Digitaldruck (Fujifilm);Querformat;~2:3;70x100;Holzleisten-Aufhaengung (oben/unten)
Poster/FineArt;Poster/FineArt mit Holzaufhaenger;Fotopapier glaenzend;Fotografische Belichtung / Digitaldruck (Fujifilm);Querformat;~2:3;70x105;Holzleisten-Aufhaengung (oben/unten)
Poster/FineArt;Poster/FineArt mit Holzaufhaenger;Fotopapier glaenzend;Fotografische Belichtung / Digitaldruck (Fujifilm);Querformat;~3:4;18x24;Holzleisten-Aufhaengung (oben/unten)
Poster/FineArt;Poster/FineArt mit Holzaufhaenger;Fotopapier glaenzend;Fotografische Belichtung / Digitaldruck (Fujifilm);Querformat;~3:4;30x40;Holzleisten-Aufhaengung (oben/unten)
Poster/FineArt;Poster/FineArt mit Holzaufhaenger;Fotopapier glaenzend;Fotografische Belichtung / Digitaldruck (Fujifilm);Querformat;~3:4;60x80;Holzleisten-Aufhaengung (oben/unten)
Poster/FineArt;Poster/FineArt mit Holzaufhaenger;Fotopapier glaenzend;Fotografische Belichtung / Digitaldruck (Fujifilm);Querformat;~3:4;75x100;Holzleisten-Aufhaengung (oben/unten)
Poster/FineArt;Poster/FineArt mit Holzaufhaenger;Fotopapier glaenzend;Fotografische Belichtung / Digitaldruck (Fujifilm);Querformat;~3:5;70x120;Holzleisten-Aufhaengung (oben/unten)
Poster/FineArt;Poster/FineArt mit Holzaufhaenger;Fotopapier glaenzend;Fotografische Belichtung / Digitaldruck (Fujifilm);Querformat;~4:5;10x13;Holzleisten-Aufhaengung (oben/unten)
Poster/FineArt;Poster/FineArt mit Holzaufhaenger;Fotopapier glaenzend;Fotografische Belichtung / Digitaldruck (Fujifilm);Querformat;~4:5;40x50;Holzleisten-Aufhaengung (oben/unten)
Poster/FineArt;Poster/FineArt mit Holzaufhaenger;Fotopapier glaenzend;Fotografische Belichtung / Digitaldruck (Fujifilm);Querformat;~4:5;70x90;Holzleisten-Aufhaengung (oben/unten)
Poster/FineArt;Poster/FineArt mit Holzaufhaenger;Fotopapier glaenzend;Fotografische Belichtung / Digitaldruck (Fujifilm);Querformat;~4:5;80x100;Holzleisten-Aufhaengung (oben/unten)
Poster/FineArt;Poster/FineArt mit Holzaufhaenger;Fotopapier glaenzend;Fotografische Belichtung / Digitaldruck (Fujifilm);Querformat;Quadratisch;15x15;Holzleisten-Aufhaengung (oben/unten)
Poster/FineArt;Poster/FineArt mit Holzaufhaenger;Fotopapier glaenzend;Fotografische Belichtung / Digitaldruck (Fujifilm);Querformat;Quadratisch;20x20;Holzleisten-Aufhaengung (oben/unten)
Poster/FineArt;Poster/FineArt mit Holzaufhaenger;Fotopapier glaenzend;Fotografische Belichtung / Digitaldruck (Fujifilm);Querformat;Quadratisch;21x21;Holzleisten-Aufhaengung (oben/unten)
Poster/FineArt;Poster/FineArt mit Holzaufhaenger;Fotopapier glaenzend;Fotografische Belichtung / Digitaldruck (Fujifilm);Querformat;Quadratisch;30x30;Holzleisten-Aufhaengung (oben/unten)
Poster/FineArt;Poster/FineArt mit Holzaufhaenger;Fotopapier glaenzend;Fotografische Belichtung / Digitaldruck (Fujifilm);Querformat;Quadratisch;40x40;Holzleisten-Aufhaengung (oben/unten)
Poster/FineArt;Poster/FineArt mit Holzaufhaenger;Fotopapier glaenzend;Fotografische Belichtung / Digitaldruck (Fujifilm);Querformat;Quadratisch;50x50;Holzleisten-Aufhaengung (oben/unten)
Poster/FineArt;Poster/FineArt mit Holzaufhaenger;Fotopapier glaenzend;Fotografische Belichtung / Digitaldruck (Fujifilm);Querformat;Quadratisch;60x60;Holzleisten-Aufhaengung (oben/unten)
Poster/FineArt;Poster/FineArt mit Holzaufhaenger;Fotopapier glaenzend;Fotografische Belichtung / Digitaldruck (Fujifilm);Querformat;Quadratisch;70x70;Holzleisten-Aufhaengung (oben/unten)
Poster/FineArt;Poster/FineArt mit Holzaufhaenger;Fotopapier glaenzend;Fotografische Belichtung / Digitaldruck (Fujifilm);Querformat;Panorama;10x18;Holzleisten-Aufhaengung (oben/unten)
Poster/FineArt;Poster/FineArt mit Holzaufhaenger;Fotopapier glaenzend;Fotografische Belichtung / Digitaldruck (Fujifilm);Querformat;Panorama;10x20;Holzleisten-Aufhaengung (oben/unten)
Poster/FineArt;Poster/FineArt mit Holzaufhaenger;Fotopapier glaenzend;Fotografische Belichtung / Digitaldruck (Fujifilm);Querformat;Panorama;20x40;Holzleisten-Aufhaengung (oben/unten)
Poster/FineArt;Poster/FineArt mit Holzaufhaenger;Fotopapier glaenzend;Fotografische Belichtung / Digitaldruck (Fujifilm);Querformat;Panorama;20x60;Holzleisten-Aufhaengung (oben/unten)
Poster/FineArt;Poster/FineArt mit Holzaufhaenger;Fotopapier glaenzend;Fotografische Belichtung / Digitaldruck (Fujifilm);Querformat;Panorama;30x60;Holzleisten-Aufhaengung (oben/unten)
Poster/FineArt;Poster/FineArt mit Holzaufhaenger;Fotopapier glaenzend;Fotografische Belichtung / Digitaldruck (Fujifilm);Querformat;Panorama;30x90;Holzleisten-Aufhaengung (oben/unten)
Poster/FineArt;Poster/FineArt mit Holzaufhaenger;Fotopapier glaenzend;Fotografische Belichtung / Digitaldruck (Fujifilm);Querformat;Panorama;40x80;Holzleisten-Aufhaengung (oben/unten)
Poster/FineArt;Poster/FineArt mit Holzaufhaenger;Fotopapier glaenzend;Fotografische Belichtung / Digitaldruck (Fujifilm);Querformat;Panorama;50x100;Holzleisten-Aufhaengung (oben/unten)
Poster/FineArt;Poster/FineArt mit Holzaufhaenger;Fotopapier glaenzend;Fotografische Belichtung / Digitaldruck (Fujifilm);Querformat;Panorama;60x120;Holzleisten-Aufhaengung (oben/unten)
Poster/FineArt;Poster/FineArt mit Holzaufhaenger;Fotopapier glaenzend;Fotografische Belichtung / Digitaldruck (Fujifilm);Querformat;Panorama;60x180;Holzleisten-Aufhaengung (oben/unten)
Poster/FineArt;Poster/FineArt mit Holzaufhaenger;Fotopapier glaenzend;Fotografische Belichtung / Digitaldruck (Fujifilm);Querformat;Panorama;70x180;Holzleisten-Aufhaengung (oben/unten)
Poster/FineArt;Poster/FineArt mit Holzaufhaenger;Fotopapier matt;Fotografische Belichtung / Digitaldruck (Fujifilm);Hochformat;~2:3;10x15;Holzleisten-Aufhaengung (oben/unten)
Poster/FineArt;Poster/FineArt mit Holzaufhaenger;Fotopapier matt;Fotografische Belichtung / Digitaldruck (Fujifilm);Hochformat;~2:3;10,5x14,8 (A6);Holzleisten-Aufhaengung (oben/unten)
Poster/FineArt;Poster/FineArt mit Holzaufhaenger;Fotopapier matt;Fotografische Belichtung / Digitaldruck (Fujifilm);Hochformat;~2:3;13x18;Holzleisten-Aufhaengung (oben/unten)
Poster/FineArt;Poster/FineArt mit Holzaufhaenger;Fotopapier matt;Fotografische Belichtung / Digitaldruck (Fujifilm);Hochformat;~2:3;13x19;Holzleisten-Aufhaengung (oben/unten)
Poster/FineArt;Poster/FineArt mit Holzaufhaenger;Fotopapier matt;Fotografische Belichtung / Digitaldruck (Fujifilm);Hochformat;~2:3;14,8x21 (A5);Holzleisten-Aufhaengung (oben/unten)
Poster/FineArt;Poster/FineArt mit Holzaufhaenger;Fotopapier matt;Fotografische Belichtung / Digitaldruck (Fujifilm);Hochformat;~2:3;15x21;Holzleisten-Aufhaengung (oben/unten)
Poster/FineArt;Poster/FineArt mit Holzaufhaenger;Fotopapier matt;Fotografische Belichtung / Digitaldruck (Fujifilm);Hochformat;~2:3;15x22;Holzleisten-Aufhaengung (oben/unten)
Poster/FineArt;Poster/FineArt mit Holzaufhaenger;Fotopapier matt;Fotografische Belichtung / Digitaldruck (Fujifilm);Hochformat;~2:3;20x30;Holzleisten-Aufhaengung (oben/unten)
Poster/FineArt;Poster/FineArt mit Holzaufhaenger;Fotopapier matt;Fotografische Belichtung / Digitaldruck (Fujifilm);Hochformat;~2:3;21x29,7 (A4);Holzleisten-Aufhaengung (oben/unten)
Poster/FineArt;Poster/FineArt mit Holzaufhaenger;Fotopapier matt;Fotografische Belichtung / Digitaldruck (Fujifilm);Hochformat;~2:3;21x30 (A4);Holzleisten-Aufhaengung (oben/unten)
Poster/FineArt;Poster/FineArt mit Holzaufhaenger;Fotopapier matt;Fotografische Belichtung / Digitaldruck (Fujifilm);Hochformat;~2:3;29,7x42 (A3);Holzleisten-Aufhaengung (oben/unten)
Poster/FineArt;Poster/FineArt mit Holzaufhaenger;Fotopapier matt;Fotografische Belichtung / Digitaldruck (Fujifilm);Hochformat;~2:3;30x45;Holzleisten-Aufhaengung (oben/unten)
Poster/FineArt;Poster/FineArt mit Holzaufhaenger;Fotopapier matt;Fotografische Belichtung / Digitaldruck (Fujifilm);Hochformat;~2:3;40x60;Holzleisten-Aufhaengung (oben/unten)
Poster/FineArt;Poster/FineArt mit Holzaufhaenger;Fotopapier matt;Fotografische Belichtung / Digitaldruck (Fujifilm);Hochformat;~2:3;42x59,4 (A2);Holzleisten-Aufhaengung (oben/unten)
Poster/FineArt;Poster/FineArt mit Holzaufhaenger;Fotopapier matt;Fotografische Belichtung / Digitaldruck (Fujifilm);Hochformat;~2:3;50x70;Holzleisten-Aufhaengung (oben/unten)
Poster/FineArt;Poster/FineArt mit Holzaufhaenger;Fotopapier matt;Fotografische Belichtung / Digitaldruck (Fujifilm);Hochformat;~2:3;50x75;Holzleisten-Aufhaengung (oben/unten)
Poster/FineArt;Poster/FineArt mit Holzaufhaenger;Fotopapier matt;Fotografische Belichtung / Digitaldruck (Fujifilm);Hochformat;~2:3;59,4x84,1 (A1);Holzleisten-Aufhaengung (oben/unten)
Poster/FineArt;Poster/FineArt mit Holzaufhaenger;Fotopapier matt;Fotografische Belichtung / Digitaldruck (Fujifilm);Hochformat;~2:3;60x90;Holzleisten-Aufhaengung (oben/unten)
Poster/FineArt;Poster/FineArt mit Holzaufhaenger;Fotopapier matt;Fotografische Belichtung / Digitaldruck (Fujifilm);Hochformat;~2:3;70x100;Holzleisten-Aufhaengung (oben/unten)
Poster/FineArt;Poster/FineArt mit Holzaufhaenger;Fotopapier matt;Fotografische Belichtung / Digitaldruck (Fujifilm);Hochformat;~2:3;70x105;Holzleisten-Aufhaengung (oben/unten)
Poster/FineArt;Poster/FineArt mit Holzaufhaenger;Fotopapier matt;Fotografische Belichtung / Digitaldruck (Fujifilm);Hochformat;~3:4;18x24;Holzleisten-Aufhaengung (oben/unten)
Poster/FineArt;Poster/FineArt mit Holzaufhaenger;Fotopapier matt;Fotografische Belichtung / Digitaldruck (Fujifilm);Hochformat;~3:4;30x40;Holzleisten-Aufhaengung (oben/unten)
Poster/FineArt;Poster/FineArt mit Holzaufhaenger;Fotopapier matt;Fotografische Belichtung / Digitaldruck (Fujifilm);Hochformat;~3:4;60x80;Holzleisten-Aufhaengung (oben/unten)
Poster/FineArt;Poster/FineArt mit Holzaufhaenger;Fotopapier matt;Fotografische Belichtung / Digitaldruck (Fujifilm);Hochformat;~3:4;75x100;Holzleisten-Aufhaengung (oben/unten)
Poster/FineArt;Poster/FineArt mit Holzaufhaenger;Fotopapier matt;Fotografische Belichtung / Digitaldruck (Fujifilm);Hochformat;~3:5;70x120;Holzleisten-Aufhaengung (oben/unten)
Poster/FineArt;Poster/FineArt mit Holzaufhaenger;Fotopapier matt;Fotografische Belichtung / Digitaldruck (Fujifilm);Hochformat;~4:5;10x13;Holzleisten-Aufhaengung (oben/unten)
Poster/FineArt;Poster/FineArt mit Holzaufhaenger;Fotopapier matt;Fotografische Belichtung / Digitaldruck (Fujifilm);Hochformat;~4:5;40x50;Holzleisten-Aufhaengung (oben/unten)
Poster/FineArt;Poster/FineArt mit Holzaufhaenger;Fotopapier matt;Fotografische Belichtung / Digitaldruck (Fujifilm);Hochformat;~4:5;70x90;Holzleisten-Aufhaengung (oben/unten)
Poster/FineArt;Poster/FineArt mit Holzaufhaenger;Fotopapier matt;Fotografische Belichtung / Digitaldruck (Fujifilm);Hochformat;~4:5;80x100;Holzleisten-Aufhaengung (oben/unten)
Poster/FineArt;Poster/FineArt mit Holzaufhaenger;Fotopapier matt;Fotografische Belichtung / Digitaldruck (Fujifilm);Hochformat;Quadratisch;15x15;Holzleisten-Aufhaengung (oben/unten)
Poster/FineArt;Poster/FineArt mit Holzaufhaenger;Fotopapier matt;Fotografische Belichtung / Digitaldruck (Fujifilm);Hochformat;Quadratisch;20x20;Holzleisten-Aufhaengung (oben/unten)
Poster/FineArt;Poster/FineArt mit Holzaufhaenger;Fotopapier matt;Fotografische Belichtung / Digitaldruck (Fujifilm);Hochformat;Quadratisch;21x21;Holzleisten-Aufhaengung (oben/unten)
Poster/FineArt;Poster/FineArt mit Holzaufhaenger;Fotopapier matt;Fotografische Belichtung / Digitaldruck (Fujifilm);Hochformat;Quadratisch;30x30;Holzleisten-Aufhaengung (oben/unten)
Poster/FineArt;Poster/FineArt mit Holzaufhaenger;Fotopapier matt;Fotografische Belichtung / Digitaldruck (Fujifilm);Hochformat;Quadratisch;40x40;Holzleisten-Aufhaengung (oben/unten)
Poster/FineArt;Poster/FineArt mit Holzaufhaenger;Fotopapier matt;Fotografische Belichtung / Digitaldruck (Fujifilm);Hochformat;Quadratisch;50x50;Holzleisten-Aufhaengung (oben/unten)
Poster/FineArt;Poster/FineArt mit Holzaufhaenger;Fotopapier matt;Fotografische Belichtung / Digitaldruck (Fujifilm);Hochformat;Quadratisch;60x60;Holzleisten-Aufhaengung (oben/unten)
Poster/FineArt;Poster/FineArt mit Holzaufhaenger;Fotopapier matt;Fotografische Belichtung / Digitaldruck (Fujifilm);Hochformat;Quadratisch;70x70;Holzleisten-Aufhaengung (oben/unten)
Poster/FineArt;Poster/FineArt mit Holzaufhaenger;Fotopapier matt;Fotografische Belichtung / Digitaldruck (Fujifilm);Hochformat;Panorama;10x18;Holzleisten-Aufhaengung (oben/unten)
Poster/FineArt;Poster/FineArt mit Holzaufhaenger;Fotopapier matt;Fotografische Belichtung / Digitaldruck (Fujifilm);Hochformat;Panorama;10x20;Holzleisten-Aufhaengung (oben/unten)
Poster/FineArt;Poster/FineArt mit Holzaufhaenger;Fotopapier matt;Fotografische Belichtung / Digitaldruck (Fujifilm);Hochformat;Panorama;20x40;Holzleisten-Aufhaengung (oben/unten)
Poster/FineArt;Poster/FineArt mit Holzaufhaenger;Fotopapier matt;Fotografische Belichtung / Digitaldruck (Fujifilm);Hochformat;Panorama;20x60;Holzleisten-Aufhaengung (oben/unten)
Poster/FineArt;Poster/FineArt mit Holzaufhaenger;Fotopapier matt;Fotografische Belichtung / Digitaldruck (Fujifilm);Hochformat;Panorama;30x60;Holzleisten-Aufhaengung (oben/unten)
Poster/FineArt;Poster/FineArt mit Holzaufhaenger;Fotopapier matt;Fotografische Belichtung / Digitaldruck (Fujifilm);Hochformat;Panorama;30x90;Holzleisten-Aufhaengung (oben/unten)
Poster/FineArt;Poster/FineArt mit Holzaufhaenger;Fotopapier matt;Fotografische Belichtung / Digitaldruck (Fujifilm);Hochformat;Panorama;40x80;Holzleisten-Aufhaengung (oben/unten)
Poster/FineArt;Poster/FineArt mit Holzaufhaenger;Fotopapier matt;Fotografische Belichtung / Digitaldruck (Fujifilm);Hochformat;Panorama;50x100;Holzleisten-Aufhaengung (oben/unten)
Poster/FineArt;Poster/FineArt mit Holzaufhaenger;Fotopapier matt;Fotografische Belichtung / Digitaldruck (Fujifilm);Hochformat;Panorama;60x120;Holzleisten-Aufhaengung (oben/unten)
Poster/FineArt;Poster/FineArt mit Holzaufhaenger;Fotopapier matt;Fotografische Belichtung / Digitaldruck (Fujifilm);Hochformat;Panorama;60x180;Holzleisten-Aufhaengung (oben/unten)
Poster/FineArt;Poster/FineArt mit Holzaufhaenger;Fotopapier matt;Fotografische Belichtung / Digitaldruck (Fujifilm);Hochformat;Panorama;70x180;Holzleisten-Aufhaengung (oben/unten)
Poster/FineArt;Poster/FineArt mit Holzaufhaenger;Fotopapier matt;Fotografische Belichtung / Digitaldruck (Fujifilm);Querformat;~2:3;10x15;Holzleisten-Aufhaengung (oben/unten)
Poster/FineArt;Poster/FineArt mit Holzaufhaenger;Fotopapier matt;Fotografische Belichtung / Digitaldruck (Fujifilm);Querformat;~2:3;10,5x14,8 (A6);Holzleisten-Aufhaengung (oben/unten)
Poster/FineArt;Poster/FineArt mit Holzaufhaenger;Fotopapier matt;Fotografische Belichtung / Digitaldruck (Fujifilm);Querformat;~2:3;13x18;Holzleisten-Aufhaengung (oben/unten)
Poster/FineArt;Poster/FineArt mit Holzaufhaenger;Fotopapier matt;Fotografische Belichtung / Digitaldruck (Fujifilm);Querformat;~2:3;13x19;Holzleisten-Aufhaengung (oben/unten)
Poster/FineArt;Poster/FineArt mit Holzaufhaenger;Fotopapier matt;Fotografische Belichtung / Digitaldruck (Fujifilm);Querformat;~2:3;14,8x21 (A5);Holzleisten-Aufhaengung (oben/unten)
Poster/FineArt;Poster/FineArt mit Holzaufhaenger;Fotopapier matt;Fotografische Belichtung / Digitaldruck (Fujifilm);Querformat;~2:3;15x21;Holzleisten-Aufhaengung (oben/unten)
Poster/FineArt;Poster/FineArt mit Holzaufhaenger;Fotopapier matt;Fotografische Belichtung / Digitaldruck (Fujifilm);Querformat;~2:3;15x22;Holzleisten-Aufhaengung (oben/unten)
Poster/FineArt;Poster/FineArt mit Holzaufhaenger;Fotopapier matt;Fotografische Belichtung / Digitaldruck (Fujifilm);Querformat;~2:3;20x30;Holzleisten-Aufhaengung (oben/unten)
Poster/FineArt;Poster/FineArt mit Holzaufhaenger;Fotopapier matt;Fotografische Belichtung / Digitaldruck (Fujifilm);Querformat;~2:3;21x29,7 (A4);Holzleisten-Aufhaengung (oben/unten)
Poster/FineArt;Poster/FineArt mit Holzaufhaenger;Fotopapier matt;Fotografische Belichtung / Digitaldruck (Fujifilm);Querformat;~2:3;21x30 (A4);Holzleisten-Aufhaengung (oben/unten)
Poster/FineArt;Poster/FineArt mit Holzaufhaenger;Fotopapier matt;Fotografische Belichtung / Digitaldruck (Fujifilm);Querformat;~2:3;29,7x42 (A3);Holzleisten-Aufhaengung (oben/unten)
Poster/FineArt;Poster/FineArt mit Holzaufhaenger;Fotopapier matt;Fotografische Belichtung / Digitaldruck (Fujifilm);Querformat;~2:3;30x45;Holzleisten-Aufhaengung (oben/unten)
Poster/FineArt;Poster/FineArt mit Holzaufhaenger;Fotopapier matt;Fotografische Belichtung / Digitaldruck (Fujifilm);Querformat;~2:3;40x60;Holzleisten-Aufhaengung (oben/unten)
Poster/FineArt;Poster/FineArt mit Holzaufhaenger;Fotopapier matt;Fotografische Belichtung / Digitaldruck (Fujifilm);Querformat;~2:3;42x59,4 (A2);Holzleisten-Aufhaengung (oben/unten)
Poster/FineArt;Poster/FineArt mit Holzaufhaenger;Fotopapier matt;Fotografische Belichtung / Digitaldruck (Fujifilm);Querformat;~2:3;50x70;Holzleisten-Aufhaengung (oben/unten)
Poster/FineArt;Poster/FineArt mit Holzaufhaenger;Fotopapier matt;Fotografische Belichtung / Digitaldruck (Fujifilm);Querformat;~2:3;50x75;Holzleisten-Aufhaengung (oben/unten)
Poster/FineArt;Poster/FineArt mit Holzaufhaenger;Fotopapier matt;Fotografische Belichtung / Digitaldruck (Fujifilm);Querformat;~2:3;59,4x84,1 (A1);Holzleisten-Aufhaengung (oben/unten)
Poster/FineArt;Poster/FineArt mit Holzaufhaenger;Fotopapier matt;Fotografische Belichtung / Digitaldruck (Fujifilm);Querformat;~2:3;60x90;Holzleisten-Aufhaengung (oben/unten)
Poster/FineArt;Poster/FineArt mit Holzaufhaenger;Fotopapier matt;Fotografische Belichtung / Digitaldruck (Fujifilm);Querformat;~2:3;70x100;Holzleisten-Aufhaengung (oben/unten)
Poster/FineArt;Poster/FineArt mit Holzaufhaenger;Fotopapier matt;Fotografische Belichtung / Digitaldruck (Fujifilm);Querformat;~2:3;70x105;Holzleisten-Aufhaengung (oben/unten)
Poster/FineArt;Poster/FineArt mit Holzaufhaenger;Fotopapier matt;Fotografische Belichtung / Digitaldruck (Fujifilm);Querformat;~3:4;18x24;Holzleisten-Aufhaengung (oben/unten)
Poster/FineArt;Poster/FineArt mit Holzaufhaenger;Fotopapier matt;Fotografische Belichtung / Digitaldruck (Fujifilm);Querformat;~3:4;30x40;Holzleisten-Aufhaengung (oben/unten)
Poster/FineArt;Poster/FineArt mit Holzaufhaenger;Fotopapier matt;Fotografische Belichtung / Digitaldruck (Fujifilm);Querformat;~3:4;60x80;Holzleisten-Aufhaengung (oben/unten)
Poster/FineArt;Poster/FineArt mit Holzaufhaenger;Fotopapier matt;Fotografische Belichtung / Digitaldruck (Fujifilm);Querformat;~3:4;75x100;Holzleisten-Aufhaengung (oben/unten)
Poster/FineArt;Poster/FineArt mit Holzaufhaenger;Fotopapier matt;Fotografische Belichtung / Digitaldruck (Fujifilm);Querformat;~3:5;70x120;Holzleisten-Aufhaengung (oben/unten)
Poster/FineArt;Poster/FineArt mit Holzaufhaenger;Fotopapier matt;Fotografische Belichtung / Digitaldruck (Fujifilm);Querformat;~4:5;10x13;Holzleisten-Aufhaengung (oben/unten)
Poster/FineArt;Poster/FineArt mit Holzaufhaenger;Fotopapier matt;Fotografische Belichtung / Digitaldruck (Fujifilm);Querformat;~4:5;40x50;Holzleisten-Aufhaengung (oben/unten)
Poster/FineArt;Poster/FineArt mit Holzaufhaenger;Fotopapier matt;Fotografische Belichtung / Digitaldruck (Fujifilm);Querformat;~4:5;70x90;Holzleisten-Aufhaengung (oben/unten)
Poster/FineArt;Poster/FineArt mit Holzaufhaenger;Fotopapier matt;Fotografische Belichtung / Digitaldruck (Fujifilm);Querformat;~4:5;80x100;Holzleisten-Aufhaengung (oben/unten)
Poster/FineArt;Poster/FineArt mit Holzaufhaenger;Fotopapier matt;Fotografische Belichtung / Digitaldruck (Fujifilm);Querformat;Quadratisch;15x15;Holzleisten-Aufhaengung (oben/unten)
Poster/FineArt;Poster/FineArt mit Holzaufhaenger;Fotopapier matt;Fotografische Belichtung / Digitaldruck (Fujifilm);Querformat;Quadratisch;20x20;Holzleisten-Aufhaengung (oben/unten)
Poster/FineArt;Poster/FineArt mit Holzaufhaenger;Fotopapier matt;Fotografische Belichtung / Digitaldruck (Fujifilm);Querformat;Quadratisch;21x21;Holzleisten-Aufhaengung (oben/unten)
Poster/FineArt;Poster/FineArt mit Holzaufhaenger;Fotopapier matt;Fotografische Belichtung / Digitaldruck (Fujifilm);Querformat;Quadratisch;30x30;Holzleisten-Aufhaengung (oben/unten)
Poster/FineArt;Poster/FineArt mit Holzaufhaenger;Fotopapier matt;Fotografische Belichtung / Digitaldruck (Fujifilm);Querformat;Quadratisch;40x40;Holzleisten-Aufhaengung (oben/unten)
Poster/FineArt;Poster/FineArt mit Holzaufhaenger;Fotopapier matt;Fotografische Belichtung / Digitaldruck (Fujifilm);Querformat;Quadratisch;50x50;Holzleisten-Aufhaengung (oben/unten)
Poster/FineArt;Poster/FineArt mit Holzaufhaenger;Fotopapier matt;Fotografische Belichtung / Digitaldruck (Fujifilm);Querformat;Quadratisch;60x60;Holzleisten-Aufhaengung (oben/unten)
Poster/FineArt;Poster/FineArt mit Holzaufhaenger;Fotopapier matt;Fotografische Belichtung / Digitaldruck (Fujifilm);Querformat;Quadratisch;70x70;Holzleisten-Aufhaengung (oben/unten)
Poster/FineArt;Poster/FineArt mit Holzaufhaenger;Fotopapier matt;Fotografische Belichtung / Digitaldruck (Fujifilm);Querformat;Panorama;10x18;Holzleisten-Aufhaengung (oben/unten)
Poster/FineArt;Poster/FineArt mit Holzaufhaenger;Fotopapier matt;Fotografische Belichtung / Digitaldruck (Fujifilm);Querformat;Panorama;10x20;Holzleisten-Aufhaengung (oben/unten)
Poster/FineArt;Poster/FineArt mit Holzaufhaenger;Fotopapier matt;Fotografische Belichtung / Digitaldruck (Fujifilm);Querformat;Panorama;20x40;Holzleisten-Aufhaengung (oben/unten)
Poster/FineArt;Poster/FineArt mit Holzaufhaenger;Fotopapier matt;Fotografische Belichtung / Digitaldruck (Fujifilm);Querformat;Panorama;20x60;Holzleisten-Aufhaengung (oben/unten)
Poster/FineArt;Poster/FineArt mit Holzaufhaenger;Fotopapier matt;Fotografische Belichtung / Digitaldruck (Fujifilm);Querformat;Panorama;30x60;Holzleisten-Aufhaengung (oben/unten)
Poster/FineArt;Poster/FineArt mit Holzaufhaenger;Fotopapier matt;Fotografische Belichtung / Digitaldruck (Fujifilm);Querformat;Panorama;30x90;Holzleisten-Aufhaengung (oben/unten)
Poster/FineArt;Poster/FineArt mit Holzaufhaenger;Fotopapier matt;Fotografische Belichtung / Digitaldruck (Fujifilm);Querformat;Panorama;40x80;Holzleisten-Aufhaengung (oben/unten)
Poster/FineArt;Poster/FineArt mit Holzaufhaenger;Fotopapier matt;Fotografische Belichtung / Digitaldruck (Fujifilm);Querformat;Panorama;50x100;Holzleisten-Aufhaengung (oben/unten)
Poster/FineArt;Poster/FineArt mit Holzaufhaenger;Fotopapier matt;Fotografische Belichtung / Digitaldruck (Fujifilm);Querformat;Panorama;60x120;Holzleisten-Aufhaengung (oben/unten)
Poster/FineArt;Poster/FineArt mit Holzaufhaenger;Fotopapier matt;Fotografische Belichtung / Digitaldruck (Fujifilm);Querformat;Panorama;60x180;Holzleisten-Aufhaengung (oben/unten)
Poster/FineArt;Poster/FineArt mit Holzaufhaenger;Fotopapier matt;Fotografische Belichtung / Digitaldruck (Fujifilm);Querformat;Panorama;70x180;Holzleisten-Aufhaengung (oben/unten)
